사고번호,사고일시,요일,시군구,사고내용,사망자수,중상자수,경상자수,부상신고자수,사고유형,법규위반,노면상태,기상상태,도로형태,가해운전자 차종,가해운전자 성별,가해운전자 연령,가해운전자 상해정도,피해운전자 차종,피해운전자 성별,피해운전자 연령,피해운전자 상해정도
2017010500100550,2017년 1월 5일 23시,목요일,대구광역시 수성구 신매동,경상사고,0,0,2,0,차대차 - 추돌,안전운전불이행,건조,맑음,단일로 - 기타,승용,남,39세,상해없음,승용,남,26세,경상
2017010500100551,2017년 1월 5일 23시,목요일,대구광역시 수성구 범어동,경상사고,0,0,1,0,차대차 - 측면충돌,안전운전불이행,건조,맑음,단일로 - 기타,승합,남,57세,상해없음,승용,남,47세,경상
2017010500100552,2017년 1월 5일 23시,목요일,대구광역시 중구 동인동2가,경상사고,0,0,2,0,차대차 - 측면충돌,안전거리미확보,건조,맑음,단일로 - 기타,승용,남,57세,상해없음,승용,남,35세,경상
2017010600100025,2017년 1월 6일 00시,금요일,대구광역시 달서구 상인동,경상사고,0,0,1,0,차대차 - 측면충돌,신호위반,건조,맑음,교차로 - 교차로안,승용,남,48세,상해없음,승용,여,38세,경상
2017010600100043,2017년 1월 6일 02시,금요일,대구광역시 북구 구암동,경상사고,0,0,1,0,차대차 - 정면충돌,안전운전불이행,건조,맑음,단일로 - 기타,승용,남,24세,상해없음,승용,남,56세,경상
2017010600100061,2017년 1월 6일 04시,금요일,대구광역시 북구 읍내동,경상사고,0,0,1,0,차대차 - 측면충돌,안전운전불이행,건조,맑음,교차로 - 교차로부근,화물,남,62세,상해없음,화물,남,64세,상해없음
2017010600100072,2017년 1월 6일 05시,금요일,대구광역시 달서구 대천동,중상사고,0,1,1,0,차대차 - 측면충돌,신호위반,건조,맑음,교차로 - 교차로안,승용,남,58세,경상,승용,남,36세,중상
2017010600100088,2017년 1월 6일 06시,금요일,대구광역시 북구 산격동,경상사고,0,0,1,0,차대차 - 측면충돌,안전운전불이행,건조,맑음,교차로 - 교차로부근,승용,남,26세,상해없음,승용,여,27세,경상
2017010600100089,2017년 1월 6일 06시,금요일,대구광역시 서구 원대동3가,경상사고,0,0,1,0,차대차 - 측면충돌,안전운전불이행,건조,기타,교차로 - 교차로부근,승용,남,24세,상해없음,자전거,남,62세,경상
2017010600100090,2017년 1월 6일 06시,금요일,대구광역시 북구 태전동,중상사고,0,1,0,0,차대사람 - 길가장자리구역통행중,안전운전불이행,건조,맑음,단일로 - 기타,화물,남,27세,상해없음,보행자,남,84세,중상
2017010600100117,2017년 1월 6일 07시,금요일,대구광역시 달서구 도원동,경상사고,0,0,2,0,차대차 - 추돌,안전운전불이행,건조,맑음,교차로 - 교차로부근,승용,남,58세,상해없음,승용,남,33세,경상
2017010600100118,2017년 1월 6일 07시,금요일,대구광역시 북구 노원동3가,부상신고사고,0,0,0,1,차대차 - 기타,안전운전불이행,건조,맑음,단일로 - 기타,자전거,여,54세,부상신고,자전거,남,33세,상해없음
2017010600100145,2017년 1월 6일 08시,금요일,대구광역시 동구 신암동,중상사고,0,1,0,0,차대사람 - 횡단중,보행자보호의무위반,건조,맑음,교차로 - 교차로횡단보도내,승용,남,62세,상해없음,보행자,여,62세,중상
2017010600100146,2017년 1월 6일 08시,금요일,대구광역시 달서구 상인동,경상사고,0,0,2,0,차대차 - 추돌,안전거리미확보,건조,맑음,교차로 - 교차로안,화물,남,31세,경상,승용,여,33세,경상
2017010600100147,2017년 1월 6일 08시,금요일,대구광역시 북구 산격동,경상사고,0,0,1,0,차대차 - 기타,신호위반,건조,맑음,교차로 - 교차로안,승용,남,64세,상해없음,승용,여,43세,경상
2017010600100167,2017년 1월 6일 09시,금요일,대구광역시 달서구 도원동,경상사고,0,0,1,0,차대차 - 추돌,안전운전불이행,건조,맑음,단일로 - 기타,화물,남,57세,상해없음,승용,여,38세,경상
2017010600100218,2017년 1월 6일 11시,금요일,대구광역시 수성구 범어동,부상신고사고,0,0,0,1,차대사람 - 횡단중,안전운전불이행,건조,맑음,단일로 - 기타,화물,남,47세,상해없음,보행자,남,68세,부상신고
2017010600100219,2017년 1월 6일 11시,금요일,대구광역시 북구 복현동,중상사고,0,1,2,0,차대차 - 기타,신호위반,건조,맑음,단일로 - 기타,이륜,남,34세,중상,승용,남,29세,경상
2017010600100296,2017년 1월 6일 14시,금요일,대구광역시 동구 효목동,부상신고사고,0,0,0,2,차량단독 - 공작물충돌,안전운전불이행,건조,맑음,교차로 - 교차로부근,승용,남,38세,상해없음,,,,
2017010600100326,2017년 1월 6일 15시,금요일,대구광역시 서구 중리동,중상사고,0,1,0,1,차대차 - 측면충돌,안전운전불이행,건조,맑음,교차로 - 교차로안,승용,남,48세,상해없음,원동기,여,78세,중상
2017010600100355,2017년 1월 6일 16시,금요일,대구광역시 달서구 용산동,경상사고,0,0,1,0,차대차 - 측면충돌,차로위반,건조,맑음,기타 - 기타,승용,남,22세,상해없음,이륜,남,49세,경상
2017010600100389,2017년 1월 6일 17시,금요일,대구광역시 동구 신천동,중상사고,0,1,0,0,차대차 - 기타,안전운전불이행,건조,맑음,교차로 - 교차로안,승용,남,45세,상해없음,승용,남,60세,중상
2017010600100390,2017년 1월 6일 17시,금요일,대구광역시 달서구 도원동,경상사고,0,0,1,0,차대차 - 측면충돌,안전거리미확보,건조,맑음,단일로 - 기타,승용,남,53세,기타불명,승용,남,38세,경상
2017010600100443,2017년 1월 6일 18시,금요일,대구광역시 수성구 범어동,경상사고,0,0,1,0,차대차 - 측면충돌,안전운전불이행,건조,맑음,교차로 - 교차로횡단보도내,이륜,남,49세,경상,승용,남,58세,상해없음
2017010600100444,2017년 1월 6일 18시,금요일,대구광역시 서구 이현동,중상사고,0,1,3,0,차대차 - 추돌,안전운전불이행,건조,맑음,단일로 - 기타,승용,남,29세,중상,승용,남,60세,상해없음
2017010600100482,2017년 1월 6일 19시,금요일,대구광역시 동구 지저동,중상사고,0,1,0,0,차대사람 - 횡단중,안전운전불이행,건조,맑음,단일로 - 기타,승용,남,62세,상해없음,보행자,남,56세,중상
2017010600100483,2017년 1월 6일 19시,금요일,대구광역시 수성구 만촌동,경상사고,0,0,1,0,차대사람 - 길가장자리구역통행중,안전운전불이행,건조,맑음,단일로 - 기타,기타불명,기타불명,미분류,기타불명,보행자,여,23세,경상
2017010600100484,2017년 1월 6일 19시,금요일,대구광역시 달서구 상인동,경상사고,0,0,1,0,차대사람 - 횡단중,기타,건조,맑음,단일로 - 기타,승용,여,35세,상해없음,보행자,여,26세,경상
2017010600100485,2017년 1월 6일 19시,금요일,대구광역시 북구 칠성동2가,경상사고,0,0,1,0,차대차 - 기타,기타,건조,맑음,교차로 - 교차로부근,승용,남,65세,상해없음,원동기,남,47세,경상
2017010600100544,2017년 1월 6일 21시,금요일,대구광역시 남구 봉덕동,중상사고,0,1,1,0,차대차 - 추돌,안전운전불이행,건조,맑음,단일로 - 기타,승용,남,56세,상해없음,승용,남,73세,중상
2017010600100545,2017년 1월 6일 21시,금요일,대구광역시 동구 용계동,경상사고,0,0,1,0,차대차 - 측면충돌,교차로운행방법위반,건조,맑음,교차로 - 교차로안,화물,남,51세,상해없음,승용,남,48세,경상
2017010600100568,2017년 1월 6일 22시,금요일,대구광역시 달서구 월성동,경상사고,0,0,1,0,차대차 - 추돌,안전운전불이행,건조,맑음,단일로 - 기타,이륜,남,16세,경상,승용,남,38세,상해없음
2017010600100569,2017년 1월 6일 22시,금요일,대구광역시 달서구 두류동,중상사고,0,1,0,0,차대사람 - 횡단중,안전운전불이행,건조,맑음,단일로 - 기타,승용,여,48세,상해없음,보행자,여,80세,중상
2017010600100570,2017년 1월 6일 22시,금요일,대구광역시 북구 태전동,중상사고,0,2,0,0,차대차 - 측면충돌,안전운전불이행,건조,맑음,교차로 - 교차로안,이륜,남,17세,중상,이륜,남,54세,중상
2017010600100598,2017년 1월 6일 23시,금요일,대구광역시 달서구 상인동,경상사고,0,0,1,0,차대차 - 측면충돌,안전운전불이행,건조,맑음,교차로 - 교차로안,승용,남,62세,상해없음,승용,남,26세,경상
2017010600100599,2017년 1월 6일 23시,금요일,대구광역시 북구 동변동,경상사고,0,0,1,0,차대차 - 측면충돌,안전운전불이행,건조,맑음,단일로 - 기타,화물,남,45세,상해없음,이륜,남,16세,경상
2017010700100030,2017년 1월 7일 00시,토요일,대구광역시 동구 신천동,경상사고,0,0,1,0,차대차 - 측면충돌,안전거리미확보,건조,맑음,단일로 - 기타,승용,남,39세,상해없음,승용,남,62세,경상
2017010700100031,2017년 1월 7일 00시,토요일,대구광역시 동구 신암동,중상사고,0,1,0,0,차대사람 - 횡단중,안전운전불이행,건조,맑음,단일로 - 기타,승용,남,22세,상해없음,보행자,남,55세,중상
2017010700100054,2017년 1월 7일 01시,토요일,대구광역시 달서구 상인동,중상사고,0,1,0,0,차대차 - 기타,안전운전불이행,건조,맑음,단일로 - 기타,승용,남,21세,상해없음,승용,남,44세,중상
2017010700100083,2017년 1월 7일 03시,토요일,대구광역시 중구 남산동,중상사고,0,1,0,0,차대차 - 기타,안전운전불이행,건조,맑음,단일로 - 기타,자전거,남,85세,중상,승용,남,42세,상해없음
2017010700100102,2017년 1월 7일 04시,토요일,대구광역시 동구 지묘동,경상사고,0,0,1,0,차대차 - 측면충돌,교차로운행방법위반,건조,맑음,교차로 - 교차로안,이륜,남,25세,경상,화물,남,47세,상해없음
2017010700100158,2017년 1월 7일 07시,토요일,대구광역시 북구 침산동,경상사고,0,0,1,0,차대차 - 기타,안전운전불이행,건조,맑음,교차로 - 교차로안,화물,남,36세,상해없음,원동기,남,67세,경상
2017010700100231,2017년 1월 7일 10시,토요일,대구광역시 서구 내당동,경상사고,0,0,1,0,차대차 - 측면충돌,안전운전불이행,건조,맑음,단일로 - 기타,승용,남,63세,상해없음,승용,남,71세,경상
2017010700100255,2017년 1월 7일 11시,토요일,대구광역시 동구 방촌동,경상사고,0,0,1,0,차대차 - 측면충돌,안전운전불이행,건조,맑음,교차로 - 교차로안,승용,남,51세,상해없음,자전거,남,56세,경상
2017010700100285,2017년 1월 7일 12시,토요일,대구광역시 동구 신암동,경상사고,0,0,2,0,차대차 - 정면충돌,안전거리미확보,건조,맑음,단일로 - 기타,승합,남,36세,경상,승용,남,60세,상해없음
2017010700100305,2017년 1월 7일 13시,토요일,대구광역시 서구 상리동,중상사고,0,1,5,0,차대차 - 추돌,안전운전불이행,건조,맑음,단일로 - 기타,승용,남,54세,상해없음,승용,남,44세,경상
2017010700100308,2017년 1월 7일 13시,토요일,대구광역시 북구 산격동,부상신고사고,0,0,0,1,차대차 - 기타,안전운전불이행,건조,맑음,단일로 - 기타,이륜,남,18세,부상신고,승합,남,58세,상해없음
2017010700100309,2017년 1월 7일 13시,토요일,대구광역시 중구 동인동2가,경상사고,0,0,1,0,차대차 - 측면충돌,안전운전불이행,건조,맑음,단일로 - 기타,승용,남,53세,상해없음,승용,여,29세,경상
2017010700100335,2017년 1월 7일 14시,토요일,대구광역시 북구 복현동,경상사고,0,0,2,0,차대차 - 추돌,안전거리미확보,건조,맑음,단일로 - 기타,화물,남,24세,상해없음,승용,남,32세,경상
2017010700100336,2017년 1월 7일 14시,토요일,대구광역시 북구 산격동,부상신고사고,0,0,0,1,차대사람 - 기타,기타,건조,맑음,단일로 - 기타,승합,남,42세,상해없음,보행자,남,81세,부상신고
2017010700100358,2017년 1월 7일 15시,토요일,대구광역시 중구 수동,중상사고,0,1,0,0,차대사람 - 기타,기타,건조,맑음,단일로 - 기타,승합,남,51세,상해없음,보행자,여,54세,중상
2017010700100373,2017년 1월 7일 16시,토요일,대구광역시 달서구 상인동,경상사고,0,0,1,0,차대차 - 측면충돌,안전운전불이행,건조,맑음,교차로 - 교차로횡단보도내,승용,남,47세,상해없음,자전거,남,53세,경상
2017010700100405,2017년 1월 7일 17시,토요일,대구광역시 동구 신암동,중상사고,0,1,0,0,차대사람 - 횡단중,안전운전불이행,건조,맑음,교차로 - 교차로안,이륜,남,47세,상해없음,보행자,여,60세,중상
2017010700100406,2017년 1월 7일 17시,토요일,대구광역시 서구 내당동,경상사고,0,0,1,1,차대차 - 측면충돌,안전운전불이행,건조,맑음,단일로 - 기타,승용,여,47세,부상신고,승용,여,40세,경상
2017010700100442,2017년 1월 7일 18시,토요일,대구광역시 동구 방촌동,중상사고,0,1,0,0,차대차 - 측면충돌,직진우회전진행방해,건조,맑음,교차로 - 교차로안,화물,남,39세,상해없음,이륜,남,29세,중상
2017010700100443,2017년 1월 7일 18시,토요일,대구광역시 중구 동인동3가,경상사고,0,0,3,0,차대차 - 측면충돌,안전거리미확보,건조,맑음,단일로 - 기타,승용,남,61세,상해없음,승용,남,31세,경상
2017010700100444,2017년 1월 7일 18시,토요일,대구광역시 북구 노곡동,중상사고,0,1,0,0,차대사람 - 횡단중,안전운전불이행,건조,맑음,단일로 - 기타,화물,남,50세,상해없음,보행자,여,74세,중상
2017010700100472,2017년 1월 7일 19시,토요일,대구광역시 수성구 범어동,경상사고,0,0,1,0,차대차 - 측면충돌,교차로운행방법위반,건조,맑음,교차로 - 교차로부근,승용,여,24세,상해없음,승용,여,37세,경상
2017010700100550,2017년 1월 7일 22시,토요일,대구광역시 남구 대명동,경상사고,0,0,1,0,차대차 - 측면충돌,안전운전불이행,건조,맑음,단일로 - 기타,승용,남,28세,상해없음,원동기,남,21세,경상
2017010700100551,2017년 1월 7일 22시,토요일,대구광역시 달서구 감삼동,경상사고,0,0,1,0,차대차 - 측면충돌,안전운전불이행,건조,맑음,단일로 - 기타,이륜,남,24세,상해없음,승용,남,54세,기타불명
2017010700100552,2017년 1월 7일 22시,토요일,대구광역시 북구 태전동,경상사고,0,0,2,0,차대차 - 기타,교차로운행방법위반,건조,맑음,교차로 - 교차로안,승용,남,67세,상해없음,화물,남,39세,경상
2017010700100566,2017년 1월 7일 23시,토요일,대구광역시 달서구 장기동,경상사고,0,0,2,0,차대차 - 기타,안전운전불이행,건조,맑음,교차로 - 교차로부근,승용,남,26세,상해없음,승용,남,59세,상해없음
2017010800100030,2017년 1월 8일 00시,일요일,대구광역시 달서구 용산동,경상사고,0,0,1,0,차대사람 - 횡단중,안전운전불이행,건조,맑음,기타 - 기타,승용,남,23세,상해없음,보행자,남,69세,경상
2017010800100052,2017년 1월 8일 01시,일요일,대구광역시 달성군 논공읍,중상사고,0,1,0,0,차대차 - 정면충돌,신호위반,건조,맑음,교차로 - 교차로안,승용,남,52세,상해없음,승용,여,47세,중상
2017010800100069,2017년 1월 8일 02시,일요일,대구광역시 수성구 두산동,경상사고,0,0,1,0,차대차 - 기타,안전운전불이행,건조,맑음,단일로 - 기타,승용,남,21세,상해없음,이륜,남,26세,경상
2017010800100070,2017년 1월 8일 02시,일요일,대구광역시 달서구 상인동,경상사고,0,0,1,0,차대차 - 기타,안전운전불이행,건조,맑음,단일로 - 기타,승용,남,56세,상해없음,원동기,남,17세,경상
2017010800100071,2017년 1월 8일 02시,일요일,대구광역시 서구 평리동,경상사고,0,0,4,0,차대차 - 측면충돌,과속,건조,맑음,교차로 - 교차로안,승용,남,36세,상해없음,승용,남,30세,경상
2017010800100083,2017년 1월 8일 03시,일요일,대구광역시 달서구 죽전동,중상사고,0,1,0,0,차대차 - 추돌,안전거리미확보,건조,맑음,단일로 - 기타,승용,남,46세,상해없음,이륜,남,20세,중상
2017010800100100,2017년 1월 8일 05시,일요일,대구광역시 수성구 수성동1가,중상사고,0,1,0,0,차대차 - 정면충돌,안전운전불이행,건조,맑음,단일로 - 기타,기타불명,기타불명,미분류,기타불명,승용,남,34세,중상
2017010800100109,2017년 1월 8일 06시,일요일,대구광역시 남구 봉덕동,경상사고,0,0,1,0,차량단독 - 기타,안전운전불이행,건조,맑음,교차로 - 교차로부근,승합,남,57세,상해없음,,,,
2017010800100120,2017년 1월 8일 07시,일요일,대구광역시 달서구 송현동,경상사고,0,0,1,0,차대차 - 측면충돌,교차로운행방법위반,건조,맑음,교차로 - 교차로안,승용,남,24세,상해없음,승용,여,49세,경상
2017010800100164,2017년 1월 8일 10시,일요일,대구광역시 수성구 가천동,중상사고,0,1,0,0,차대차 - 측면충돌,안전운전불이행,건조,맑음,단일로 - 기타,승용,여,55세,상해없음,이륜,남,84세,중상
2017010800100186,2017년 1월 8일 11시,일요일,대구광역시 동구 검사동,경상사고,0,0,2,1,차대차 - 측면충돌,교차로운행방법위반,건조,맑음,교차로 - 교차로안,승용,남,25세,부상신고,승용,남,74세,경상
2017010800100232,2017년 1월 8일 14시,일요일,대구광역시 수성구 범어동,사망사고,1,0,0,0,차대차 - 측면충돌,과속,건조,맑음,단일로 - 기타,이륜,남,31세,상해없음,자전거,여,76세,사망
2017010800100233,2017년 1월 8일 14시,일요일,대구광역시 달서구 두류동,경상사고,0,0,3,0,차대차 - 추돌,안전운전불이행,건조,맑음,단일로 - 기타,승용,남,50세,상해없음,승용,남,34세,경상
2017010800100234,2017년 1월 8일 14시,일요일,대구광역시 중구 삼덕동2가,중상사고,0,1,4,0,차대차 - 추돌,안전운전불이행,건조,맑음,교차로 - 교차로부근,승용,여,58세,상해없음,승용,남,58세,중상
2017010800100258,2017년 1월 8일 15시,일요일,대구광역시 수성구 두산동,경상사고,0,0,1,0,차대차 - 측면충돌,안전운전불이행,건조,맑음,단일로 - 기타,원동기,남,22세,경상,승용,남,27세,상해없음
2017010800100278,2017년 1월 8일 16시,일요일,대구광역시 북구 학정동,중상사고,0,1,0,0,차대차 - 기타,안전거리미확보,건조,맑음,단일로 - 기타,승용,남,24세,상해없음,승용,남,73세,상해없음
2017010800100325,2017년 1월 8일 18시,일요일,대구광역시 수성구 황금동,중상사고,0,1,0,0,차대사람 - 횡단중,신호위반,건조,맑음,교차로 - 교차로횡단보도내,승용,남,57세,상해없음,보행자,남,32세,중상
2017010800100354,2017년 1월 8일 19시,일요일,대구광역시 수성구 매호동,경상사고,0,0,1,0,차대차 - 측면충돌,교차로운행방법위반,건조,맑음,교차로 - 교차로부근,승용,여,48세,상해없음,승용,남,45세,경상
2017010800100380,2017년 1월 8일 20시,일요일,대구광역시 달서구 이곡동,경상사고,0,0,1,1,차대차 - 측면충돌,교차로운행방법위반,건조,맑음,단일로 - 기타,승용,남,37세,상해없음,이륜,남,18세,경상
2017010800100411,2017년 1월 8일 21시,일요일,대구광역시 동구 신천동,경상사고,0,0,3,0,차대차 - 측면충돌,안전운전불이행,건조,맑음,단일로 - 기타,승용,남,40세,상해없음,승용,남,37세,상해없음
2017010800100412,2017년 1월 8일 21시,일요일,대구광역시 달성군 다사읍,중상사고,0,1,0,0,차대사람 - 횡단중,안전운전불이행,건조,맑음,단일로 - 기타,기타불명,기타불명,미분류,기타불명,보행자,남,21세,중상
2017010800100429,2017년 1월 8일 22시,일요일,대구광역시 서구 중리동,경상사고,0,0,1,0,차대차 - 측면충돌,안전운전불이행,건조,맑음,교차로 - 교차로부근,자전거,남,55세,경상,화물,남,59세,기타불명
2017010800100441,2017년 1월 8일 23시,일요일,대구광역시 달서구 두류동,경상사고,0,0,1,0,차대차 - 측면충돌,안전거리미확보,건조,맑음,단일로 - 기타,승용,여,24세,상해없음,승용,남,62세,경상
2017010900100038,2017년 1월 9일 04시,월요일,대구광역시 동구 지저동,중상사고,0,1,0,0,차대차 - 정면충돌,안전운전불이행,건조,맑음,교차로 - 교차로안,원동기,남,18세,중상,승용,남,19세,상해없음
2017010900100065,2017년 1월 9일 06시,월요일,대구광역시 수성구 수성동2가,경상사고,0,0,2,1,차대차 - 추돌,안전거리미확보,건조,맑음,단일로 - 기타,승용,남,51세,부상신고,승용,여,33세,경상
2017010900100066,2017년 1월 9일 06시,월요일,대구광역시 북구 칠성동2가,중상사고,0,1,0,0,차대사람 - 횡단중,안전운전불이행,건조,맑음,교차로 - 교차로부근,화물,남,46세,상해없음,보행자,여,78세,중상
2017010900100067,2017년 1월 9일 06시,월요일,대구광역시 중구 대신동,부상신고사고,0,0,0,1,차대차 - 기타,안전운전불이행,건조,맑음,교차로 - 교차로횡단보도내,승용,남,57세,상해없음,자전거,남,47세,부상신고
2017010900100068,2017년 1월 9일 06시,월요일,대구광역시 중구 삼덕동1가,경상사고,0,0,2,1,차대차 - 측면충돌,중앙선침범,건조,맑음,단일로 - 기타,승용,남,28세,상해없음,승용,남,59세,경상
2017010900100114,2017년 1월 9일 08시,월요일,대구광역시 수성구 지산동,경상사고,0,0,1,0,차대사람 - 기타,안전운전불이행,건조,맑음,기타 - 기타,승용,여,59세,상해없음,보행자,여,74세,경상
2017010900100115,2017년 1월 9일 08시,월요일,대구광역시 달서구 본동,경상사고,0,0,1,0,차대차 - 기타,안전거리미확보,건조,맑음,단일로 - 기타,승용,남,35세,상해없음,원동기,남,66세,경상
2017010900100116,2017년 1월 9일 08시,월요일,대구광역시 달성군 다사읍,경상사고,0,0,1,0,차대차 - 측면충돌,교차로운행방법위반,건조,맑음,교차로 - 교차로안,승용,남,24세,경상,승용,여,43세,상해없음
2017010900100117,2017년 1월 9일 08시,월요일,대구광역시 북구 칠성동2가,경상사고,0,0,1,0,차대차 - 기타,신호위반,건조,맑음,교차로 - 교차로안,화물,남,67세,상해없음,승합,남,37세,상해없음
2017010900100118,2017년 1월 9일 08시,월요일,대구광역시 중구 서야동,중상사고,0,1,0,0,차대차 - 기타,안전운전불이행,건조,맑음,교차로 - 교차로부근,승용,남,41세,상해없음,이륜,남,43세,중상
2017010900100132,2017년 1월 9일 09시,월요일,대구광역시 수성구 지산동,중상사고,0,1,0,0,차대사람 - 횡단중,보행자보호의무위반,건조,맑음,교차로 - 교차로부근,승용,여,40세,상해없음,보행자,남,10세,중상
2017010900100133,2017년 1월 9일 09시,월요일,대구광역시 달서구 용산동,부상신고사고,0,0,0,1,차대차 - 측면충돌,안전운전불이행,건조,맑음,단일로 - 기타,이륜,남,36세,부상신고,승용,남,40세,상해없음
2017010900100171,2017년 1월 9일 11시,월요일,대구광역시 수성구 범물동,중상사고,0,1,0,0,차대사람 - 횡단중,보행자보호의무위반,건조,맑음,교차로 - 교차로횡단보도내,승용,여,63세,상해없음,보행자,여,22세,중상
2017010900100172,2017년 1월 9일 11시,월요일,대구광역시 수성구 범어동,경상사고,0,0,1,0,차대차 - 측면충돌,안전운전불이행,건조,맑음,단일로 - 기타,승용,남,66세,상해없음,이륜,남,44세,경상
2017010900100173,2017년 1월 9일 11시,월요일,대구광역시 북구 동천동,경상사고,0,0,2,0,차대차 - 측면충돌,안전운전불이행,건조,맑음,교차로 - 교차로안,자전거,남,25세,경상,승용,여,50세,경상
2017010900100174,2017년 1월 9일 11시,월요일,대구광역시 북구 동천동,경상사고,0,0,1,0,차대차 - 추돌,안전운전불이행,건조,맑음,단일로 - 기타,승용,여,49세,상해없음,승용,여,43세,상해없음
2017010900100226,2017년 1월 9일 13시,월요일,대구광역시 남구 대명동,경상사고,0,0,1,0,차대사람 - 길가장자리구역통행중,안전운전불이행,건조,맑음,기타 - 기타,승용,여,68세,상해없음,보행자,여,82세,경상
2017010900100227,2017년 1월 9일 13시,월요일,대구광역시 수성구 범어동,경상사고,0,0,1,0,차대차 - 정면충돌,안전운전불이행,건조,맑음,단일로 - 기타,승용,여,45세,상해없음,자전거,남,14세,경상
2017010900100274,2017년 1월 9일 15시,월요일,대구광역시 달성군 다사읍,경상사고,0,0,1,0,차대차 - 정면충돌,교차로운행방법위반,건조,맑음,교차로 - 교차로안,화물,남,54세,상해없음,승용,여,36세,경상
2017010900100275,2017년 1월 9일 15시,월요일,대구광역시 달서구 성당동,경상사고,0,0,1,0,차대사람 - 횡단중,신호위반,건조,맑음,단일로 - 기타,승용,여,49세,상해없음,보행자,남,38세,경상
2017010900100301,2017년 1월 9일 16시,월요일,대구광역시 서구 이현동,경상사고,0,0,1,0,차대차 - 측면충돌,안전운전불이행,건조,맑음,단일로 - 기타,승합,남,65세,상해없음,승용,남,48세,경상
2017010900100302,2017년 1월 9일 16시,월요일,대구광역시 달서구 두류동,중상사고,0,1,2,0,차대사람 - 횡단중,보행자보호의무위반,건조,맑음,단일로 - 기타,승용,여,56세,상해없음,보행자,남,63세,경상
2017010900100303,2017년 1월 9일 16시,월요일,대구광역시 북구 서변동,경상사고,0,0,2,0,차대차 - 측면충돌,안전운전불이행,건조,맑음,교차로 - 교차로부근,승용,남,49세,상해없음,이륜,남,17세,경상
2017010900100330,2017년 1월 9일 17시,월요일,대구광역시 북구 동천동,중상사고,0,1,0,0,차대사람 - 횡단중,안전운전불이행,건조,맑음,단일로 - 기타,승용,여,33세,상해없음,보행자,여,9세,중상
2017010900100362,2017년 1월 9일 18시,월요일,대구광역시 북구 산격동,중상사고,0,1,1,1,차대차 - 측면충돌,직진우회전진행방해,건조,맑음,교차로 - 교차로안,화물,남,63세,부상신고,승합,남,28세,중상
2017010900100388,2017년 1월 9일 19시,월요일,대구광역시 수성구 만촌동,경상사고,0,0,1,0,차대차 - 측면충돌,교차로운행방법위반,건조,맑음,교차로 - 교차로안,이륜,남,32세,경상,승용,남,35세,상해없음
2017010900100412,2017년 1월 9일 20시,월요일,대구광역시 수성구 신매동,경상사고,0,0,3,0,차대차 - 측면충돌,신호위반,건조,맑음,교차로 - 교차로안,승용,남,64세,상해없음,승용,여,45세,경상
2017010900100413,2017년 1월 9일 20시,월요일,대구광역시 달서구 용산동,경상사고,0,0,2,0,차대차 - 추돌,안전운전불이행,건조,맑음,교차로 - 교차로안,특수,남,38세,상해없음,승용,남,60세,경상
2017010900100435,2017년 1월 9일 21시,월요일,대구광역시 수성구 중동,부상신고사고,0,0,0,1,차대차 - 추돌,안전운전불이행,건조,맑음,단일로 - 기타,원동기,남,29세,부상신고,승용,남,45세,상해없음
2017010900100479,2017년 1월 9일 23시,월요일,대구광역시 남구 대명동,경상사고,0,0,1,0,차대차 - 측면충돌,안전운전불이행,건조,맑음,기타 - 기타,승용,남,63세,상해없음,이륜,남,49세,경상
2017011000100017,2017년 1월 10일 00시,화요일,대구광역시 동구 용계동,경상사고,0,0,2,0,차대차 - 측면충돌,안전운전불이행,건조,맑음,단일로 - 기타,승합,기타불명,미분류,기타불명,승용,남,35세,경상
2017011000100018,2017년 1월 10일 00시,화요일,대구광역시 수성구 수성동2가,경상사고,0,0,1,0,차대차 - 추돌,차로위반,건조,맑음,단일로 - 기타,승용,남,51세,상해없음,승용,남,44세,상해없음
2017011000100019,2017년 1월 10일 00시,화요일,대구광역시 중구 봉산동,경상사고,0,0,1,0,차대차 - 측면충돌,신호위반,건조,맑음,교차로 - 교차로안,승용,여,24세,상해없음,승용,남,44세,경상
2017011000100045,2017년 1월 10일 02시,화요일,대구광역시 수성구 중동,중상사고,0,4,2,0,차대차 - 측면충돌,안전운전불이행,건조,맑음,교차로 - 교차로안,승용,남,55세,경상,승용,남,54세,중상
2017011000100063,2017년 1월 10일 05시,화요일,대구광역시 북구 노원동3가,중상사고,0,1,0,0,차대차 - 측면충돌,신호위반,건조,맑음,단일로 - 기타,승용,남,32세,상해없음,자전거,여,71세,중상
2017011000100080,2017년 1월 10일 06시,화요일,대구광역시 북구 고성동2가,경상사고,0,0,1,0,차대차 - 기타,안전운전불이행,건조,맑음,단일로 - 기타,승용,남,31세,상해없음,승용,남,27세,상해없음
2017011000100081,2017년 1월 10일 06시,화요일,대구광역시 북구 매천동,중상사고,0,2,0,0,차대사람 - 횡단중,안전운전불이행,건조,맑음,단일로 - 기타,화물,남,53세,상해없음,보행자,여,60세,중상
2017011000100110,2017년 1월 10일 07시,화요일,대구광역시 서구 중리동,중상사고,0,1,0,0,차대차 - 측면충돌,직진우회전진행방해,건조,맑음,교차로 - 교차로안,화물,남,32세,상해없음,자전거,남,40세,중상
2017011000100111,2017년 1월 10일 07시,화요일,대구광역시 달서구 이곡동,경상사고,0,0,1,0,차대차 - 측면충돌,안전운전불이행,건조,맑음,교차로 - 교차로부근,승용,남,45세,상해없음,승용,남,37세,경상