사고번호,사고일시,요일,시군구,사고내용,사망자수,중상자수,경상자수,부상신고자수,사고유형,법규위반,노면상태,기상상태,도로형태,가해운전자 차종,가해운전자 성별,가해운전자 연령,가해운전자 상해정도,피해운전자 차종,피해운전자 성별,피해운전자 연령,피해운전자 상해정도
2017012100100074,2017년 1월 21일 02시,토요일,대구광역시 수성구 대흥동,중상사고,0,1,0,0,차대사람 - 횡단중,안전운전불이행,건조,맑음,단일로 - 기타,승용,남,28세,상해없음,보행자,남,23세,중상
2017012100100084,2017년 1월 21일 03시,토요일,대구광역시 달서구 월성동,경상사고,0,0,1,0,차대차 - 추돌,안전거리미확보,건조,맑음,단일로 - 기타,승용,남,22세,상해없음,승용,남,43세,경상
2017012100100085,2017년 1월 21일 03시,토요일,대구광역시 북구 칠성동2가,경상사고,0,0,2,0,차대차 - 측면충돌,안전운전불이행,건조,맑음,단일로 - 기타,승용,남,37세,경상,화물,남,53세,경상
2017012100100125,2017년 1월 21일 06시,토요일,대구광역시 서구 내당동,사망사고,1,0,0,0,차대사람 - 횡단중,안전운전불이행,건조,맑음,교차로 - 교차로부근,승용,남,72세,상해없음,보행자,여,37세,사망
2017012100100167,2017년 1월 21일 09시,토요일,대구광역시 달서구 월암동,중상사고,0,2,0,0,차대차 - 측면충돌,신호위반,건조,맑음,교차로 - 교차로안,화물,남,55세,중상,승용,남,67세,상해없음
2017012100100194,2017년 1월 21일 10시,토요일,대구광역시 달서구 죽전동,중상사고,0,1,0,0,차대차 - 측면충돌,신호위반,건조,맑음,단일로 - 기타,승용,남,34세,상해없음,자전거,남,78세,중상
2017012100100195,2017년 1월 21일 10시,토요일,대구광역시 북구 매천동,부상신고사고,0,0,0,1,차대차 - 측면충돌,안전운전불이행,건조,맑음,단일로 - 기타,이륜,남,77세,부상신고,화물,남,68세,상해없음
2017012100100218,2017년 1월 21일 11시,토요일,대구광역시 달서구 진천동,부상신고사고,0,0,0,1,차대차 - 측면충돌,안전운전불이행,건조,맑음,단일로 - 기타,원동기,남,69세,부상신고,화물,남,43세,상해없음
2017012100100219,2017년 1월 21일 11시,토요일,대구광역시 중구 종로2가,중상사고,0,1,0,0,차대사람 - 길가장자리구역통행중,안전운전불이행,건조,맑음,교차로 - 교차로안,승용,남,66세,상해없음,보행자,여,84세,중상
2017012100100220,2017년 1월 21일 11시,토요일,대구광역시 달서구 장기동,경상사고,0,0,1,0,차대차 - 추돌,안전거리미확보,건조,맑음,단일로 - 기타,승용,남,28세,상해없음,승용,남,29세,경상
2017012100100262,2017년 1월 21일 13시,토요일,대구광역시 달서구 성당동,경상사고,0,0,1,0,차대차 - 측면충돌,차로위반,건조,맑음,단일로 - 기타,승용,남,68세,상해없음,승용,여,45세,경상
2017012100100285,2017년 1월 21일 14시,토요일,대구광역시 북구 복현동,부상신고사고,0,0,0,1,차대차 - 추돌,안전운전불이행,건조,맑음,단일로 - 기타,원동기,남,23세,부상신고,승용,남,40세,기타불명
2017012100100286,2017년 1월 21일 14시,토요일,대구광역시 서구 내당동,부상신고사고,0,0,0,2,차대차 - 측면충돌,교차로운행방법위반,건조,맑음,단일로 - 기타,승용,남,59세,기타불명,승용,남,28세,부상신고
2017012100100287,2017년 1월 21일 14시,토요일,대구광역시 달서구 용산동,중상사고,0,1,0,0,차대차 - 측면충돌,신호위반,건조,맑음,교차로 - 교차로부근,이륜,남,42세,중상,승용,남,57세,상해없음
2017012100100307,2017년 1월 21일 15시,토요일,대구광역시 동구 신천동,경상사고,0,0,3,0,차대차 - 정면충돌,교차로운행방법위반,건조,맑음,교차로 - 교차로안,승용,남,22세,상해없음,승용,남,43세,경상
2017012100100308,2017년 1월 21일 15시,토요일,대구광역시 동구 신천동,중상사고,0,1,2,0,차대차 - 기타,안전운전불이행,건조,맑음,단일로 - 기타,승용,여,66세,상해없음,이륜,남,22세,중상
2017012100100309,2017년 1월 21일 15시,토요일,대구광역시 북구 산격동,중상사고,0,1,0,0,차대사람 - 횡단중,보행자보호의무위반,건조,맑음,단일로 - 기타,승용,남,50세,상해없음,보행자,남,61세,중상
2017012100100359,2017년 1월 21일 17시,토요일,대구광역시 수성구 수성동1가,경상사고,0,0,1,0,차대차 - 측면충돌,안전운전불이행,건조,맑음,교차로 - 교차로부근,이륜,남,21세,상해없음,승용,남,27세,경상
2017012100100360,2017년 1월 21일 17시,토요일,대구광역시 중구 삼덕동3가,경상사고,0,0,2,0,차대차 - 측면충돌,안전거리미확보,건조,맑음,단일로 - 기타,승용,남,32세,상해없음,승용,남,26세,경상
2017012100100361,2017년 1월 21일 17시,토요일,대구광역시 달서구 장기동,경상사고,0,0,1,0,차대차 - 추돌,안전운전불이행,건조,맑음,교차로 - 교차로부근,승용,남,27세,상해없음,승용,남,27세,경상
2017012100100428,2017년 1월 21일 19시,토요일,대구광역시 달서구 월성동,중상사고,0,1,0,0,차량단독 - 기타,기타,건조,맑음,교차로 - 교차로횡단보도내,승합,남,55세,상해없음,,,,
2017012100100447,2017년 1월 21일 20시,토요일,대구광역시 달서구 진천동,경상사고,0,0,1,0,차대차 - 기타,안전운전불이행,건조,맑음,단일로 - 기타,승용,남,69세,상해없음,이륜,남,23세,경상
2017012100100448,2017년 1월 21일 20시,토요일,대구광역시 서구 내당동,중상사고,0,1,0,0,차대차 - 측면충돌,안전운전불이행,건조,맑음,교차로 - 교차로안,승용,남,72세,상해없음,이륜,남,43세,중상
2017012100100449,2017년 1월 21일 20시,토요일,대구광역시 서구 평리동,경상사고,0,0,1,0,차대차 - 측면충돌,안전운전불이행,건조,맑음,단일로 - 기타,승용,여,34세,상해없음,화물,남,32세,경상
2017012100100472,2017년 1월 21일 21시,토요일,대구광역시 동구 효목동,중상사고,0,1,0,0,차대사람 - 기타,신호위반,건조,맑음,교차로 - 교차로부근,원동기,남,29세,상해없음,보행자,남,51세,중상
2017012100100473,2017년 1월 21일 21시,토요일,대구광역시 수성구 고모동,경상사고,0,0,2,0,차대차 - 측면충돌,안전운전불이행,건조,맑음,단일로 - 기타,승용,남,75세,상해없음,자전거,남,14세,경상
2017012100100474,2017년 1월 21일 21시,토요일,대구광역시 달서구 진천동,부상신고사고,0,0,0,1,차대차 - 측면충돌,안전거리미확보,건조,맑음,단일로 - 기타,승용,여,54세,상해없음,이륜,남,19세,부상신고
2017012100100475,2017년 1월 21일 21시,토요일,대구광역시 달서구 월성동,경상사고,0,0,1,0,차대차 - 측면충돌,중앙선침범,건조,맑음,교차로 - 교차로부근,승용,남,55세,상해없음,이륜,남,24세,경상
2017012100100476,2017년 1월 21일 21시,토요일,대구광역시 달성군 가창면,중상사고,0,1,0,0,차량단독 - 전도전복,안전운전불이행,건조,맑음,단일로 - 기타,승용,남,37세,중상,미분류,미분류,미분류,미분류
2017012100100477,2017년 1월 21일 21시,토요일,대구광역시 달성군 화원읍,경상사고,0,0,2,0,차대차 - 추돌,안전운전불이행,건조,맑음,단일로 - 기타,승용,남,47세,상해없음,이륜,남,17세,경상
2017012100100527,2017년 1월 21일 23시,토요일,대구광역시 중구 봉산동,경상사고,0,0,1,0,차대사람 - 기타,안전운전불이행,건조,맑음,단일로 - 기타,승용,남,57세,상해없음,보행자,남,34세,경상
2017012200100020,2017년 1월 22일 00시,일요일,대구광역시 달서구 진천동,경상사고,0,0,1,0,차대차 - 기타,안전운전불이행,건조,맑음,교차로 - 교차로부근,승용,남,25세,상해없음,승용,남,62세,경상
2017012200100058,2017년 1월 22일 03시,일요일,대구광역시 달서구 상인동,중상사고,0,1,0,0,차대차 - 추돌,안전거리미확보,서리/결빙,흐림,단일로 - 고가도로위,승용,남,44세,상해없음,승용,남,42세,중상
2017012200100059,2017년 1월 22일 03시,일요일,대구광역시 서구 원대동1가,경상사고,0,0,1,0,차대사람 - 횡단중,중앙선침범,젖음/습기,눈,교차로 - 교차로부근,승용,남,47세,상해없음,보행자,남,40세,경상
2017012200100096,2017년 1월 22일 06시,일요일,대구광역시 수성구 중동,중상사고,0,1,0,0,차대사람 - 횡단중,신호위반,적설,눈,교차로 - 교차로횡단보도내,승용,기타불명,미분류,기타불명,보행자,남,63세,중상
2017012200100097,2017년 1월 22일 06시,일요일,대구광역시 달성군 유가면,중상사고,0,1,0,0,차량단독 - 기타,안전운전불이행,적설,눈,단일로 - 기타,원동기,남,17세,중상,,,,
2017012200100117,2017년 1월 22일 08시,일요일,대구광역시 동구 검사동,경상사고,0,0,2,0,차대차 - 기타,신호위반,젖음/습기,맑음,교차로 - 교차로안,승용,여,44세,기타불명,승용,남,40세,경상
2017012200100118,2017년 1월 22일 08시,일요일,대구광역시 달서구 용산동,경상사고,0,0,1,0,차대차 - 추돌,안전운전불이행,건조,맑음,단일로 - 기타,승용,남,73세,상해없음,승용,여,53세,경상
2017012200100132,2017년 1월 22일 09시,일요일,대구광역시 동구 각산동,경상사고,0,0,1,0,차대차 - 측면충돌,안전운전불이행,적설,눈,단일로 - 기타,승용,남,25세,상해없음,화물,남,44세,경상
2017012200100149,2017년 1월 22일 10시,일요일,대구광역시 달서구 대천동,중상사고,0,1,1,0,차대차 - 측면충돌,신호위반,젖음/습기,흐림,교차로 - 교차로안,승용,남,57세,중상,승용,남,45세,경상
2017012200100160,2017년 1월 22일 11시,일요일,대구광역시 달서구 본동,중상사고,0,1,0,0,차대사람 - 기타,기타,건조,맑음,단일로 - 기타,승합,남,49세,상해없음,보행자,여,67세,중상
2017012200100161,2017년 1월 22일 11시,일요일,대구광역시 서구 내당동,부상신고사고,0,0,0,1,차대차 - 정면충돌,안전운전불이행,젖음/습기,맑음,교차로 - 교차로안,원동기,남,55세,부상신고,승용,남,36세,상해없음
2017012200100185,2017년 1월 22일 12시,일요일,대구광역시 남구 대명동,부상신고사고,0,0,0,1,차대차 - 측면충돌,교차로운행방법위반,건조,맑음,교차로 - 교차로안,이륜,남,47세,부상신고,승용,남,54세,상해없음
2017012200100204,2017년 1월 22일 13시,일요일,대구광역시 동구 서호동,부상신고사고,0,0,0,1,차대차 - 추돌,안전거리미확보,건조,맑음,교차로 - 교차로부근,이륜,남,33세,부상신고,승용,남,66세,상해없음
2017012200100205,2017년 1월 22일 13시,일요일,대구광역시 중구 인교동,중상사고,0,1,0,0,차대차 - 측면충돌,신호위반,건조,맑음,단일로 - 기타,승용,남,25세,상해없음,이륜,남,80세,중상
2017012200100206,2017년 1월 22일 13시,일요일,대구광역시 달서구 신당동,경상사고,0,0,1,0,차대사람 - 보도통행중,기타,건조,맑음,기타 - 기타,승용,남,38세,상해없음,보행자,남,47세,경상
2017012200100231,2017년 1월 22일 14시,일요일,대구광역시 동구 동호동,경상사고,0,0,1,0,차대사람 - 횡단중,보행자보호의무위반,건조,맑음,기타 - 기타,승용,남,67세,상해없음,보행자,남,33세,경상
2017012200100284,2017년 1월 22일 16시,일요일,대구광역시 달서구 상인동,경상사고,0,0,2,0,차대차 - 추돌,안전거리미확보,서리/결빙,눈,단일로 - 고가도로위,승용,남,19세,경상,승용,남,20세,경상
2017012200100285,2017년 1월 22일 16시,일요일,대구광역시 달서구 상인동,경상사고,0,0,1,0,차대차 - 추돌,중앙선침범,서리/결빙,맑음,단일로 - 기타,화물,남,54세,상해없음,승용,남,48세,경상
2017012200100303,2017년 1월 22일 17시,일요일,대구광역시 서구 내당동,부상신고사고,0,0,0,1,차대차 - 측면충돌,안전운전불이행,건조,맑음,단일로 - 기타,승용,남,31세,상해없음,이륜,남,19세,부상신고
2017012200100304,2017년 1월 22일 17시,일요일,대구광역시 북구 구암동,경상사고,0,0,2,0,차대차 - 측면충돌,안전운전불이행,젖음/습기,맑음,단일로 - 기타,승용,남,27세,상해없음,승용,남,45세,경상
2017012200100334,2017년 1월 22일 18시,일요일,대구광역시 중구 대봉동,경상사고,0,0,1,0,차대차 - 기타,안전거리미확보,건조,맑음,단일로 - 기타,승용,여,32세,상해없음,승용,남,22세,경상
2017012200100386,2017년 1월 22일 20시,일요일,대구광역시 서구 비산동,경상사고,0,0,1,0,차대사람 - 횡단중,보행자보호의무위반,건조,맑음,단일로 - 기타,원동기,남,23세,상해없음,보행자,여,21세,경상
2017012200100416,2017년 1월 22일 21시,일요일,대구광역시 동구 신암동,경상사고,0,0,1,0,차대사람 - 횡단중,신호위반,건조,맑음,단일로 - 기타,이륜,남,18세,상해없음,보행자,여,55세,경상
2017012200100417,2017년 1월 22일 21시,일요일,대구광역시 달성군 논공읍,중상사고,0,1,0,0,차대사람 - 기타,안전운전불이행,건조,맑음,교차로 - 교차로안,승용,남,38세,상해없음,보행자,여,46세,중상
2017012200100437,2017년 1월 22일 22시,일요일,대구광역시 달서구 호림동,경상사고,0,0,1,0,차대차 - 측면충돌,안전운전불이행,건조,맑음,교차로 - 교차로안,기타불명,기타불명,미분류,기타불명,승용,남,42세,상해없음
2017012300100047,2017년 1월 23일 04시,월요일,대구광역시 북구 관음동,경상사고,0,0,1,0,차량단독 - 기타,안전운전불이행,서리/결빙,맑음,단일로 - 기타,이륜,남,26세,경상,,,,
2017012300100069,2017년 1월 23일 06시,월요일,대구광역시 서구 평리동,중상사고,0,1,0,0,차대차 - 측면충돌,안전운전불이행,건조,맑음,교차로 - 교차로안,승용,남,52세,상해없음,이륜,여,64세,중상
2017012300100070,2017년 1월 23일 06시,월요일,대구광역시 중구 삼덕동1가,경상사고,0,0,3,0,차대차 - 측면충돌,안전운전불이행,건조,맑음,단일로 - 기타,승용,남,60세,상해없음,승용,남,24세,경상
2017012300100071,2017년 1월 23일 06시,월요일,대구광역시 북구 태전동,경상사고,0,0,1,0,차대차 - 측면충돌,안전운전불이행,건조,맑음,교차로 - 교차로안,승용,남,47세,상해없음,승용,남,51세,경상
2017012300100097,2017년 1월 23일 07시,월요일,대구광역시 북구 구암동,경상사고,0,0,1,0,차대사람 - 횡단중,안전운전불이행,건조,맑음,단일로 - 기타,기타불명,기타불명,미분류,기타불명,보행자,남,76세,경상
2017012300100130,2017년 1월 23일 08시,월요일,대구광역시 동구 신천동,경상사고,0,0,1,0,차대차 - 정면충돌,안전운전불이행,건조,맑음,단일로 - 기타,기타불명,기타불명,미분류,기타불명,승용,여,57세,경상
2017012300100166,2017년 1월 23일 09시,월요일,대구광역시 달성군 화원읍,중상사고,0,1,0,0,차대사람 - 횡단중,안전운전불이행,건조,맑음,교차로 - 교차로안,승용,남,55세,상해없음,보행자,여,16세,중상
2017012300100200,2017년 1월 23일 10시,월요일,대구광역시 북구 노원동1가,경상사고,0,0,1,0,차대사람 - 차도통행중,안전운전불이행,건조,맑음,단일로 - 기타,승용,남,46세,상해없음,보행자,남,22세,경상
2017012300100201,2017년 1월 23일 10시,월요일,대구광역시 북구 관음동,중상사고,0,1,0,0,차대차 - 측면충돌,안전거리미확보,건조,맑음,단일로 - 기타,승용,여,53세,상해없음,이륜,남,65세,중상
2017012300100235,2017년 1월 23일 11시,월요일,대구광역시 달서구 송현동,경상사고,0,0,1,0,차대차 - 기타,신호위반,건조,맑음,교차로 - 교차로부근,자전거,남,79세,경상,승용,남,71세,상해없음
2017012300100236,2017년 1월 23일 11시,월요일,대구광역시 서구 비산동,부상신고사고,0,0,0,1,차대차 - 추돌,안전운전불이행,건조,맑음,단일로 - 기타,자전거,남,14세,부상신고,승용,남,33세,상해없음
2017012300100303,2017년 1월 23일 13시,월요일,대구광역시 동구 신암동,경상사고,0,0,1,0,차대사람 - 횡단중,보행자보호의무위반,건조,맑음,단일로 - 기타,화물,남,49세,기타불명,보행자,여,56세,경상
2017012300100304,2017년 1월 23일 13시,월요일,대구광역시 동구 각산동,경상사고,0,0,2,0,차대차 - 측면충돌,안전운전불이행,건조,맑음,교차로 - 교차로부근,승용,여,51세,상해없음,승용,남,31세,경상
2017012300100305,2017년 1월 23일 13시,월요일,대구광역시 수성구 범어동,경상사고,0,0,1,0,차대차 - 측면충돌,안전운전불이행,건조,맑음,단일로 - 기타,승용,남,61세,상해없음,승용,남,67세,경상
2017012300100306,2017년 1월 23일 13시,월요일,대구광역시 달서구 용산동,경상사고,0,0,2,0,차대차 - 후진중충돌,안전운전불이행,건조,맑음,주차장 - 주차장,화물,남,33세,경상,승용,여,51세,경상
2017012300100398,2017년 1월 23일 15시,월요일,대구광역시 중구 대신동,경상사고,0,0,1,0,차대사람 - 횡단중,안전운전불이행,건조,맑음,단일로 - 기타,이륜,남,47세,상해없음,보행자,여,70세,경상
2017012300100399,2017년 1월 23일 15시,월요일,대구광역시 달서구 두류동,경상사고,0,0,1,0,차대사람 - 횡단중,안전운전불이행,건조,맑음,단일로 - 기타,승용,남,35세,기타불명,보행자,여,26세,경상
2017012300100450,2017년 1월 23일 16시,월요일,대구광역시 서구 비산동,중상사고,0,1,0,0,차대사람 - 횡단중,안전운전불이행,건조,맑음,교차로 - 교차로부근,승용,남,46세,상해없음,보행자,남,74세,중상
2017012300100489,2017년 1월 23일 17시,월요일,대구광역시 남구 봉덕동,부상신고사고,0,0,0,1,차대사람 - 횡단중,보행자보호의무위반,건조,맑음,교차로 - 교차로안,기타불명,기타불명,미분류,기타불명,보행자,남,33세,부상신고
2017012300100534,2017년 1월 23일 18시,월요일,대구광역시 달서구 송현동,경상사고,0,0,1,0,차대차 - 추돌,안전운전불이행,건조,맑음,단일로 - 기타,승용,여,35세,상해없음,승용,남,22세,상해없음
2017012300100535,2017년 1월 23일 18시,월요일,대구광역시 북구 산격동,경상사고,0,0,1,0,차대차 - 추돌,안전거리미확보,건조,맑음,단일로 - 기타,승용,여,54세,상해없음,승용,남,45세,경상
2017012300100568,2017년 1월 23일 19시,월요일,대구광역시 동구 지저동,경상사고,0,0,1,0,차대차 - 기타,안전운전불이행,건조,맑음,교차로 - 교차로횡단보도내,승용,남,62세,상해없음,자전거,여,49세,경상
2017012300100569,2017년 1월 23일 19시,월요일,대구광역시 동구 효목동,경상사고,0,0,2,0,차대차 - 추돌,안전운전불이행,건조,맑음,단일로 - 기타,승용,남,62세,상해없음,승용,남,25세,경상
2017012300100570,2017년 1월 23일 19시,월요일,대구광역시 동구 신암동,경상사고,0,0,1,0,차대차 - 측면충돌,안전운전불이행,건조,맑음,단일로 - 기타,원동기,여,56세,경상,승용,남,55세,상해없음
2017012300100607,2017년 1월 23일 20시,월요일,대구광역시 동구 신암동,경상사고,0,0,2,0,차대차 - 기타,안전운전불이행,건조,맑음,단일로 - 기타,승용,남,71세,상해없음,승용,여,51세,경상
2017012300100628,2017년 1월 23일 21시,월요일,대구광역시 북구 동천동,중상사고,0,1,0,0,차대사람 - 횡단중,안전운전불이행,건조,맑음,단일로 - 기타,승용,여,47세,상해없음,보행자,남,54세,중상
2017012300100656,2017년 1월 23일 22시,월요일,대구광역시 달서구 송현동,경상사고,0,0,1,0,차대차 - 측면충돌,교차로운행방법위반,건조,맑음,교차로 - 교차로안,승용,남,53세,상해없음,이륜,남,57세,경상
2017012300100657,2017년 1월 23일 22시,월요일,대구광역시 서구 내당동,부상신고사고,0,0,0,1,차대차 - 측면충돌,안전운전불이행,건조,맑음,단일로 - 기타,기타불명,기타불명,미분류,기타불명,승용,여,56세,기타불명
2017012300100658,2017년 1월 23일 22시,월요일,대구광역시 달서구 감삼동,부상신고사고,0,0,0,1,차대차 - 기타,안전운전불이행,건조,맑음,교차로 - 교차로안,이륜,남,68세,부상신고,승용,여,42세,상해없음
2017012300100681,2017년 1월 23일 23시,월요일,대구광역시 동구 방촌동,경상사고,0,0,1,0,차대차 - 정면충돌,안전운전불이행,건조,맑음,단일로 - 기타,승용,남,25세,상해없음,이륜,남,18세,경상
2017012300100682,2017년 1월 23일 23시,월요일,대구광역시 동구 불로동,중상사고,0,1,1,0,차대사람 - 횡단중,안전운전불이행,건조,맑음,교차로 - 교차로부근,승용,남,59세,상해없음,보행자,여,24세,중상
2017012300100683,2017년 1월 23일 23시,월요일,대구광역시 수성구 두산동,중상사고,0,2,0,0,차대차 - 추돌,안전운전불이행,건조,맑음,단일로 - 기타,승용,남,31세,상해없음,승용,여,60세,중상
2017012300100684,2017년 1월 23일 23시,월요일,대구광역시 수성구 범물동,중상사고,0,1,0,0,차대차 - 정면충돌,안전운전불이행,건조,맑음,단일로 - 기타,승용,남,43세,상해없음,승용,남,44세,중상
2017012300100685,2017년 1월 23일 23시,월요일,대구광역시 달서구 본동,경상사고,0,0,1,0,차대차 - 기타,안전거리미확보,건조,맑음,교차로 - 교차로부근,승용,남,35세,상해없음,승용,남,21세,경상
2017012400100099,2017년 1월 24일 06시,화요일,대구광역시 중구 남산동,경상사고,0,0,1,0,차대차 - 추돌,안전거리미확보,건조,맑음,단일로 - 기타,승용,남,23세,상해없음,승용,남,37세,경상
2017012400100121,2017년 1월 24일 07시,화요일,대구광역시 중구 남산동,경상사고,0,0,1,1,차대차 - 측면충돌,신호위반,건조,맑음,교차로 - 교차로안,이륜,남,69세,부상신고,승용,남,24세,경상
2017012400100149,2017년 1월 24일 08시,화요일,대구광역시 중구 서문로2가,부상신고사고,0,0,0,1,차대차 - 측면충돌,안전운전불이행,건조,맑음,단일로 - 기타,이륜,남,68세,부상신고,승용,남,42세,상해없음
2017012400100183,2017년 1월 24일 09시,화요일,대구광역시 남구 대명동,중상사고,0,1,0,0,차대사람 - 횡단중,신호위반,건조,맑음,단일로 - 기타,승용,여,50세,상해없음,보행자,여,35세,중상
2017012400100184,2017년 1월 24일 09시,화요일,대구광역시 달성군 현풍면,경상사고,0,0,2,0,차대차 - 정면충돌,안전운전불이행,건조,맑음,교차로 - 교차로안,승용,여,34세,경상,승용,남,29세,경상
2017012400100217,2017년 1월 24일 10시,화요일,대구광역시 수성구 파동,중상사고,0,1,0,0,차대차 - 측면충돌,안전거리미확보,건조,맑음,단일로 - 기타,화물,남,45세,상해없음,승용,남,55세,중상
2017012400100218,2017년 1월 24일 10시,화요일,대구광역시 달성군 화원읍,중상사고,0,1,0,0,차대사람 - 횡단중,안전운전불이행,건조,맑음,교차로 - 교차로안,화물,남,63세,상해없음,보행자,여,79세,중상
2017012400100260,2017년 1월 24일 11시,화요일,대구광역시 수성구 상동,경상사고,0,0,1,0,차대차 - 측면충돌,안전운전불이행,건조,맑음,교차로 - 교차로안,승용,여,58세,기타불명,승용,남,48세,경상
2017012400100296,2017년 1월 24일 12시,화요일,대구광역시 달성군 옥포면,경상사고,0,0,1,0,차대차 - 정면충돌,안전운전불이행,건조,맑음,교차로 - 교차로부근,승용,여,34세,상해없음,승용,남,46세,경상
2017012400100297,2017년 1월 24일 12시,화요일,대구광역시 서구 이현동,중상사고,0,1,0,0,차대차 - 추돌,안전운전불이행,건조,맑음,단일로 - 기타,승용,남,32세,상해없음,화물,남,68세,중상
2017012400100298,2017년 1월 24일 12시,화요일,대구광역시 달서구 호산동,중상사고,0,1,1,0,차대차 - 측면충돌,교차로운행방법위반,건조,맑음,교차로 - 교차로안,화물,남,24세,경상,화물,남,59세,중상
2017012400100299,2017년 1월 24일 12시,화요일,대구광역시 달서구 두류동,중상사고,0,1,1,0,차대차 - 측면충돌,안전운전불이행,건조,맑음,단일로 - 기타,이륜,남,38세,중상,승용,남,41세,경상
2017012400100339,2017년 1월 24일 13시,화요일,대구광역시 달서구 갈산동,경상사고,0,0,1,0,차대차 - 측면충돌,안전운전불이행,건조,맑음,단일로 - 기타,승용,남,28세,기타불명,승용,남,29세,경상
2017012400100374,2017년 1월 24일 14시,화요일,대구광역시 수성구 파동,중상사고,0,1,0,0,차대차 - 측면충돌,안전운전불이행,건조,맑음,교차로 - 교차로횡단보도내,자전거,남,72세,중상,승용,남,79세,상해없음
2017012400100375,2017년 1월 24일 14시,화요일,대구광역시 달서구 송현동,경상사고,0,0,2,0,차대차 - 정면충돌,안전운전불이행,건조,맑음,단일로 - 기타,화물,남,64세,경상,승용,남,25세,경상
2017012400100376,2017년 1월 24일 14시,화요일,대구광역시 달성군 화원읍,중상사고,0,1,0,0,차대차 - 정면충돌,안전운전불이행,건조,맑음,단일로 - 기타,원동기,남,20세,중상,승용,여,49세,상해없음
2017012400100416,2017년 1월 24일 15시,화요일,대구광역시 남구 대명동,경상사고,0,0,1,0,차대차 - 추돌,안전운전불이행,건조,맑음,단일로 - 기타,승용,남,23세,상해없음,자전거,남,51세,경상
2017012400100417,2017년 1월 24일 15시,화요일,대구광역시 달성군 화원읍,부상신고사고,0,0,0,1,차대차 - 측면충돌,안전운전불이행,건조,맑음,교차로 - 교차로안,자전거,여,17세,부상신고,승용,남,49세,상해없음
2017012400100462,2017년 1월 24일 16시,화요일,대구광역시 동구 율하동,경상사고,0,0,2,0,차대차 - 측면충돌,안전운전불이행,건조,맑음,교차로 - 교차로안,승용,남,67세,상해없음,승용,남,19세,경상
2017012400100463,2017년 1월 24일 16시,화요일,대구광역시 달서구 성당동,경상사고,0,0,1,0,차대차 - 측면충돌,안전거리미확보,건조,맑음,단일로 - 기타,승용,남,67세,기타불명,이륜,남,32세,경상
2017012400100503,2017년 1월 24일 17시,화요일,대구광역시 남구 대명동,부상신고사고,0,0,0,1,차대차 - 측면충돌,교차로운행방법위반,건조,맑음,교차로 - 교차로안,승용,여,46세,상해없음,이륜,남,21세,부상신고
2017012400100504,2017년 1월 24일 17시,화요일,대구광역시 동구 신천동,중상사고,0,1,0,0,차대차 - 기타,신호위반,건조,맑음,교차로 - 교차로안,화물,남,49세,상해없음,원동기,남,51세,중상
2017012400100505,2017년 1월 24일 17시,화요일,대구광역시 서구 비산동,경상사고,0,0,1,0,차대차 - 측면충돌,안전운전불이행,건조,맑음,단일로 - 기타,화물,남,78세,상해없음,승용,남,55세,경상
2017012400100555,2017년 1월 24일 18시,화요일,대구광역시 수성구 범물동,중상사고,0,1,0,0,차대사람 - 횡단중,안전운전불이행,건조,맑음,단일로 - 기타,승용,남,52세,상해없음,보행자,여,70세,중상
2017012400100556,2017년 1월 24일 18시,화요일,대구광역시 북구 노곡동,중상사고,0,1,0,0,차대차 - 추돌,안전운전불이행,건조,맑음,단일로 - 기타,승용,남,52세,상해없음,자전거,남,40세,중상
2017012400100604,2017년 1월 24일 19시,화요일,대구광역시 북구 침산동,중상사고,0,1,0,0,차대사람 - 횡단중,안전운전불이행,건조,맑음,단일로 - 기타,승용,남,66세,상해없음,보행자,여,53세,중상
2017012400100605,2017년 1월 24일 19시,화요일,대구광역시 달서구 이곡동,경상사고,0,0,1,0,차대차 - 측면충돌,교차로운행방법위반,건조,맑음,교차로 - 교차로안,승용,남,49세,상해없음,승합,남,41세,상해없음
2017012400100651,2017년 1월 24일 20시,화요일,대구광역시 달서구 송현동,중상사고,0,1,0,0,차대사람 - 횡단중,안전운전불이행,건조,맑음,단일로 - 기타,승용,남,47세,상해없음,보행자,남,65세,중상
2017012400100652,2017년 1월 24일 20시,화요일,대구광역시 달서구 상인동,경상사고,0,0,1,0,차대사람 - 횡단중,안전운전불이행,건조,맑음,단일로 - 기타,승용,남,39세,상해없음,보행자,남,53세,경상
2017012400100676,2017년 1월 24일 21시,화요일,대구광역시 달서구 월성동,경상사고,0,0,2,0,차대차 - 추돌,안전운전불이행,건조,맑음,교차로 - 교차로부근,승용,남,38세,상해없음,승용,여,46세,경상
2017012400100677,2017년 1월 24일 21시,화요일,대구광역시 북구 구암동,경상사고,0,0,1,0,차대차 - 추돌,안전거리미확보,건조,맑음,교차로 - 교차로부근,승합,남,62세,상해없음,승용,여,52세,경상
2017012400100741,2017년 1월 24일 23시,화요일,대구광역시 달서구 상인동,중상사고,0,1,0,0,차대사람 - 횡단중,보행자보호의무위반,건조,맑음,단일로 - 기타,승용,여,26세,상해없음,보행자,남,54세,중상
2017012500100062,2017년 1월 25일 02시,수요일,대구광역시 달서구 호산동,경상사고,0,0,1,0,차대차 - 측면충돌,안전운전불이행,건조,맑음,단일로 - 기타,화물,남,36세,상해없음,승용,남,50세,경상