사고번호,사고일시,요일,시군구,사고내용,사망자수,중상자수,경상자수,부상신고자수,사고유형,법규위반,노면상태,기상상태,도로형태,가해운전자 차종,가해운전자 성별,가해운전자 연령,가해운전자 상해정도,피해운전자 차종,피해운전자 성별,피해운전자 연령,피해운전자 상해정도
2017012500100080,2017년 1월 25일 04시,수요일,대구광역시 수성구 두산동,경상사고,0,0,1,0,차대사람 - 횡단중,신호위반,건조,맑음,교차로 - 교차로안,승용,남,27세,상해없음,보행자,남,39세,경상
2017012500100105,2017년 1월 25일 06시,수요일,대구광역시 동구 효목동,경상사고,0,0,1,0,차대차 - 측면충돌,신호위반,건조,맑음,교차로 - 교차로안,화물,남,56세,상해없음,승용,남,30세,경상
2017012500100128,2017년 1월 25일 07시,수요일,대구광역시 서구 평리동,중상사고,0,1,1,0,차대차 - 추돌,안전거리미확보,건조,맑음,교차로 - 교차로안,승용,여,25세,중상,승용,남,56세,상해없음
2017012500100170,2017년 1월 25일 08시,수요일,대구광역시 달서구 신당동,경상사고,0,0,1,0,차대차 - 측면충돌,안전운전불이행,젖음/습기,맑음,교차로 - 교차로부근,원동기,남,22세,경상,승용,남,60세,상해없음
2017012500100212,2017년 1월 25일 09시,수요일,대구광역시 동구 서호동,중상사고,0,1,0,0,차대사람 - 횡단중,안전운전불이행,건조,맑음,단일로 - 기타,승용,여,59세,상해없음,보행자,여,68세,중상
2017012500100213,2017년 1월 25일 09시,수요일,대구광역시 달서구 죽전동,경상사고,0,0,1,0,차대차 - 정면충돌,중앙선침범,건조,맑음,교차로 - 교차로부근,승용,남,63세,상해없음,승용,여,39세,경상
2017012500100243,2017년 1월 25일 10시,수요일,대구광역시 서구 비산동,부상신고사고,0,0,0,1,차대차 - 측면충돌,교차로운행방법위반,건조,맑음,교차로 - 교차로안,이륜,남,57세,부상신고,화물,남,32세,상해없음
2017012500100244,2017년 1월 25일 10시,수요일,대구광역시 북구 동천동,경상사고,0,0,1,0,차대차 - 측면충돌,안전운전불이행,건조,맑음,단일로 - 기타,승합,여,58세,상해없음,승용,남,67세,경상
2017012500100275,2017년 1월 25일 11시,수요일,대구광역시 수성구 상동,경상사고,0,0,1,0,차대차 - 후진중충돌,안전운전불이행,건조,맑음,기타 - 기타,승용,남,40세,상해없음,승용,남,69세,경상
2017012500100309,2017년 1월 25일 12시,수요일,대구광역시 동구 신천동,경상사고,0,0,1,0,차대차 - 측면충돌,안전운전불이행,건조,맑음,단일로 - 기타,원동기,남,40세,경상,승용,남,41세,상해없음
2017012500100310,2017년 1월 25일 12시,수요일,대구광역시 중구 삼덕동3가,중상사고,0,1,1,0,차대차 - 측면충돌,신호위반,건조,맑음,교차로 - 교차로안,승용,여,25세,상해없음,이륜,남,76세,중상
2017012500100311,2017년 1월 25일 12시,수요일,대구광역시 북구 관음동,경상사고,0,0,1,0,차대차 - 측면충돌,안전운전불이행,건조,맑음,교차로 - 교차로안,승용,여,33세,상해없음,승용,남,69세,경상
2017012500100349,2017년 1월 25일 13시,수요일,대구광역시 수성구 범물동,경상사고,0,0,2,0,차대차 - 측면충돌,교차로운행방법위반,건조,맑음,교차로 - 교차로안,승용,여,28세,상해없음,승용,남,57세,경상
2017012500100350,2017년 1월 25일 13시,수요일,대구광역시 달서구 월성동,경상사고,0,0,2,0,차대차 - 기타,안전운전불이행,건조,맑음,단일로 - 기타,화물,남,45세,경상,승용,여,23세,경상
2017012500100351,2017년 1월 25일 13시,수요일,대구광역시 북구 노원동2가,경상사고,0,0,1,1,차대차 - 측면충돌,교차로운행방법위반,건조,맑음,교차로 - 교차로안,승용,남,54세,부상신고,승용,남,71세,상해없음
2017012500100352,2017년 1월 25일 13시,수요일,대구광역시 달성군 다사읍,경상사고,0,0,2,0,차대차 - 추돌,안전운전불이행,건조,맑음,단일로 - 교량,화물,남,78세,상해없음,승용,여,47세,경상
2017012500100353,2017년 1월 25일 13시,수요일,대구광역시 북구 매천동,경상사고,0,0,1,0,차대사람 - 횡단중,안전운전불이행,건조,맑음,단일로 - 기타,승용,남,45세,상해없음,보행자,여,77세,경상
2017012500100390,2017년 1월 25일 14시,수요일,대구광역시 동구 방촌동,부상신고사고,0,0,0,1,차대차 - 측면충돌,교차로운행방법위반,건조,맑음,교차로 - 교차로안,이륜,남,54세,부상신고,승용,남,38세,상해없음
2017012500100468,2017년 1월 25일 16시,수요일,대구광역시 남구 대명동,중상사고,0,1,0,0,차대사람 - 횡단중,안전운전불이행,건조,맑음,단일로 - 기타,승합,남,42세,상해없음,보행자,여,70세,중상
2017012500100469,2017년 1월 25일 16시,수요일,대구광역시 남구 봉덕동,경상사고,0,0,1,0,차대사람 - 횡단중,보행자보호의무위반,건조,맑음,교차로 - 교차로안,화물,남,59세,기타불명,보행자,남,23세,경상
2017012500100470,2017년 1월 25일 16시,수요일,대구광역시 서구 내당동,중상사고,0,1,1,0,차대차 - 추돌,안전운전불이행,건조,맑음,단일로 - 기타,승합,남,57세,상해없음,승용,남,64세,경상
2017012500100471,2017년 1월 25일 16시,수요일,대구광역시 북구 읍내동,경상사고,0,0,1,0,차대차 - 측면충돌,안전운전불이행,건조,맑음,교차로 - 교차로부근,승용,남,45세,상해없음,승합,남,57세,상해없음
2017012500100523,2017년 1월 25일 17시,수요일,대구광역시 동구 신암동,경상사고,0,0,1,0,차대차 - 추돌,안전거리미확보,건조,맑음,단일로 - 고가도로위,승용,남,53세,상해없음,승용,남,57세,경상
2017012500100524,2017년 1월 25일 17시,수요일,대구광역시 수성구 중동,중상사고,0,1,0,0,차대차 - 정면충돌,안전운전불이행,건조,맑음,단일로 - 기타,승용,남,54세,상해없음,승용,남,31세,중상
2017012500100583,2017년 1월 25일 18시,수요일,대구광역시 달서구 용산동,중상사고,0,1,0,0,차대사람 - 횡단중,안전운전불이행,건조,맑음,단일로 - 기타,자전거,남,16세,상해없음,보행자,여,82세,중상
2017012500100689,2017년 1월 25일 20시,수요일,대구광역시 동구 불로동,중상사고,0,1,0,0,차대사람 - 횡단중,안전운전불이행,건조,맑음,교차로 - 교차로부근,승합,남,42세,상해없음,보행자,남,56세,중상
2017012500100690,2017년 1월 25일 20시,수요일,대구광역시 수성구 중동,경상사고,0,0,1,0,차량단독 - 공작물충돌,기타,건조,맑음,단일로 - 기타,승합,남,48세,상해없음,,,,
2017012500100691,2017년 1월 25일 20시,수요일,대구광역시 달성군 가창면,중상사고,0,1,0,0,차대사람 - 횡단중,신호위반,건조,맑음,교차로 - 교차로횡단보도내,승용,남,51세,상해없음,보행자,여,47세,중상
2017012500100755,2017년 1월 25일 22시,수요일,대구광역시 동구 지저동,부상신고사고,0,0,0,1,차대차 - 추돌,안전운전불이행,건조,맑음,교차로 - 교차로부근,승용,남,45세,상해없음,승용,여,46세,부상신고
2017012500100756,2017년 1월 25일 22시,수요일,대구광역시 수성구 중동,중상사고,0,1,0,0,차대사람 - 횡단중,신호위반,건조,맑음,교차로 - 교차로횡단보도내,승용,남,49세,상해없음,보행자,여,21세,중상
2017012500100757,2017년 1월 25일 22시,수요일,대구광역시 달서구 대천동,경상사고,0,0,2,0,차대차 - 기타,중앙선침범,건조,맑음,교차로 - 교차로부근,승용,남,19세,상해없음,승용,남,61세,경상
2017012500100758,2017년 1월 25일 22시,수요일,대구광역시 달서구 호산동,경상사고,0,0,1,0,차대차 - 기타,신호위반,건조,맑음,교차로 - 교차로부근,이륜,남,39세,경상,승용,남,22세,상해없음
2017012500100787,2017년 1월 25일 23시,수요일,대구광역시 동구 방촌동,경상사고,0,0,1,0,차대차 - 정면충돌,직진우회전진행방해,건조,맑음,교차로 - 교차로안,승용,남,50세,상해없음,승용,남,25세,상해없음
2017012500100788,2017년 1월 25일 23시,수요일,대구광역시 북구 동천동,경상사고,0,0,1,0,차대차 - 측면충돌,안전거리미확보,건조,맑음,단일로 - 기타,승용,남,28세,상해없음,이륜,남,18세,경상
2017012600100032,2017년 1월 26일 00시,목요일,대구광역시 달성군 화원읍,경상사고,0,0,1,0,차대차 - 정면충돌,안전운전불이행,건조,맑음,단일로 - 기타,승용,남,19세,경상,화물,남,34세,상해없음
2017012600100033,2017년 1월 26일 00시,목요일,대구광역시 북구 노원동2가,경상사고,0,0,1,0,차대사람 - 횡단중,안전운전불이행,건조,맑음,단일로 - 기타,승용,남,23세,상해없음,보행자,남,35세,경상
2017012600100080,2017년 1월 26일 03시,목요일,대구광역시 서구 평리동,경상사고,0,0,1,0,차대차 - 추돌,교차로운행방법위반,건조,맑음,교차로 - 교차로안,승용,남,31세,상해없음,이륜,남,20세,경상
2017012600100093,2017년 1월 26일 05시,목요일,대구광역시 수성구 지산동,경상사고,0,0,1,0,차대사람 - 횡단중,보행자보호의무위반,건조,맑음,교차로 - 교차로횡단보도내,승용,남,56세,상해없음,보행자,여,27세,경상
2017012600100111,2017년 1월 26일 06시,목요일,대구광역시 수성구 만촌동,사망사고,1,0,0,0,차대사람 - 횡단중,보행자보호의무위반,건조,맑음,교차로 - 교차로부근,승용,남,65세,상해없음,보행자,여,75세,사망
2017012600100133,2017년 1월 26일 07시,목요일,대구광역시 동구 지저동,중상사고,0,1,0,0,차대사람 - 횡단중,보행자보호의무위반,건조,맑음,교차로 - 교차로부근,승용,남,75세,상해없음,보행자,여,71세,중상
2017012600100169,2017년 1월 26일 08시,목요일,대구광역시 중구 전동,중상사고,0,1,0,0,차대사람 - 횡단중,중앙선침범,건조,맑음,단일로 - 기타,승용,남,59세,상해없음,보행자,여,80세,중상
2017012600100170,2017년 1월 26일 08시,목요일,대구광역시 달서구 이곡동,경상사고,0,0,1,1,차대차 - 추돌,안전운전불이행,건조,맑음,단일로 - 기타,승용,남,45세,상해없음,승용,남,26세,경상
2017012600100199,2017년 1월 26일 09시,목요일,대구광역시 북구 침산동,중상사고,0,1,0,0,차대차 - 측면충돌,안전운전불이행,건조,맑음,교차로 - 교차로횡단보도내,승용,남,40세,상해없음,자전거,여,74세,중상
2017012600100200,2017년 1월 26일 09시,목요일,대구광역시 서구 내당동,중상사고,0,1,0,0,차대차 - 측면충돌,안전운전불이행,건조,맑음,교차로 - 교차로부근,승용,남,55세,상해없음,자전거,남,69세,중상
2017012600100201,2017년 1월 26일 09시,목요일,대구광역시 북구 구암동,중상사고,0,1,3,0,차대차 - 측면충돌,안전운전불이행,건조,맑음,교차로 - 교차로부근,승용,남,61세,경상,승용,여,43세,경상
2017012600100272,2017년 1월 26일 11시,목요일,대구광역시 서구 내당동,중상사고,0,1,1,0,차대차 - 측면충돌,불법유턴,건조,맑음,교차로 - 교차로횡단보도내,원동기,남,81세,경상,승용,여,40세,상해없음
2017012600100351,2017년 1월 26일 13시,목요일,대구광역시 수성구 수성동1가,부상신고사고,0,0,0,1,차대차 - 정면충돌,안전운전불이행,건조,맑음,단일로 - 기타,이륜,남,46세,부상신고,승용,남,45세,상해없음
2017012600100352,2017년 1월 26일 13시,목요일,대구광역시 달서구 진천동,중상사고,0,1,0,0,차대사람 - 보도통행중,안전운전불이행,건조,맑음,단일로 - 기타,승용,여,42세,상해없음,보행자,남,78세,중상
2017012600100406,2017년 1월 26일 14시,목요일,대구광역시 남구 봉덕동,중상사고,0,1,0,0,차대차 - 측면충돌,신호위반,건조,맑음,교차로 - 교차로부근,이륜,남,81세,중상,승용,남,67세,상해없음
2017012600100407,2017년 1월 26일 14시,목요일,대구광역시 서구 비산동,중상사고,0,1,0,0,차대차 - 측면충돌,안전운전불이행,건조,맑음,교차로 - 교차로횡단보도내,승용,여,57세,상해없음,자전거,남,72세,중상
2017012600100408,2017년 1월 26일 14시,목요일,대구광역시 달서구 두류동,중상사고,0,1,0,0,차대사람 - 횡단중,기타,건조,맑음,기타 - 기타,이륜,남,78세,상해없음,보행자,여,61세,중상
2017012600100409,2017년 1월 26일 14시,목요일,대구광역시 북구 태전동,경상사고,0,0,1,0,차대차 - 측면충돌,안전운전불이행,건조,맑음,단일로 - 기타,자전거,여,43세,경상,승용,남,59세,상해없음
2017012600100410,2017년 1월 26일 14시,목요일,대구광역시 북구 동변동,경상사고,0,0,2,0,차대차 - 정면충돌,중앙선침범,건조,맑음,교차로 - 교차로부근,승용,남,68세,경상,승용,여,33세,경상
2017012600100457,2017년 1월 26일 15시,목요일,대구광역시 수성구 황금동,경상사고,0,0,1,0,차대차 - 측면충돌,안전운전불이행,건조,맑음,교차로 - 교차로횡단보도내,승용,남,64세,상해없음,자전거,여,64세,경상
2017012600100458,2017년 1월 26일 15시,목요일,대구광역시 수성구 만촌동,경상사고,0,0,1,0,차대사람 - 길가장자리구역통행중,안전운전불이행,건조,맑음,교차로 - 교차로부근,승용,남,52세,상해없음,보행자,여,22세,경상
2017012600100459,2017년 1월 26일 15시,목요일,대구광역시 수성구 상동,경상사고,0,0,3,2,차대차 - 측면충돌,차로위반,건조,맑음,교차로 - 교차로부근,승용,남,61세,상해없음,승용,남,35세,경상
2017012600100460,2017년 1월 26일 15시,목요일,대구광역시 달서구 상인동,중상사고,0,1,1,0,차대차 - 측면충돌,직진우회전진행방해,건조,맑음,교차로 - 교차로안,승용,여,43세,경상,원동기,남,50세,중상
2017012600100461,2017년 1월 26일 15시,목요일,대구광역시 달성군 유가면,중상사고,0,1,0,0,차량단독 - 전도전복 - 전도,안전운전불이행,건조,맑음,주차장 - 주차장,화물,남,47세,중상,,,,
2017012600100462,2017년 1월 26일 15시,목요일,대구광역시 서구 중리동,경상사고,0,0,1,0,차대사람 - 횡단중,중앙선침범,건조,맑음,단일로 - 기타,승용,남,45세,상해없음,보행자,여,32세,경상
2017012600100463,2017년 1월 26일 15시,목요일,대구광역시 달서구 용산동,경상사고,0,0,1,0,차대차 - 추돌,안전운전불이행,건조,맑음,단일로 - 기타,승용,남,49세,상해없음,승용,남,44세,상해없음
2017012600100555,2017년 1월 26일 17시,목요일,대구광역시 남구 대명동,경상사고,0,0,1,1,차대차 - 측면충돌,안전거리미확보,건조,맑음,단일로 - 기타,승용,남,49세,부상신고,이륜,남,34세,경상
2017012600100556,2017년 1월 26일 17시,목요일,대구광역시 달서구 월성동,중상사고,0,1,0,0,차대사람 - 횡단중,안전운전불이행,건조,맑음,단일로 - 기타,승용,여,24세,상해없음,보행자,남,7세,중상
2017012600100557,2017년 1월 26일 17시,목요일,대구광역시 달서구 감삼동,경상사고,0,0,1,0,차대사람 - 횡단중,보행자보호의무위반,건조,맑음,단일로 - 기타,화물,남,53세,상해없음,보행자,남,4세,경상
2017012600100610,2017년 1월 26일 18시,목요일,대구광역시 동구 동호동,중상사고,0,1,0,0,차대차 - 기타,안전거리미확보,젖음/습기,기타,단일로 - 기타,승용,남,39세,상해없음,이륜,남,19세,중상
2017012600100611,2017년 1월 26일 18시,목요일,대구광역시 수성구 만촌동,중상사고,0,1,0,0,차대사람 - 횡단중,안전운전불이행,건조,맑음,단일로 - 기타,승용,남,35세,상해없음,보행자,여,61세,중상
2017012600100612,2017년 1월 26일 18시,목요일,대구광역시 수성구 범어동,중상사고,0,1,0,1,차대사람 - 횡단중,안전운전불이행,건조,맑음,교차로 - 교차로안,승용,여,41세,부상신고,보행자,여,82세,중상
2017012600100613,2017년 1월 26일 18시,목요일,대구광역시 북구 산격동,중상사고,0,1,0,0,차대사람 - 횡단중,보행자보호의무위반,건조,맑음,교차로 - 교차로횡단보도내,화물,남,47세,상해없음,보행자,남,43세,중상
2017012600100667,2017년 1월 26일 19시,목요일,대구광역시 달성군 다사읍,경상사고,0,0,1,0,차대차 - 정면충돌,신호위반,건조,맑음,교차로 - 교차로안,이륜,남,22세,상해없음,이륜,남,41세,경상
2017012600100668,2017년 1월 26일 19시,목요일,대구광역시 북구 칠성동2가,경상사고,0,0,3,0,차대차 - 추돌,안전운전불이행,건조,맑음,교차로 - 교차로부근,승용,여,52세,상해없음,승용,여,28세,상해없음
2017012600100669,2017년 1월 26일 19시,목요일,대구광역시 북구 칠성동2가,경상사고,0,0,2,0,차대차 - 측면충돌,교차로운행방법위반,젖음/습기,흐림,교차로 - 교차로안,승용,남,49세,상해없음,승용,남,67세,경상
2017012600100670,2017년 1월 26일 19시,목요일,대구광역시 북구 구암동,중상사고,0,1,0,0,차대차 - 측면충돌,직진우회전진행방해,건조,맑음,교차로 - 교차로안,승용,남,31세,상해없음,이륜,남,29세,중상
2017012600100713,2017년 1월 26일 20시,목요일,대구광역시 달서구 상인동,경상사고,0,0,1,0,차대차 - 측면충돌,안전거리미확보,건조,맑음,단일로 - 기타,승용,남,35세,상해없음,승용,남,27세,경상
2017012600100757,2017년 1월 26일 21시,목요일,대구광역시 북구 금호동,중상사고,0,2,2,0,차대차 - 추돌,안전운전불이행,건조,맑음,기타 - 기타,화물,남,55세,상해없음,승용,남,58세,중상
2017012600100761,2017년 1월 26일 21시,목요일,대구광역시 남구 대명동,경상사고,0,0,2,0,차대차 - 측면충돌,안전거리미확보,건조,맑음,단일로 - 기타,승용,남,40세,상해없음,승용,여,29세,경상
2017012600100762,2017년 1월 26일 21시,목요일,대구광역시 달서구 송현동,경상사고,0,0,1,0,차대차 - 측면충돌,안전운전불이행,건조,맑음,교차로 - 교차로부근,승용,남,23세,상해없음,이륜,남,17세,경상
2017012600100763,2017년 1월 26일 21시,목요일,대구광역시 서구 평리동,경상사고,0,0,1,0,차대차 - 측면충돌,안전거리미확보,건조,맑음,교차로 - 교차로안,승용,남,33세,상해없음,이륜,남,45세,경상
2017012600100764,2017년 1월 26일 21시,목요일,대구광역시 북구 동천동,경상사고,0,0,1,0,차대차 - 측면충돌,안전운전불이행,건조,맑음,교차로 - 교차로부근,승용,남,48세,상해없음,이륜,남,22세,경상
2017012600100786,2017년 1월 26일 22시,목요일,대구광역시 남구 봉덕동,경상사고,0,0,5,0,차대차 - 추돌,안전운전불이행,건조,맑음,단일로 - 고가도로위,승용,남,60세,상해없음,승용,남,57세,경상
2017012600100787,2017년 1월 26일 22시,목요일,대구광역시 남구 봉덕동,경상사고,0,0,1,0,차량단독 - 기타,안전운전불이행,건조,맑음,교차로 - 교차로부근,승용,남,60세,기타불명,,,,
2017012600100788,2017년 1월 26일 22시,목요일,대구광역시 동구 율하동,중상사고,0,1,0,0,차대차 - 측면충돌,안전운전불이행,건조,맑음,단일로 - 기타,승용,여,38세,상해없음,이륜,남,35세,중상
2017012600100789,2017년 1월 26일 22시,목요일,대구광역시 수성구 지산동,부상신고사고,0,0,0,1,차대차 - 기타,안전운전불이행,건조,맑음,교차로 - 교차로부근,이륜,남,23세,부상신고,승용,남,56세,상해없음
2017012600100790,2017년 1월 26일 22시,목요일,대구광역시 달성군 다사읍,경상사고,0,0,1,0,차대사람 - 횡단중,안전운전불이행,건조,맑음,단일로 - 기타,기타불명,기타불명,미분류,기타불명,보행자,여,16세,경상
2017012600100791,2017년 1월 26일 22시,목요일,대구광역시 달서구 본리동,중상사고,0,1,0,0,차대차 - 정면충돌,교차로운행방법위반,건조,흐림,교차로 - 교차로안,승용,남,41세,상해없음,이륜,남,62세,중상
2017012600100820,2017년 1월 26일 23시,목요일,대구광역시 동구 신암동,경상사고,0,0,1,0,차대차 - 후진중충돌,안전운전불이행,건조,기타,주차장 - 주차장,승용,남,39세,상해없음,승용,남,34세,경상
2017012600100821,2017년 1월 26일 23시,목요일,대구광역시 서구 원대동1가,경상사고,0,0,1,1,차대차 - 정면충돌,안전운전불이행,건조,맑음,단일로 - 기타,승용,남,61세,부상신고,원동기,남,23세,경상
2017012600100822,2017년 1월 26일 23시,목요일,대구광역시 중구 대봉동,중상사고,0,1,0,0,차대차 - 측면충돌,안전운전불이행,건조,맑음,단일로 - 기타,승용,남,57세,상해없음,자전거,여,25세,중상
2017012700100035,2017년 1월 27일 00시,금요일,대구광역시 달성군 현풍면,중상사고,0,2,0,0,차대차 - 정면충돌,안전운전불이행,건조,맑음,단일로 - 기타,특수,남,38세,상해없음,승용,남,42세,상해없음
2017012700100036,2017년 1월 27일 00시,금요일,대구광역시 서구 비산동,경상사고,0,0,2,0,차대차 - 측면충돌,안전운전불이행,건조,맑음,단일로 - 기타,승용,남,57세,상해없음,승용,남,58세,경상
2017012700100063,2017년 1월 27일 01시,금요일,대구광역시 남구 봉덕동,경상사고,0,0,1,0,차대사람 - 횡단중,중앙선침범,건조,맑음,단일로 - 기타,승용,남,59세,상해없음,보행자,여,62세,경상
2017012700100078,2017년 1월 27일 02시,금요일,대구광역시 수성구 시지동,경상사고,0,0,1,0,차대차 - 측면충돌,안전거리미확보,건조,맑음,단일로 - 기타,승용,여,28세,상해없음,승용,남,43세,경상
2017012700100079,2017년 1월 27일 02시,금요일,대구광역시 달서구 월암동,중상사고,0,1,2,0,차대차 - 측면충돌,교차로운행방법위반,건조,맑음,교차로 - 교차로안,승용,남,24세,경상,승용,남,43세,중상
2017012700100102,2017년 1월 27일 04시,금요일,대구광역시 동구 신암동,경상사고,0,0,4,0,차대차 - 추돌,안전운전불이행,건조,맑음,단일로 - 기타,승용,남,28세,상해없음,승용,남,62세,경상
2017012700100114,2017년 1월 27일 05시,금요일,대구광역시 수성구 두산동,경상사고,0,0,1,0,차대차 - 측면충돌,안전운전불이행,건조,맑음,교차로 - 교차로안,승용,남,24세,상해없음,이륜,남,25세,경상
2017012700100140,2017년 1월 27일 07시,금요일,대구광역시 달서구 대곡동,경상사고,0,0,3,0,차대차 - 측면충돌,차로위반,젖음/습기,맑음,교차로 - 교차로부근,승용,남,22세,경상,승용,여,46세,경상
2017012700100141,2017년 1월 27일 07시,금요일,대구광역시 서구 내당동,경상사고,0,0,1,0,차대차 - 추돌,안전거리미확보,건조,맑음,교차로 - 교차로안,승용,여,63세,상해없음,원동기,남,47세,경상
2017012700100206,2017년 1월 27일 11시,금요일,대구광역시 북구 고성동1가,경상사고,0,0,1,0,차대차 - 추돌,안전운전불이행,건조,맑음,단일로 - 기타,승용,남,25세,상해없음,승용,남,35세,경상
2017012700100207,2017년 1월 27일 11시,금요일,대구광역시 달서구 감삼동,경상사고,0,0,1,0,차대사람 - 횡단중,안전운전불이행,건조,맑음,단일로 - 기타,승용,남,51세,상해없음,보행자,남,40세,경상
2017012700100236,2017년 1월 27일 12시,금요일,대구광역시 달서구 신당동,중상사고,0,1,0,1,차대차 - 측면충돌,안전운전불이행,건조,맑음,단일로 - 기타,승용,남,27세,중상,이륜,남,20세,부상신고
2017012700100267,2017년 1월 27일 13시,금요일,대구광역시 달성군 하빈면,경상사고,0,0,6,0,차대차 - 추돌,안전운전불이행,건조,맑음,교차로 - 교차로부근,승용,남,67세,상해없음,승용,남,45세,경상
2017012700100268,2017년 1월 27일 13시,금요일,대구광역시 서구 비산동,경상사고,0,0,1,0,차대차 - 측면충돌,안전운전불이행,건조,맑음,단일로 - 기타,승용,남,54세,상해없음,승용,남,70세,경상
2017012700100290,2017년 1월 27일 14시,금요일,대구광역시 서구 내당동,사망사고,1,0,0,0,차대차 - 측면충돌,신호위반,건조,맑음,단일로 - 기타,승용,남,68세,상해없음,이륜,남,73세,사망
2017012700100305,2017년 1월 27일 15시,금요일,대구광역시 중구 시장북로,부상신고사고,0,0,0,1,차대차 - 기타,안전운전불이행,건조,맑음,교차로 - 교차로안,화물,남,57세,상해없음,자전거,남,64세,부상신고
2017012700100401,2017년 1월 27일 19시,금요일,대구광역시 남구 봉덕동,경상사고,0,0,2,0,차대차 - 측면충돌,교차로운행방법위반,건조,맑음,교차로 - 교차로안,승용,여,55세,상해없음,승용,남,57세,경상
2017012700100456,2017년 1월 27일 22시,금요일,대구광역시 서구 내당동,중상사고,0,1,0,0,차대차 - 측면충돌,안전운전불이행,건조,맑음,단일로 - 기타,승용,남,32세,상해없음,원동기,남,21세,중상
2017012800100068,2017년 1월 28일 07시,토요일,대구광역시 달서구 두류동,경상사고,0,0,1,0,차대차 - 측면충돌,안전운전불이행,건조,맑음,단일로 - 기타,이륜,남,20세,경상,승용,남,36세,상해없음
2017012800100092,2017년 1월 28일 09시,토요일,대구광역시 수성구 수성동1가,경상사고,0,0,2,0,차대차 - 측면충돌,신호위반,건조,맑음,교차로 - 교차로안,승용,남,63세,상해없음,승용,남,22세,경상
2017012800100116,2017년 1월 28일 11시,토요일,대구광역시 북구 대현동,경상사고,0,0,2,0,차대차 - 추돌,안전운전불이행,건조,맑음,단일로 - 기타,승용,남,33세,상해없음,승용,남,61세,경상
2017012800100136,2017년 1월 28일 12시,토요일,대구광역시 서구 평리동,경상사고,0,0,1,0,차대차 - 추돌,안전운전불이행,건조,맑음,교차로 - 교차로부근,승용,남,55세,상해없음,승용,남,57세,상해없음
2017012800100156,2017년 1월 28일 13시,토요일,대구광역시 달서구 성당동,중상사고,0,1,2,0,차대차 - 측면충돌,신호위반,건조,맑음,교차로 - 교차로안,승용,남,33세,경상,승용,남,61세,중상
2017012800100178,2017년 1월 28일 14시,토요일,대구광역시 동구 효목동,경상사고,0,0,1,0,차대차 - 측면충돌,직진우회전진행방해,건조,맑음,교차로 - 교차로안,승용,남,62세,상해없음,승용,여,43세,경상
2017012800100179,2017년 1월 28일 14시,토요일,대구광역시 수성구 만촌동,경상사고,0,0,2,0,차대차 - 추돌,안전운전불이행,건조,맑음,단일로 - 기타,이륜,남,28세,기타불명,승용,남,33세,상해없음
2017012800100201,2017년 1월 28일 15시,토요일,대구광역시 남구 대명동,경상사고,0,0,1,0,차대차 - 측면충돌,안전운전불이행,건조,맑음,교차로 - 교차로안,이륜,남,37세,경상,승용,여,38세,상해없음
2017012800100202,2017년 1월 28일 15시,토요일,대구광역시 동구 신천동,경상사고,0,0,2,0,차대차 - 측면충돌,불법유턴,건조,맑음,단일로 - 기타,승용,남,33세,상해없음,승용,남,32세,경상
2017012800100203,2017년 1월 28일 15시,토요일,대구광역시 북구 침산동,중상사고,0,1,0,0,차대차 - 측면충돌,안전거리미확보,건조,맑음,단일로 - 기타,승용,남,49세,상해없음,원동기,남,42세,중상
2017012800100214,2017년 1월 28일 16시,토요일,대구광역시 서구 비산동,경상사고,0,0,1,0,차대차 - 추돌,안전운전불이행,건조,맑음,교차로 - 교차로안,승용,여,27세,상해없음,승용,남,57세,경상
2017012800100225,2017년 1월 28일 17시,토요일,대구광역시 동구 신천동,중상사고,0,1,2,0,차대차 - 기타,안전거리미확보,건조,맑음,단일로 - 기타,승용,남,33세,상해없음,승용,남,33세,경상
2017012800100226,2017년 1월 28일 17시,토요일,대구광역시 달서구 죽전동,경상사고,0,0,1,0,차대차 - 추돌,안전운전불이행,건조,맑음,단일로 - 기타,승용,남,34세,상해없음,승용,남,19세,경상
2017012800100248,2017년 1월 28일 18시,토요일,대구광역시 달서구 성당동,경상사고,0,0,1,0,차대차 - 추돌,안전운전불이행,건조,맑음,교차로 - 교차로부근,승용,남,20세,상해없음,승용,남,60세,경상
2017012800100277,2017년 1월 28일 19시,토요일,대구광역시 북구 복현동,중상사고,0,1,0,0,차대사람 - 횡단중,안전운전불이행,건조,맑음,교차로 - 교차로안,승용,남,49세,상해없음,보행자,남,36세,중상
2017012900100044,2017년 1월 29일 03시,일요일,대구광역시 동구 신암동,중상사고,0,1,0,0,차대차 - 측면충돌,신호위반,건조,맑음,교차로 - 교차로안,승용,남,27세,상해없음,이륜,남,21세,중상
2017012900100063,2017년 1월 29일 05시,일요일,대구광역시 수성구 범어동,경상사고,0,0,1,0,차대차 - 측면충돌,중앙선침범,젖음/습기,흐림,교차로 - 교차로부근,승용,남,20세,경상,승합,남,50세,상해없음
2017012900100077,2017년 1월 29일 06시,일요일,대구광역시 남구 대명동,중상사고,0,1,0,1,차대차 - 측면충돌,신호위반,젖음/습기,흐림,교차로 - 교차로안,화물,남,51세,중상,승용,남,64세,상해없음
2017012900100078,2017년 1월 29일 06시,일요일,대구광역시 중구 동인동3가,중상사고,0,1,0,1,차대차 - 측면충돌,안전운전불이행,젖음/습기,비,단일로 - 기타,승용,남,51세,상해없음,승용,남,24세,상해없음