사고번호,사고일시,요일,시군구,사고내용,사망자수,중상자수,경상자수,부상신고자수,사고유형,법규위반,노면상태,기상상태,도로형태,가해운전자 차종,가해운전자 성별,가해운전자 연령,가해운전자 상해정도,피해운전자 차종,피해운전자 성별,피해운전자 연령,피해운전자 상해정도
2017012900100100,2017년 1월 29일 09시,일요일,대구광역시 수성구 두산동,중상사고,0,1,1,0,차대차 - 추돌,안전거리미확보,건조,맑음,단일로 - 기타,승용,남,67세,상해없음,승용,남,59세,중상
2017012900100101,2017년 1월 29일 09시,일요일,대구광역시 북구 침산동,중상사고,0,1,0,0,차대차 - 측면충돌,신호위반,건조,맑음,교차로 - 교차로안,승용,남,67세,상해없음,승용,남,25세,중상
2017012900100133,2017년 1월 29일 11시,일요일,대구광역시 수성구 매호동,경상사고,0,0,1,0,차대차 - 정면충돌,교차로운행방법위반,건조,맑음,교차로 - 교차로안,승용,남,55세,상해없음,승용,여,48세,경상
2017012900100180,2017년 1월 29일 15시,일요일,대구광역시 달서구 신당동,중상사고,0,1,0,0,차대사람 - 횡단중,안전운전불이행,건조,흐림,기타 - 기타,승용,남,45세,상해없음,보행자,남,29세,중상
2017012900100181,2017년 1월 29일 15시,일요일,대구광역시 북구 동호동,경상사고,0,0,3,0,차대차 - 측면충돌,교차로운행방법위반,건조,맑음,교차로 - 교차로안,승용,남,70세,상해없음,승용,남,37세,경상
2017012900100200,2017년 1월 29일 16시,일요일,대구광역시 달성군 다사읍,중상사고,0,4,0,0,차대차 - 정면충돌,신호위반,건조,맑음,교차로 - 교차로안,승용,남,51세,상해없음,승용,남,43세,중상
2017012900100223,2017년 1월 29일 17시,일요일,대구광역시 동구 신천동,중상사고,0,1,0,0,차대차 - 측면충돌,안전운전불이행,건조,맑음,기타 - 기타,승용,남,58세,상해없음,이륜,남,41세,중상
2017012900100224,2017년 1월 29일 17시,일요일,대구광역시 동구 용계동,중상사고,0,2,1,0,차대차 - 추돌,안전운전불이행,건조,맑음,단일로 - 기타,승용,남,54세,상해없음,승용,남,28세,경상
2017012900100250,2017년 1월 29일 18시,일요일,대구광역시 북구 칠성동2가,중상사고,0,1,0,0,차대차 - 측면충돌,직진우회전진행방해,건조,맑음,교차로 - 교차로안,승용,남,45세,상해없음,원동기,남,26세,중상
2017012900100271,2017년 1월 29일 19시,일요일,대구광역시 서구 원대동1가,경상사고,0,0,1,0,차대사람 - 횡단중,안전운전불이행,건조,맑음,단일로 - 기타,승용,남,61세,상해없음,보행자,남,55세,경상
2017012900100272,2017년 1월 29일 19시,일요일,대구광역시 북구 태전동,중상사고,0,1,2,0,차대차 - 추돌,안전운전불이행,젖음/습기,비,교차로 - 교차로부근,이륜,남,52세,중상,승용,남,19세,경상
2017012900100293,2017년 1월 29일 20시,일요일,대구광역시 달서구 상인동,중상사고,0,1,0,0,차대사람 - 횡단중,신호위반,건조,맑음,단일로 - 기타,승용,남,67세,상해없음,보행자,여,68세,중상
2017012900100337,2017년 1월 29일 22시,일요일,대구광역시 동구 용계동,중상사고,0,2,1,0,차대차 - 정면충돌,안전거리미확보,건조,맑음,단일로 - 기타,승용,남,64세,상해없음,승용,남,51세,상해없음
2017012900100354,2017년 1월 29일 23시,일요일,대구광역시 수성구 두산동,경상사고,0,0,1,0,차대차 - 추돌,안전운전불이행,젖음/습기,비,교차로 - 교차로안,승용,남,58세,상해없음,승용,여,40세,경상
2017012900100355,2017년 1월 29일 23시,일요일,대구광역시 달성군 다사읍,중상사고,0,1,1,0,차대차 - 정면충돌,중앙선침범,젖음/습기,비,교차로 - 교차로부근,승용,남,40세,중상,승용,남,39세,경상
2017012900100356,2017년 1월 29일 23시,일요일,대구광역시 북구 침산동,경상사고,0,0,1,0,차대차 - 측면충돌,안전운전불이행,젖음/습기,흐림,교차로 - 교차로부근,승용,남,59세,상해없음,원동기,남,50세,경상
2017013000100032,2017년 1월 30일 01시,월요일,대구광역시 수성구 사월동,경상사고,0,0,2,0,차대차 - 추돌,안전운전불이행,젖음/습기,흐림,단일로 - 기타,승용,남,43세,상해없음,승용,남,22세,경상
2017013000100047,2017년 1월 30일 02시,월요일,대구광역시 중구 교동,경상사고,0,0,8,0,차대차 - 추돌,안전운전불이행,젖음/습기,흐림,교차로 - 교차로부근,승용,남,31세,상해없음,승용,남,42세,경상
2017013000100089,2017년 1월 30일 07시,월요일,대구광역시 서구 상리동,중상사고,0,1,0,0,차량단독 - 전도전복 - 전도,안전운전불이행,건조,맑음,단일로 - 기타,승용,여,45세,중상,,,,
2017013000100110,2017년 1월 30일 09시,월요일,대구광역시 수성구 만촌동,중상사고,0,1,0,0,차대사람 - 횡단중,중앙선침범,건조,맑음,단일로 - 기타,승용,여,36세,상해없음,보행자,여,56세,중상
2017013000100111,2017년 1월 30일 09시,월요일,대구광역시 서구 평리동,경상사고,0,0,1,0,차대차 - 추돌,안전거리미확보,건조,맑음,단일로 - 기타,이륜,남,47세,경상,승용,남,65세,상해없음
2017013000100118,2017년 1월 30일 10시,월요일,대구광역시 남구 봉덕동,경상사고,0,0,2,0,차대차 - 추돌,안전거리미확보,건조,맑음,단일로 - 기타,화물,남,48세,상해없음,승용,남,62세,경상
2017013000100129,2017년 1월 30일 11시,월요일,대구광역시 수성구 연호동,경상사고,0,0,6,0,차대차 - 정면충돌,안전운전불이행,건조,맑음,교차로 - 교차로안,승용,남,35세,상해없음,승합,남,44세,경상
2017013000100153,2017년 1월 30일 12시,월요일,대구광역시 북구 팔달동,경상사고,0,0,2,0,차대차 - 측면충돌,안전운전불이행,건조,맑음,단일로 - 기타,승용,남,53세,상해없음,승용,남,31세,상해없음
2017013000100200,2017년 1월 30일 14시,월요일,대구광역시 남구 대명동,중상사고,0,1,0,0,차대차 - 측면충돌,안전운전불이행,건조,맑음,단일로 - 기타,기타불명,여,74세,중상,승용,남,74세,상해없음
2017013000100201,2017년 1월 30일 14시,월요일,대구광역시 달서구 본리동,경상사고,0,0,1,0,차대차 - 측면충돌,안전운전불이행,건조,맑음,교차로 - 교차로부근,승용,남,53세,상해없음,승용,남,32세,경상
2017013000100202,2017년 1월 30일 14시,월요일,대구광역시 달서구 성당동,경상사고,0,0,2,0,차대차 - 측면충돌,안전운전불이행,건조,맑음,기타 - 기타,승용,남,21세,상해없음,승용,남,31세,경상
2017013000100221,2017년 1월 30일 15시,월요일,대구광역시 동구 봉무동,경상사고,0,0,1,0,차대차 - 정면충돌,안전운전불이행,건조,맑음,단일로 - 기타,승용,남,34세,상해없음,승용,여,64세,경상
2017013000100222,2017년 1월 30일 15시,월요일,대구광역시 수성구 황금동,중상사고,0,1,0,0,차대사람 - 횡단중,안전운전불이행,건조,맑음,단일로 - 기타,승용,남,55세,상해없음,보행자,남,24세,중상
2017013000100223,2017년 1월 30일 15시,월요일,대구광역시 중구 덕산동,중상사고,0,1,3,0,차대차 - 추돌,안전운전불이행,건조,맑음,교차로 - 교차로부근,승용,남,38세,상해없음,승용,남,57세,경상
2017013000100249,2017년 1월 30일 16시,월요일,대구광역시 동구 봉무동,중상사고,0,1,1,0,차대차 - 측면충돌,교차로운행방법위반,건조,맑음,교차로 - 교차로안,화물,남,26세,경상,이륜,남,42세,중상
2017013000100250,2017년 1월 30일 16시,월요일,대구광역시 서구 비산동,경상사고,0,0,1,0,차대차 - 측면충돌,안전운전불이행,건조,맑음,교차로 - 교차로부근,승용,남,70세,상해없음,승용,남,63세,경상
2017013000100267,2017년 1월 30일 17시,월요일,대구광역시 동구 금강동,경상사고,0,0,2,0,차대차 - 정면충돌,안전운전불이행,건조,맑음,단일로 - 기타,이륜,여,73세,상해없음,승용,남,43세,경상
2017013000100268,2017년 1월 30일 17시,월요일,대구광역시 달서구 성당동,중상사고,0,2,0,0,차대사람 - 횡단중,안전운전불이행,건조,맑음,단일로 - 기타,승용,남,64세,상해없음,보행자,여,25세,중상
2017013000100307,2017년 1월 30일 19시,월요일,대구광역시 남구 대명동,경상사고,0,0,1,0,차대차 - 추돌,안전운전불이행,건조,맑음,단일로 - 기타,승용,남,50세,상해없음,원동기,남,25세,경상
2017013000100308,2017년 1월 30일 19시,월요일,대구광역시 달서구 송현동,경상사고,0,0,1,0,차대차 - 추돌,안전운전불이행,건조,맑음,단일로 - 기타,승용,남,26세,상해없음,이륜,남,53세,경상
2017013000100309,2017년 1월 30일 19시,월요일,대구광역시 달서구 호산동,경상사고,0,0,1,0,차대차 - 측면충돌,안전운전불이행,건조,맑음,교차로 - 교차로안,이륜,남,19세,상해없음,승용,남,33세,경상
2017013000100325,2017년 1월 30일 20시,월요일,대구광역시 수성구 황금동,부상신고사고,0,0,0,1,차대차 - 정면충돌,안전운전불이행,건조,맑음,교차로 - 교차로안,이륜,남,43세,부상신고,승용,남,67세,상해없음
2017013000100326,2017년 1월 30일 20시,월요일,대구광역시 달서구 성당동,경상사고,0,0,1,0,차대차 - 추돌,안전운전불이행,건조,맑음,교차로 - 교차로부근,승용,여,54세,상해없음,승용,여,51세,경상
2017013000100344,2017년 1월 30일 21시,월요일,대구광역시 수성구 만촌동,경상사고,0,0,1,0,차대차 - 측면충돌,안전운전불이행,건조,맑음,단일로 - 기타,이륜,남,24세,경상,승용,남,68세,상해없음
2017013000100368,2017년 1월 30일 22시,월요일,대구광역시 남구 대명동,경상사고,0,0,2,0,차대차 - 측면충돌,차로위반,건조,맑음,단일로 - 기타,승용,남,61세,상해없음,승용,남,37세,경상
2017013100100027,2017년 1월 31일 00시,화요일,대구광역시 북구 산격동,중상사고,0,1,0,0,차대사람 - 횡단중,안전운전불이행,건조,맑음,교차로 - 교차로안,승용,남,54세,상해없음,보행자,남,17세,중상
2017013100100045,2017년 1월 31일 02시,화요일,대구광역시 남구 대명동,경상사고,0,0,1,0,차대사람 - 횡단중,안전운전불이행,기타,맑음,단일로 - 기타,승용,남,65세,상해없음,보행자,여,25세,경상
2017013100100069,2017년 1월 31일 06시,화요일,대구광역시 동구 신암동,중상사고,0,1,0,0,차대사람 - 횡단중,안전운전불이행,건조,맑음,단일로 - 기타,화물,남,47세,상해없음,보행자,여,52세,중상
2017013100100114,2017년 1월 31일 09시,화요일,대구광역시 달서구 호산동,중상사고,0,1,0,0,차대차 - 기타,신호위반,건조,맑음,교차로 - 교차로안,이륜,남,48세,기타불명,이륜,남,63세,중상
2017013100100115,2017년 1월 31일 09시,화요일,대구광역시 북구 서변동,중상사고,0,1,0,0,차대사람 - 횡단중,안전운전불이행,건조,맑음,단일로 - 기타,승합,남,54세,상해없음,보행자,여,49세,중상
2017013100100156,2017년 1월 31일 11시,화요일,대구광역시 수성구 수성동1가,경상사고,0,0,2,0,차대차 - 측면충돌,신호위반,건조,맑음,교차로 - 교차로안,승용,남,79세,상해없음,승용,여,43세,경상
2017013100100157,2017년 1월 31일 11시,화요일,대구광역시 달서구 본동,경상사고,0,0,2,1,차대차 - 기타,안전운전불이행,건조,맑음,교차로 - 교차로부근,승용,남,19세,상해없음,승용,남,57세,부상신고
2017013100100158,2017년 1월 31일 11시,화요일,대구광역시 중구 동인동1가,경상사고,0,0,1,0,차대차 - 측면충돌,신호위반,건조,맑음,교차로 - 교차로안,승용,남,57세,상해없음,승용,남,44세,경상
2017013100100187,2017년 1월 31일 12시,화요일,대구광역시 동구 신서동,중상사고,0,1,0,0,차대사람 - 횡단중,보행자보호의무위반,건조,맑음,교차로 - 교차로횡단보도내,승용,남,50세,상해없음,보행자,남,62세,중상
2017013100100212,2017년 1월 31일 13시,화요일,대구광역시 동구 각산동,경상사고,0,0,3,0,차대차 - 기타,교차로운행방법위반,건조,맑음,교차로 - 교차로안,승용,여,36세,상해없음,승용,남,43세,상해없음
2017013100100213,2017년 1월 31일 13시,화요일,대구광역시 북구 노원동3가,중상사고,0,1,1,0,차대차 - 측면충돌,안전거리미확보,건조,맑음,단일로 - 기타,승용,남,35세,상해없음,승용,남,61세,경상
2017013100100214,2017년 1월 31일 13시,화요일,대구광역시 북구 구암동,경상사고,0,0,1,0,차대차 - 측면충돌,안전거리미확보,건조,맑음,단일로 - 교량,승용,여,58세,상해없음,이륜,남,25세,경상
2017013100100273,2017년 1월 31일 15시,화요일,대구광역시 남구 봉덕동,중상사고,0,1,0,0,차대차 - 기타,안전운전불이행,건조,맑음,단일로 - 기타,승용,여,60세,상해없음,자전거,여,75세,중상
2017013100100274,2017년 1월 31일 15시,화요일,대구광역시 동구 각산동,경상사고,0,0,1,0,차대차 - 측면충돌,신호위반,건조,맑음,교차로 - 교차로안,승용,남,35세,상해없음,승용,여,48세,경상
2017013100100275,2017년 1월 31일 15시,화요일,대구광역시 동구 방촌동,경상사고,0,0,1,0,차대사람 - 횡단중,직진우회전진행방해,건조,맑음,교차로 - 교차로안,승용,남,53세,상해없음,보행자,여,78세,경상
2017013100100276,2017년 1월 31일 15시,화요일,대구광역시 수성구 지산동,경상사고,0,0,1,0,차대차 - 정면충돌,안전거리미확보,건조,맑음,단일로 - 기타,승용,남,34세,상해없음,화물,남,45세,경상
2017013100100277,2017년 1월 31일 15시,화요일,대구광역시 북구 관음동,경상사고,0,0,1,0,차대차 - 측면충돌,안전거리미확보,건조,맑음,단일로 - 기타,승용,여,46세,상해없음,승용,남,60세,경상
2017013100100310,2017년 1월 31일 16시,화요일,대구광역시 서구 내당동,부상신고사고,0,0,0,1,차대차 - 측면충돌,신호위반,건조,맑음,교차로 - 교차로안,자전거,남,39세,부상신고,이륜,남,20세,상해없음
2017013100100365,2017년 1월 31일 18시,화요일,대구광역시 달서구 월성동,경상사고,0,0,1,0,차대차 - 측면충돌,안전운전불이행,건조,맑음,단일로 - 기타,승용,여,35세,상해없음,이륜,남,17세,경상
2017013100100366,2017년 1월 31일 18시,화요일,대구광역시 북구 매천동,경상사고,0,0,1,1,차대차 - 측면충돌,안전운전불이행,건조,맑음,단일로 - 기타,화물,남,40세,부상신고,승용,남,51세,경상
2017013100100385,2017년 1월 31일 19시,화요일,대구광역시 서구 중리동,중상사고,0,1,0,0,차대사람 - 횡단중,보행자보호의무위반,건조,맑음,교차로 - 교차로횡단보도내,승용,남,28세,상해없음,보행자,남,69세,중상
2017013100100408,2017년 1월 31일 20시,화요일,대구광역시 수성구 중동,중상사고,0,1,0,0,차대차 - 측면충돌,교차로운행방법위반,건조,맑음,교차로 - 교차로부근,승용,여,57세,상해없음,자전거,남,84세,중상
2017013100100409,2017년 1월 31일 20시,화요일,대구광역시 달서구 이곡동,경상사고,0,0,1,1,차대차 - 측면충돌,안전운전불이행,건조,맑음,단일로 - 기타,이륜,남,18세,경상,승용,여,46세,상해없음
2017013100100410,2017년 1월 31일 20시,화요일,대구광역시 북구 동천동,경상사고,0,0,2,1,차대차 - 측면충돌,안전운전불이행,건조,맑음,교차로 - 교차로부근,승용,여,32세,부상신고,승용,남,47세,경상
2017013100100461,2017년 1월 31일 22시,화요일,대구광역시 서구 내당동,중상사고,0,1,1,0,차대차 - 추돌,안전운전불이행,건조,맑음,단일로 - 기타,승용,남,39세,상해없음,승용,여,37세,중상
2017013100100477,2017년 1월 31일 23시,화요일,대구광역시 동구 신기동,경상사고,0,0,1,1,차대차 - 추돌,안전운전불이행,건조,맑음,교차로 - 교차로부근,승용,남,28세,부상신고,승합,남,57세,경상
2017020100100018,2017년 2월 1일 00시,수요일,대구광역시 동구 신천동,경상사고,0,0,1,0,차대사람 - 보도통행중,기타,건조,맑음,단일로 - 교량,이륜,남,36세,상해없음,보행자,여,60세,경상
2017020100100041,2017년 2월 1일 02시,수요일,대구광역시 수성구 만촌동,중상사고,0,1,2,0,차대차 - 정면충돌,교차로운행방법위반,건조,맑음,교차로 - 교차로안,승용,남,59세,상해없음,승용,남,62세,경상
2017020100100042,2017년 2월 1일 02시,수요일,대구광역시 달서구 대곡동,부상신고사고,0,0,0,1,차대차 - 측면충돌,차로위반,건조,맑음,단일로 - 기타,승용,남,43세,상해없음,승용,남,61세,부상신고
2017020100100043,2017년 2월 1일 02시,수요일,대구광역시 중구 대봉동,경상사고,0,0,1,0,차대차 - 추돌,과속,건조,맑음,단일로 - 기타,승용,남,34세,상해없음,승용,남,64세,상해없음
2017020100100061,2017년 2월 1일 05시,수요일,대구광역시 수성구 황금동,경상사고,0,0,3,0,차대차 - 정면충돌,안전운전불이행,건조,맑음,단일로 - 기타,승용,남,30세,상해없음,승용,남,23세,상해없음
2017020100100075,2017년 2월 1일 06시,수요일,대구광역시 수성구 지산동,경상사고,0,0,1,0,차대차 - 측면충돌,안전거리미확보,건조,맑음,교차로 - 교차로부근,승용,남,60세,상해없음,원동기,남,47세,경상
2017020100100096,2017년 2월 1일 07시,수요일,대구광역시 달서구 신당동,중상사고,0,1,0,0,차대사람 - 차도통행중,안전운전불이행,건조,맑음,교차로 - 교차로안,승용,여,60세,상해없음,보행자,여,81세,중상
2017020100100119,2017년 2월 1일 08시,수요일,대구광역시 서구 이현동,경상사고,0,0,1,0,차대차 - 측면충돌,안전운전불이행,건조,맑음,교차로 - 교차로부근,화물,남,68세,상해없음,승용,여,43세,경상
2017020100100169,2017년 2월 1일 11시,수요일,대구광역시 서구 평리동,경상사고,0,0,1,0,차대사람 - 길가장자리구역통행중,안전운전불이행,건조,맑음,단일로 - 기타,승용,남,30세,상해없음,보행자,남,48세,경상
2017020100100211,2017년 2월 1일 13시,수요일,대구광역시 수성구 범물동,경상사고,0,0,1,0,차대차 - 측면충돌,교차로운행방법위반,건조,맑음,교차로 - 교차로안,화물,남,43세,상해없음,승용,여,48세,경상
2017020100100247,2017년 2월 1일 14시,수요일,대구광역시 남구 대명동,중상사고,0,1,0,0,차대차 - 측면충돌,신호위반,건조,맑음,교차로 - 교차로부근,이륜,남,34세,중상,승용,여,52세,상해없음
2017020100100248,2017년 2월 1일 14시,수요일,대구광역시 달성군 화원읍,경상사고,0,0,1,0,차대차 - 기타,안전운전불이행,건조,맑음,교차로 - 교차로안,화물,남,43세,상해없음,원동기,남,40세,경상
2017020100100272,2017년 2월 1일 15시,수요일,대구광역시 북구 읍내동,중상사고,0,1,2,0,차대차 - 측면충돌,신호위반,건조,맑음,교차로 - 교차로안,승용,남,68세,상해없음,승용,여,36세,경상
2017020100100309,2017년 2월 1일 16시,수요일,대구광역시 북구 산격동,경상사고,0,0,1,0,차대사람 - 횡단중,기타,건조,맑음,단일로 - 기타,화물,남,55세,상해없음,보행자,남,9세,경상
2017020100100310,2017년 2월 1일 16시,수요일,대구광역시 중구 동성로3가,경상사고,0,0,2,0,차대차 - 추돌,안전운전불이행,건조,맑음,단일로 - 기타,이륜,남,39세,경상,이륜,남,45세,경상
2017020100100340,2017년 2월 1일 17시,수요일,대구광역시 수성구 범어동,중상사고,0,1,0,0,차대차 - 측면충돌,신호위반,건조,맑음,교차로 - 교차로안,화물,남,78세,상해없음,원동기,남,53세,중상
2017020100100341,2017년 2월 1일 17시,수요일,대구광역시 북구 산격동,경상사고,0,0,2,0,차대차 - 추돌,안전운전불이행,건조,맑음,단일로 - 기타,화물,남,51세,상해없음,승용,여,19세,경상
2017020100100342,2017년 2월 1일 17시,수요일,대구광역시 달서구 용산동,중상사고,0,1,3,0,차대차 - 측면충돌,안전거리미확보,건조,맑음,단일로 - 기타,승용,남,58세,상해없음,승용,여,48세,경상
2017020100100343,2017년 2월 1일 17시,수요일,대구광역시 달서구 성당동,경상사고,0,0,1,0,차대사람 - 횡단중,기타,건조,맑음,단일로 - 기타,이륜,남,68세,기타불명,보행자,남,63세,경상
2017020100100372,2017년 2월 1일 18시,수요일,대구광역시 동구 신암동,경상사고,0,0,1,0,차대사람 - 횡단중,보행자보호의무위반,건조,맑음,단일로 - 기타,승용,남,24세,상해없음,보행자,남,34세,경상
2017020100100373,2017년 2월 1일 18시,수요일,대구광역시 수성구 상동,중상사고,0,1,0,0,차대사람 - 횡단중,안전운전불이행,건조,맑음,단일로 - 기타,승용,남,67세,상해없음,보행자,남,27세,중상
2017020100100374,2017년 2월 1일 18시,수요일,대구광역시 서구 비산동,경상사고,0,0,3,0,차대차 - 추돌,안전운전불이행,건조,맑음,교차로 - 교차로부근,승용,남,24세,상해없음,승용,남,33세,경상
2017020100100404,2017년 2월 1일 19시,수요일,대구광역시 남구 대명동,경상사고,0,0,4,0,차대차 - 측면충돌,안전거리미확보,건조,맑음,단일로 - 기타,승용,남,55세,상해없음,승용,남,39세,경상
2017020100100405,2017년 2월 1일 19시,수요일,대구광역시 달성군 현풍면,경상사고,0,0,1,0,차량단독 - 기타,기타,건조,맑음,단일로 - 기타,승합,남,57세,상해없음,,,,
2017020100100406,2017년 2월 1일 19시,수요일,대구광역시 달서구 호산동,경상사고,0,0,1,0,차대사람 - 횡단중,신호위반,건조,맑음,교차로 - 교차로횡단보도내,이륜,남,23세,상해없음,보행자,남,28세,경상
2017020100100407,2017년 2월 1일 19시,수요일,대구광역시 북구 동천동,경상사고,0,0,4,0,차대차 - 추돌,안전운전불이행,건조,맑음,단일로 - 기타,승용,남,31세,경상,승합,남,58세,상해없음
2017020100100459,2017년 2월 1일 22시,수요일,대구광역시 수성구 만촌동,경상사고,0,0,1,0,차대차 - 기타,안전운전불이행,건조,맑음,단일로 - 기타,승합,여,50세,상해없음,이륜,남,27세,경상
2017020200100065,2017년 2월 2일 06시,목요일,대구광역시 달서구 갈산동,중상사고,0,1,0,0,차대차 - 측면충돌,안전운전불이행,건조,맑음,교차로 - 교차로안,승용,남,46세,상해없음,승용,여,57세,중상
2017020200100080,2017년 2월 2일 07시,목요일,대구광역시 달서구 두류동,경상사고,0,0,1,0,차대차 - 추돌,안전운전불이행,건조,맑음,교차로 - 교차로부근,기타불명,기타불명,미분류,기타불명,승용,여,30세,경상
2017020200100139,2017년 2월 2일 09시,목요일,대구광역시 중구 대봉동,경상사고,0,0,1,0,차대차 - 추돌,안전거리미확보,건조,맑음,단일로 - 기타,화물,남,51세,상해없음,승용,남,62세,경상
2017020200100157,2017년 2월 2일 10시,목요일,대구광역시 서구 비산동,중상사고,0,1,0,0,차대차 - 측면충돌,안전운전불이행,건조,맑음,교차로 - 교차로부근,승용,여,45세,상해없음,승용,남,45세,중상
2017020200100189,2017년 2월 2일 12시,목요일,대구광역시 수성구 매호동,경상사고,0,0,1,0,차대차 - 정면충돌,안전운전불이행,건조,맑음,교차로 - 교차로안,승용,여,48세,상해없음,이륜,남,26세,경상
2017020200100190,2017년 2월 2일 12시,목요일,대구광역시 북구 산격동,중상사고,0,1,0,0,차대차 - 측면충돌,불법유턴,건조,맑음,교차로 - 교차로안,승용,남,68세,상해없음,이륜,남,59세,중상
2017020200100191,2017년 2월 2일 12시,목요일,대구광역시 북구 복현동,중상사고,0,1,0,0,차대차 - 측면충돌,안전운전불이행,건조,맑음,교차로 - 교차로횡단보도내,승용,여,52세,상해없음,자전거,여,61세,중상
2017020200100218,2017년 2월 2일 13시,목요일,대구광역시 수성구 범어동,경상사고,0,0,1,0,차대차 - 측면충돌,신호위반,건조,맑음,교차로 - 교차로안,승합,남,64세,상해없음,승용,여,42세,경상
2017020200100244,2017년 2월 2일 14시,목요일,대구광역시 동구 신서동,중상사고,0,1,0,0,차대차 - 측면충돌,교차로운행방법위반,건조,맑음,교차로 - 교차로안,승용,여,44세,상해없음,이륜,남,42세,중상
2017020200100245,2017년 2월 2일 14시,목요일,대구광역시 동구 신암동,경상사고,0,0,1,0,차대사람 - 횡단중,안전운전불이행,건조,맑음,기타 - 기타,승합,남,49세,상해없음,보행자,여,74세,경상
2017020200100246,2017년 2월 2일 14시,목요일,대구광역시 중구 동인동2가,경상사고,0,0,1,0,차대사람 - 횡단중,안전운전불이행,건조,맑음,단일로 - 기타,승용,남,46세,상해없음,보행자,여,13세,경상
2017020200100266,2017년 2월 2일 15시,목요일,대구광역시 동구 방촌동,경상사고,0,0,2,1,차대차 - 측면충돌,안전운전불이행,건조,맑음,교차로 - 교차로안,승용,남,42세,부상신고,승용,남,29세,경상
2017020200100267,2017년 2월 2일 15시,목요일,대구광역시 북구 팔달동,경상사고,0,0,1,0,차대차 - 측면충돌,안전운전불이행,건조,맑음,교차로 - 교차로안,화물,남,32세,상해없음,화물,남,43세,경상
2017020200100301,2017년 2월 2일 16시,목요일,대구광역시 동구 신기동,경상사고,0,0,1,0,차대차 - 기타,안전운전불이행,건조,맑음,단일로 - 기타,승용,남,70세,상해없음,자전거,여,70세,경상
2017020200100376,2017년 2월 2일 18시,목요일,대구광역시 수성구 범어동,경상사고,0,0,1,0,차대사람 - 차도통행중,안전운전불이행,건조,맑음,교차로 - 교차로안,승용,남,51세,상해없음,보행자,남,52세,경상
2017020200100377,2017년 2월 2일 18시,목요일,대구광역시 달서구 월성동,경상사고,0,0,2,0,차대차 - 기타,안전운전불이행,건조,맑음,단일로 - 기타,이륜,남,26세,경상,승용,남,44세,경상
2017020200100406,2017년 2월 2일 19시,목요일,대구광역시 수성구 범어동,경상사고,0,0,1,0,차대차 - 측면충돌,교차로운행방법위반,건조,맑음,교차로 - 교차로안,승용,여,28세,상해없음,승용,남,54세,경상
2017020200100407,2017년 2월 2일 19시,목요일,대구광역시 달서구 두류동,경상사고,0,0,1,0,차대차 - 추돌,안전운전불이행,건조,맑음,단일로 - 기타,승용,여,49세,상해없음,승용,여,64세,경상
2017020200100436,2017년 2월 2일 20시,목요일,대구광역시 남구 대명동,경상사고,0,0,1,0,차대차 - 추돌,안전거리미확보,건조,맑음,단일로 - 기타,승용,남,60세,상해없음,화물,남,59세,경상
2017020200100459,2017년 2월 2일 21시,목요일,대구광역시 수성구 중동,경상사고,0,0,1,0,차대사람 - 차도통행중,안전운전불이행,건조,맑음,단일로 - 기타,승용,남,70세,상해없음,보행자,여,29세,경상
2017020200100460,2017년 2월 2일 21시,목요일,대구광역시 서구 비산동,부상신고사고,0,0,0,1,차대차 - 측면충돌,교차로운행방법위반,건조,맑음,교차로 - 교차로안,이륜,남,22세,부상신고,승용,남,65세,상해없음
2017020200100461,2017년 2월 2일 21시,목요일,대구광역시 중구 동인동3가,경상사고,0,0,3,0,차대차 - 측면충돌,안전운전불이행,건조,맑음,교차로 - 교차로부근,승용,남,50세,상해없음,화물,남,49세,경상
2017020200100504,2017년 2월 2일 23시,목요일,대구광역시 달성군 현풍면,부상신고사고,0,0,0,1,차대사람 - 횡단중,안전운전불이행,건조,맑음,단일로 - 기타,승용,남,45세,상해없음,보행자,여,19세,부상신고
2017020200100505,2017년 2월 2일 23시,목요일,대구광역시 중구 수창동,중상사고,0,1,0,0,차대차 - 측면충돌,안전운전불이행,건조,맑음,교차로 - 교차로안,이륜,남,60세,중상,승용,남,25세,상해없음
2017020300100054,2017년 2월 3일 02시,금요일,대구광역시 수성구 만촌동,경상사고,0,0,1,0,차대차 - 측면충돌,안전운전불이행,건조,맑음,교차로 - 교차로부근,승용,남,52세,상해없음,승용,남,26세,경상
2017020300100055,2017년 2월 3일 02시,금요일,대구광역시 중구 삼덕동1가,부상신고사고,0,0,0,1,차대사람 - 횡단중,안전운전불이행,건조,맑음,단일로 - 기타,승용,남,26세,상해없음,보행자,남,19세,부상신고
2017020300100065,2017년 2월 3일 03시,금요일,대구광역시 수성구 지산동,경상사고,0,0,1,0,차대차 - 추돌,안전거리미확보,건조,맑음,단일로 - 기타,승용,남,46세,상해없음,승용,남,65세,경상
2017020300100066,2017년 2월 3일 03시,금요일,대구광역시 달성군 가창면,부상신고사고,0,0,0,1,차량단독 - 전도전복 - 전도,안전운전불이행,건조,맑음,단일로 - 기타,원동기,남,15세,부상신고,,,,
2017020300100115,2017년 2월 3일 07시,금요일,대구광역시 수성구 범물동,경상사고,0,0,1,0,차대차 - 측면충돌,안전운전불이행,건조,맑음,단일로 - 기타,승용,남,77세,상해없음,승용,남,68세,경상
2017020300100144,2017년 2월 3일 08시,금요일,대구광역시 북구 침산동,중상사고,0,1,0,0,차대차 - 기타,안전운전불이행,건조,맑음,교차로 - 교차로부근,화물,남,68세,상해없음,자전거,여,55세,중상