사고번호,사고일시,요일,시군구,사고내용,사망자수,중상자수,경상자수,부상신고자수,사고유형,법규위반,노면상태,기상상태,도로형태,가해운전자 차종,가해운전자 성별,가해운전자 연령,가해운전자 상해정도,피해운전자 차종,피해운전자 성별,피해운전자 연령,피해운전자 상해정도
2017021000100286,2017년 2월 10일 14시,금요일,대구광역시 중구 대신동,경상사고,0,0,1,0,차대사람 - 횡단중,안전운전불이행,건조,맑음,단일로 - 기타,승용,남,68세,상해없음,보행자,여,42세,경상
2017021000100311,2017년 2월 10일 15시,금요일,대구광역시 북구 침산동,중상사고,0,1,0,0,차대차 - 측면충돌,직진우회전진행방해,건조,맑음,교차로 - 교차로안,화물,남,56세,상해없음,원동기,남,57세,중상
2017021000100335,2017년 2월 10일 16시,금요일,대구광역시 달서구 상인동,중상사고,0,1,0,0,차대사람 - 횡단중,안전운전불이행,건조,맑음,단일로 - 기타,승용,남,53세,상해없음,보행자,여,65세,중상
2017021000100336,2017년 2월 10일 16시,금요일,대구광역시 달서구 상인동,경상사고,0,0,1,0,차대차 - 추돌,안전거리미확보,건조,맑음,교차로 - 교차로안,승용,남,40세,상해없음,승용,남,63세,상해없음
2017021000100337,2017년 2월 10일 16시,금요일,대구광역시 달성군 다사읍,경상사고,0,0,1,0,차대차 - 추돌,안전운전불이행,건조,맑음,교차로 - 교차로부근,승용,여,50세,상해없음,승용,남,27세,경상
2017021000100338,2017년 2월 10일 16시,금요일,대구광역시 북구 읍내동,경상사고,0,0,1,0,차대차 - 측면충돌,안전운전불이행,건조,맑음,단일로 - 기타,승용,남,59세,상해없음,자전거,남,12세,경상
2017021000100339,2017년 2월 10일 16시,금요일,대구광역시 북구 태전동,중상사고,0,1,1,0,차대차 - 측면충돌,안전거리미확보,건조,맑음,단일로 - 기타,화물,남,73세,상해없음,승용,여,62세,중상
2017021000100365,2017년 2월 10일 17시,금요일,대구광역시 중구 동인동2가,경상사고,0,0,1,0,차대사람 - 기타,기타,건조,맑음,단일로 - 기타,화물,남,34세,상해없음,보행자,여,31세,경상
2017021000100366,2017년 2월 10일 17시,금요일,대구광역시 중구 달성동,부상신고사고,0,0,0,1,차대차 - 기타,안전거리미확보,건조,맑음,단일로 - 기타,화물,남,65세,상해없음,승용,남,24세,부상신고
2017021000100367,2017년 2월 10일 17시,금요일,대구광역시 남구 대명동,중상사고,0,1,0,0,차대차 - 측면충돌,불법유턴,건조,맑음,교차로 - 교차로안,이륜,남,62세,중상,승용,남,40세,상해없음
2017021000100401,2017년 2월 10일 18시,금요일,대구광역시 남구 대명동,경상사고,0,0,2,0,차대차 - 측면충돌,안전거리미확보,건조,맑음,단일로 - 기타,승용,남,66세,경상,승용,남,30세,경상
2017021000100402,2017년 2월 10일 18시,금요일,대구광역시 남구 봉덕동,경상사고,0,0,1,0,차대차 - 측면충돌,차로위반,건조,맑음,단일로 - 기타,승용,여,27세,기타불명,승합,남,59세,경상
2017021000100403,2017년 2월 10일 18시,금요일,대구광역시 수성구 매호동,경상사고,0,0,1,0,차대차 - 후진중충돌,안전운전불이행,건조,맑음,교차로 - 교차로안,승용,남,52세,상해없음,이륜,남,24세,경상
2017021000100404,2017년 2월 10일 18시,금요일,대구광역시 북구 칠성동1가,중상사고,0,1,0,0,차대차 - 측면충돌,신호위반,건조,맑음,교차로 - 교차로안,승용,여,27세,상해없음,원동기,여,57세,중상
2017021000100444,2017년 2월 10일 19시,금요일,대구광역시 북구 금호동,경상사고,0,0,1,0,차대차 - 기타,안전운전불이행,건조,맑음,단일로 - 기타,승용,남,55세,상해없음,승용,여,28세,경상
2017021000100446,2017년 2월 10일 19시,금요일,대구광역시 동구 방촌동,중상사고,0,1,0,0,차대차 - 측면충돌,안전운전불이행,건조,맑음,교차로 - 교차로부근,승용,남,55세,상해없음,승용,남,27세,중상
2017021000100447,2017년 2월 10일 19시,금요일,대구광역시 동구 신서동,경상사고,0,0,1,0,차대사람 - 횡단중,안전운전불이행,건조,맑음,기타 - 기타,승용,남,29세,상해없음,보행자,남,48세,경상
2017021000100448,2017년 2월 10일 19시,금요일,대구광역시 수성구 범어동,경상사고,0,0,1,1,차대차 - 측면충돌,안전운전불이행,건조,맑음,단일로 - 기타,승용,남,49세,부상신고,승용,남,54세,경상
2017021000100449,2017년 2월 10일 19시,금요일,대구광역시 수성구 황금동,경상사고,0,0,5,0,차대차 - 추돌,안전운전불이행,건조,맑음,단일로 - 기타,승용,여,45세,상해없음,승용,여,39세,경상
2017021000100450,2017년 2월 10일 19시,금요일,대구광역시 북구 칠성동1가,경상사고,0,0,1,0,차대사람 - 횡단중,안전운전불이행,건조,맑음,단일로 - 기타,승용,남,48세,상해없음,보행자,여,16세,경상
2017021000100451,2017년 2월 10일 19시,금요일,대구광역시 서구 평리동,경상사고,0,0,1,0,차대사람 - 횡단중,안전운전불이행,건조,맑음,단일로 - 기타,화물,남,52세,상해없음,보행자,남,6세,경상
2017021000100452,2017년 2월 10일 19시,금요일,대구광역시 서구 평리동,중상사고,0,1,0,0,차대차 - 측면충돌,안전운전불이행,건조,맑음,단일로 - 기타,이륜,남,46세,상해없음,이륜,남,24세,중상
2017021000100504,2017년 2월 10일 20시,금요일,대구광역시 남구 대명동,중상사고,0,1,0,0,차대차 - 측면충돌,교차로운행방법위반,건조,맑음,단일로 - 기타,승용,남,31세,상해없음,원동기,남,32세,중상
2017021000100505,2017년 2월 10일 20시,금요일,대구광역시 동구 신천동,경상사고,0,0,2,0,차대차 - 추돌,안전운전불이행,건조,맑음,단일로 - 기타,승용,남,57세,상해없음,승용,여,42세,경상
2017021000100506,2017년 2월 10일 20시,금요일,대구광역시 수성구 중동,경상사고,0,0,1,0,차대차 - 정면충돌,안전운전불이행,건조,맑음,단일로 - 기타,승용,남,67세,경상,승용,남,46세,상해없음
2017021000100507,2017년 2월 10일 20시,금요일,대구광역시 중구 남일동,경상사고,0,0,1,0,차대차 - 측면충돌,안전거리미확보,건조,맑음,단일로 - 기타,승용,남,42세,상해없음,이륜,남,17세,경상
2017021000100529,2017년 2월 10일 21시,금요일,대구광역시 수성구 중동,중상사고,0,1,0,0,차대사람 - 횡단중,안전운전불이행,건조,맑음,단일로 - 기타,승용,남,37세,상해없음,보행자,여,58세,중상
2017021000100530,2017년 2월 10일 21시,금요일,대구광역시 달서구 상인동,경상사고,0,0,1,0,차대차 - 측면충돌,안전운전불이행,건조,맑음,교차로 - 교차로안,승용,여,59세,상해없음,승용,남,57세,경상
2017021000100531,2017년 2월 10일 21시,금요일,대구광역시 북구 노원동3가,경상사고,0,0,1,0,차대사람 - 횡단중,안전운전불이행,건조,맑음,교차로 - 교차로안,승용,남,49세,상해없음,보행자,남,55세,경상
2017021000100562,2017년 2월 10일 22시,금요일,대구광역시 남구 대명동,경상사고,0,0,2,0,차대차 - 측면충돌,중앙선침범,건조,맑음,단일로 - 기타,승용,남,72세,상해없음,승용,남,25세,경상
2017021000100592,2017년 2월 10일 23시,금요일,대구광역시 달서구 이곡동,중상사고,0,1,0,0,차대사람 - 횡단중,보행자보호의무위반,건조,맑음,단일로 - 기타,승용,남,55세,기타불명,보행자,남,50세,중상
2017021100100028,2017년 2월 11일 00시,토요일,대구광역시 중구 삼덕동1가,경상사고,0,0,1,0,차대사람 - 차도통행중,안전운전불이행,건조,맑음,단일로 - 기타,승용,남,21세,상해없음,보행자,남,26세,경상
2017021100100029,2017년 2월 11일 00시,토요일,대구광역시 북구 태전동,경상사고,0,0,1,0,차대차 - 추돌,안전운전불이행,건조,맑음,단일로 - 기타,승용,남,43세,상해없음,승용,남,62세,상해없음
2017021100100064,2017년 2월 11일 02시,토요일,대구광역시 달서구 상인동,경상사고,0,0,1,0,차대차 - 측면충돌,교차로운행방법위반,건조,맑음,교차로 - 교차로안,승용,남,18세,상해없음,승용,남,53세,상해없음
2017021100100078,2017년 2월 11일 03시,토요일,대구광역시 달서구 월성동,경상사고,0,0,2,0,차대차 - 측면충돌,교차로운행방법위반,건조,맑음,교차로 - 교차로안,승용,남,43세,경상,승용,여,39세,경상
2017021100100091,2017년 2월 11일 04시,토요일,대구광역시 서구 비산동,중상사고,0,1,0,0,차대사람 - 횡단중,안전운전불이행,건조,맑음,교차로 - 교차로안,승용,남,57세,상해없음,보행자,남,77세,중상
2017021100100110,2017년 2월 11일 06시,토요일,대구광역시 달성군 유가면,경상사고,0,0,1,0,차대차 - 기타,신호위반,건조,맑음,교차로 - 교차로부근,승용,남,54세,상해없음,승용,남,30세,경상
2017021100100125,2017년 2월 11일 07시,토요일,대구광역시 중구 서문로1가,경상사고,0,0,1,0,차대차 - 측면충돌,중앙선침범,건조,맑음,단일로 - 기타,건설기계,남,52세,상해없음,승용,남,32세,경상
2017021100100141,2017년 2월 11일 08시,토요일,대구광역시 동구 방촌동,중상사고,0,1,0,0,차대사람 - 횡단중,안전운전불이행,건조,맑음,교차로 - 교차로횡단보도내,승용,남,58세,상해없음,보행자,여,25세,중상
2017021100100166,2017년 2월 11일 09시,토요일,대구광역시 달서구 호림동,경상사고,0,0,1,0,차대차 - 측면충돌,직진우회전진행방해,건조,맑음,교차로 - 교차로안,승용,남,32세,상해없음,화물,남,44세,경상
2017021100100167,2017년 2월 11일 09시,토요일,대구광역시 달서구 용산동,중상사고,0,1,0,0,차대차 - 기타,교차로운행방법위반,건조,맑음,교차로 - 교차로안,승용,여,54세,상해없음,승용,여,45세,중상
2017021100100168,2017년 2월 11일 09시,토요일,대구광역시 북구 동천동,중상사고,0,1,0,0,차대사람 - 횡단중,불법유턴,건조,맑음,단일로 - 기타,승용,남,73세,상해없음,보행자,남,28세,중상
2017021100100188,2017년 2월 11일 10시,토요일,대구광역시 북구 고성동2가,경상사고,0,0,1,0,차대차 - 추돌,안전운전불이행,건조,맑음,단일로 - 기타,화물,남,51세,상해없음,화물,남,28세,경상
2017021100100189,2017년 2월 11일 10시,토요일,대구광역시 북구 산격동,경상사고,0,0,1,0,차대차 - 측면충돌,안전운전불이행,건조,맑음,단일로 - 기타,승용,여,43세,상해없음,승용,여,32세,경상
2017021100100214,2017년 2월 11일 11시,토요일,대구광역시 북구 산격동,경상사고,0,0,1,0,차대사람 - 길가장자리구역통행중,안전운전불이행,건조,맑음,단일로 - 기타,승용,남,77세,상해없음,보행자,남,53세,경상
2017021100100245,2017년 2월 11일 12시,토요일,대구광역시 수성구 범어동,경상사고,0,0,1,0,차대차 - 정면충돌,안전거리미확보,건조,맑음,단일로 - 기타,승용,남,36세,상해없음,이륜,남,17세,경상
2017021100100246,2017년 2월 11일 12시,토요일,대구광역시 달서구 송현동,경상사고,0,0,1,0,차대차 - 추돌,안전운전불이행,건조,맑음,교차로 - 교차로안,승용,남,32세,상해없음,화물,남,43세,경상
2017021100100247,2017년 2월 11일 12시,토요일,대구광역시 중구 봉산동,경상사고,0,0,1,0,차대차 - 측면충돌,안전거리미확보,건조,맑음,교차로 - 교차로부근,승용,남,32세,상해없음,승용,남,38세,경상
2017021100100277,2017년 2월 11일 13시,토요일,대구광역시 동구 동호동,경상사고,0,0,2,1,차대차 - 측면충돌,안전운전불이행,건조,맑음,단일로 - 기타,승용,남,62세,부상신고,승용,여,37세,경상
2017021100100278,2017년 2월 11일 13시,토요일,대구광역시 달서구 송현동,경상사고,0,0,1,0,차대차 - 측면충돌,교차로운행방법위반,건조,맑음,교차로 - 교차로안,승용,남,58세,상해없음,승용,남,47세,상해없음
2017021100100279,2017년 2월 11일 13시,토요일,대구광역시 달성군 화원읍,중상사고,0,1,0,0,차대사람 - 횡단중,안전운전불이행,건조,맑음,교차로 - 교차로안,승용,남,46세,상해없음,보행자,남,54세,중상
2017021100100280,2017년 2월 11일 13시,토요일,대구광역시 달성군 논공읍,경상사고,0,0,1,0,차대사람 - 횡단중,안전운전불이행,건조,맑음,단일로 - 기타,승용,남,53세,상해없음,보행자,남,5세,경상
2017021100100281,2017년 2월 11일 13시,토요일,대구광역시 달서구 감삼동,경상사고,0,0,1,1,차대차 - 측면충돌,중앙선침범,건조,맑음,단일로 - 기타,이륜,남,52세,상해없음,승용,남,52세,경상
2017021100100311,2017년 2월 11일 14시,토요일,대구광역시 달서구 이곡동,중상사고,0,1,0,0,차대차 - 측면충돌,교차로운행방법위반,건조,맑음,교차로 - 교차로부근,승합,여,59세,상해없음,승용,남,71세,중상
2017021100100344,2017년 2월 11일 15시,토요일,대구광역시 동구 서호동,경상사고,0,0,1,0,차대차 - 정면충돌,교차로운행방법위반,건조,맑음,교차로 - 교차로안,승용,여,36세,상해없음,이륜,남,19세,경상
2017021100100345,2017년 2월 11일 15시,토요일,대구광역시 달성군 가창면,경상사고,0,0,1,0,차대차 - 정면충돌,안전운전불이행,건조,맑음,단일로 - 기타,승용,남,66세,상해없음,화물,남,27세,상해없음
2017021100100346,2017년 2월 11일 15시,토요일,대구광역시 달성군 유가면,중상사고,0,1,0,0,차대차 - 정면충돌,안전운전불이행,건조,맑음,단일로 - 기타,승용,남,36세,상해없음,원동기,남,22세,중상
2017021100100347,2017년 2월 11일 15시,토요일,대구광역시 서구 비산동,경상사고,0,0,2,0,차대차 - 추돌,안전운전불이행,건조,맑음,교차로 - 교차로부근,승용,여,46세,상해없음,승용,여,43세,경상
2017021100100401,2017년 2월 11일 17시,토요일,대구광역시 동구 불로동,경상사고,0,0,1,0,차대차 - 추돌,안전거리미확보,건조,맑음,단일로 - 기타,승용,남,67세,상해없음,승용,남,52세,상해없음
2017021100100402,2017년 2월 11일 17시,토요일,대구광역시 달서구 본동,중상사고,0,1,0,0,차대사람 - 횡단중,안전운전불이행,건조,맑음,단일로 - 기타,승용,여,54세,상해없음,보행자,남,61세,중상
2017021100100403,2017년 2월 11일 17시,토요일,대구광역시 달서구 본리동,중상사고,0,1,2,0,차대차 - 추돌,안전거리미확보,건조,맑음,교차로 - 교차로안,승용,남,45세,상해없음,승용,남,22세,경상
2017021100100404,2017년 2월 11일 17시,토요일,대구광역시 서구 비산동,경상사고,0,0,1,0,차대차 - 측면충돌,안전운전불이행,건조,맑음,교차로 - 교차로횡단보도내,승용,남,49세,상해없음,자전거,남,56세,경상
2017021100100405,2017년 2월 11일 17시,토요일,대구광역시 중구 삼덕동1가,경상사고,0,0,1,0,차대사람 - 횡단중,안전운전불이행,건조,맑음,단일로 - 기타,승용,남,30세,기타불명,보행자,남,24세,경상
2017021100100406,2017년 2월 11일 17시,토요일,대구광역시 달서구 이곡동,경상사고,0,0,1,0,차대차 - 추돌,안전운전불이행,건조,맑음,교차로 - 교차로안,승용,남,48세,상해없음,승용,남,47세,경상
2017021100100428,2017년 2월 11일 18시,토요일,대구광역시 수성구 수성동3가,중상사고,0,1,3,0,차대차 - 측면충돌,안전운전불이행,건조,맑음,교차로 - 교차로안,승용,남,18세,상해없음,승용,남,66세,경상
2017021100100429,2017년 2월 11일 18시,토요일,대구광역시 수성구 지산동,중상사고,0,1,0,0,차대차 - 측면충돌,안전운전불이행,건조,맑음,교차로 - 교차로안,승용,남,47세,상해없음,이륜,남,23세,중상
2017021100100463,2017년 2월 11일 19시,토요일,대구광역시 동구 신암동,경상사고,0,0,2,1,차대차 - 측면충돌,교차로운행방법위반,건조,맑음,교차로 - 교차로안,이륜,남,24세,부상신고,승용,여,34세,경상
2017021100100464,2017년 2월 11일 19시,토요일,대구광역시 동구 신천동,부상신고사고,0,0,0,1,차대차 - 측면충돌,안전운전불이행,건조,맑음,단일로 - 기타,이륜,남,19세,부상신고,승용,남,43세,상해없음
2017021100100465,2017년 2월 11일 19시,토요일,대구광역시 북구 침산동,중상사고,0,1,0,0,차대사람 - 횡단중,신호위반,건조,맑음,단일로 - 기타,승용,여,67세,상해없음,보행자,여,50세,중상
2017021100100466,2017년 2월 11일 19시,토요일,대구광역시 서구 평리동,경상사고,0,0,1,0,차대차 - 측면충돌,안전운전불이행,건조,맑음,교차로 - 교차로부근,승용,남,61세,상해없음,이륜,남,16세,경상
2017021100100496,2017년 2월 11일 20시,토요일,대구광역시 달서구 상인동,경상사고,0,0,2,0,차대차 - 추돌,안전운전불이행,건조,맑음,단일로 - 기타,승용,남,25세,상해없음,승용,남,31세,경상
2017021100100497,2017년 2월 11일 20시,토요일,대구광역시 달성군 구지면,중상사고,0,2,0,0,차대차 - 추돌,안전운전불이행,건조,맑음,교차로 - 교차로안,화물,남,68세,기타불명,승용,남,37세,중상
2017021100100498,2017년 2월 11일 20시,토요일,대구광역시 중구 공평동,경상사고,0,0,1,0,차대사람 - 횡단중,안전운전불이행,건조,맑음,단일로 - 기타,승용,남,26세,상해없음,보행자,남,27세,경상
2017021100100522,2017년 2월 11일 21시,토요일,대구광역시 북구 산격동,경상사고,0,0,1,0,차대사람 - 기타,안전운전불이행,건조,맑음,단일로 - 기타,화물,남,27세,상해없음,보행자,남,28세,경상
2017021100100549,2017년 2월 11일 22시,토요일,대구광역시 남구 대명동,경상사고,0,0,1,0,차대사람 - 횡단중,안전운전불이행,건조,맑음,교차로 - 교차로안,화물,남,25세,상해없음,보행자,남,44세,경상
2017021100100550,2017년 2월 11일 22시,토요일,대구광역시 달서구 송현동,경상사고,0,0,2,0,차대차 - 측면충돌,안전운전불이행,건조,맑음,단일로 - 기타,승용,남,62세,상해없음,화물,남,63세,경상
2017021100100551,2017년 2월 11일 22시,토요일,대구광역시 달서구 송현동,경상사고,0,0,1,0,차대차 - 측면충돌,중앙선침범,건조,맑음,교차로 - 교차로부근,승용,여,53세,상해없음,승용,남,26세,경상
2017021100100571,2017년 2월 11일 23시,토요일,대구광역시 남구 봉덕동,경상사고,0,0,2,0,차대차 - 측면충돌,안전운전불이행,건조,맑음,교차로 - 교차로부근,승용,남,29세,상해없음,승용,남,19세,경상
2017021100100572,2017년 2월 11일 23시,토요일,대구광역시 북구 고성동3가,경상사고,0,0,4,0,차대차 - 측면충돌,교차로운행방법위반,건조,맑음,교차로 - 교차로안,승용,여,48세,상해없음,승용,남,39세,경상
2017021100100573,2017년 2월 11일 23시,토요일,대구광역시 중구 동인동3가,부상신고사고,0,0,0,1,차대사람 - 기타,안전운전불이행,건조,맑음,단일로 - 기타,승용,기타불명,미분류,기타불명,보행자,남,61세,부상신고
2017021100100574,2017년 2월 11일 23시,토요일,대구광역시 달서구 호산동,중상사고,0,2,0,0,차대차 - 측면충돌,불법유턴,건조,흐림,단일로 - 기타,승용,남,62세,상해없음,승용,남,22세,상해없음
2017021200100050,2017년 2월 12일 02시,일요일,대구광역시 동구 신천동,중상사고,0,1,0,0,차대사람 - 횡단중,안전운전불이행,건조,맑음,단일로 - 기타,이륜,남,45세,상해없음,보행자,남,26세,중상
2017021200100118,2017년 2월 12일 08시,일요일,대구광역시 북구 칠성동1가,중상사고,0,1,0,0,차대사람 - 횡단중,안전운전불이행,건조,맑음,단일로 - 기타,승용,남,30세,상해없음,보행자,남,52세,중상
2017021200100119,2017년 2월 12일 08시,일요일,대구광역시 달서구 장기동,중상사고,0,2,1,0,차대차 - 측면충돌,안전운전불이행,건조,맑음,교차로 - 교차로안,승용,남,73세,상해없음,승용,여,57세,중상
2017021200100140,2017년 2월 12일 09시,일요일,대구광역시 서구 원대동3가,중상사고,0,1,0,0,차대차 - 측면충돌,안전운전불이행,건조,맑음,단일로 - 기타,승용,남,54세,상해없음,자전거,여,62세,중상
2017021200100141,2017년 2월 12일 09시,일요일,대구광역시 북구 태전동,경상사고,0,0,1,0,차대차 - 측면충돌,안전운전불이행,건조,맑음,단일로 - 기타,승용,여,48세,상해없음,자전거,여,73세,경상
2017021200100195,2017년 2월 12일 12시,일요일,대구광역시 달서구 송현동,경상사고,0,0,1,0,차대차 - 기타,안전운전불이행,건조,맑음,교차로 - 교차로부근,이륜,남,18세,경상,승용,여,43세,상해없음
2017021200100196,2017년 2월 12일 12시,일요일,대구광역시 북구 관음동,경상사고,0,0,1,1,차대차 - 측면충돌,불법유턴,건조,맑음,단일로 - 기타,자전거,남,8세,부상신고,원동기,남,17세,경상
2017021200100211,2017년 2월 12일 13시,일요일,대구광역시 동구 숙천동,사망사고,1,0,0,0,차대차 - 기타,안전운전불이행,건조,맑음,단일로 - 기타,승용,남,41세,상해없음,승합,남,48세,사망
2017021200100236,2017년 2월 12일 14시,일요일,대구광역시 수성구 파동,경상사고,0,0,1,1,차대차 - 정면충돌,안전운전불이행,건조,맑음,교차로 - 교차로안,승용,남,59세,부상신고,승용,남,41세,경상
2017021200100251,2017년 2월 12일 15시,일요일,대구광역시 동구 율하동,경상사고,0,0,1,0,차대차 - 측면충돌,안전운전불이행,건조,맑음,단일로 - 기타,승합,남,62세,상해없음,승용,남,36세,경상
2017021200100252,2017년 2월 12일 15시,일요일,대구광역시 중구 덕산동,경상사고,0,0,1,0,차대차 - 측면충돌,안전거리미확보,건조,맑음,교차로 - 교차로부근,승용,남,53세,상해없음,승용,남,59세,경상
2017021200100271,2017년 2월 12일 16시,일요일,대구광역시 북구 동천동,경상사고,0,0,1,0,차대차 - 측면충돌,안전거리미확보,건조,맑음,단일로 - 기타,승용,여,53세,상해없음,이륜,남,16세,경상
2017021200100293,2017년 2월 12일 17시,일요일,대구광역시 동구 신천동,중상사고,0,1,0,0,차대차 - 측면충돌,신호위반,건조,맑음,교차로 - 교차로안,승용,여,34세,상해없음,이륜,남,63세,중상
2017021200100294,2017년 2월 12일 17시,일요일,대구광역시 달서구 두류동,경상사고,0,0,1,0,차대사람 - 횡단중,안전운전불이행,건조,맑음,단일로 - 기타,승용,남,58세,상해없음,보행자,여,21세,경상
2017021200100315,2017년 2월 12일 18시,일요일,대구광역시 남구 대명동,중상사고,0,1,0,0,차대차 - 측면충돌,중앙선침범,건조,맑음,단일로 - 기타,승용,남,60세,상해없음,원동기,남,45세,중상
2017021200100316,2017년 2월 12일 18시,일요일,대구광역시 서구 비산동,경상사고,0,0,1,0,차대차 - 추돌,안전운전불이행,건조,맑음,교차로 - 교차로부근,승용,남,64세,상해없음,승용,남,62세,경상
2017021200100317,2017년 2월 12일 18시,일요일,대구광역시 서구 내당동,경상사고,0,0,2,0,차대차 - 측면충돌,교차로운행방법위반,건조,맑음,교차로 - 교차로부근,승용,남,69세,상해없음,승용,남,22세,경상
2017021200100318,2017년 2월 12일 18시,일요일,대구광역시 북구 구암동,경상사고,0,0,1,1,차대차 - 측면충돌,안전운전불이행,건조,맑음,교차로 - 교차로안,승용,여,35세,부상신고,승용,여,65세,경상
2017021200100348,2017년 2월 12일 19시,일요일,대구광역시 서구 비산동,경상사고,0,0,1,0,차대사람 - 기타,기타,건조,맑음,단일로 - 기타,승합,남,43세,상해없음,보행자,여,47세,경상
2017021200100400,2017년 2월 12일 21시,일요일,대구광역시 남구 대명동,중상사고,0,1,0,0,차대차 - 정면충돌,안전운전불이행,건조,맑음,교차로 - 교차로부근,승용,남,26세,상해없음,이륜,남,25세,중상
2017021200100401,2017년 2월 12일 21시,일요일,대구광역시 서구 비산동,경상사고,0,0,1,0,차대사람 - 횡단중,안전운전불이행,건조,맑음,단일로 - 기타,승용,남,34세,기타불명,보행자,남,21세,경상
2017021200100402,2017년 2월 12일 21시,일요일,대구광역시 중구 대봉동,경상사고,0,0,2,0,차대차 - 추돌,안전운전불이행,건조,맑음,단일로 - 기타,화물,남,48세,상해없음,승용,여,26세,경상
2017021200100419,2017년 2월 12일 22시,일요일,대구광역시 달서구 성당동,경상사고,0,0,1,0,차대차 - 측면충돌,안전운전불이행,건조,맑음,단일로 - 기타,승용,남,59세,상해없음,이륜,남,21세,경상
2017021200100420,2017년 2월 12일 22시,일요일,대구광역시 달서구 장기동,경상사고,0,0,1,0,차대차 - 측면충돌,신호위반,건조,맑음,교차로 - 교차로안,자전거,여,59세,경상,승용,남,24세,상해없음
2017021200100437,2017년 2월 12일 23시,일요일,대구광역시 수성구 만촌동,중상사고,0,1,2,0,차대차 - 정면충돌,차로위반,건조,맑음,교차로 - 교차로안,승용,남,18세,상해없음,승용,남,35세,중상
2017021300100025,2017년 2월 13일 00시,월요일,대구광역시 북구 매천동,중상사고,0,1,1,0,차대차 - 측면충돌,신호위반,건조,맑음,교차로 - 교차로안,승용,남,58세,상해없음,승용,남,24세,경상
2017021300100071,2017년 2월 13일 06시,월요일,대구광역시 동구 방촌동,중상사고,0,3,4,8,차대차 - 추돌,안전운전불이행,건조,맑음,단일로 - 기타,승합,남,54세,상해없음,승합,남,67세,상해없음
2017021300100090,2017년 2월 13일 07시,월요일,대구광역시 남구 봉덕동,중상사고,0,1,0,0,차대차 - 추돌,안전운전불이행,건조,맑음,단일로 - 기타,승용,남,29세,상해없음,승용,남,65세,상해없음
2017021300100124,2017년 2월 13일 08시,월요일,대구광역시 서구 평리동,중상사고,0,1,0,0,차대사람 - 횡단중,안전운전불이행,건조,맑음,단일로 - 기타,승용,남,25세,상해없음,보행자,여,73세,중상
2017021300100125,2017년 2월 13일 08시,월요일,대구광역시 달서구 두류동,경상사고,0,0,1,0,차대사람 - 횡단중,안전운전불이행,건조,맑음,단일로 - 기타,승용,남,67세,기타불명,보행자,남,73세,경상
2017021300100142,2017년 2월 13일 09시,월요일,대구광역시 남구 대명동,경상사고,0,0,3,0,차대차 - 추돌,안전거리미확보,건조,맑음,교차로 - 교차로안,승용,남,58세,상해없음,승용,여,49세,경상
2017021300100143,2017년 2월 13일 09시,월요일,대구광역시 서구 평리동,중상사고,0,1,0,2,차대차 - 측면충돌,신호위반,건조,맑음,교차로 - 교차로안,승용,남,62세,상해없음,승용,남,18세,중상
2017021300100144,2017년 2월 13일 09시,월요일,대구광역시 서구 내당동,중상사고,0,1,2,0,차대차 - 측면충돌,기타,건조,맑음,단일로 - 기타,승용,남,37세,중상,승용,여,43세,경상
2017021300100145,2017년 2월 13일 09시,월요일,대구광역시 북구 읍내동,경상사고,0,0,1,0,차대차 - 측면충돌,안전거리미확보,건조,맑음,단일로 - 기타,승용,여,48세,상해없음,승용,남,63세,경상
2017021300100174,2017년 2월 13일 10시,월요일,대구광역시 수성구 만촌동,경상사고,0,0,1,0,차대차 - 측면충돌,안전운전불이행,건조,맑음,교차로 - 교차로안,승용,여,35세,상해없음,승용,여,31세,경상
2017021300100175,2017년 2월 13일 10시,월요일,대구광역시 북구 읍내동,중상사고,0,1,0,0,차대차 - 측면충돌,교차로운행방법위반,건조,맑음,교차로 - 교차로안,승합,남,65세,상해없음,자전거,남,18세,중상
2017021300100205,2017년 2월 13일 11시,월요일,대구광역시 서구 비산동,중상사고,0,1,1,0,차대차 - 측면충돌,안전운전불이행,건조,맑음,단일로 - 기타,이륜,남,72세,경상,특수,남,54세,기타불명
2017021300100234,2017년 2월 13일 12시,월요일,대구광역시 달서구 상인동,경상사고,0,0,3,0,차대차 - 추돌,안전운전불이행,건조,맑음,단일로 - 기타,승용,남,58세,상해없음,승용,남,52세,상해없음
2017021300100235,2017년 2월 13일 12시,월요일,대구광역시 중구 공평동,중상사고,0,1,0,1,차대사람 - 횡단중,안전운전불이행,건조,맑음,단일로 - 기타,이륜,남,44세,부상신고,보행자,여,24세,중상
2017021300100258,2017년 2월 13일 13시,월요일,대구광역시 달성군 다사읍,경상사고,0,0,2,0,차대차 - 추돌,안전운전불이행,건조,맑음,교차로 - 교차로안,승용,남,61세,상해없음,승용,남,39세,경상
2017021300100289,2017년 2월 13일 14시,월요일,대구광역시 동구 신용동,사망사고,1,0,0,0,차량단독 - 공작물충돌,안전운전불이행,건조,맑음,단일로 - 기타,화물,남,53세,사망,,,,
2017021300100290,2017년 2월 13일 14시,월요일,대구광역시 동구 서호동,경상사고,0,0,1,0,차대차 - 측면충돌,교차로운행방법위반,건조,맑음,교차로 - 교차로안,승용,남,45세,상해없음,자전거,남,70세,경상