사고번호,사고일시,요일,시군구,사고내용,사망자수,중상자수,경상자수,부상신고자수,사고유형,법규위반,노면상태,기상상태,도로형태,가해운전자 차종,가해운전자 성별,가해운전자 연령,가해운전자 상해정도,피해운전자 차종,피해운전자 성별,피해운전자 연령,피해운전자 상해정도
2017022300100375,2017년 2월 23일 17시,목요일,대구광역시 달서구 용산동,부상신고사고,0,0,0,1,차대차 - 기타,안전운전불이행,건조,맑음,교차로 - 교차로부근,이륜,남,20세,부상신고,승용,남,54세,상해없음
2017022300100403,2017년 2월 23일 18시,목요일,대구광역시 수성구 범어동,중상사고,0,1,0,0,차대차 - 정면충돌,중앙선침범,건조,맑음,단일로 - 기타,승용,남,24세,상해없음,승용,남,34세,중상
2017022300100444,2017년 2월 23일 19시,목요일,대구광역시 북구 침산동,경상사고,0,0,3,0,차대차 - 추돌,안전운전불이행,건조,맑음,교차로 - 교차로안,승용,남,43세,상해없음,승용,여,50세,경상
2017022300100473,2017년 2월 23일 20시,목요일,대구광역시 수성구 황금동,경상사고,0,0,1,0,차대사람 - 차도통행중,안전운전불이행,건조,맑음,교차로 - 교차로안,승용,여,52세,상해없음,보행자,여,28세,경상
2017022300100474,2017년 2월 23일 20시,목요일,대구광역시 달성군 가창면,부상신고사고,0,0,0,1,차대차 - 정면충돌,안전운전불이행,건조,맑음,단일로 - 기타,기타불명,기타불명,미분류,기타불명,승용,남,65세,부상신고
2017022300100475,2017년 2월 23일 20시,목요일,대구광역시 북구 태전동,경상사고,0,0,3,0,차대차 - 측면충돌,신호위반,건조,맑음,교차로 - 교차로안,이륜,남,34세,상해없음,승용,남,40세,경상
2017022300100476,2017년 2월 23일 20시,목요일,대구광역시 북구 구암동,중상사고,0,1,0,0,차대사람 - 횡단중,보행자보호의무위반,건조,맑음,단일로 - 기타,승합,남,62세,상해없음,보행자,여,57세,중상
2017022300100509,2017년 2월 23일 21시,목요일,대구광역시 달서구 상인동,경상사고,0,0,2,0,차대차 - 측면충돌,안전운전불이행,건조,맑음,교차로 - 교차로안,승용,남,32세,상해없음,승용,여,44세,경상
2017022300100510,2017년 2월 23일 21시,목요일,대구광역시 북구 노곡동,중상사고,0,1,0,0,차대사람 - 횡단중,안전운전불이행,건조,맑음,단일로 - 기타,승용,남,33세,상해없음,보행자,남,68세,중상
2017022300100532,2017년 2월 23일 22시,목요일,대구광역시 동구 신천동,사망사고,1,0,0,0,차대차 - 기타,안전운전불이행,건조,맑음,단일로 - 기타,승용,남,48세,상해없음,승용,남,48세,상해없음
2017022300100533,2017년 2월 23일 22시,목요일,대구광역시 달서구 장기동,중상사고,0,1,0,0,차대차 - 측면충돌,차로위반,건조,맑음,단일로 - 기타,승용,남,58세,상해없음,이륜,여,22세,중상
2017022400100019,2017년 2월 24일 00시,금요일,대구광역시 동구 신암동,경상사고,0,0,1,0,차대차 - 측면충돌,안전운전불이행,건조,맑음,단일로 - 기타,승용,남,25세,상해없음,승용,남,30세,경상
2017022400100028,2017년 2월 24일 01시,금요일,대구광역시 수성구 범물동,경상사고,0,0,3,0,차대차 - 정면충돌,교차로운행방법위반,건조,맑음,교차로 - 교차로안,승용,남,48세,경상,승용,남,55세,경상
2017022400100043,2017년 2월 24일 02시,금요일,대구광역시 서구 비산동,중상사고,0,1,0,0,차대차 - 측면충돌,안전거리미확보,건조,맑음,단일로 - 기타,승용,남,61세,상해없음,이륜,여,51세,중상
2017022400100069,2017년 2월 24일 04시,금요일,대구광역시 중구 삼덕동2가,경상사고,0,0,1,0,차대차 - 기타,중앙선침범,건조,맑음,단일로 - 기타,승용,남,25세,상해없음,승용,여,21세,경상
2017022400100071,2017년 2월 24일 05시,금요일,대구광역시 달성군 다사읍,경상사고,0,0,1,0,차대차 - 추돌,안전운전불이행,건조,맑음,교차로 - 교차로부근,승용,남,25세,상해없음,승용,남,65세,경상
2017022400100087,2017년 2월 24일 06시,금요일,대구광역시 달성군 다사읍,경상사고,0,0,2,0,차대차 - 측면충돌,안전운전불이행,건조,맑음,교차로 - 교차로안,승용,남,45세,경상,화물,여,69세,경상
2017022400100104,2017년 2월 24일 07시,금요일,대구광역시 달서구 본리동,부상신고사고,0,0,0,1,차대차 - 기타,안전운전불이행,건조,맑음,교차로 - 교차로부근,자전거,남,23세,부상신고,화물,여,54세,상해없음
2017022400100123,2017년 2월 24일 08시,금요일,대구광역시 북구 침산동,경상사고,0,0,2,0,차대차 - 측면충돌,교차로운행방법위반,건조,맑음,교차로 - 교차로부근,승용,여,49세,상해없음,화물,남,60세,경상
2017022400100124,2017년 2월 24일 08시,금요일,대구광역시 서구 비산동,경상사고,0,0,1,0,차대차 - 측면충돌,안전운전불이행,건조,맑음,단일로 - 기타,원동기,남,74세,상해없음,자전거,여,50세,경상
2017022400100149,2017년 2월 24일 09시,금요일,대구광역시 동구 각산동,경상사고,0,0,2,1,차대차 - 정면충돌,중앙선침범,건조,맑음,교차로 - 교차로부근,승용,남,27세,상해없음,승용,여,33세,경상
2017022400100150,2017년 2월 24일 09시,금요일,대구광역시 수성구 만촌동,경상사고,0,0,1,0,차대차 - 측면충돌,교차로운행방법위반,건조,맑음,교차로 - 교차로안,승용,여,45세,경상,화물,여,56세,상해없음
2017022400100151,2017년 2월 24일 09시,금요일,대구광역시 달서구 이곡동,부상신고사고,0,0,0,1,차대차 - 측면충돌,안전운전불이행,건조,맑음,교차로 - 교차로부근,이륜,남,83세,부상신고,승용,여,50세,상해없음
2017022400100178,2017년 2월 24일 10시,금요일,대구광역시 달성군 현풍면,중상사고,0,1,1,0,차대차 - 정면충돌,안전운전불이행,건조,맑음,교차로 - 교차로안,승용,남,48세,상해없음,승용,남,42세,중상
2017022400100179,2017년 2월 24일 10시,금요일,대구광역시 달성군 논공읍,경상사고,0,0,1,0,차대차 - 측면충돌,안전운전불이행,건조,맑음,교차로 - 교차로안,승용,남,74세,경상,화물,남,56세,상해없음
2017022400100212,2017년 2월 24일 11시,금요일,대구광역시 동구 신천동,중상사고,0,1,0,0,차대사람 - 횡단중,안전운전불이행,건조,맑음,기타 - 기타,승용,남,69세,상해없음,보행자,남,53세,중상
2017022400100245,2017년 2월 24일 12시,금요일,대구광역시 중구 동산동,경상사고,0,0,1,0,차대사람 - 횡단중,보행자보호의무위반,건조,맑음,단일로 - 기타,승용,여,67세,상해없음,보행자,여,43세,경상
2017022400100246,2017년 2월 24일 12시,금요일,대구광역시 북구 태전동,중상사고,0,1,0,0,차대차 - 측면충돌,신호위반,건조,맑음,단일로 - 기타,승용,남,50세,상해없음,원동기,남,52세,중상
2017022400100271,2017년 2월 24일 13시,금요일,대구광역시 달성군 유가면,경상사고,0,0,1,0,차대차 - 정면충돌,안전운전불이행,건조,맑음,교차로 - 교차로부근,승용,남,79세,상해없음,승용,남,23세,상해없음
2017022400100335,2017년 2월 24일 15시,금요일,대구광역시 달서구 송현동,중상사고,0,1,0,0,차대사람 - 횡단중,안전운전불이행,건조,맑음,단일로 - 기타,승용,여,38세,상해없음,보행자,여,76세,중상
2017022400100336,2017년 2월 24일 15시,금요일,대구광역시 서구 비산동,중상사고,0,1,0,0,차대차 - 측면충돌,신호위반,건조,맑음,교차로 - 교차로횡단보도내,승용,남,64세,상해없음,원동기,남,63세,중상
2017022400100368,2017년 2월 24일 16시,금요일,대구광역시 북구 칠성동1가,중상사고,0,1,0,0,차대사람 - 횡단중,신호위반,건조,맑음,단일로 - 기타,이륜,남,73세,상해없음,보행자,여,52세,중상
2017022400100369,2017년 2월 24일 16시,금요일,대구광역시 중구 덕산동,경상사고,0,0,1,0,차대차 - 측면충돌,불법유턴,건조,맑음,교차로 - 교차로부근,승용,여,66세,상해없음,이륜,남,25세,경상
2017022400100433,2017년 2월 24일 18시,금요일,대구광역시 남구 봉덕동,경상사고,0,0,1,0,차대사람 - 기타,기타,건조,맑음,단일로 - 기타,승합,남,50세,상해없음,보행자,여,87세,경상
2017022400100434,2017년 2월 24일 18시,금요일,대구광역시 북구 노원동3가,경상사고,0,0,1,0,차대차 - 측면충돌,안전거리미확보,건조,맑음,단일로 - 기타,승용,남,57세,상해없음,화물,남,52세,경상
2017022400100435,2017년 2월 24일 18시,금요일,대구광역시 달서구 이곡동,중상사고,0,1,1,0,차대차 - 추돌,안전운전불이행,건조,맑음,교차로 - 교차로부근,승용,여,46세,경상,승용,남,39세,중상
2017022400100487,2017년 2월 24일 19시,금요일,대구광역시 수성구 파동,중상사고,0,1,0,0,차대차 - 정면충돌,안전운전불이행,건조,맑음,교차로 - 교차로안,승용,남,39세,상해없음,이륜,남,35세,중상
2017022400100488,2017년 2월 24일 19시,금요일,대구광역시 달성군 다사읍,경상사고,0,0,1,0,차대차 - 정면충돌,안전운전불이행,건조,맑음,단일로 - 기타,승용,남,66세,상해없음,승용,남,48세,경상
2017022400100509,2017년 2월 24일 20시,금요일,대구광역시 달성군 화원읍,경상사고,0,0,1,0,차대차 - 정면충돌,신호위반,건조,맑음,교차로 - 교차로안,승용,남,62세,상해없음,이륜,남,16세,경상
2017022500100028,2017년 2월 25일 00시,토요일,대구광역시 동구 방촌동,경상사고,0,0,1,0,차대사람 - 횡단중,안전운전불이행,건조,맑음,주차장 - 주차장,승용,남,42세,상해없음,보행자,여,47세,경상
2017022500100029,2017년 2월 25일 00시,토요일,대구광역시 달서구 본리동,부상신고사고,0,0,0,1,차량단독 - 전도전복 - 전도,안전운전불이행,건조,맑음,단일로 - 기타,승용,남,28세,부상신고,,,,
2017022500100048,2017년 2월 25일 01시,토요일,대구광역시 달서구 감삼동,부상신고사고,0,0,0,4,차량단독 - 공작물충돌,안전운전불이행,건조,맑음,단일로 - 기타,승용,남,45세,상해없음,,,,
2017022500100079,2017년 2월 25일 03시,토요일,대구광역시 서구 내당동,중상사고,0,1,0,0,차대차 - 추돌,안전운전불이행,건조,맑음,교차로 - 교차로부근,승용,남,59세,상해없음,승용,남,32세,상해없음
2017022500100103,2017년 2월 25일 05시,토요일,대구광역시 남구 이천동,중상사고,0,1,2,0,차대차 - 추돌,안전운전불이행,건조,맑음,단일로 - 기타,승용,여,28세,상해없음,승용,남,56세,경상
2017022500100104,2017년 2월 25일 05시,토요일,대구광역시 달서구 감삼동,경상사고,0,0,2,0,차대차 - 기타,신호위반,건조,맑음,교차로 - 교차로안,승용,남,27세,기타불명,승용,남,59세,상해없음
2017022500100126,2017년 2월 25일 06시,토요일,대구광역시 수성구 지산동,경상사고,0,0,1,0,차대사람 - 횡단중,보행자보호의무위반,건조,맑음,교차로 - 교차로횡단보도내,승용,남,63세,상해없음,보행자,남,65세,경상
2017022500100127,2017년 2월 25일 06시,토요일,대구광역시 중구 문화동,중상사고,0,1,0,0,차대차 - 측면충돌,불법유턴,건조,맑음,단일로 - 기타,승용,남,51세,상해없음,승용,남,53세,중상
2017022500100143,2017년 2월 25일 07시,토요일,대구광역시 달성군 화원읍,경상사고,0,0,1,0,차대차 - 기타,안전운전불이행,건조,맑음,교차로 - 교차로안,승용,남,24세,상해없음,승용,남,46세,경상
2017022500100166,2017년 2월 25일 08시,토요일,대구광역시 수성구 신매동,경상사고,0,0,1,0,차대차 - 기타,안전운전불이행,건조,맑음,단일로 - 기타,승용,여,42세,상해없음,승합,남,56세,상해없음
2017022500100214,2017년 2월 25일 10시,토요일,대구광역시 동구 도동,부상신고사고,0,0,0,1,차대차 - 기타,안전운전불이행,건조,맑음,단일로 - 기타,원동기,남,54세,부상신고,화물,남,58세,상해없음
2017022500100246,2017년 2월 25일 11시,토요일,대구광역시 남구 대명동,경상사고,0,0,1,0,차대차 - 후진중충돌,안전운전불이행,건조,맑음,단일로 - 기타,화물,남,43세,상해없음,승용,남,66세,경상
2017022500100247,2017년 2월 25일 11시,토요일,대구광역시 달서구 진천동,경상사고,0,0,4,0,차대차 - 측면충돌,직진우회전진행방해,건조,맑음,교차로 - 교차로안,승용,남,61세,상해없음,승용,여,37세,경상
2017022500100248,2017년 2월 25일 11시,토요일,대구광역시 서구 비산동,부상신고사고,0,0,0,1,차대사람 - 횡단중,안전운전불이행,건조,맑음,단일로 - 기타,승용,여,54세,상해없음,보행자,남,35세,부상신고
2017022500100276,2017년 2월 25일 12시,토요일,대구광역시 동구 효목동,중상사고,0,1,0,0,차대사람 - 횡단중,보행자보호의무위반,건조,맑음,교차로 - 교차로횡단보도내,승용,남,67세,상해없음,보행자,남,68세,중상
2017022500100277,2017년 2월 25일 12시,토요일,대구광역시 동구 불로동,경상사고,0,0,2,0,차대차 - 측면충돌,안전운전불이행,건조,맑음,교차로 - 교차로안,승용,남,66세,경상,승합,남,52세,상해없음
2017022500100278,2017년 2월 25일 12시,토요일,대구광역시 달서구 용산동,중상사고,0,1,2,0,차대차 - 기타,안전거리미확보,건조,맑음,단일로 - 기타,승용,남,66세,상해없음,승용,여,31세,중상
2017022500100359,2017년 2월 25일 15시,토요일,대구광역시 달서구 상인동,경상사고,0,0,1,0,차대사람 - 횡단중,안전운전불이행,건조,맑음,교차로 - 교차로안,승용,남,42세,상해없음,보행자,남,21세,경상
2017022500100360,2017년 2월 25일 15시,토요일,대구광역시 달성군 유가면,경상사고,0,0,1,0,차대차 - 측면충돌,신호위반,건조,맑음,교차로 - 교차로안,화물,남,46세,상해없음,승용,남,50세,경상
2017022500100361,2017년 2월 25일 15시,토요일,대구광역시 중구 동성로2가,경상사고,0,0,2,0,차대차 - 추돌,안전운전불이행,건조,맑음,단일로 - 기타,승용,남,60세,상해없음,승용,남,48세,경상
2017022500100362,2017년 2월 25일 15시,토요일,대구광역시 달서구 이곡동,경상사고,0,0,1,0,차대차 - 기타,불법유턴,건조,맑음,교차로 - 교차로횡단보도내,자전거,여,54세,경상,화물,남,57세,상해없음
2017022500100399,2017년 2월 25일 16시,토요일,대구광역시 남구 봉덕동,경상사고,0,0,2,0,차대차 - 추돌,안전거리미확보,건조,맑음,단일로 - 기타,승용,남,60세,상해없음,승용,남,32세,경상
2017022500100400,2017년 2월 25일 16시,토요일,대구광역시 수성구 범어동,경상사고,0,0,1,0,차대차 - 측면충돌,신호위반,건조,맑음,교차로 - 교차로안,승용,여,29세,상해없음,승용,여,49세,경상
2017022500100401,2017년 2월 25일 16시,토요일,대구광역시 서구 내당동,경상사고,0,0,1,0,차대차 - 측면충돌,차로위반,건조,맑음,단일로 - 기타,승용,여,58세,기타불명,승용,남,28세,경상
2017022500100433,2017년 2월 25일 17시,토요일,대구광역시 달서구 진천동,경상사고,0,0,1,0,차대차 - 측면충돌,안전운전불이행,건조,맑음,단일로 - 기타,화물,남,58세,상해없음,자전거,남,56세,경상
2017022500100434,2017년 2월 25일 17시,토요일,대구광역시 달서구 상인동,경상사고,0,0,1,0,차대차 - 후진중충돌,안전운전불이행,건조,맑음,단일로 - 기타,승용,여,54세,경상,승용,여,53세,상해없음
2017022500100435,2017년 2월 25일 17시,토요일,대구광역시 북구 노원동3가,경상사고,0,0,1,0,차대차 - 측면충돌,안전거리미확보,건조,맑음,단일로 - 기타,자전거,남,64세,경상,승용,남,44세,상해없음
2017022500100436,2017년 2월 25일 17시,토요일,대구광역시 서구 내당동,경상사고,0,0,1,0,차대차 - 측면충돌,신호위반,건조,맑음,단일로 - 기타,승용,남,64세,상해없음,이륜,남,19세,경상
2017022500100437,2017년 2월 25일 17시,토요일,대구광역시 중구 포정동,경상사고,0,0,1,0,차대차 - 추돌,안전거리미확보,건조,맑음,단일로 - 기타,승합,남,57세,상해없음,이륜,남,45세,경상
2017022500100466,2017년 2월 25일 18시,토요일,대구광역시 북구 읍내동,경상사고,0,0,1,0,차대차 - 측면충돌,신호위반,건조,맑음,단일로 - 기타,이륜,남,18세,기타불명,자전거,여,60세,경상
2017022500100496,2017년 2월 25일 19시,토요일,대구광역시 수성구 범물동,중상사고,0,1,0,0,차대사람 - 횡단중,안전운전불이행,건조,맑음,단일로 - 기타,자전거,여,55세,중상,보행자,여,18세,상해없음
2017022500100497,2017년 2월 25일 19시,토요일,대구광역시 서구 내당동,경상사고,0,0,1,0,차대차 - 측면충돌,안전운전불이행,건조,맑음,단일로 - 기타,승용,여,48세,상해없음,이륜,남,39세,경상
2017022500100558,2017년 2월 25일 22시,토요일,대구광역시 동구 신서동,중상사고,0,1,0,0,차대사람 - 횡단중,안전운전불이행,건조,맑음,단일로 - 기타,승용,남,26세,상해없음,보행자,여,51세,중상
2017022500100559,2017년 2월 25일 22시,토요일,대구광역시 동구 지묘동,경상사고,0,0,1,0,차량단독 - 기타,안전운전불이행,건조,맑음,단일로 - 기타,승합,남,56세,상해없음,,,,
2017022500100560,2017년 2월 25일 22시,토요일,대구광역시 북구 침산동,경상사고,0,0,4,0,차대차 - 측면충돌,신호위반,건조,맑음,교차로 - 교차로안,원동기,남,24세,상해없음,승용,남,37세,경상
2017022500100561,2017년 2월 25일 22시,토요일,대구광역시 달서구 이곡동,경상사고,0,0,1,0,차대차 - 기타,안전거리미확보,건조,맑음,단일로 - 기타,승용,남,64세,상해없음,이륜,남,36세,경상
2017022500100589,2017년 2월 25일 23시,토요일,대구광역시 남구 봉덕동,중상사고,0,1,0,0,차대사람 - 횡단중,안전운전불이행,건조,맑음,기타 - 기타,승용,남,43세,상해없음,보행자,여,40세,중상
2017022600100027,2017년 2월 26일 00시,일요일,대구광역시 서구 이현동,중상사고,0,1,0,0,차대사람 - 횡단중,안전운전불이행,건조,맑음,단일로 - 기타,화물,남,61세,상해없음,보행자,남,56세,중상
2017022600100028,2017년 2월 26일 00시,일요일,대구광역시 중구 대봉동,부상신고사고,0,0,0,1,차대사람 - 횡단중,안전운전불이행,건조,맑음,단일로 - 기타,승용,남,43세,상해없음,보행자,남,41세,부상신고
2017022600100045,2017년 2월 26일 01시,일요일,대구광역시 달서구 상인동,경상사고,0,0,1,0,차대사람 - 횡단중,안전운전불이행,건조,맑음,단일로 - 기타,승용,남,20세,기타불명,보행자,여,22세,경상
2017022600100046,2017년 2월 26일 01시,일요일,대구광역시 서구 내당동,중상사고,0,1,1,0,차대사람 - 횡단중,신호위반,건조,맑음,단일로 - 기타,이륜,남,17세,경상,보행자,남,33세,중상
2017022600100047,2017년 2월 26일 01시,일요일,대구광역시 북구 동천동,경상사고,0,0,1,0,차대사람 - 횡단중,안전운전불이행,건조,맑음,단일로 - 기타,승용,남,68세,상해없음,보행자,남,44세,경상
2017022600100058,2017년 2월 26일 02시,일요일,대구광역시 동구 검사동,중상사고,0,1,0,0,차대차 - 정면충돌,신호위반,건조,맑음,교차로 - 교차로안,승용,남,25세,상해없음,승용,남,61세,중상
2017022600100059,2017년 2월 26일 02시,일요일,대구광역시 서구 비산동,경상사고,0,0,1,0,차대차 - 측면충돌,안전운전불이행,건조,맑음,단일로 - 기타,승용,남,55세,상해없음,승용,남,52세,상해없음
2017022600100071,2017년 2월 26일 03시,일요일,대구광역시 달서구 이곡동,경상사고,0,0,1,0,차대차 - 추돌,안전운전불이행,건조,맑음,단일로 - 기타,승용,남,43세,상해없음,승용,남,64세,경상
2017022600100084,2017년 2월 26일 04시,일요일,대구광역시 수성구 파동,중상사고,0,1,0,0,차대차 - 측면충돌,신호위반,건조,맑음,교차로 - 교차로안,승용,남,28세,상해없음,승용,남,52세,중상
2017022600100098,2017년 2월 26일 05시,일요일,대구광역시 동구 각산동,경상사고,0,0,1,0,차대차 - 정면충돌,안전거리미확보,건조,맑음,교차로 - 교차로부근,승용,남,35세,상해없음,승용,남,44세,경상
2017022600100118,2017년 2월 26일 07시,일요일,대구광역시 수성구 범물동,부상신고사고,0,0,0,1,차량단독 - 전도전복 - 전도,안전운전불이행,건조,맑음,단일로 - 기타,승용,여,32세,부상신고,,,,
2017022600100157,2017년 2월 26일 10시,일요일,대구광역시 북구 매천동,경상사고,0,0,1,0,차대차 - 측면충돌,안전운전불이행,건조,맑음,단일로 - 기타,자전거,남,58세,경상,승용,남,58세,상해없음
2017022600100169,2017년 2월 26일 11시,일요일,대구광역시 남구 대명동,경상사고,0,0,2,0,차대차 - 측면충돌,신호위반,건조,맑음,교차로 - 교차로안,승용,남,58세,기타불명,승용,남,34세,경상
2017022600100189,2017년 2월 26일 12시,일요일,대구광역시 동구 효목동,경상사고,0,0,1,2,차대차 - 정면충돌,안전운전불이행,건조,맑음,단일로 - 기타,승용,남,64세,상해없음,승용,남,59세,상해없음
2017022600100190,2017년 2월 26일 12시,일요일,대구광역시 수성구 상동,경상사고,0,0,1,0,차대차 - 정면충돌,안전운전불이행,건조,맑음,단일로 - 기타,승용,여,33세,상해없음,자전거,남,25세,경상
2017022600100191,2017년 2월 26일 12시,일요일,대구광역시 북구 침산동,경상사고,0,0,1,0,차대차 - 기타,안전운전불이행,건조,맑음,단일로 - 기타,자전거,남,54세,상해없음,자전거,남,34세,경상
2017022600100192,2017년 2월 26일 12시,일요일,대구광역시 북구 동변동,중상사고,0,1,1,0,차대차 - 측면충돌,직진우회전진행방해,건조,맑음,교차로 - 교차로안,승용,남,73세,중상,승용,남,55세,경상
2017022600100231,2017년 2월 26일 14시,일요일,대구광역시 남구 봉덕동,경상사고,0,0,1,0,차대차 - 측면충돌,교차로운행방법위반,건조,맑음,교차로 - 교차로안,승용,남,45세,상해없음,승용,남,29세,상해없음
2017022600100278,2017년 2월 26일 16시,일요일,대구광역시 중구 향촌동,경상사고,0,0,1,0,차대사람 - 기타,안전운전불이행,건조,맑음,교차로 - 교차로안,승용,남,32세,상해없음,보행자,남,64세,경상
2017022600100332,2017년 2월 26일 18시,일요일,대구광역시 달서구 용산동,부상신고사고,0,0,0,1,차대사람 - 횡단중,안전운전불이행,건조,맑음,교차로 - 교차로부근,이륜,남,59세,부상신고,보행자,여,15세,상해없음
2017022600100356,2017년 2월 26일 19시,일요일,대구광역시 남구 대명동,중상사고,0,1,0,0,차대사람 - 횡단중,기타,건조,맑음,단일로 - 기타,승용,남,60세,상해없음,보행자,남,50세,중상
2017022600100357,2017년 2월 26일 19시,일요일,대구광역시 달서구 월성동,중상사고,0,1,5,0,차대차 - 측면충돌,직진우회전진행방해,건조,맑음,교차로 - 교차로안,승용,여,46세,경상,승용,남,56세,중상
2017022600100358,2017년 2월 26일 19시,일요일,대구광역시 북구 태전동,경상사고,0,0,2,0,차대차 - 추돌,안전운전불이행,건조,맑음,교차로 - 교차로부근,승용,남,41세,상해없음,승용,남,24세,경상
2017022600100381,2017년 2월 26일 20시,일요일,대구광역시 남구 대명동,중상사고,0,1,0,0,차대차 - 추돌,안전운전불이행,건조,맑음,단일로 - 기타,승합,남,51세,상해없음,이륜,남,44세,중상
2017022600100382,2017년 2월 26일 20시,일요일,대구광역시 달서구 월성동,경상사고,0,0,1,0,차대차 - 측면충돌,안전거리미확보,건조,맑음,단일로 - 기타,승용,남,28세,상해없음,이륜,남,17세,경상
2017022600100383,2017년 2월 26일 20시,일요일,대구광역시 달서구 대곡동,경상사고,0,0,1,0,차대차 - 측면충돌,안전운전불이행,건조,맑음,단일로 - 기타,승용,남,51세,상해없음,이륜,남,17세,경상
2017022600100409,2017년 2월 26일 21시,일요일,대구광역시 남구 대명동,중상사고,0,1,0,0,차대차 - 추돌,안전거리미확보,건조,맑음,단일로 - 기타,승용,남,59세,상해없음,이륜,남,45세,중상
2017022700100034,2017년 2월 27일 01시,월요일,대구광역시 달서구 호산동,경상사고,0,0,1,0,차대차 - 추돌,기타,건조,맑음,교차로 - 교차로안,승용,남,34세,기타불명,승용,남,45세,경상
2017022700100044,2017년 2월 27일 02시,월요일,대구광역시 북구 구암동,경상사고,0,0,1,0,차대차 - 측면충돌,신호위반,건조,맑음,교차로 - 교차로안,이륜,남,60세,상해없음,이륜,남,27세,경상
2017022700100060,2017년 2월 27일 05시,월요일,대구광역시 북구 산격동,경상사고,0,0,2,0,차대차 - 추돌,안전운전불이행,건조,맑음,교차로 - 교차로부근,승합,남,55세,상해없음,승용,여,35세,경상
2017022700100071,2017년 2월 27일 06시,월요일,대구광역시 북구 동호동,경상사고,0,0,1,0,차대차 - 측면충돌,신호위반,건조,맑음,교차로 - 교차로안,승용,남,59세,상해없음,승용,여,52세,경상
2017022700100072,2017년 2월 27일 06시,월요일,대구광역시 북구 팔달동,경상사고,0,0,1,0,차대차 - 측면충돌,중앙선침범,건조,맑음,단일로 - 기타,화물,남,30세,상해없음,이륜,남,54세,경상
2017022700100153,2017년 2월 27일 09시,월요일,대구광역시 수성구 수성동1가,중상사고,0,1,0,0,차대차 - 정면충돌,안전운전불이행,건조,맑음,단일로 - 기타,승용,여,51세,상해없음,승용,남,37세,중상
2017022700100177,2017년 2월 27일 10시,월요일,대구광역시 동구 신암동,경상사고,0,0,1,0,차량단독 - 공작물충돌,기타,건조,맑음,단일로 - 기타,승용,남,61세,상해없음,,,,
2017022700100178,2017년 2월 27일 10시,월요일,대구광역시 달서구 도원동,경상사고,0,0,1,0,차대차 - 측면충돌,교차로운행방법위반,건조,맑음,교차로 - 교차로부근,이륜,남,74세,경상,특수,남,57세,상해없음
2017022700100179,2017년 2월 27일 10시,월요일,대구광역시 달서구 송현동,중상사고,0,1,0,0,차대사람 - 기타,안전운전불이행,건조,맑음,교차로 - 교차로부근,승용,여,58세,상해없음,보행자,남,53세,중상
2017022700100180,2017년 2월 27일 10시,월요일,대구광역시 북구 관음동,중상사고,0,1,0,0,차대차 - 추돌,안전거리미확보,건조,맑음,교차로 - 교차로안,승용,여,30세,상해없음,원동기,남,48세,중상
2017022700100208,2017년 2월 27일 11시,월요일,대구광역시 북구 구암동,중상사고,0,1,0,0,차대사람 - 횡단중,보행자보호의무위반,건조,맑음,교차로 - 교차로부근,승용,남,58세,상해없음,보행자,여,58세,중상
2017022700100238,2017년 2월 27일 12시,월요일,대구광역시 동구 봉무동,경상사고,0,0,2,0,차대차 - 정면충돌,안전운전불이행,건조,맑음,교차로 - 교차로부근,승용,남,59세,상해없음,승용,남,69세,경상
2017022700100273,2017년 2월 27일 13시,월요일,대구광역시 서구 내당동,경상사고,0,0,2,0,차대차 - 추돌,안전운전불이행,건조,맑음,단일로 - 기타,승용,남,69세,기타불명,승용,남,70세,경상
2017022700100274,2017년 2월 27일 13시,월요일,대구광역시 북구 태전동,경상사고,0,0,2,0,차대차 - 추돌,안전거리미확보,건조,맑음,단일로 - 기타,승용,여,46세,상해없음,화물,남,68세,상해없음
2017022700100306,2017년 2월 27일 14시,월요일,대구광역시 북구 노원동3가,중상사고,0,1,0,0,차대사람 - 횡단중,기타,건조,맑음,단일로 - 기타,화물,남,36세,상해없음,보행자,여,74세,중상
2017022700100307,2017년 2월 27일 14시,월요일,대구광역시 중구 태평로1가,경상사고,0,0,1,0,차대차 - 측면충돌,안전거리미확보,건조,맑음,단일로 - 기타,승용,남,74세,상해없음,승용,남,42세,경상
2017022700100308,2017년 2월 27일 14시,월요일,대구광역시 달서구 신당동,경상사고,0,0,1,0,차대사람 - 횡단중,안전운전불이행,건조,맑음,단일로 - 기타,승용,남,23세,상해없음,보행자,남,37세,경상
2017022700100339,2017년 2월 27일 15시,월요일,대구광역시 달서구 송현동,경상사고,0,0,1,0,차대차 - 측면충돌,직진우회전진행방해,건조,맑음,교차로 - 교차로안,자전거,남,44세,경상,승용,남,62세,상해없음
2017022700100373,2017년 2월 27일 16시,월요일,대구광역시 수성구 범어동,경상사고,0,0,1,0,차대사람 - 횡단중,안전운전불이행,건조,맑음,단일로 - 기타,승용,여,34세,상해없음,보행자,남,18세,경상
2017022700100436,2017년 2월 27일 18시,월요일,대구광역시 동구 효목동,경상사고,0,0,1,0,차대차 - 측면충돌,안전운전불이행,건조,맑음,교차로 - 교차로안,원동기,남,16세,경상,승용,남,66세,상해없음
2017022700100437,2017년 2월 27일 18시,월요일,대구광역시 달서구 상인동,경상사고,0,0,1,0,차대차 - 측면충돌,직진우회전진행방해,건조,맑음,교차로 - 교차로안,원동기,남,17세,경상,승용,남,34세,상해없음