사고번호,사고일시,요일,시군구,사고내용,사망자수,중상자수,경상자수,부상신고자수,사고유형,법규위반,노면상태,기상상태,도로형태,가해운전자 차종,가해운전자 성별,가해운전자 연령,가해운전자 상해정도,피해운전자 차종,피해운전자 성별,피해운전자 연령,피해운전자 상해정도
2017022700100438,2017년 2월 27일 18시,월요일,대구광역시 달성군 논공읍,경상사고,0,0,1,0,차대차 - 측면충돌,신호위반,건조,맑음,교차로 - 교차로안,승용,여,48세,상해없음,이륜,남,21세,경상
2017022700100439,2017년 2월 27일 18시,월요일,대구광역시 서구 내당동,중상사고,0,1,1,0,차대차 - 추돌,안전운전불이행,건조,맑음,교차로 - 교차로부근,승용,여,46세,상해없음,승용,남,32세,중상
2017022700100440,2017년 2월 27일 18시,월요일,대구광역시 중구 삼덕동1가,경상사고,0,0,1,0,차대사람 - 횡단중,중앙선침범,건조,맑음,단일로 - 기타,승용,남,23세,상해없음,보행자,남,24세,경상
2017022700100473,2017년 2월 27일 19시,월요일,대구광역시 수성구 중동,부상신고사고,0,0,0,1,차대차 - 측면충돌,안전운전불이행,건조,맑음,단일로 - 기타,자전거,남,82세,부상신고,승용,남,44세,상해없음
2017022700100503,2017년 2월 27일 20시,월요일,대구광역시 동구 방촌동,경상사고,0,0,1,0,차대차 - 추돌,안전운전불이행,건조,맑음,교차로 - 교차로부근,승용,남,38세,상해없음,승용,여,55세,상해없음
2017022700100504,2017년 2월 27일 20시,월요일,대구광역시 달성군 옥포면,중상사고,0,1,1,0,차대차 - 정면충돌,안전거리미확보,건조,맑음,단일로 - 기타,승용,남,59세,중상,승용,남,32세,경상
2017022700100505,2017년 2월 27일 20시,월요일,대구광역시 북구 팔달동,경상사고,0,0,1,0,차대차 - 측면충돌,교차로운행방법위반,건조,맑음,단일로 - 기타,승용,남,39세,상해없음,승용,남,29세,경상
2017022700100529,2017년 2월 27일 21시,월요일,대구광역시 서구 내당동,부상신고사고,0,0,0,1,차대차 - 측면충돌,신호위반,건조,맑음,교차로 - 교차로안,이륜,남,57세,부상신고,승용,남,63세,상해없음
2017022700100569,2017년 2월 27일 23시,월요일,대구광역시 남구 대명동,중상사고,0,1,0,0,차대사람 - 횡단중,안전운전불이행,건조,맑음,단일로 - 기타,원동기,남,16세,상해없음,보행자,남,37세,중상
2017022700100570,2017년 2월 27일 23시,월요일,대구광역시 달성군 화원읍,경상사고,0,0,8,0,차대차 - 정면충돌,신호위반,건조,맑음,교차로 - 교차로안,승용,여,34세,상해없음,승용,남,20세,경상
2017022800100031,2017년 2월 28일 00시,화요일,대구광역시 중구 남산동,경상사고,0,0,2,1,차대차 - 추돌,안전거리미확보,건조,맑음,단일로 - 기타,승용,남,61세,상해없음,승용,남,25세,부상신고
2017022800100032,2017년 2월 28일 00시,화요일,대구광역시 북구 동변동,중상사고,0,1,0,0,차대차 - 측면충돌,안전운전불이행,건조,맑음,단일로 - 기타,승용,남,45세,상해없음,승용,남,59세,중상
2017022800100040,2017년 2월 28일 01시,화요일,대구광역시 달서구 본동,중상사고,0,1,0,0,차대차 - 정면충돌,신호위반,건조,맑음,교차로 - 교차로안,승용,남,29세,상해없음,승용,남,40세,중상
2017022800100077,2017년 2월 28일 06시,화요일,대구광역시 중구 봉산동,경상사고,0,0,1,0,차대차 - 측면충돌,신호위반,건조,맑음,교차로 - 교차로안,승용,남,31세,상해없음,승용,남,73세,경상
2017022800100098,2017년 2월 28일 07시,화요일,대구광역시 수성구 범어동,경상사고,0,0,1,0,차대차 - 측면충돌,교차로운행방법위반,건조,맑음,교차로 - 교차로안,승용,여,50세,상해없음,승용,남,67세,경상
2017022800100099,2017년 2월 28일 07시,화요일,대구광역시 달서구 월성동,중상사고,0,1,0,0,차대사람 - 횡단중,안전운전불이행,건조,맑음,단일로 - 기타,화물,남,49세,상해없음,보행자,남,81세,중상
2017022800100122,2017년 2월 28일 08시,화요일,대구광역시 남구 대명동,경상사고,0,0,1,0,차대차 - 측면충돌,교차로운행방법위반,건조,맑음,교차로 - 교차로안,화물,남,45세,상해없음,승용,여,31세,경상
2017022800100148,2017년 2월 28일 09시,화요일,대구광역시 동구 효목동,중상사고,0,1,0,0,차대차 - 측면충돌,직진우회전진행방해,건조,맑음,교차로 - 교차로안,승용,여,55세,상해없음,승용,여,45세,중상
2017022800100149,2017년 2월 28일 09시,화요일,대구광역시 북구 침산동,경상사고,0,0,4,0,차대차 - 추돌,안전거리미확보,건조,맑음,단일로 - 기타,승용,여,62세,경상,승용,남,30세,상해없음
2017022800100170,2017년 2월 28일 10시,화요일,대구광역시 달서구 상인동,경상사고,0,0,4,0,차대차 - 추돌,안전운전불이행,건조,맑음,단일로 - 터널,화물,남,66세,상해없음,승용,여,62세,경상
2017022800100171,2017년 2월 28일 10시,화요일,대구광역시 달서구 성당동,경상사고,0,0,1,0,차대차 - 측면충돌,안전운전불이행,건조,맑음,교차로 - 교차로부근,자전거,남,55세,경상,승용,남,54세,상해없음
2017022800100192,2017년 2월 28일 11시,화요일,대구광역시 북구 침산동,경상사고,0,0,1,0,차대차 - 기타,교차로운행방법위반,건조,맑음,교차로 - 교차로부근,승용,남,57세,상해없음,승합,남,50세,상해없음
2017022800100193,2017년 2월 28일 11시,화요일,대구광역시 서구 내당동,부상신고사고,0,0,0,1,차대차 - 측면충돌,안전거리미확보,건조,맑음,교차로 - 교차로부근,승용,남,24세,기타불명,승용,여,51세,부상신고
2017022800100194,2017년 2월 28일 11시,화요일,대구광역시 북구 국우동,중상사고,0,1,0,0,차대차 - 측면충돌,안전거리미확보,건조,맑음,단일로 - 기타,화물,남,40세,상해없음,승용,여,63세,중상
2017022800100225,2017년 2월 28일 12시,화요일,대구광역시 동구 지저동,경상사고,0,0,1,0,차대차 - 정면충돌,교차로운행방법위반,건조,맑음,교차로 - 교차로안,화물,남,48세,상해없음,이륜,남,80세,경상
2017022800100226,2017년 2월 28일 12시,화요일,대구광역시 동구 동내동,경상사고,0,0,1,0,차대차 - 측면충돌,안전운전불이행,건조,맑음,교차로 - 교차로안,승용,여,39세,상해없음,승용,남,43세,경상
2017022800100227,2017년 2월 28일 12시,화요일,대구광역시 동구 율암동,경상사고,0,0,1,0,차대차 - 측면충돌,직진우회전진행방해,건조,맑음,교차로 - 교차로안,승용,여,54세,상해없음,이륜,남,32세,경상
2017022800100228,2017년 2월 28일 12시,화요일,대구광역시 수성구 신매동,경상사고,0,0,3,0,차대차 - 추돌,차로위반,건조,맑음,단일로 - 기타,승합,남,27세,상해없음,화물,남,38세,경상
2017022800100229,2017년 2월 28일 12시,화요일,대구광역시 수성구 파동,중상사고,0,2,1,0,차대차 - 측면충돌,기타,건조,맑음,단일로 - 교량,승용,남,29세,중상,승용,여,54세,중상
2017022800100256,2017년 2월 28일 13시,화요일,대구광역시 달서구 본동,경상사고,0,0,1,0,차대사람 - 횡단중,안전운전불이행,건조,맑음,단일로 - 기타,승용,남,76세,상해없음,보행자,남,74세,경상
2017022800100257,2017년 2월 28일 13시,화요일,대구광역시 달서구 본동,경상사고,0,0,1,0,차대차 - 기타,안전운전불이행,건조,맑음,교차로 - 교차로부근,승용,남,20세,상해없음,이륜,남,27세,경상
2017022800100258,2017년 2월 28일 13시,화요일,대구광역시 달성군 다사읍,중상사고,0,1,0,0,차대차 - 정면충돌,신호위반,건조,맑음,교차로 - 교차로안,이륜,남,58세,중상,승용,남,82세,상해없음
2017022800100259,2017년 2월 28일 13시,화요일,대구광역시 서구 비산동,부상신고사고,0,0,0,1,차대차 - 측면충돌,신호위반,건조,맑음,단일로 - 기타,이륜,남,19세,부상신고,화물,남,34세,상해없음
2017022800100290,2017년 2월 28일 14시,화요일,대구광역시 수성구 지산동,부상신고사고,0,0,0,1,차대사람 - 횡단중,안전운전불이행,건조,맑음,단일로 - 기타,승용,남,69세,상해없음,보행자,남,37세,부상신고
2017022800100291,2017년 2월 28일 14시,화요일,대구광역시 달서구 상인동,경상사고,0,0,2,0,차대차 - 측면충돌,안전운전불이행,건조,맑음,단일로 - 기타,승용,여,62세,상해없음,승용,남,38세,경상
2017022800100319,2017년 2월 28일 15시,화요일,대구광역시 서구 평리동,경상사고,0,0,1,0,차대사람 - 길가장자리구역통행중,안전운전불이행,건조,맑음,단일로 - 기타,승용,남,39세,상해없음,보행자,남,47세,경상
2017022800100320,2017년 2월 28일 15시,화요일,대구광역시 북구 서변동,중상사고,0,1,0,0,차대차 - 측면충돌,교차로운행방법위반,건조,맑음,교차로 - 교차로안,화물,남,58세,상해없음,원동기,남,38세,중상
2017022800100361,2017년 2월 28일 16시,화요일,대구광역시 달성군 화원읍,경상사고,0,0,1,0,차대차 - 정면충돌,직진우회전진행방해,건조,맑음,교차로 - 교차로안,승용,여,47세,상해없음,화물,남,56세,상해없음
2017022800100362,2017년 2월 28일 16시,화요일,대구광역시 북구 침산동,경상사고,0,0,1,0,차대차 - 측면충돌,안전거리미확보,건조,맑음,단일로 - 기타,승용,남,68세,상해없음,화물,남,54세,경상
2017022800100363,2017년 2월 28일 16시,화요일,대구광역시 북구 산격동,부상신고사고,0,0,0,1,차량단독 - 기타,안전운전불이행,건조,맑음,단일로 - 기타,승합,남,47세,상해없음,,,,
2017022800100389,2017년 2월 28일 17시,화요일,대구광역시 서구 내당동,중상사고,0,1,0,0,차대차 - 측면충돌,안전운전불이행,건조,맑음,단일로 - 기타,승용,남,61세,상해없음,자전거,여,66세,중상
2017022800100421,2017년 2월 28일 18시,화요일,대구광역시 동구 신암동,부상신고사고,0,0,0,1,차대차 - 정면충돌,신호위반,건조,맑음,교차로 - 교차로안,이륜,남,15세,부상신고,승용,남,74세,상해없음
2017022800100422,2017년 2월 28일 18시,화요일,대구광역시 달성군 화원읍,중상사고,0,1,0,0,차대차 - 측면충돌,안전운전불이행,건조,맑음,교차로 - 교차로횡단보도내,화물,남,65세,상해없음,자전거,남,64세,중상
2017022800100423,2017년 2월 28일 18시,화요일,대구광역시 달성군 유가면,경상사고,0,0,2,0,차대차 - 정면충돌,안전운전불이행,건조,맑음,교차로 - 교차로부근,승용,남,52세,상해없음,승용,남,57세,경상
2017022800100424,2017년 2월 28일 18시,화요일,대구광역시 중구 계산동2가,부상신고사고,0,0,0,1,차대차 - 추돌,안전운전불이행,건조,맑음,단일로 - 기타,이륜,남,16세,부상신고,승용,남,34세,상해없음
2017022800100425,2017년 2월 28일 18시,화요일,대구광역시 북구 읍내동,경상사고,0,0,1,0,차대차 - 측면충돌,안전거리미확보,건조,맑음,단일로 - 기타,승용,남,60세,상해없음,승용,여,54세,경상
2017022800100462,2017년 2월 28일 19시,화요일,대구광역시 수성구 수성동2가,경상사고,0,0,1,0,차대차 - 정면충돌,신호위반,건조,맑음,교차로 - 교차로안,승용,남,41세,상해없음,승용,남,55세,경상
2017022800100463,2017년 2월 28일 19시,화요일,대구광역시 수성구 만촌동,경상사고,0,0,1,0,차대차 - 정면충돌,안전거리미확보,건조,맑음,단일로 - 기타,승용,남,63세,상해없음,승합,남,59세,상해없음
2017022800100464,2017년 2월 28일 19시,화요일,대구광역시 달서구 진천동,경상사고,0,0,1,0,차대차 - 측면충돌,직진우회전진행방해,건조,맑음,교차로 - 교차로안,승용,여,47세,상해없음,승용,남,63세,상해없음
2017022800100465,2017년 2월 28일 19시,화요일,대구광역시 달성군 유가면,중상사고,0,1,1,0,차대차 - 추돌,안전운전불이행,건조,맑음,교차로 - 교차로안,이륜,남,54세,중상,승용,남,47세,경상
2017022800100466,2017년 2월 28일 19시,화요일,대구광역시 달성군 가창면,중상사고,0,1,1,0,차대차 - 추돌,안전운전불이행,건조,맑음,교차로 - 교차로안,승용,여,52세,상해없음,승용,여,41세,중상
2017022800100467,2017년 2월 28일 19시,화요일,대구광역시 북구 복현동,경상사고,0,0,3,0,차대차 - 측면충돌,안전거리미확보,건조,맑음,단일로 - 기타,승용,남,54세,경상,승합,남,43세,경상
2017022800100468,2017년 2월 28일 19시,화요일,대구광역시 서구 내당동,경상사고,0,0,1,0,차대차 - 측면충돌,안전거리미확보,건조,맑음,단일로 - 기타,승용,남,46세,상해없음,원동기,남,37세,경상
2017022800100469,2017년 2월 28일 19시,화요일,대구광역시 달서구 용산동,부상신고사고,0,0,0,1,차대차 - 기타,안전운전불이행,건조,맑음,단일로 - 기타,기타불명,기타불명,미분류,기타불명,자전거,남,23세,부상신고
2017022800100504,2017년 2월 28일 20시,화요일,대구광역시 동구 용계동,경상사고,0,0,1,0,차대차 - 후진중충돌,안전운전불이행,건조,맑음,단일로 - 기타,승용,남,64세,상해없음,승용,여,56세,경상
2017022800100505,2017년 2월 28일 20시,화요일,대구광역시 서구 비산동,경상사고,0,0,2,0,차대차 - 측면충돌,안전운전불이행,건조,맑음,단일로 - 기타,승용,남,42세,상해없음,승용,남,34세,경상
2017022800100554,2017년 2월 28일 22시,화요일,대구광역시 달서구 송현동,경상사고,0,0,1,1,차대차 - 측면충돌,교차로운행방법위반,건조,맑음,교차로 - 교차로부근,승용,남,62세,부상신고,원동기,남,16세,경상
2017022800100582,2017년 2월 28일 23시,화요일,대구광역시 서구 평리동,부상신고사고,0,0,0,1,차대차 - 추돌,안전운전불이행,건조,맑음,단일로 - 기타,이륜,남,24세,부상신고,승용,여,39세,상해없음
2017022800100583,2017년 2월 28일 23시,화요일,대구광역시 중구 대봉동,경상사고,0,0,2,0,차대차 - 기타,안전거리미확보,건조,맑음,교차로 - 교차로부근,승용,남,22세,상해없음,승용,남,32세,경상
2017030100100021,2017년 3월 1일 00시,수요일,대구광역시 수성구 지산동,중상사고,0,1,0,0,차대차 - 측면충돌,안전운전불이행,건조,맑음,단일로 - 기타,승용,남,29세,상해없음,자전거,남,52세,중상
2017030100100022,2017년 3월 1일 00시,수요일,대구광역시 북구 태전동,중상사고,0,1,2,0,차대차 - 측면충돌,안전운전불이행,건조,맑음,단일로 - 기타,승용,남,26세,상해없음,승용,남,69세,중상
2017030100100042,2017년 3월 1일 01시,수요일,대구광역시 서구 비산동,부상신고사고,0,0,0,1,차대사람 - 횡단중,안전운전불이행,건조,맑음,단일로 - 기타,화물,남,51세,기타불명,보행자,남,37세,부상신고
2017030100100066,2017년 3월 1일 03시,수요일,대구광역시 달서구 이곡동,경상사고,0,0,1,2,차대차 - 측면충돌,교차로운행방법위반,건조,맑음,교차로 - 교차로안,승용,남,64세,상해없음,승용,남,56세,경상
2017030100100073,2017년 3월 1일 04시,수요일,대구광역시 북구 칠성동1가,경상사고,0,0,1,0,차대차 - 측면충돌,안전거리미확보,건조,맑음,단일로 - 기타,화물,남,39세,상해없음,원동기,남,17세,경상
2017030100100143,2017년 3월 1일 10시,수요일,대구광역시 수성구 수성동4가,중상사고,0,1,3,1,차대차 - 측면충돌,안전거리미확보,건조,맑음,단일로 - 기타,승용,남,76세,부상신고,승용,여,33세,경상
2017030100100144,2017년 3월 1일 10시,수요일,대구광역시 달서구 성당동,경상사고,0,0,1,0,차대차 - 측면충돌,안전운전불이행,건조,맑음,단일로 - 기타,승용,여,48세,상해없음,원동기,남,35세,경상
2017030100100169,2017년 3월 1일 11시,수요일,대구광역시 북구 복현동,경상사고,0,0,1,0,차대차 - 측면충돌,교차로운행방법위반,건조,맑음,교차로 - 교차로안,승용,남,75세,상해없음,승용,남,43세,상해없음
2017030100100183,2017년 3월 1일 12시,수요일,대구광역시 달서구 신당동,중상사고,0,1,1,0,차대차 - 측면충돌,안전운전불이행,건조,맑음,단일로 - 기타,이륜,남,18세,중상,화물,남,55세,경상
2017030100100184,2017년 3월 1일 12시,수요일,대구광역시 북구 동천동,중상사고,0,1,0,0,차대차 - 측면충돌,안전운전불이행,건조,맑음,단일로 - 기타,승용,남,62세,상해없음,이륜,남,40세,중상
2017030100100205,2017년 3월 1일 13시,수요일,대구광역시 동구 신기동,중상사고,0,1,0,0,차대차 - 측면충돌,안전운전불이행,건조,맑음,교차로 - 교차로횡단보도내,승용,여,36세,상해없음,자전거,남,75세,중상
2017030100100206,2017년 3월 1일 13시,수요일,대구광역시 동구 효목동,경상사고,0,0,1,0,차대사람 - 길가장자리구역통행중,안전운전불이행,건조,맑음,단일로 - 기타,승용,여,51세,상해없음,보행자,남,26세,경상
2017030100100207,2017년 3월 1일 13시,수요일,대구광역시 서구 비산동,중상사고,0,1,0,0,차대차 - 측면충돌,안전운전불이행,건조,맑음,교차로 - 교차로부근,승용,남,58세,상해없음,이륜,남,30세,중상
2017030100100208,2017년 3월 1일 13시,수요일,대구광역시 중구 공평동,경상사고,0,0,1,0,차대사람 - 횡단중,기타,건조,맑음,교차로 - 교차로부근,승용,남,34세,상해없음,보행자,여,52세,경상
2017030100100297,2017년 3월 1일 17시,수요일,대구광역시 수성구 수성동4가,경상사고,0,0,2,0,차대차 - 측면충돌,안전운전불이행,건조,맑음,교차로 - 교차로안,승용,남,77세,상해없음,승용,여,46세,경상
2017030100100323,2017년 3월 1일 18시,수요일,대구광역시 북구 산격동,경상사고,0,0,3,0,차량단독 - 공작물충돌,안전운전불이행,건조,맑음,교차로 - 교차로안,승용,남,60세,상해없음,,,,
2017030100100324,2017년 3월 1일 18시,수요일,대구광역시 달서구 두류동,경상사고,0,0,1,0,차대차 - 기타,안전운전불이행,건조,맑음,교차로 - 교차로횡단보도내,승용,남,67세,상해없음,자전거,남,63세,경상
2017030100100325,2017년 3월 1일 18시,수요일,대구광역시 북구 서변동,경상사고,0,0,2,1,차대차 - 측면충돌,차로위반,건조,맑음,교차로 - 교차로안,이륜,남,16세,부상신고,승용,남,31세,상해없음
2017030100100379,2017년 3월 1일 19시,수요일,대구광역시 동구 신천동,경상사고,0,0,1,0,차대차 - 측면충돌,안전운전불이행,건조,맑음,단일로 - 기타,승용,남,62세,기타불명,자전거,남,54세,경상
2017030100100380,2017년 3월 1일 19시,수요일,대구광역시 달서구 송현동,경상사고,0,0,2,0,차대차 - 측면충돌,안전운전불이행,건조,맑음,단일로 - 기타,승용,남,69세,상해없음,승용,여,46세,경상
2017030100100381,2017년 3월 1일 19시,수요일,대구광역시 북구 태전동,중상사고,0,2,2,0,차대차 - 측면충돌,신호위반,건조,맑음,교차로 - 교차로안,화물,남,34세,상해없음,승용,남,54세,경상
2017030100100475,2017년 3월 1일 22시,수요일,대구광역시 수성구 사월동,중상사고,0,4,0,0,차대차 - 추돌,중앙선침범,건조,맑음,교차로 - 교차로부근,승용,남,53세,상해없음,승용,남,34세,중상
2017030100100476,2017년 3월 1일 22시,수요일,대구광역시 달서구 송현동,경상사고,0,0,2,0,차대차 - 추돌,안전운전불이행,젖음/습기,비,교차로 - 교차로안,승용,남,66세,상해없음,승용,여,58세,경상
2017030100100477,2017년 3월 1일 22시,수요일,대구광역시 달서구 송현동,경상사고,0,0,1,0,차대차 - 측면충돌,안전운전불이행,젖음/습기,비,단일로 - 기타,승용,남,49세,상해없음,승용,남,24세,경상
2017030100100508,2017년 3월 1일 23시,수요일,대구광역시 북구 칠성동2가,중상사고,0,1,1,3,차대차 - 측면충돌,기타,젖음/습기,비,교차로 - 교차로안,승용,남,47세,상해없음,승용,남,49세,중상
2017030200100028,2017년 3월 2일 00시,목요일,대구광역시 수성구 대흥동,중상사고,0,1,0,0,차량단독 - 전도전복,안전운전불이행,젖음/습기,맑음,단일로 - 기타,화물,남,38세,중상,미분류,미분류,미분류,미분류
2017030200100034,2017년 3월 2일 01시,목요일,대구광역시 북구 침산동,중상사고,0,1,0,0,차량단독 - 공작물충돌,안전운전불이행,젖음/습기,비,단일로 - 터널,승용,남,47세,상해없음,,,,
2017030200100035,2017년 3월 2일 01시,목요일,대구광역시 북구 칠성동2가,경상사고,0,0,1,0,차량단독 - 전도전복,안전운전불이행,젖음/습기,비,단일로 - 기타,승용,남,53세,상해없음,미분류,미분류,미분류,미분류
2017030200100047,2017년 3월 2일 02시,목요일,대구광역시 달서구 본리동,중상사고,0,1,0,0,차대차 - 측면충돌,과속,젖음/습기,비,교차로 - 교차로안,승용,남,24세,상해없음,승용,여,47세,중상
2017030200100055,2017년 3월 2일 03시,목요일,대구광역시 서구 내당동,부상신고사고,0,0,0,1,차량단독 - 공작물충돌,안전운전불이행,젖음/습기,비,교차로 - 교차로부근,승용,남,46세,부상신고,,,,
2017030200100073,2017년 3월 2일 05시,목요일,대구광역시 수성구 신매동,경상사고,0,0,1,0,차대차 - 추돌,신호위반,젖음/습기,흐림,교차로 - 교차로안,승용,남,56세,상해없음,승용,여,50세,경상
2017030200100094,2017년 3월 2일 06시,목요일,대구광역시 동구 지저동,경상사고,0,0,1,0,차대차 - 기타,교차로운행방법위반,건조,맑음,단일로 - 기타,승용,남,39세,상해없음,자전거,여,55세,경상
2017030200100095,2017년 3월 2일 06시,목요일,대구광역시 달성군 현풍면,중상사고,0,1,0,0,차대차 - 측면충돌,안전운전불이행,건조,맑음,교차로 - 교차로횡단보도내,승용,남,65세,상해없음,자전거,여,18세,중상
2017030200100160,2017년 3월 2일 09시,목요일,대구광역시 서구 비산동,경상사고,0,0,1,0,차대차 - 측면충돌,교차로운행방법위반,건조,맑음,교차로 - 교차로안,승용,남,25세,상해없음,자전거,여,74세,경상
2017030200100174,2017년 3월 2일 10시,목요일,대구광역시 동구 신천동,경상사고,0,0,1,0,차대사람 - 횡단중,안전운전불이행,건조,맑음,주차장 - 주차장,화물,남,40세,상해없음,보행자,여,56세,경상
2017030200100175,2017년 3월 2일 10시,목요일,대구광역시 달서구 감삼동,경상사고,0,0,1,0,차대사람 - 횡단중,안전운전불이행,건조,맑음,단일로 - 기타,승용,남,32세,상해없음,보행자,여,29세,경상
2017030200100194,2017년 3월 2일 11시,목요일,대구광역시 달서구 송현동,경상사고,0,0,2,0,차대차 - 측면충돌,안전운전불이행,건조,맑음,단일로 - 기타,승용,여,62세,상해없음,승용,여,35세,경상
2017030200100220,2017년 3월 2일 12시,목요일,대구광역시 달서구 장기동,중상사고,0,1,0,0,차대사람 - 보도통행중,안전운전불이행,건조,맑음,단일로 - 기타,승용,남,64세,상해없음,보행자,여,65세,중상
2017030200100254,2017년 3월 2일 13시,목요일,대구광역시 동구 신천동,중상사고,0,1,0,0,차대차 - 측면충돌,안전거리미확보,건조,맑음,단일로 - 기타,승용,남,74세,상해없음,이륜,남,51세,중상
2017030200100255,2017년 3월 2일 13시,목요일,대구광역시 북구 태전동,중상사고,0,1,0,0,차대차 - 측면충돌,직진우회전진행방해,건조,맑음,교차로 - 교차로안,승용,여,46세,상해없음,이륜,여,42세,중상
2017030200100285,2017년 3월 2일 14시,목요일,대구광역시 달서구 용산동,중상사고,0,1,0,0,차대사람 - 횡단중,신호위반,건조,맑음,교차로 - 교차로부근,이륜,남,16세,상해없음,보행자,여,9세,중상
2017030200100309,2017년 3월 2일 15시,목요일,대구광역시 동구 신천동,경상사고,0,0,4,0,차대차 - 정면충돌,안전거리미확보,건조,맑음,단일로 - 기타,승용,남,61세,상해없음,승용,남,19세,경상
2017030200100310,2017년 3월 2일 15시,목요일,대구광역시 수성구 범물동,중상사고,0,1,0,0,차대사람 - 횡단중,교차로운행방법위반,건조,맑음,교차로 - 교차로부근,승합,남,61세,상해없음,보행자,남,53세,중상
2017030200100311,2017년 3월 2일 15시,목요일,대구광역시 북구 침산동,경상사고,0,0,1,0,차대사람 - 횡단중,보행자보호의무위반,건조,맑음,단일로 - 기타,승용,남,36세,상해없음,보행자,남,8세,경상
2017030200100312,2017년 3월 2일 15시,목요일,대구광역시 달서구 두류동,경상사고,0,0,1,0,차대차 - 추돌,안전운전불이행,건조,맑음,단일로 - 기타,자전거,남,12세,경상,승용,남,66세,상해없음
2017030200100313,2017년 3월 2일 15시,목요일,대구광역시 달서구 죽전동,경상사고,0,0,1,0,차대차 - 추돌,안전운전불이행,건조,맑음,단일로 - 기타,원동기,남,35세,경상,승용,여,37세,상해없음
2017030200100367,2017년 3월 2일 17시,목요일,대구광역시 수성구 범어동,중상사고,0,1,0,0,차대차 - 측면충돌,교차로운행방법위반,건조,맑음,교차로 - 교차로안,승용,여,52세,상해없음,이륜,남,22세,중상
2017030200100427,2017년 3월 2일 19시,목요일,대구광역시 달서구 호산동,경상사고,0,0,2,0,차대차 - 측면충돌,교차로운행방법위반,건조,맑음,교차로 - 교차로안,승용,여,59세,경상,승용,남,33세,경상
2017030200100428,2017년 3월 2일 19시,목요일,대구광역시 북구 구암동,중상사고,0,1,0,0,차대차 - 측면충돌,교차로운행방법위반,건조,맑음,교차로 - 교차로안,승용,남,27세,상해없음,이륜,남,52세,중상
2017030200100429,2017년 3월 2일 19시,목요일,대구광역시 북구 동천동,경상사고,0,0,3,0,차대차 - 추돌,안전운전불이행,건조,맑음,단일로 - 기타,승합,남,59세,상해없음,승용,여,42세,경상
2017030200100459,2017년 3월 2일 20시,목요일,대구광역시 북구 서변동,경상사고,0,0,2,0,차대차 - 측면충돌,안전운전불이행,건조,맑음,교차로 - 교차로안,승용,여,47세,상해없음,이륜,남,17세,경상
2017030200100486,2017년 3월 2일 21시,목요일,대구광역시 수성구 만촌동,중상사고,0,1,0,0,차대사람 - 횡단중,신호위반,건조,맑음,교차로 - 교차로횡단보도내,승용,남,47세,상해없음,보행자,여,22세,중상
2017030200100487,2017년 3월 2일 21시,목요일,대구광역시 달서구 진천동,경상사고,0,0,1,0,차대차 - 추돌,안전운전불이행,건조,맑음,단일로 - 기타,승용,남,35세,상해없음,승용,남,47세,경상
2017030200100512,2017년 3월 2일 22시,목요일,대구광역시 서구 내당동,경상사고,0,0,2,0,차대차 - 추돌,안전운전불이행,건조,맑음,단일로 - 기타,승용,남,23세,상해없음,승용,남,56세,경상
2017030200100539,2017년 3월 2일 23시,목요일,대구광역시 동구 효목동,경상사고,0,0,1,0,차대차 - 측면충돌,안전운전불이행,건조,맑음,교차로 - 교차로안,기타불명,기타불명,미분류,기타불명,승용,남,47세,경상
2017030300100030,2017년 3월 3일 00시,금요일,대구광역시 달서구 상인동,중상사고,0,1,0,0,차대사람 - 횡단중,안전운전불이행,건조,맑음,단일로 - 기타,승용,남,24세,상해없음,보행자,남,28세,중상
2017030300100031,2017년 3월 3일 00시,금요일,대구광역시 북구 태전동,중상사고,0,2,0,0,차대차 - 추돌,안전운전불이행,건조,맑음,단일로 - 기타,승용,여,48세,상해없음,승용,남,31세,중상
2017030300100068,2017년 3월 3일 05시,금요일,대구광역시 북구 국우동,경상사고,0,0,1,0,차대차 - 측면충돌,안전운전불이행,건조,맑음,교차로 - 교차로안,승용,남,56세,상해없음,승용,여,39세,경상
2017030300100085,2017년 3월 3일 06시,금요일,대구광역시 동구 신암동,중상사고,0,1,0,0,차대사람 - 횡단중,안전운전불이행,건조,맑음,단일로 - 기타,승용,남,61세,상해없음,보행자,여,69세,중상
2017030300100120,2017년 3월 3일 07시,금요일,대구광역시 서구 평리동,경상사고,0,0,1,0,차대차 - 측면충돌,안전거리미확보,건조,맑음,교차로 - 교차로부근,승용,여,56세,상해없음,이륜,남,58세,경상
2017030300100151,2017년 3월 3일 08시,금요일,대구광역시 북구 침산동,중상사고,0,1,2,0,차대차 - 추돌,안전거리미확보,건조,맑음,단일로 - 기타,승용,남,24세,중상,승용,남,62세,상해없음
2017030300100152,2017년 3월 3일 08시,금요일,대구광역시 달서구 죽전동,경상사고,0,0,2,0,차대차 - 추돌,안전운전불이행,건조,맑음,단일로 - 기타,승용,남,54세,상해없음,승용,여,41세,경상
2017030300100185,2017년 3월 3일 09시,금요일,대구광역시 동구 신서동,중상사고,0,1,0,0,차대차 - 측면충돌,교차로운행방법위반,건조,맑음,교차로 - 교차로안,승용,여,34세,상해없음,자전거,남,73세,중상
2017030300100186,2017년 3월 3일 09시,금요일,대구광역시 달서구 감삼동,경상사고,0,0,2,0,차대차 - 측면충돌,안전운전불이행,건조,맑음,교차로 - 교차로부근,승용,남,37세,상해없음,승용,여,60세,경상
2017030300100214,2017년 3월 3일 10시,금요일,대구광역시 동구 율하동,경상사고,0,0,1,0,차대차 - 정면충돌,차로위반,건조,맑음,단일로 - 기타,승용,남,32세,상해없음,승용,남,53세,경상