사고번호,사고일시,요일,시군구,사고내용,사망자수,중상자수,경상자수,부상신고자수,사고유형,법규위반,노면상태,기상상태,도로형태,가해운전자 차종,가해운전자 성별,가해운전자 연령,가해운전자 상해정도,피해운전자 차종,피해운전자 성별,피해운전자 연령,피해운전자 상해정도
2017030300100215,2017년 3월 3일 10시,금요일,대구광역시 수성구 파동,사망사고,1,0,0,0,차대사람 - 횡단중,안전운전불이행,건조,맑음,교차로 - 교차로부근,건설기계,남,64세,상해없음,보행자,여,80세,사망
2017030300100216,2017년 3월 3일 10시,금요일,대구광역시 수성구 파동,경상사고,0,0,1,0,차대차 - 추돌,안전운전불이행,건조,맑음,단일로 - 기타,승용,여,32세,상해없음,승용,남,69세,경상
2017030300100239,2017년 3월 3일 11시,금요일,대구광역시 북구 노원동3가,중상사고,0,1,0,0,차대차 - 측면충돌,안전거리미확보,건조,맑음,단일로 - 기타,이륜,남,65세,중상,화물,남,64세,상해없음
2017030300100240,2017년 3월 3일 11시,금요일,대구광역시 중구 삼덕동2가,중상사고,0,1,2,1,차대차 - 측면충돌,안전운전불이행,건조,맑음,단일로 - 기타,승합,남,47세,상해없음,승용,여,60세,경상
2017030300100241,2017년 3월 3일 11시,금요일,대구광역시 중구 삼덕동2가,경상사고,0,0,2,0,차대차 - 측면충돌,직진우회전진행방해,건조,맑음,교차로 - 교차로안,승용,남,59세,상해없음,승용,여,39세,경상
2017030300100273,2017년 3월 3일 12시,금요일,대구광역시 남구 대명동,중상사고,0,1,0,0,차대차 - 측면충돌,신호위반,건조,맑음,단일로 - 기타,승용,여,28세,상해없음,이륜,남,26세,중상
2017030300100274,2017년 3월 3일 12시,금요일,대구광역시 서구 평리동,경상사고,0,0,1,0,차대사람 - 길가장자리구역통행중,안전운전불이행,건조,맑음,단일로 - 기타,기타불명,기타불명,미분류,기타불명,보행자,남,47세,경상
2017030300100275,2017년 3월 3일 12시,금요일,대구광역시 북구 구암동,중상사고,0,1,0,0,차대차 - 기타,안전운전불이행,건조,맑음,단일로 - 기타,기타불명,기타불명,미분류,기타불명,자전거,여,79세,중상
2017030300100307,2017년 3월 3일 13시,금요일,대구광역시 수성구 지산동,중상사고,0,1,0,0,차대차 - 정면충돌,안전운전불이행,건조,맑음,단일로 - 기타,기타불명,기타불명,미분류,기타불명,승용,남,48세,중상
2017030300100308,2017년 3월 3일 13시,금요일,대구광역시 북구 고성동3가,경상사고,0,0,1,0,차대차 - 측면충돌,안전거리미확보,건조,맑음,단일로 - 기타,승용,여,62세,상해없음,승용,남,68세,경상
2017030300100340,2017년 3월 3일 14시,금요일,대구광역시 수성구 시지동,경상사고,0,0,1,0,차대차 - 추돌,안전거리미확보,건조,맑음,단일로 - 기타,승용,여,55세,상해없음,승용,남,49세,경상
2017030300100401,2017년 3월 3일 16시,금요일,대구광역시 달서구 이곡동,경상사고,0,0,2,0,차대차 - 측면충돌,차로위반,건조,맑음,단일로 - 기타,승합,남,61세,상해없음,승용,남,19세,경상
2017030300100438,2017년 3월 3일 17시,금요일,대구광역시 남구 봉덕동,중상사고,0,1,0,0,차대사람 - 횡단중,안전운전불이행,건조,맑음,교차로 - 교차로안,이륜,남,25세,상해없음,보행자,남,10세,중상
2017030300100439,2017년 3월 3일 17시,금요일,대구광역시 수성구 범어동,경상사고,0,0,1,0,차대차 - 추돌,안전거리미확보,건조,맑음,단일로 - 기타,승용,남,52세,상해없음,승용,여,41세,경상
2017030300100485,2017년 3월 3일 18시,금요일,대구광역시 달서구 송현동,경상사고,0,0,2,0,차대차 - 추돌,안전거리미확보,건조,맑음,교차로 - 교차로안,승용,남,49세,상해없음,승용,남,41세,경상
2017030300100486,2017년 3월 3일 18시,금요일,대구광역시 달서구 두류동,경상사고,0,0,1,0,차대사람 - 차도통행중,안전운전불이행,건조,맑음,단일로 - 기타,개인형이동수단(PM),남,23세,상해없음,보행자,여,22세,경상
2017030300100487,2017년 3월 3일 18시,금요일,대구광역시 북구 읍내동,중상사고,0,1,1,0,차대차 - 측면충돌,직진우회전진행방해,건조,맑음,교차로 - 교차로안,이륜,남,17세,경상,자전거,남,12세,중상
2017030300100528,2017년 3월 3일 19시,금요일,대구광역시 수성구 신매동,중상사고,0,1,0,0,차대차 - 측면충돌,안전거리미확보,건조,맑음,단일로 - 기타,승용,남,48세,상해없음,승용,남,18세,중상
2017030300100529,2017년 3월 3일 19시,금요일,대구광역시 북구 노원동3가,경상사고,0,0,1,0,차대차 - 측면충돌,차로위반,건조,맑음,교차로 - 교차로부근,승용,남,49세,상해없음,자전거,남,18세,경상
2017030300100530,2017년 3월 3일 19시,금요일,대구광역시 중구 서문로1가,경상사고,0,0,1,0,차량단독 - 기타,기타,건조,맑음,단일로 - 기타,승합,남,59세,상해없음,,,,
2017030300100531,2017년 3월 3일 19시,금요일,대구광역시 달서구 호산동,중상사고,0,1,0,0,차대사람 - 횡단중,안전운전불이행,건조,맑음,기타 - 기타,승용,남,50세,상해없음,보행자,여,52세,중상
2017030300100553,2017년 3월 3일 20시,금요일,대구광역시 동구 검사동,중상사고,0,1,0,0,차대차 - 기타,안전운전불이행,건조,맑음,단일로 - 기타,승용,여,48세,상해없음,자전거,여,52세,중상
2017030300100554,2017년 3월 3일 20시,금요일,대구광역시 수성구 황금동,경상사고,0,0,1,0,차대사람 - 차도통행중,안전운전불이행,건조,맑음,교차로 - 교차로부근,승용,남,24세,상해없음,보행자,여,58세,경상
2017030300100579,2017년 3월 3일 21시,금요일,대구광역시 동구 신천동,중상사고,0,1,3,0,차대차 - 측면충돌,신호위반,건조,맑음,교차로 - 교차로안,승용,여,29세,상해없음,승용,남,60세,중상
2017030300100580,2017년 3월 3일 21시,금요일,대구광역시 달성군 다사읍,경상사고,0,0,1,1,차대차 - 정면충돌,신호위반,건조,맑음,교차로 - 교차로안,이륜,남,22세,부상신고,승용,남,46세,경상
2017030300100581,2017년 3월 3일 21시,금요일,대구광역시 북구 칠성동2가,경상사고,0,0,1,0,차대사람 - 횡단중,기타,건조,맑음,단일로 - 기타,승용,남,73세,상해없음,보행자,남,25세,경상
2017030300100582,2017년 3월 3일 21시,금요일,대구광역시 중구 남산동,경상사고,0,0,1,0,차대차 - 기타,안전거리미확보,건조,맑음,단일로 - 기타,승용,남,63세,상해없음,이륜,남,18세,경상
2017030300100583,2017년 3월 3일 21시,금요일,대구광역시 북구 태전동,경상사고,0,0,1,0,차대차 - 측면충돌,안전운전불이행,건조,맑음,교차로 - 교차로안,이륜,남,17세,경상,승용,남,27세,상해없음
2017030300100603,2017년 3월 3일 22시,금요일,대구광역시 동구 각산동,중상사고,0,1,0,0,차대차 - 정면충돌,안전운전불이행,건조,맑음,단일로 - 기타,승용,남,35세,상해없음,승용,남,51세,중상
2017030300100604,2017년 3월 3일 22시,금요일,대구광역시 동구 신천동,경상사고,0,0,1,0,차대차 - 측면충돌,직진우회전진행방해,건조,맑음,교차로 - 교차로안,승용,여,24세,상해없음,이륜,남,26세,경상
2017030300100625,2017년 3월 3일 23시,금요일,대구광역시 달서구 월성동,경상사고,0,0,1,0,차대차 - 측면충돌,안전거리미확보,건조,맑음,교차로 - 교차로부근,승용,여,46세,상해없음,이륜,남,20세,경상
2017030400100020,2017년 3월 4일 00시,토요일,대구광역시 수성구 지산동,경상사고,0,0,1,0,차대차 - 측면충돌,교차로운행방법위반,건조,맑음,교차로 - 교차로안,승용,남,55세,상해없음,승용,남,48세,경상
2017030400100021,2017년 3월 4일 00시,토요일,대구광역시 북구 복현동,경상사고,0,0,1,0,차대사람 - 횡단중,안전운전불이행,건조,맑음,교차로 - 교차로부근,승용,여,49세,상해없음,보행자,여,23세,경상
2017030400100045,2017년 3월 4일 01시,토요일,대구광역시 달성군 화원읍,경상사고,0,0,1,0,차대차 - 추돌,안전운전불이행,건조,맑음,기타 - 기타,화물,남,49세,상해없음,화물,남,39세,경상
2017030400100046,2017년 3월 4일 01시,토요일,대구광역시 동구 율하동,중상사고,0,1,0,0,차대차 - 측면충돌,신호위반,건조,맑음,교차로 - 교차로안,승용,남,31세,상해없음,승용,여,53세,중상
2017030400100047,2017년 3월 4일 01시,토요일,대구광역시 달서구 상인동,부상신고사고,0,0,0,1,차대사람 - 횡단중,안전운전불이행,건조,맑음,단일로 - 기타,승용,남,28세,상해없음,보행자,남,22세,부상신고
2017030400100075,2017년 3월 4일 03시,토요일,대구광역시 북구 침산동,중상사고,0,1,0,0,차량단독 - 공작물충돌,안전운전불이행,건조,맑음,교차로 - 교차로부근,승용,남,25세,중상,,,,
2017030400100092,2017년 3월 4일 05시,토요일,대구광역시 서구 내당동,경상사고,0,0,1,0,차대차 - 측면충돌,신호위반,건조,맑음,교차로 - 교차로안,승용,남,17세,상해없음,승용,남,47세,경상
2017030400100124,2017년 3월 4일 07시,토요일,대구광역시 달성군 화원읍,경상사고,0,0,2,0,차대차 - 정면충돌,신호위반,건조,맑음,교차로 - 교차로안,승용,여,50세,상해없음,승용,여,42세,경상
2017030400100141,2017년 3월 4일 08시,토요일,대구광역시 수성구 두산동,중상사고,0,1,0,0,차대차 - 정면충돌,안전운전불이행,건조,맑음,단일로 - 기타,승용,남,72세,상해없음,이륜,남,28세,중상
2017030400100142,2017년 3월 4일 08시,토요일,대구광역시 달성군 유가면,중상사고,0,1,0,0,차대차 - 측면충돌,안전운전불이행,건조,맑음,교차로 - 교차로안,승용,남,37세,상해없음,승용,여,43세,중상
2017030400100143,2017년 3월 4일 08시,토요일,대구광역시 북구 태전동,경상사고,0,0,1,1,차대차 - 측면충돌,안전운전불이행,건조,맑음,단일로 - 기타,승합,남,54세,부상신고,승용,남,46세,경상
2017030400100164,2017년 3월 4일 09시,토요일,대구광역시 남구 봉덕동,중상사고,0,1,0,0,차대사람 - 길가장자리구역통행중,안전운전불이행,건조,맑음,단일로 - 기타,기타불명,기타불명,미분류,기타불명,보행자,남,22세,중상
2017030400100190,2017년 3월 4일 10시,토요일,대구광역시 달서구 본동,경상사고,0,0,1,0,차대차 - 기타,신호위반,건조,맑음,교차로 - 교차로안,승용,여,35세,상해없음,승합,남,54세,상해없음
2017030400100191,2017년 3월 4일 10시,토요일,대구광역시 중구 태평로1가,중상사고,0,1,0,0,차대사람 - 횡단중,안전운전불이행,건조,맑음,단일로 - 기타,승용,여,60세,상해없음,보행자,여,72세,중상
2017030400100266,2017년 3월 4일 12시,토요일,대구광역시 달서구 본동,경상사고,0,0,3,0,차대차 - 추돌,안전운전불이행,건조,맑음,교차로 - 교차로안,승용,여,41세,상해없음,승용,여,36세,경상
2017030400100267,2017년 3월 4일 12시,토요일,대구광역시 달서구 두류동,경상사고,0,0,1,0,차대차 - 측면충돌,안전운전불이행,건조,맑음,단일로 - 기타,승용,남,43세,상해없음,이륜,남,45세,경상
2017030400100268,2017년 3월 4일 12시,토요일,대구광역시 달서구 파호동,중상사고,0,1,1,1,차대차 - 측면충돌,안전운전불이행,건조,맑음,교차로 - 교차로안,승용,남,21세,부상신고,화물,남,58세,경상
2017030400100301,2017년 3월 4일 13시,토요일,대구광역시 북구 관음동,중상사고,0,1,0,0,차대차 - 기타,안전거리미확보,건조,맑음,단일로 - 기타,승용,남,74세,상해없음,승합,남,42세,상해없음
2017030400100360,2017년 3월 4일 15시,토요일,대구광역시 남구 대명동,중상사고,0,1,0,0,차대차 - 측면충돌,안전운전불이행,건조,맑음,단일로 - 기타,승용,여,68세,상해없음,이륜,남,33세,중상
2017030400100386,2017년 3월 4일 16시,토요일,대구광역시 남구 대명동,중상사고,0,1,0,0,차대사람 - 기타,안전운전불이행,건조,맑음,단일로 - 기타,승합,남,54세,상해없음,보행자,여,83세,중상
2017030400100387,2017년 3월 4일 16시,토요일,대구광역시 달서구 상인동,경상사고,0,0,1,0,차대차 - 측면충돌,안전거리미확보,건조,맑음,단일로 - 기타,승용,여,48세,상해없음,승용,남,35세,경상
2017030400100388,2017년 3월 4일 16시,토요일,대구광역시 북구 구암동,경상사고,0,0,1,0,차대차 - 측면충돌,안전운전불이행,건조,맑음,단일로 - 기타,승용,남,47세,상해없음,원동기,남,17세,경상
2017030400100416,2017년 3월 4일 17시,토요일,대구광역시 수성구 지산동,경상사고,0,0,1,0,차대사람 - 횡단중,안전운전불이행,건조,맑음,단일로 - 기타,승용,남,34세,상해없음,보행자,남,30세,경상
2017030400100417,2017년 3월 4일 17시,토요일,대구광역시 달서구 월암동,경상사고,0,0,1,0,차대차 - 추돌,안전운전불이행,건조,맑음,교차로 - 교차로부근,이륜,남,70세,경상,승용,여,58세,상해없음
2017030400100437,2017년 3월 4일 18시,토요일,대구광역시 수성구 범물동,중상사고,0,1,0,0,차대사람 - 횡단중,보행자보호의무위반,건조,맑음,단일로 - 기타,승용,남,62세,상해없음,보행자,여,52세,중상
2017030400100469,2017년 3월 4일 19시,토요일,대구광역시 달서구 본리동,경상사고,0,0,1,0,차대차 - 측면충돌,안전운전불이행,건조,맑음,단일로 - 기타,승용,남,40세,상해없음,승용,남,32세,경상
2017030400100470,2017년 3월 4일 19시,토요일,대구광역시 달서구 도원동,중상사고,0,1,0,0,차대사람 - 횡단중,안전운전불이행,건조,맑음,단일로 - 기타,승용,남,57세,상해없음,보행자,여,68세,중상
2017030400100491,2017년 3월 4일 20시,토요일,대구광역시 수성구 황금동,중상사고,0,1,1,0,차대차 - 정면충돌,안전거리미확보,건조,맑음,교차로 - 교차로부근,승용,여,56세,상해없음,승용,여,57세,중상
2017030400100492,2017년 3월 4일 20시,토요일,대구광역시 달서구 도원동,중상사고,0,1,0,0,차대차 - 측면충돌,안전운전불이행,건조,맑음,교차로 - 교차로안,승용,여,43세,상해없음,자전거,남,57세,중상
2017030400100509,2017년 3월 4일 21시,토요일,대구광역시 달성군 옥포면,중상사고,0,1,0,0,차대차 - 정면충돌,안전거리미확보,건조,맑음,단일로 - 기타,승용,남,28세,상해없음,이륜,남,17세,중상
2017030400100531,2017년 3월 4일 22시,토요일,대구광역시 남구 대명동,중상사고,0,1,0,0,차대차 - 측면충돌,신호위반,건조,맑음,교차로 - 교차로안,승용,남,43세,상해없음,이륜,남,28세,상해없음
2017030400100546,2017년 3월 4일 23시,토요일,대구광역시 남구 대명동,부상신고사고,0,0,0,1,차대차 - 측면충돌,교차로운행방법위반,건조,맑음,교차로 - 교차로안,이륜,남,22세,상해없음,승용,남,29세,상해없음
2017030500100024,2017년 3월 5일 00시,일요일,대구광역시 북구 산격동,중상사고,0,2,1,0,차대차 - 측면충돌,신호위반,건조,맑음,교차로 - 교차로안,승용,남,44세,경상,승용,남,43세,중상
2017030500100044,2017년 3월 5일 02시,일요일,대구광역시 서구 내당동,경상사고,0,0,1,0,차대사람 - 횡단중,안전운전불이행,건조,맑음,단일로 - 기타,기타불명,기타불명,미분류,기타불명,보행자,여,23세,경상
2017030500100055,2017년 3월 5일 04시,일요일,대구광역시 중구 덕산동,경상사고,0,0,1,0,차대차 - 측면충돌,신호위반,건조,맑음,교차로 - 교차로안,이륜,기타불명,미분류,기타불명,승용,남,57세,경상
2017030500100059,2017년 3월 5일 05시,일요일,대구광역시 서구 평리동,경상사고,0,0,2,0,차대차 - 추돌,안전운전불이행,건조,맑음,교차로 - 교차로부근,화물,남,26세,상해없음,승용,남,57세,경상
2017030500100099,2017년 3월 5일 09시,일요일,대구광역시 수성구 상동,경상사고,0,0,1,0,차대차 - 기타,신호위반,건조,맑음,교차로 - 교차로안,승용,남,52세,상해없음,승용,남,32세,상해없음
2017030500100129,2017년 3월 5일 11시,일요일,대구광역시 달서구 월암동,경상사고,0,0,1,0,차대차 - 측면충돌,신호위반,건조,맑음,교차로 - 교차로안,승용,남,36세,상해없음,화물,남,53세,경상
2017030500100130,2017년 3월 5일 11시,일요일,대구광역시 북구 침산동,경상사고,0,0,1,0,차대차 - 측면충돌,중앙선침범,건조,맑음,교차로 - 교차로부근,자전거,남,35세,경상,승용,여,37세,상해없음
2017030500100153,2017년 3월 5일 12시,일요일,대구광역시 달성군 현풍면,중상사고,0,1,0,0,차대차 - 정면충돌,안전운전불이행,건조,맑음,단일로 - 기타,승용,남,36세,상해없음,자전거,남,21세,중상
2017030500100181,2017년 3월 5일 13시,일요일,대구광역시 서구 비산동,경상사고,0,0,1,1,차대차 - 측면충돌,안전운전불이행,건조,맑음,단일로 - 기타,이륜,남,33세,부상신고,승용,남,34세,경상
2017030500100203,2017년 3월 5일 14시,일요일,대구광역시 남구 이천동,경상사고,0,0,4,0,차대차 - 추돌,안전거리미확보,건조,맑음,교차로 - 교차로부근,승용,남,61세,상해없음,승용,여,33세,경상
2017030500100227,2017년 3월 5일 15시,일요일,대구광역시 동구 각산동,중상사고,0,1,0,0,차대차 - 측면충돌,안전운전불이행,건조,맑음,단일로 - 기타,자전거,여,11세,중상,승합,남,42세,상해없음
2017030500100228,2017년 3월 5일 15시,일요일,대구광역시 동구 미곡동,중상사고,0,4,3,0,차대차 - 추돌,안전운전불이행,건조,맑음,단일로 - 기타,승용,남,36세,상해없음,승용,남,68세,경상
2017030500100229,2017년 3월 5일 15시,일요일,대구광역시 중구 봉산동,중상사고,0,1,0,0,차대차 - 측면충돌,안전운전불이행,건조,맑음,단일로 - 기타,자전거,남,61세,중상,승용,남,40세,상해없음
2017030500100230,2017년 3월 5일 15시,일요일,대구광역시 달서구 파호동,경상사고,0,0,1,0,차대차 - 추돌,안전거리미확보,건조,맑음,교차로 - 교차로안,승용,여,72세,상해없음,승용,여,53세,경상
2017030500100262,2017년 3월 5일 16시,일요일,대구광역시 달서구 이곡동,경상사고,0,0,3,0,차대차 - 추돌,안전거리미확보,건조,맑음,단일로 - 기타,승용,여,49세,상해없음,승용,남,38세,경상
2017030500100263,2017년 3월 5일 16시,일요일,대구광역시 북구 매천동,경상사고,0,0,1,0,차대사람 - 횡단중,안전운전불이행,건조,맑음,단일로 - 기타,승용,남,48세,상해없음,보행자,여,55세,경상
2017030500100287,2017년 3월 5일 17시,일요일,대구광역시 달서구 월성동,경상사고,0,0,1,0,차대차 - 추돌,안전운전불이행,건조,맑음,단일로 - 기타,승용,남,60세,상해없음,승용,남,41세,경상
2017030500100288,2017년 3월 5일 17시,일요일,대구광역시 중구 남산동,경상사고,0,0,1,0,차대차 - 기타,안전거리미확보,건조,맑음,단일로 - 기타,승용,여,47세,상해없음,승용,남,66세,경상
2017030500100311,2017년 3월 5일 18시,일요일,대구광역시 동구 미곡동,중상사고,0,2,2,0,차대차 - 기타,교차로운행방법위반,건조,맑음,단일로 - 기타,이륜,남,33세,중상,자전거,남,65세,중상
2017030500100312,2017년 3월 5일 18시,일요일,대구광역시 달서구 대곡동,경상사고,0,0,3,0,차대차 - 기타,불법유턴,건조,맑음,교차로 - 교차로횡단보도내,이륜,남,39세,경상,승용,남,28세,경상
2017030500100313,2017년 3월 5일 18시,일요일,대구광역시 북구 노원동2가,중상사고,0,2,0,0,차대사람 - 횡단중,안전운전불이행,건조,맑음,단일로 - 기타,원동기,남,66세,상해없음,보행자,여,72세,중상
2017030500100340,2017년 3월 5일 19시,일요일,대구광역시 수성구 황금동,경상사고,0,0,1,0,차대사람 - 횡단중,안전운전불이행,건조,맑음,단일로 - 기타,승용,남,47세,상해없음,보행자,남,7세,경상
2017030500100378,2017년 3월 5일 20시,일요일,대구광역시 남구 대명동,경상사고,0,0,3,0,차대차 - 측면충돌,차로위반,건조,맑음,단일로 - 기타,승용,여,64세,경상,승용,남,19세,경상
2017030500100379,2017년 3월 5일 20시,일요일,대구광역시 달서구 월성동,중상사고,0,1,0,0,차대차 - 기타,안전운전불이행,건조,맑음,교차로 - 교차로횡단보도내,승용,남,34세,상해없음,자전거,남,26세,중상
2017030500100380,2017년 3월 5일 20시,일요일,대구광역시 달성군 현풍면,중상사고,0,1,0,0,차대차 - 측면충돌,직진우회전진행방해,건조,맑음,교차로 - 교차로안,승합,남,49세,상해없음,승용,남,58세,중상
2017030500100438,2017년 3월 5일 23시,일요일,대구광역시 달서구 감삼동,경상사고,0,0,2,0,차대차 - 측면충돌,안전운전불이행,건조,맑음,교차로 - 교차로부근,원동기,남,46세,경상,자전거,남,53세,경상
2017030600100039,2017년 3월 6일 03시,월요일,대구광역시 중구 대봉동,경상사고,0,0,3,0,차대차 - 추돌,안전운전불이행,건조,맑음,교차로 - 교차로부근,승용,남,73세,상해없음,승용,남,58세,기타불명
2017030600100050,2017년 3월 6일 05시,월요일,대구광역시 북구 침산동,경상사고,0,0,1,0,차대차 - 측면충돌,과속,건조,맑음,단일로 - 기타,승용,남,32세,경상,승합,남,51세,상해없음
2017030600100069,2017년 3월 6일 06시,월요일,대구광역시 동구 진인동,중상사고,0,1,0,0,차대사람 - 횡단중,안전운전불이행,건조,맑음,교차로 - 교차로안,기타불명,기타불명,미분류,기타불명,보행자,여,70세,중상
2017030600100090,2017년 3월 6일 07시,월요일,대구광역시 동구 신암동,중상사고,0,1,0,0,차대차 - 추돌,안전운전불이행,건조,맑음,단일로 - 기타,승용,남,62세,상해없음,승용,남,62세,상해없음
2017030600100091,2017년 3월 6일 07시,월요일,대구광역시 수성구 만촌동,중상사고,0,1,0,0,차대차 - 추돌,신호위반,건조,맑음,교차로 - 교차로안,승합,남,37세,상해없음,승용,남,54세,중상
2017030600100092,2017년 3월 6일 07시,월요일,대구광역시 달서구 월암동,경상사고,0,0,1,0,차대사람 - 횡단중,보행자보호의무위반,건조,맑음,교차로 - 교차로안,승용,남,34세,상해없음,보행자,남,58세,경상
2017030600100128,2017년 3월 6일 08시,월요일,대구광역시 남구 대명동,경상사고,0,0,2,0,차대차 - 측면충돌,불법유턴,건조,맑음,기타 - 기타,원동기,남,87세,상해없음,승용,남,52세,경상
2017030600100129,2017년 3월 6일 08시,월요일,대구광역시 동구 신천동,경상사고,0,0,1,0,차대차 - 측면충돌,안전운전불이행,건조,맑음,단일로 - 기타,승용,남,59세,상해없음,승용,남,27세,경상
2017030600100130,2017년 3월 6일 08시,월요일,대구광역시 동구 신천동,경상사고,0,0,4,0,차대차 - 정면충돌,안전거리미확보,건조,맑음,단일로 - 기타,승용,남,58세,상해없음,승용,남,31세,경상
2017030600100131,2017년 3월 6일 08시,월요일,대구광역시 북구 동호동,경상사고,0,0,1,0,차대차 - 측면충돌,안전운전불이행,건조,맑음,단일로 - 기타,승용,여,57세,상해없음,화물,남,50세,경상
2017030600100156,2017년 3월 6일 09시,월요일,대구광역시 서구 내당동,경상사고,0,0,1,0,차대차 - 측면충돌,안전운전불이행,건조,맑음,교차로 - 교차로부근,승합,남,71세,상해없음,승용,여,46세,경상
2017030600100190,2017년 3월 6일 10시,월요일,대구광역시 동구 검사동,경상사고,0,0,1,0,차대차 - 측면충돌,안전거리미확보,건조,맑음,단일로 - 기타,승용,남,56세,상해없음,이륜,남,53세,경상
2017030600100191,2017년 3월 6일 10시,월요일,대구광역시 중구 계산동2가,경상사고,0,0,2,0,차대차 - 추돌,안전운전불이행,건조,맑음,교차로 - 교차로부근,승용,남,55세,상해없음,승용,남,34세,경상
2017030600100192,2017년 3월 6일 10시,월요일,대구광역시 북구 관음동,중상사고,0,1,0,0,차대차 - 측면충돌,안전운전불이행,건조,맑음,기타 - 기타,자전거,남,76세,중상,승용,남,68세,상해없음
2017030600100220,2017년 3월 6일 11시,월요일,대구광역시 동구 신천동,경상사고,0,0,1,0,차대차 - 측면충돌,교차로운행방법위반,건조,맑음,교차로 - 교차로안,화물,남,74세,상해없음,승합,남,55세,상해없음
2017030600100221,2017년 3월 6일 11시,월요일,대구광역시 서구 내당동,중상사고,0,1,0,0,차대사람 - 횡단중,신호위반,건조,맑음,교차로 - 교차로부근,승합,남,42세,상해없음,보행자,여,83세,중상
2017030600100279,2017년 3월 6일 13시,월요일,대구광역시 달성군 논공읍,부상신고사고,0,0,0,1,차대차 - 정면충돌,안전운전불이행,건조,맑음,교차로 - 교차로횡단보도내,이륜,남,27세,부상신고,승용,여,37세,상해없음
2017030600100280,2017년 3월 6일 13시,월요일,대구광역시 북구 산격동,경상사고,0,0,1,0,차대차 - 기타,차로위반,건조,맑음,교차로 - 교차로부근,승용,여,38세,상해없음,승합,여,44세,상해없음
2017030600100281,2017년 3월 6일 13시,월요일,대구광역시 서구 내당동,경상사고,0,0,2,0,차대차 - 측면충돌,안전운전불이행,건조,맑음,단일로 - 기타,화물,남,63세,상해없음,승용,여,51세,경상
2017030600100282,2017년 3월 6일 13시,월요일,대구광역시 달서구 호림동,경상사고,0,0,2,0,차대차 - 측면충돌,안전운전불이행,건조,맑음,단일로 - 기타,이륜,남,55세,경상,승용,여,31세,경상
2017030600100306,2017년 3월 6일 14시,월요일,대구광역시 수성구 지산동,중상사고,0,1,0,0,차대사람 - 횡단중,안전운전불이행,건조,맑음,교차로 - 교차로안,승용,여,60세,상해없음,보행자,남,9세,중상
2017030600100330,2017년 3월 6일 15시,월요일,대구광역시 달성군 현풍면,부상신고사고,0,0,0,1,차대사람 - 횡단중,안전운전불이행,건조,맑음,단일로 - 기타,승용,남,58세,상해없음,보행자,남,44세,부상신고
2017030600100366,2017년 3월 6일 16시,월요일,대구광역시 수성구 황금동,중상사고,0,1,0,0,차대사람 - 횡단중,안전운전불이행,건조,맑음,단일로 - 기타,승용,남,45세,상해없음,보행자,남,7세,중상
2017030600100367,2017년 3월 6일 16시,월요일,대구광역시 수성구 수성동4가,경상사고,0,0,1,0,차대차 - 정면충돌,안전운전불이행,건조,맑음,단일로 - 기타,승용,남,34세,상해없음,자전거,남,60세,경상
2017030600100368,2017년 3월 6일 16시,월요일,대구광역시 수성구 만촌동,중상사고,0,1,0,0,차대사람 - 기타,기타,건조,맑음,단일로 - 기타,승합,남,55세,상해없음,보행자,여,82세,중상
2017030600100369,2017년 3월 6일 16시,월요일,대구광역시 달성군 구지면,경상사고,0,0,1,1,차대차 - 정면충돌,교차로운행방법위반,건조,맑음,교차로 - 교차로안,승용,남,45세,상해없음,승용,남,54세,부상신고
2017030600100400,2017년 3월 6일 17시,월요일,대구광역시 북구 노원동2가,경상사고,0,0,1,0,차대차 - 측면충돌,안전운전불이행,건조,맑음,단일로 - 기타,자전거,여,51세,경상,승용,여,54세,상해없음
2017030600100401,2017년 3월 6일 17시,월요일,대구광역시 서구 평리동,경상사고,0,0,3,0,차대차 - 측면충돌,안전운전불이행,건조,맑음,단일로 - 기타,승용,남,77세,상해없음,승용,남,33세,상해없음
2017030600100433,2017년 3월 6일 18시,월요일,대구광역시 수성구 범어동,경상사고,0,0,1,0,차대차 - 측면충돌,교차로운행방법위반,건조,맑음,교차로 - 교차로안,승용,여,50세,상해없음,승용,남,64세,경상
2017030600100434,2017년 3월 6일 18시,월요일,대구광역시 수성구 신매동,경상사고,0,0,1,0,차대사람 - 횡단중,안전운전불이행,건조,맑음,단일로 - 기타,기타불명,기타불명,미분류,기타불명,보행자,여,13세,경상
2017030600100470,2017년 3월 6일 19시,월요일,대구광역시 동구 신암동,중상사고,0,1,0,0,차대사람 - 횡단중,안전운전불이행,건조,맑음,단일로 - 기타,승용,남,49세,상해없음,보행자,남,64세,중상
2017030600100471,2017년 3월 6일 19시,월요일,대구광역시 달서구 두류동,경상사고,0,0,1,0,차대사람 - 횡단중,보행자보호의무위반,건조,맑음,단일로 - 기타,승합,남,23세,상해없음,보행자,남,47세,경상
2017030600100472,2017년 3월 6일 19시,월요일,대구광역시 북구 태전동,경상사고,0,0,1,0,차대차 - 측면충돌,신호위반,건조,맑음,단일로 - 기타,이륜,기타불명,미분류,기타불명,자전거,남,58세,경상
2017030600100529,2017년 3월 6일 21시,월요일,대구광역시 동구 용계동,경상사고,0,0,1,0,차대차 - 추돌,안전운전불이행,건조,맑음,단일로 - 기타,승용,남,40세,상해없음,승용,남,26세,경상
2017030600100549,2017년 3월 6일 22시,월요일,대구광역시 달서구 신당동,중상사고,0,1,0,0,차대사람 - 횡단중,안전운전불이행,건조,맑음,단일로 - 기타,승용,남,66세,상해없음,보행자,남,22세,중상