사고번호,사고일시,요일,시군구,사고내용,사망자수,중상자수,경상자수,부상신고자수,사고유형,법규위반,노면상태,기상상태,도로형태,가해운전자 차종,가해운전자 성별,가해운전자 연령,가해운전자 상해정도,피해운전자 차종,피해운전자 성별,피해운전자 연령,피해운전자 상해정도
2017031000100413,2017년 3월 10일 17시,금요일,대구광역시 북구 대현동,중상사고,0,1,0,0,차대차 - 추돌,안전운전불이행,건조,맑음,단일로 - 기타,화물,남,45세,상해없음,승용,남,39세,상해없음
2017031000100414,2017년 3월 10일 17시,금요일,대구광역시 중구 남산동,경상사고,0,0,1,0,차대차 - 측면충돌,안전거리미확보,건조,맑음,단일로 - 기타,승용,여,52세,상해없음,이륜,남,20세,경상
2017031000100415,2017년 3월 10일 17시,금요일,대구광역시 북구 태전동,중상사고,0,1,0,0,차대차 - 기타,안전운전불이행,건조,맑음,단일로 - 기타,승용,여,24세,상해없음,승합,남,36세,상해없음
2017031000100416,2017년 3월 10일 17시,금요일,대구광역시 북구 태전동,경상사고,0,0,3,0,차대차 - 기타,기타,건조,맑음,교차로 - 교차로부근,승용,남,56세,상해없음,승용,남,20세,경상
2017031000100460,2017년 3월 10일 18시,금요일,대구광역시 달서구 상인동,경상사고,0,0,1,0,차대차 - 측면충돌,직진우회전진행방해,건조,맑음,교차로 - 교차로안,승용,남,45세,상해없음,승용,여,33세,경상
2017031000100461,2017년 3월 10일 18시,금요일,대구광역시 서구 내당동,경상사고,0,0,4,0,차대차 - 측면충돌,안전운전불이행,젖음/습기,흐림,단일로 - 기타,승용,여,45세,경상,승용,남,55세,경상
2017031000100502,2017년 3월 10일 19시,금요일,대구광역시 서구 비산동,경상사고,0,0,2,0,차대차 - 측면충돌,안전거리미확보,건조,맑음,단일로 - 기타,승용,남,45세,상해없음,승용,남,64세,상해없음
2017031000100503,2017년 3월 10일 19시,금요일,대구광역시 달서구 죽전동,경상사고,0,0,2,0,차대차 - 측면충돌,차로위반,건조,맑음,교차로 - 교차로부근,승용,여,62세,상해없음,승용,남,67세,경상
2017031000100531,2017년 3월 10일 20시,금요일,대구광역시 북구 노원동2가,중상사고,0,1,0,0,차대차 - 측면충돌,기타,건조,맑음,단일로 - 기타,승용,남,58세,상해없음,자전거,남,60세,중상
2017031000100532,2017년 3월 10일 20시,금요일,대구광역시 달서구 성당동,경상사고,0,0,1,0,차대사람 - 횡단중,안전운전불이행,건조,맑음,단일로 - 기타,승용,여,42세,상해없음,보행자,남,4세,경상
2017031000100557,2017년 3월 10일 21시,금요일,대구광역시 동구 방촌동,경상사고,0,0,1,0,차대차 - 추돌,안전운전불이행,건조,맑음,단일로 - 기타,승용,남,57세,기타불명,승용,여,47세,경상
2017031000100558,2017년 3월 10일 21시,금요일,대구광역시 서구 내당동,경상사고,0,0,1,0,차대차 - 추돌,안전운전불이행,건조,맑음,단일로 - 기타,승용,남,60세,상해없음,승용,남,51세,경상
2017031100100033,2017년 3월 11일 00시,토요일,대구광역시 북구 침산동,중상사고,0,1,1,0,차대차 - 기타,안전운전불이행,건조,맑음,단일로 - 기타,승용,남,35세,상해없음,승용,남,56세,중상
2017031100100034,2017년 3월 11일 00시,토요일,대구광역시 달서구 호산동,경상사고,0,0,1,0,차대차 - 측면충돌,교차로운행방법위반,건조,맑음,교차로 - 교차로안,승용,남,62세,상해없음,자전거,남,42세,경상
2017031100100050,2017년 3월 11일 01시,토요일,대구광역시 달서구 월암동,경상사고,0,0,1,0,차대차 - 측면충돌,교차로운행방법위반,건조,맑음,교차로 - 교차로안,승용,남,38세,상해없음,승용,남,27세,경상
2017031100100051,2017년 3월 11일 01시,토요일,대구광역시 중구 남산동,부상신고사고,0,0,0,1,차대차 - 추돌,안전운전불이행,건조,맑음,교차로 - 교차로부근,기타불명,기타불명,미분류,기타불명,승용,남,66세,부상신고
2017031100100052,2017년 3월 11일 01시,토요일,대구광역시 중구 삼덕동3가,경상사고,0,0,2,0,차대차 - 측면충돌,직진우회전진행방해,건조,맑음,교차로 - 교차로안,승용,남,43세,상해없음,승용,남,58세,경상
2017031100100065,2017년 3월 11일 02시,토요일,대구광역시 동구 신천동,경상사고,0,0,1,0,차대차 - 추돌,안전운전불이행,건조,맑음,기타 - 기타,승용,남,35세,상해없음,승용,남,56세,경상
2017031100100066,2017년 3월 11일 02시,토요일,대구광역시 수성구 황금동,경상사고,0,0,1,0,차대차 - 추돌,안전운전불이행,건조,맑음,단일로 - 기타,승용,남,33세,상해없음,승용,남,71세,경상
2017031100100075,2017년 3월 11일 03시,토요일,대구광역시 달성군 화원읍,경상사고,0,0,1,0,차대차 - 측면충돌,안전운전불이행,건조,맑음,단일로 - 기타,건설기계,남,64세,상해없음,승용,남,44세,경상
2017031100100076,2017년 3월 11일 03시,토요일,대구광역시 동구 불로동,중상사고,0,1,0,0,차대사람 - 횡단중,안전운전불이행,건조,맑음,단일로 - 기타,승용,여,66세,상해없음,보행자,남,24세,중상
2017031100100080,2017년 3월 11일 04시,토요일,대구광역시 동구 신기동,경상사고,0,0,1,0,차량단독 - 전도전복 - 전도,기타,건조,맑음,교차로 - 교차로안,원동기,남,16세,경상,,,,
2017031100100134,2017년 3월 11일 08시,토요일,대구광역시 동구 방촌동,경상사고,0,0,1,0,차대차 - 측면충돌,안전운전불이행,건조,맑음,단일로 - 기타,화물,남,44세,상해없음,이륜,남,46세,경상
2017031100100135,2017년 3월 11일 08시,토요일,대구광역시 동구 미대동,경상사고,0,0,1,1,차대차 - 측면충돌,신호위반,건조,맑음,교차로 - 교차로안,승용,남,58세,부상신고,승용,여,56세,경상
2017031100100136,2017년 3월 11일 08시,토요일,대구광역시 달성군 옥포면,경상사고,0,0,1,0,차대차 - 기타,안전운전불이행,건조,맑음,교차로 - 교차로안,화물,남,43세,상해없음,승용,남,31세,경상
2017031100100209,2017년 3월 11일 11시,토요일,대구광역시 북구 서변동,경상사고,0,0,5,0,차대차 - 추돌,안전운전불이행,건조,맑음,단일로 - 기타,승용,남,33세,경상,승용,남,29세,상해없음
2017031100100216,2017년 3월 11일 11시,토요일,대구광역시 서구 비산동,부상신고사고,0,0,0,1,차대차 - 추돌,안전운전불이행,건조,맑음,단일로 - 기타,승용,남,26세,기타불명,승용,남,43세,부상신고
2017031100100238,2017년 3월 11일 12시,토요일,대구광역시 달서구 상인동,중상사고,0,1,0,0,차대차 - 측면충돌,교차로운행방법위반,건조,맑음,교차로 - 교차로안,자전거,남,74세,중상,화물,남,60세,상해없음
2017031100100239,2017년 3월 11일 12시,토요일,대구광역시 달서구 송현동,경상사고,0,0,1,0,차대사람 - 횡단중,보행자보호의무위반,건조,맑음,교차로 - 교차로안,승용,남,29세,상해없음,보행자,여,68세,경상
2017031100100271,2017년 3월 11일 13시,토요일,대구광역시 달서구 상인동,경상사고,0,0,1,0,차대차 - 추돌,안전운전불이행,건조,맑음,단일로 - 기타,승용,남,62세,상해없음,승용,여,35세,경상
2017031100100314,2017년 3월 11일 14시,토요일,대구광역시 북구 침산동,부상신고사고,0,0,0,1,차대차 - 측면충돌,안전운전불이행,건조,맑음,교차로 - 교차로안,이륜,남,22세,부상신고,화물,남,57세,상해없음
2017031100100315,2017년 3월 11일 14시,토요일,대구광역시 중구 북성로1가,중상사고,0,1,1,0,차대차 - 추돌,안전거리미확보,건조,맑음,교차로 - 교차로부근,승용,남,64세,상해없음,승용,남,59세,중상
2017031100100355,2017년 3월 11일 15시,토요일,대구광역시 동구 신천동,경상사고,0,0,1,0,차대차 - 추돌,안전거리미확보,건조,맑음,교차로 - 교차로횡단보도내,승용,남,30세,상해없음,승용,남,50세,경상
2017031100100356,2017년 3월 11일 15시,토요일,대구광역시 수성구 만촌동,경상사고,0,0,2,1,차대차 - 정면충돌,안전거리미확보,건조,맑음,단일로 - 기타,승용,남,55세,부상신고,승용,남,30세,경상
2017031100100357,2017년 3월 11일 15시,토요일,대구광역시 서구 중리동,중상사고,0,1,0,0,차대차 - 측면충돌,안전운전불이행,건조,맑음,단일로 - 기타,승용,남,62세,상해없음,자전거,남,17세,중상
2017031100100439,2017년 3월 11일 18시,토요일,대구광역시 수성구 신매동,경상사고,0,0,2,0,차대차 - 정면충돌,안전거리미확보,건조,맑음,단일로 - 기타,화물,남,24세,상해없음,화물,남,50세,경상
2017031100100440,2017년 3월 11일 18시,토요일,대구광역시 달성군 유가면,경상사고,0,0,1,0,차대차 - 측면충돌,안전운전불이행,건조,맑음,교차로 - 교차로안,승용,남,37세,상해없음,승용,남,46세,경상
2017031100100477,2017년 3월 11일 19시,토요일,대구광역시 동구 신천동,경상사고,0,0,1,0,차대차 - 측면충돌,기타,건조,맑음,단일로 - 기타,승용,남,61세,상해없음,원동기,남,48세,경상
2017031100100478,2017년 3월 11일 19시,토요일,대구광역시 수성구 두산동,경상사고,0,0,1,0,차대차 - 정면충돌,안전거리미확보,건조,맑음,교차로 - 교차로부근,승용,남,69세,상해없음,승용,남,33세,경상
2017031100100479,2017년 3월 11일 19시,토요일,대구광역시 수성구 가천동,중상사고,0,1,0,0,차대사람 - 횡단중,안전운전불이행,건조,맑음,단일로 - 기타,승용,남,37세,상해없음,보행자,남,56세,중상
2017031100100480,2017년 3월 11일 19시,토요일,대구광역시 북구 복현동,경상사고,0,0,1,0,차대차 - 추돌,안전운전불이행,건조,맑음,교차로 - 교차로부근,승용,남,48세,상해없음,승용,여,29세,경상
2017031100100481,2017년 3월 11일 19시,토요일,대구광역시 달서구 호산동,중상사고,0,1,0,0,차대차 - 측면충돌,신호위반,건조,맑음,교차로 - 교차로안,승용,남,24세,상해없음,승용,남,53세,중상
2017031100100482,2017년 3월 11일 19시,토요일,대구광역시 북구 팔달동,중상사고,0,1,0,0,차대차 - 측면충돌,안전운전불이행,건조,맑음,단일로 - 기타,승용,남,59세,상해없음,승용,남,59세,중상
2017031100100510,2017년 3월 11일 20시,토요일,대구광역시 서구 비산동,경상사고,0,0,1,0,차대차 - 후진중충돌,안전운전불이행,건조,맑음,단일로 - 기타,승용,남,23세,상해없음,승용,남,41세,경상
2017031100100511,2017년 3월 11일 20시,토요일,대구광역시 달서구 장기동,경상사고,0,0,1,0,차대차 - 측면충돌,안전운전불이행,건조,맑음,단일로 - 기타,승용,남,30세,상해없음,이륜,남,51세,경상
2017031100100532,2017년 3월 11일 21시,토요일,대구광역시 달서구 도원동,중상사고,0,1,0,0,차대사람 - 횡단중,안전운전불이행,건조,맑음,단일로 - 기타,승용,남,59세,상해없음,보행자,남,26세,중상
2017031100100572,2017년 3월 11일 23시,토요일,대구광역시 수성구 신매동,경상사고,0,0,1,0,차대차 - 기타,불법유턴,건조,맑음,교차로 - 교차로부근,승용,남,59세,상해없음,승용,남,44세,경상
2017031200100020,2017년 3월 12일 00시,일요일,대구광역시 중구 삼덕동3가,경상사고,0,0,2,0,차대차 - 측면충돌,안전거리미확보,건조,맑음,단일로 - 기타,승용,남,46세,상해없음,승용,남,57세,경상
2017031200100021,2017년 3월 12일 00시,일요일,대구광역시 달서구 용산동,경상사고,0,0,2,0,차대차 - 추돌,안전운전불이행,건조,맑음,단일로 - 기타,승용,남,37세,상해없음,승용,여,35세,경상
2017031200100022,2017년 3월 12일 00시,일요일,대구광역시 달서구 죽전동,중상사고,0,1,1,0,차대차 - 기타,신호위반,건조,맑음,교차로 - 교차로횡단보도내,승용,남,48세,기타불명,승용,여,61세,경상
2017031200100034,2017년 3월 12일 01시,일요일,대구광역시 수성구 만촌동,부상신고사고,0,0,0,1,차대차 - 측면충돌,안전운전불이행,건조,맑음,단일로 - 기타,승용,남,28세,부상신고,승용,남,48세,상해없음
2017031200100035,2017년 3월 12일 01시,일요일,대구광역시 수성구 상동,경상사고,0,0,1,0,차대차 - 정면충돌,안전운전불이행,건조,맑음,단일로 - 기타,승용,여,50세,상해없음,승용,남,31세,상해없음
2017031200100055,2017년 3월 12일 03시,일요일,대구광역시 북구 대현동,중상사고,0,1,0,0,차량단독 - 공작물충돌,안전운전불이행,건조,맑음,단일로 - 기타,원동기,남,31세,중상,,,,
2017031200100056,2017년 3월 12일 03시,일요일,대구광역시 달서구 감삼동,중상사고,0,1,0,0,차대차 - 기타,교차로운행방법위반,건조,맑음,교차로 - 교차로안,승용,남,40세,상해없음,승용,남,65세,중상
2017031200100066,2017년 3월 12일 04시,일요일,대구광역시 북구 산격동,중상사고,0,1,1,1,차대차 - 추돌,안전운전불이행,건조,맑음,단일로 - 기타,승용,여,21세,부상신고,승용,남,40세,중상
2017031200100135,2017년 3월 12일 10시,일요일,대구광역시 동구 신암동,부상신고사고,0,0,0,1,차대사람 - 횡단중,안전운전불이행,건조,맑음,교차로 - 교차로부근,기타불명,기타불명,미분류,기타불명,보행자,남,5세,부상신고
2017031200100136,2017년 3월 12일 10시,일요일,대구광역시 달서구 대천동,중상사고,0,1,1,0,차대차 - 측면충돌,교차로운행방법위반,건조,맑음,교차로 - 교차로안,승용,남,29세,상해없음,이륜,남,42세,중상
2017031200100158,2017년 3월 12일 11시,일요일,대구광역시 동구 율하동,중상사고,0,1,0,0,차대사람 - 길가장자리구역통행중,안전운전불이행,건조,맑음,기타 - 기타,자전거,남,55세,상해없음,보행자,여,74세,중상
2017031200100159,2017년 3월 12일 11시,일요일,대구광역시 동구 신천동,경상사고,0,0,1,0,차대차 - 추돌,안전운전불이행,건조,맑음,단일로 - 기타,승용,남,66세,상해없음,승용,여,28세,경상
2017031200100176,2017년 3월 12일 12시,일요일,대구광역시 동구 지묘동,중상사고,0,2,2,0,차대차 - 추돌,안전운전불이행,건조,맑음,단일로 - 기타,승용,남,44세,상해없음,승용,남,60세,중상
2017031200100177,2017년 3월 12일 12시,일요일,대구광역시 서구 중리동,경상사고,0,0,3,0,차대차 - 측면충돌,교차로운행방법위반,건조,맑음,교차로 - 교차로안,승용,남,31세,경상,승용,남,30세,경상
2017031200100216,2017년 3월 12일 14시,일요일,대구광역시 동구 효목동,경상사고,0,0,2,0,차대차 - 추돌,안전거리미확보,건조,맑음,단일로 - 기타,승용,여,47세,상해없음,승용,남,50세,경상
2017031200100217,2017년 3월 12일 14시,일요일,대구광역시 중구 동인동3가,경상사고,0,0,1,0,차대차 - 추돌,안전운전불이행,건조,맑음,단일로 - 기타,승용,남,47세,상해없음,승용,남,29세,경상
2017031200100218,2017년 3월 12일 14시,일요일,대구광역시 달서구 신당동,경상사고,0,0,1,0,차대사람 - 기타,안전운전불이행,건조,맑음,단일로 - 기타,승용,남,49세,상해없음,보행자,여,5세,경상
2017031200100219,2017년 3월 12일 14시,일요일,대구광역시 북구 구암동,경상사고,0,0,1,0,차대차 - 추돌,안전운전불이행,건조,맑음,단일로 - 기타,이륜,남,17세,경상,승용,남,43세,상해없음
2017031200100269,2017년 3월 12일 16시,일요일,대구광역시 남구 대명동,부상신고사고,0,0,0,1,차대사람 - 횡단중,안전운전불이행,건조,맑음,단일로 - 기타,기타불명,기타불명,미분류,기타불명,보행자,여,55세,부상신고
2017031200100270,2017년 3월 12일 16시,일요일,대구광역시 수성구 지산동,경상사고,0,0,1,0,차대사람 - 횡단중,보행자보호의무위반,건조,맑음,단일로 - 기타,승용,남,54세,상해없음,보행자,남,7세,경상
2017031200100271,2017년 3월 12일 16시,일요일,대구광역시 달서구 대곡동,경상사고,0,0,2,0,차대차 - 추돌,안전운전불이행,건조,맑음,교차로 - 교차로부근,승용,남,55세,상해없음,승용,남,42세,경상
2017031200100272,2017년 3월 12일 16시,일요일,대구광역시 중구 서성로1가,경상사고,0,0,2,0,차대차 - 추돌,안전운전불이행,건조,맑음,단일로 - 기타,승용,남,63세,상해없음,승용,남,58세,경상
2017031200100273,2017년 3월 12일 16시,일요일,대구광역시 북구 읍내동,부상신고사고,0,0,0,1,차대차 - 측면충돌,불법유턴,건조,맑음,교차로 - 교차로안,자전거,남,20세,부상신고,승용,남,38세,상해없음
2017031200100295,2017년 3월 12일 17시,일요일,대구광역시 동구 지묘동,중상사고,0,1,1,0,차대차 - 정면충돌,안전운전불이행,건조,맑음,교차로 - 교차로안,승용,남,60세,상해없음,승용,남,25세,경상
2017031200100296,2017년 3월 12일 17시,일요일,대구광역시 북구 읍내동,부상신고사고,0,0,0,1,차대차 - 측면충돌,안전운전불이행,건조,맑음,단일로 - 기타,자전거,여,26세,부상신고,승용,남,41세,상해없음
2017031200100330,2017년 3월 12일 18시,일요일,대구광역시 동구 동호동,중상사고,0,1,0,0,차대차 - 기타,안전운전불이행,건조,맑음,단일로 - 기타,승용,남,37세,상해없음,이륜,남,19세,중상
2017031200100331,2017년 3월 12일 18시,일요일,대구광역시 수성구 범어동,경상사고,0,0,1,0,차대차 - 측면충돌,안전거리미확보,건조,맑음,단일로 - 기타,승용,남,18세,상해없음,승용,남,61세,경상
2017031200100332,2017년 3월 12일 18시,일요일,대구광역시 서구 내당동,경상사고,0,0,1,0,차대사람 - 보도통행중,안전운전불이행,건조,맑음,단일로 - 기타,이륜,남,25세,상해없음,보행자,남,62세,경상
2017031200100367,2017년 3월 12일 19시,일요일,대구광역시 수성구 범어동,경상사고,0,0,1,0,차대차 - 추돌,안전운전불이행,건조,맑음,단일로 - 기타,승용,남,51세,상해없음,이륜,남,28세,경상
2017031200100368,2017년 3월 12일 19시,일요일,대구광역시 서구 이현동,중상사고,0,1,3,0,차대차 - 측면충돌,신호위반,건조,맑음,교차로 - 교차로안,승용,남,44세,상해없음,승용,남,66세,중상
2017031200100388,2017년 3월 12일 20시,일요일,대구광역시 수성구 수성동4가,경상사고,0,0,2,0,차대차 - 측면충돌,신호위반,건조,맑음,교차로 - 교차로안,승용,남,36세,상해없음,승용,남,43세,경상
2017031200100389,2017년 3월 12일 20시,일요일,대구광역시 서구 평리동,경상사고,0,0,2,0,차대차 - 추돌,안전운전불이행,건조,맑음,교차로 - 교차로부근,승용,남,69세,상해없음,승용,남,32세,경상
2017031200100390,2017년 3월 12일 20시,일요일,대구광역시 달서구 두류동,중상사고,0,1,0,0,차대사람 - 횡단중,보행자보호의무위반,건조,흐림,교차로 - 교차로횡단보도내,승용,남,39세,상해없음,보행자,남,57세,중상
2017031200100434,2017년 3월 12일 22시,일요일,대구광역시 달성군 논공읍,경상사고,0,0,1,0,차대차 - 정면충돌,안전운전불이행,건조,맑음,교차로 - 교차로안,승용,남,56세,상해없음,승용,남,38세,경상
2017031200100450,2017년 3월 12일 23시,일요일,대구광역시 달서구 장기동,중상사고,0,3,0,0,차대사람 - 횡단중,안전운전불이행,건조,맑음,단일로 - 기타,이륜,남,15세,중상,보행자,남,41세,중상
2017031300100033,2017년 3월 13일 02시,월요일,대구광역시 서구 평리동,경상사고,0,0,1,0,차대차 - 기타,안전운전불이행,건조,맑음,단일로 - 기타,승용,남,68세,상해없음,기타불명,기타불명,미분류,기타불명
2017031300100038,2017년 3월 13일 03시,월요일,대구광역시 달서구 신당동,경상사고,0,0,2,0,차대차 - 기타,안전운전불이행,건조,맑음,단일로 - 기타,승용,남,38세,상해없음,승용,남,25세,경상
2017031300100044,2017년 3월 13일 04시,월요일,대구광역시 중구 대봉동,경상사고,0,0,1,0,차대차 - 측면충돌,안전운전불이행,건조,맑음,단일로 - 기타,승용,남,23세,상해없음,승용,여,46세,경상
2017031300100085,2017년 3월 13일 07시,월요일,대구광역시 수성구 범어동,경상사고,0,0,2,0,차대차 - 측면충돌,교차로운행방법위반,건조,맑음,교차로 - 교차로안,승용,여,44세,상해없음,승용,여,45세,경상
2017031300100086,2017년 3월 13일 07시,월요일,대구광역시 달서구 용산동,중상사고,0,1,2,0,차대차 - 측면충돌,안전거리미확보,건조,맑음,단일로 - 기타,승용,여,43세,상해없음,승용,남,58세,경상
2017031300100126,2017년 3월 13일 08시,월요일,대구광역시 달서구 두류동,중상사고,0,1,0,0,차대차 - 기타,안전운전불이행,건조,맑음,교차로 - 교차로부근,승용,여,47세,상해없음,이륜,여,53세,중상
2017031300100172,2017년 3월 13일 09시,월요일,대구광역시 달서구 본동,중상사고,0,1,0,0,차대사람 - 횡단중,안전거리미확보,건조,맑음,단일로 - 기타,화물,남,44세,상해없음,보행자,여,74세,중상
2017031300100204,2017년 3월 13일 10시,월요일,대구광역시 수성구 신매동,부상신고사고,0,0,0,1,차량단독 - 전도전복,안전운전불이행,건조,맑음,단일로 - 기타,승합,남,43세,상해없음,미분류,미분류,미분류,미분류
2017031300100205,2017년 3월 13일 10시,월요일,대구광역시 중구 대봉동,중상사고,0,1,2,0,차대차 - 추돌,안전운전불이행,건조,맑음,단일로 - 기타,승용,남,47세,상해없음,승용,남,65세,중상
2017031300100226,2017년 3월 13일 11시,월요일,대구광역시 북구 노원동3가,중상사고,0,1,0,0,차대사람 - 횡단중,신호위반,건조,맑음,교차로 - 교차로안,원동기,여,45세,상해없음,보행자,여,67세,중상
2017031300100249,2017년 3월 13일 12시,월요일,대구광역시 북구 노원동3가,경상사고,0,0,1,0,차대사람 - 횡단중,안전운전불이행,건조,맑음,교차로 - 교차로부근,화물,남,42세,상해없음,보행자,여,80세,경상
2017031300100250,2017년 3월 13일 12시,월요일,대구광역시 달서구 용산동,경상사고,0,0,1,0,차대차 - 측면충돌,교차로운행방법위반,건조,맑음,교차로 - 교차로안,이륜,남,61세,경상,승용,남,41세,상해없음
2017031300100299,2017년 3월 13일 14시,월요일,대구광역시 북구 관음동,중상사고,0,1,0,0,차대차 - 측면충돌,안전운전불이행,건조,맑음,교차로 - 교차로안,자전거,남,74세,중상,화물,남,23세,상해없음
2017031300100327,2017년 3월 13일 15시,월요일,대구광역시 남구 대명동,경상사고,0,0,2,0,차대사람 - 횡단중,안전운전불이행,건조,맑음,단일로 - 기타,승용,남,62세,상해없음,보행자,여,6세,경상
2017031300100328,2017년 3월 13일 15시,월요일,대구광역시 북구 침산동,경상사고,0,0,2,0,차대차 - 측면충돌,안전거리미확보,건조,맑음,단일로 - 기타,승용,남,70세,상해없음,승용,여,30세,경상
2017031300100329,2017년 3월 13일 15시,월요일,대구광역시 서구 비산동,경상사고,0,0,1,0,차대차 - 측면충돌,안전운전불이행,건조,맑음,단일로 - 기타,승용,여,55세,상해없음,이륜,남,51세,경상
2017031300100363,2017년 3월 13일 16시,월요일,대구광역시 달성군 논공읍,경상사고,0,0,1,0,차대차 - 정면충돌,안전운전불이행,건조,맑음,교차로 - 교차로부근,승용,남,27세,상해없음,자전거,남,81세,경상
2017031300100364,2017년 3월 13일 16시,월요일,대구광역시 서구 평리동,경상사고,0,0,1,0,차대사람 - 횡단중,중앙선침범,건조,맑음,단일로 - 기타,승용,여,48세,상해없음,보행자,남,5세,경상
2017031300100365,2017년 3월 13일 16시,월요일,대구광역시 달서구 용산동,중상사고,0,1,0,0,차대차 - 기타,안전운전불이행,건조,맑음,교차로 - 교차로부근,이륜,남,51세,중상,승용,여,44세,상해없음
2017031300100395,2017년 3월 13일 17시,월요일,대구광역시 달성군 논공읍,경상사고,0,0,1,0,차대사람 - 기타,기타,건조,맑음,단일로 - 기타,기타불명,기타불명,미분류,기타불명,보행자,여,46세,경상
2017031300100396,2017년 3월 13일 17시,월요일,대구광역시 서구 내당동,중상사고,0,1,0,0,차대차 - 측면충돌,신호위반,건조,맑음,단일로 - 기타,승용,여,52세,상해없음,이륜,남,50세,중상
2017031300100418,2017년 3월 13일 18시,월요일,대구광역시 수성구 만촌동,중상사고,0,1,0,0,차대사람 - 길가장자리구역통행중,안전운전불이행,건조,맑음,교차로 - 교차로안,자전거,남,30세,상해없음,보행자,여,15세,중상
2017031300100419,2017년 3월 13일 18시,월요일,대구광역시 북구 서변동,경상사고,0,0,1,0,차대차 - 추돌,안전거리미확보,건조,맑음,단일로 - 교량,승용,남,51세,상해없음,승용,남,37세,상해없음
2017031300100453,2017년 3월 13일 19시,월요일,대구광역시 수성구 황금동,경상사고,0,0,1,0,차대차 - 측면충돌,안전거리미확보,건조,맑음,단일로 - 기타,승용,남,31세,상해없음,이륜,남,48세,경상
2017031300100454,2017년 3월 13일 19시,월요일,대구광역시 달성군 다사읍,경상사고,0,0,1,0,차대차 - 측면충돌,안전운전불이행,건조,맑음,교차로 - 교차로안,승용,남,45세,상해없음,이륜,남,23세,경상
2017031300100502,2017년 3월 13일 21시,월요일,대구광역시 달서구 월성동,경상사고,0,0,1,0,차대사람 - 횡단중,보행자보호의무위반,건조,맑음,단일로 - 기타,승용,남,59세,상해없음,보행자,남,36세,경상
2017031300100538,2017년 3월 13일 23시,월요일,대구광역시 남구 대명동,중상사고,0,1,0,0,차대사람 - 횡단중,과속,건조,맑음,단일로 - 기타,승용,남,56세,상해없음,보행자,여,24세,중상
2017031300100539,2017년 3월 13일 23시,월요일,대구광역시 수성구 만촌동,경상사고,0,0,1,0,차대차 - 추돌,안전거리미확보,건조,맑음,교차로 - 교차로부근,승용,남,51세,상해없음,이륜,남,43세,경상
2017031400100020,2017년 3월 14일 00시,화요일,대구광역시 달서구 월성동,경상사고,0,0,2,0,차대차 - 측면충돌,안전운전불이행,건조,맑음,교차로 - 교차로안,승용,남,28세,상해없음,화물,남,53세,기타불명
2017031400100030,2017년 3월 14일 01시,화요일,대구광역시 서구 비산동,중상사고,0,1,1,0,차대사람 - 횡단중,과속,건조,맑음,단일로 - 기타,승용,남,51세,상해없음,보행자,여,56세,중상
2017031400100069,2017년 3월 14일 06시,화요일,대구광역시 달서구 신당동,경상사고,0,0,1,0,차대차 - 측면충돌,안전운전불이행,건조,맑음,교차로 - 교차로부근,승용,여,21세,경상,승용,남,52세,상해없음
2017031400100083,2017년 3월 14일 07시,화요일,대구광역시 중구 동산동,부상신고사고,0,0,0,3,차대차 - 기타,안전거리미확보,건조,맑음,교차로 - 교차로부근,승용,여,56세,상해없음,승용,남,19세,부상신고
2017031400100125,2017년 3월 14일 08시,화요일,대구광역시 서구 중리동,중상사고,0,1,0,0,차대차 - 정면충돌,신호위반,건조,맑음,교차로 - 교차로안,승용,여,25세,상해없음,승용,남,31세,중상
2017031400100151,2017년 3월 14일 09시,화요일,대구광역시 동구 신암동,경상사고,0,0,1,0,차대차 - 기타,안전거리미확보,건조,맑음,단일로 - 기타,승용,남,49세,상해없음,승합,남,47세,상해없음
2017031400100152,2017년 3월 14일 09시,화요일,대구광역시 수성구 수성동2가,중상사고,0,1,0,0,차대차 - 측면충돌,교차로운행방법위반,건조,맑음,교차로 - 교차로부근,승용,남,33세,상해없음,자전거,남,64세,중상
2017031400100153,2017년 3월 14일 09시,화요일,대구광역시 중구 대신동,중상사고,0,1,0,0,차대사람 - 횡단중,안전운전불이행,건조,맑음,단일로 - 기타,화물,남,31세,상해없음,보행자,여,69세,중상
2017031400100178,2017년 3월 14일 10시,화요일,대구광역시 동구 신천동,경상사고,0,0,3,0,차대차 - 추돌,안전운전불이행,건조,맑음,교차로 - 교차로부근,승용,남,32세,상해없음,승용,남,61세,경상
2017031400100179,2017년 3월 14일 10시,화요일,대구광역시 북구 고성동3가,중상사고,0,1,0,0,차대사람 - 보도통행중,기타,건조,맑음,단일로 - 기타,승합,남,38세,상해없음,보행자,남,77세,중상
2017031400100202,2017년 3월 14일 11시,화요일,대구광역시 남구 대명동,경상사고,0,0,1,0,차대차 - 추돌,신호위반,건조,맑음,교차로 - 교차로부근,이륜,남,26세,경상,승용,남,33세,상해없음
2017031400100228,2017년 3월 14일 12시,화요일,대구광역시 남구 대명동,중상사고,0,1,0,0,차대차 - 측면충돌,안전운전불이행,건조,맑음,단일로 - 기타,자전거,남,56세,중상,승용,여,33세,상해없음
2017031400100229,2017년 3월 14일 12시,화요일,대구광역시 수성구 수성동3가,중상사고,0,1,0,0,차대차 - 측면충돌,안전운전불이행,건조,맑음,교차로 - 교차로안,화물,남,66세,상해없음,이륜,남,18세,중상