사고번호,사고일시,요일,시군구,사고내용,사망자수,중상자수,경상자수,부상신고자수,사고유형,법규위반,노면상태,기상상태,도로형태,가해운전자 차종,가해운전자 성별,가해운전자 연령,가해운전자 상해정도,피해운전자 차종,피해운전자 성별,피해운전자 연령,피해운전자 상해정도
2017031400100290,2017년 3월 14일 14시,화요일,대구광역시 남구 대명동,경상사고,0,0,2,0,차대차 - 측면충돌,안전운전불이행,건조,맑음,단일로 - 기타,승용,여,42세,상해없음,승용,남,41세,경상
2017031400100316,2017년 3월 14일 15시,화요일,대구광역시 달서구 상인동,경상사고,0,0,1,0,차대사람 - 횡단중,신호위반,건조,맑음,단일로 - 기타,승용,남,56세,상해없음,보행자,남,8세,경상
2017031400100351,2017년 3월 14일 16시,화요일,대구광역시 남구 대명동,중상사고,0,1,1,0,차대차 - 추돌,안전거리미확보,건조,맑음,단일로 - 기타,승용,여,40세,상해없음,승용,여,65세,중상
2017031400100352,2017년 3월 14일 16시,화요일,대구광역시 수성구 황금동,경상사고,0,0,1,0,차대사람 - 차도통행중,안전운전불이행,건조,맑음,교차로 - 교차로부근,승용,남,34세,상해없음,보행자,남,43세,경상
2017031400100354,2017년 3월 14일 16시,화요일,대구광역시 달서구 상인동,경상사고,0,0,2,0,차대차 - 측면충돌,직진우회전진행방해,건조,맑음,교차로 - 교차로안,승용,남,23세,경상,화물,남,36세,경상
2017031400100355,2017년 3월 14일 16시,화요일,대구광역시 달성군 논공읍,부상신고사고,0,0,0,1,차대차 - 측면충돌,안전운전불이행,건조,맑음,단일로 - 기타,이륜,남,75세,상해없음,화물,남,53세,상해없음
2017031400100356,2017년 3월 14일 16시,화요일,대구광역시 북구 칠성동1가,부상신고사고,0,0,0,1,차대차 - 측면충돌,교차로운행방법위반,건조,맑음,교차로 - 교차로부근,이륜,여,52세,부상신고,승용,남,56세,상해없음
2017031400100386,2017년 3월 14일 17시,화요일,대구광역시 달성군 화원읍,경상사고,0,0,1,0,차대차 - 기타,교차로운행방법위반,건조,맑음,교차로 - 교차로횡단보도내,자전거,남,67세,경상,승용,여,36세,상해없음
2017031400100387,2017년 3월 14일 17시,화요일,대구광역시 북구 칠성동1가,경상사고,0,0,1,0,차대사람 - 차도통행중,안전운전불이행,건조,맑음,단일로 - 기타,승용,여,41세,상해없음,보행자,남,60세,경상
2017031400100388,2017년 3월 14일 17시,화요일,대구광역시 북구 침산동,경상사고,0,0,1,1,차대차 - 측면충돌,안전거리미확보,건조,맑음,단일로 - 기타,화물,남,51세,부상신고,승용,여,38세,경상
2017031400100416,2017년 3월 14일 18시,화요일,대구광역시 동구 신암동,경상사고,0,0,1,0,차대차 - 기타,안전운전불이행,건조,맑음,교차로 - 교차로안,자전거,남,16세,경상,승용,여,36세,상해없음
2017031400100417,2017년 3월 14일 18시,화요일,대구광역시 수성구 파동,경상사고,0,0,1,0,차대차 - 추돌,안전운전불이행,건조,맑음,단일로 - 기타,승용,여,54세,상해없음,승용,남,24세,경상
2017031400100418,2017년 3월 14일 18시,화요일,대구광역시 북구 검단동,중상사고,0,1,0,0,차대차 - 기타,안전운전불이행,건조,맑음,단일로 - 기타,승용,남,42세,상해없음,자전거,남,44세,중상
2017031400100419,2017년 3월 14일 18시,화요일,대구광역시 북구 침산동,부상신고사고,0,0,0,1,차대차 - 측면충돌,직진우회전진행방해,건조,맑음,교차로 - 교차로안,자전거,남,12세,부상신고,승용,남,37세,상해없음
2017031400100420,2017년 3월 14일 18시,화요일,대구광역시 북구 칠성동1가,중상사고,0,1,0,0,차대사람 - 횡단중,기타,건조,맑음,단일로 - 기타,승합,남,44세,상해없음,보행자,여,58세,중상
2017031400100421,2017년 3월 14일 18시,화요일,대구광역시 서구 비산동,경상사고,0,0,1,0,차대사람 - 횡단중,보행자보호의무위반,건조,맑음,교차로 - 교차로횡단보도내,승용,남,52세,상해없음,보행자,여,56세,경상
2017031400100448,2017년 3월 14일 19시,화요일,대구광역시 수성구 두산동,경상사고,0,0,2,1,차대차 - 측면충돌,안전운전불이행,건조,맑음,단일로 - 기타,승용,남,27세,부상신고,승용,남,28세,경상
2017031400100449,2017년 3월 14일 19시,화요일,대구광역시 북구 노원동2가,경상사고,0,0,1,0,차대차 - 측면충돌,안전운전불이행,건조,맑음,단일로 - 기타,화물,남,48세,상해없음,승용,여,40세,경상
2017031400100473,2017년 3월 14일 20시,화요일,대구광역시 달서구 대곡동,경상사고,0,0,1,0,차대차 - 추돌,안전운전불이행,건조,맑음,교차로 - 교차로부근,승용,남,25세,상해없음,승용,남,32세,경상
2017031400100474,2017년 3월 14일 20시,화요일,대구광역시 서구 평리동,경상사고,0,0,1,0,차대차 - 측면충돌,안전거리미확보,건조,맑음,단일로 - 기타,승합,남,65세,상해없음,이륜,남,16세,경상
2017031400100475,2017년 3월 14일 20시,화요일,대구광역시 달서구 감삼동,경상사고,0,0,1,0,차대사람 - 차도통행중,안전운전불이행,건조,흐림,단일로 - 기타,승용,남,47세,상해없음,보행자,여,47세,경상
2017031400100500,2017년 3월 14일 21시,화요일,대구광역시 동구 신암동,경상사고,0,0,2,0,차대차 - 추돌,안전운전불이행,건조,맑음,단일로 - 기타,승용,여,39세,상해없음,승용,남,60세,경상
2017031400100501,2017년 3월 14일 21시,화요일,대구광역시 북구 노원동3가,경상사고,0,0,2,0,차대차 - 측면충돌,불법유턴,건조,맑음,단일로 - 기타,승용,남,44세,경상,승용,남,55세,경상
2017031400100502,2017년 3월 14일 21시,화요일,대구광역시 서구 평리동,경상사고,0,0,1,0,차대차 - 측면충돌,교차로운행방법위반,건조,맑음,교차로 - 교차로안,승용,남,56세,상해없음,승용,여,58세,경상
2017031400100503,2017년 3월 14일 21시,화요일,대구광역시 달서구 장기동,경상사고,0,0,1,0,차대차 - 측면충돌,중앙선침범,건조,맑음,단일로 - 기타,승용,남,26세,상해없음,이륜,남,41세,경상
2017031400100533,2017년 3월 14일 22시,화요일,대구광역시 수성구 만촌동,경상사고,0,0,1,0,차대사람 - 횡단중,안전운전불이행,건조,맑음,교차로 - 교차로부근,승용,남,47세,상해없음,보행자,남,16세,경상
2017031400100549,2017년 3월 14일 23시,화요일,대구광역시 동구 효목동,중상사고,0,1,0,0,차대사람 - 횡단중,안전운전불이행,건조,맑음,교차로 - 교차로안,화물,남,50세,상해없음,보행자,남,38세,중상
2017031500100029,2017년 3월 15일 00시,수요일,대구광역시 달서구 본동,경상사고,0,0,1,0,차대차 - 기타,차로위반,건조,맑음,교차로 - 교차로부근,승용,남,50세,상해없음,승용,여,44세,경상
2017031500100030,2017년 3월 15일 00시,수요일,대구광역시 북구 국우동,경상사고,0,0,2,0,차대차 - 추돌,안전운전불이행,건조,맑음,교차로 - 교차로부근,화물,남,28세,상해없음,승용,남,50세,경상
2017031500100061,2017년 3월 15일 04시,수요일,대구광역시 북구 동천동,경상사고,0,0,2,0,차대차 - 측면충돌,교차로운행방법위반,건조,맑음,교차로 - 교차로안,승용,남,21세,경상,승용,남,24세,경상
2017031500100078,2017년 3월 15일 06시,수요일,대구광역시 서구 평리동,경상사고,0,0,3,0,차대차 - 추돌,안전운전불이행,건조,맑음,단일로 - 기타,승용,남,42세,상해없음,승합,남,48세,경상
2017031500100098,2017년 3월 15일 07시,수요일,대구광역시 동구 효목동,경상사고,0,0,1,0,차대사람 - 횡단중,안전운전불이행,건조,맑음,단일로 - 기타,기타불명,기타불명,미분류,기타불명,보행자,남,13세,경상
2017031500100099,2017년 3월 15일 07시,수요일,대구광역시 북구 침산동,경상사고,0,0,1,0,차대사람 - 횡단중,안전운전불이행,건조,맑음,단일로 - 기타,화물,남,29세,상해없음,보행자,남,42세,경상
2017031500100140,2017년 3월 15일 08시,수요일,대구광역시 달서구 진천동,경상사고,0,0,1,0,차대사람 - 횡단중,안전운전불이행,건조,맑음,단일로 - 기타,승용,여,52세,상해없음,보행자,여,42세,경상
2017031500100141,2017년 3월 15일 08시,수요일,대구광역시 서구 내당동,경상사고,0,0,1,1,차대차 - 측면충돌,안전운전불이행,건조,맑음,단일로 - 기타,원동기,남,29세,부상신고,승용,남,25세,경상
2017031500100176,2017년 3월 15일 09시,수요일,대구광역시 수성구 만촌동,중상사고,0,1,1,0,차량단독 - 기타,기타,건조,맑음,단일로 - 기타,승합,남,35세,상해없음,,,,
2017031500100177,2017년 3월 15일 09시,수요일,대구광역시 달서구 월암동,경상사고,0,0,1,0,차대차 - 측면충돌,직진우회전진행방해,건조,맑음,교차로 - 교차로안,화물,남,47세,상해없음,승용,여,47세,경상
2017031500100178,2017년 3월 15일 09시,수요일,대구광역시 달서구 본리동,경상사고,0,0,1,0,차대차 - 추돌,안전거리미확보,건조,맑음,단일로 - 기타,승용,남,66세,상해없음,승용,남,32세,경상
2017031500100244,2017년 3월 15일 11시,수요일,대구광역시 달서구 본동,경상사고,0,0,1,1,차대차 - 측면충돌,신호위반,건조,맑음,교차로 - 교차로안,승용,여,43세,경상,승용,남,76세,부상신고
2017031500100276,2017년 3월 15일 12시,수요일,대구광역시 동구 신천동,중상사고,0,1,0,0,차대사람 - 횡단중,안전운전불이행,건조,맑음,단일로 - 기타,자전거,남,75세,상해없음,보행자,여,69세,중상
2017031500100277,2017년 3월 15일 12시,수요일,대구광역시 서구 비산동,경상사고,0,0,5,0,차대차 - 측면충돌,직진우회전진행방해,건조,맑음,교차로 - 교차로안,승용,여,52세,경상,승용,남,55세,경상
2017031500100307,2017년 3월 15일 13시,수요일,대구광역시 달서구 유천동,경상사고,0,0,2,0,차대차 - 측면충돌,차로위반,건조,맑음,교차로 - 교차로안,승용,여,31세,상해없음,승용,남,60세,경상
2017031500100308,2017년 3월 15일 13시,수요일,대구광역시 북구 산격동,경상사고,0,0,1,0,차대차 - 측면충돌,중앙선침범,건조,맑음,교차로 - 교차로부근,승용,남,73세,상해없음,승용,남,51세,경상
2017031500100339,2017년 3월 15일 14시,수요일,대구광역시 달성군 구지면,중상사고,0,2,1,0,차대차 - 정면충돌,안전운전불이행,건조,맑음,교차로 - 교차로안,화물,남,47세,상해없음,승용,여,38세,경상
2017031500100373,2017년 3월 15일 15시,수요일,대구광역시 북구 태전동,경상사고,0,0,3,0,차대차 - 측면충돌,직진우회전진행방해,건조,맑음,교차로 - 교차로안,승용,남,64세,경상,승용,여,46세,경상
2017031500100401,2017년 3월 15일 16시,수요일,대구광역시 달성군 다사읍,중상사고,0,1,0,0,차대차 - 정면충돌,안전운전불이행,건조,맑음,단일로 - 기타,화물,남,22세,상해없음,농기계,남,75세,중상
2017031500100402,2017년 3월 15일 16시,수요일,대구광역시 북구 산격동,부상신고사고,0,0,0,1,차대차 - 추돌,안전운전불이행,건조,맑음,단일로 - 기타,이륜,남,17세,부상신고,승용,남,52세,상해없음
2017031500100433,2017년 3월 15일 17시,수요일,대구광역시 북구 침산동,경상사고,0,0,1,0,차대차 - 측면충돌,불법유턴,건조,맑음,교차로 - 교차로안,자전거,남,75세,경상,승용,여,38세,상해없음
2017031500100479,2017년 3월 15일 18시,수요일,대구광역시 동구 신천동,경상사고,0,0,1,0,차대차 - 정면충돌,신호위반,건조,맑음,교차로 - 교차로안,승용,남,29세,상해없음,이륜,남,25세,경상
2017031500100480,2017년 3월 15일 18시,수요일,대구광역시 수성구 범어동,중상사고,0,1,0,0,차대사람 - 횡단중,보행자보호의무위반,건조,맑음,단일로 - 기타,승용,여,35세,상해없음,보행자,남,8세,중상
2017031500100481,2017년 3월 15일 18시,수요일,대구광역시 서구 비산동,경상사고,0,0,1,0,차대차 - 측면충돌,안전운전불이행,건조,맑음,단일로 - 기타,승용,남,54세,상해없음,승용,남,53세,상해없음
2017031500100522,2017년 3월 15일 19시,수요일,대구광역시 달성군 다사읍,부상신고사고,0,0,0,1,차대차 - 정면충돌,신호위반,건조,맑음,교차로 - 교차로부근,이륜,남,23세,부상신고,승용,남,56세,상해없음
2017031500100547,2017년 3월 15일 20시,수요일,대구광역시 수성구 범어동,부상신고사고,0,0,0,1,차대차 - 측면충돌,안전운전불이행,건조,맑음,단일로 - 기타,이륜,남,50세,부상신고,승용,남,60세,상해없음
2017031500100598,2017년 3월 15일 22시,수요일,대구광역시 동구 신암동,중상사고,0,1,2,0,차대차 - 측면충돌,중앙선침범,건조,맑음,단일로 - 기타,화물,여,52세,상해없음,승용,남,37세,경상
2017031600100023,2017년 3월 16일 00시,목요일,대구광역시 달성군 다사읍,중상사고,0,1,1,0,차대차 - 정면충돌,신호위반,건조,맑음,교차로 - 교차로부근,승용,남,45세,상해없음,승용,여,56세,경상
2017031600100035,2017년 3월 16일 01시,목요일,대구광역시 수성구 수성동4가,경상사고,0,0,1,0,차대차 - 추돌,안전운전불이행,건조,맑음,단일로 - 기타,승용,남,26세,상해없음,화물,남,37세,경상
2017031600100036,2017년 3월 16일 01시,목요일,대구광역시 남구 대명동,경상사고,0,0,1,0,차대차 - 추돌,안전운전불이행,건조,맑음,교차로 - 교차로부근,승용,남,41세,상해없음,승용,남,52세,경상
2017031600100049,2017년 3월 16일 03시,목요일,대구광역시 중구 봉산동,경상사고,0,0,1,0,차대차 - 추돌,안전운전불이행,건조,맑음,단일로 - 기타,승용,남,18세,상해없음,승용,남,25세,경상
2017031600100051,2017년 3월 16일 04시,목요일,대구광역시 동구 율하동,경상사고,0,0,1,0,차대차 - 측면충돌,신호위반,건조,맑음,교차로 - 교차로안,승용,남,24세,상해없음,승합,남,58세,경상
2017031600100059,2017년 3월 16일 05시,목요일,대구광역시 북구 산격동,중상사고,0,1,0,0,차대차 - 정면충돌,중앙선침범,건조,맑음,단일로 - 기타,화물,남,44세,상해없음,승용,남,23세,중상
2017031600100074,2017년 3월 16일 06시,목요일,대구광역시 중구 계산동2가,중상사고,0,1,0,0,차대사람 - 횡단중,안전운전불이행,건조,맑음,단일로 - 기타,승용,남,31세,상해없음,보행자,여,48세,중상
2017031600100095,2017년 3월 16일 07시,목요일,대구광역시 수성구 범어동,경상사고,0,0,1,0,차대차 - 측면충돌,안전운전불이행,건조,맑음,단일로 - 기타,승용,남,41세,상해없음,자전거,남,13세,경상
2017031600100096,2017년 3월 16일 07시,목요일,대구광역시 서구 평리동,부상신고사고,0,0,0,1,차대차 - 추돌,안전운전불이행,건조,맑음,단일로 - 기타,이륜,남,59세,부상신고,승용,남,39세,상해없음
2017031600100131,2017년 3월 16일 08시,목요일,대구광역시 동구 봉무동,중상사고,0,1,0,0,차대차 - 측면충돌,안전거리미확보,건조,맑음,교차로 - 교차로부근,승용,남,67세,상해없음,승용,여,41세,중상
2017031600100132,2017년 3월 16일 08시,목요일,대구광역시 달서구 월암동,경상사고,0,0,1,0,차대차 - 측면충돌,직진우회전진행방해,건조,맑음,교차로 - 교차로안,승용,남,38세,상해없음,승용,여,61세,경상
2017031600100157,2017년 3월 16일 09시,목요일,대구광역시 수성구 범어동,중상사고,0,1,0,0,차대차 - 측면충돌,교차로운행방법위반,건조,맑음,교차로 - 교차로안,승용,남,25세,상해없음,이륜,남,54세,중상
2017031600100158,2017년 3월 16일 09시,목요일,대구광역시 중구 남산동,중상사고,0,1,1,0,차대차 - 추돌,안전운전불이행,건조,맑음,교차로 - 교차로부근,승용,남,61세,상해없음,승용,여,63세,중상
2017031600100184,2017년 3월 16일 10시,목요일,대구광역시 동구 신천동,경상사고,0,0,2,0,차대차 - 후진중충돌,안전운전불이행,건조,맑음,단일로 - 기타,승용,남,68세,상해없음,이륜,남,18세,경상
2017031600100216,2017년 3월 16일 11시,목요일,대구광역시 달성군 화원읍,경상사고,0,0,1,0,차대차 - 추돌,안전운전불이행,건조,맑음,단일로 - 기타,승용,남,21세,상해없음,승용,여,52세,경상
2017031600100244,2017년 3월 16일 12시,목요일,대구광역시 중구 남산동,중상사고,0,1,0,0,차대차 - 기타,안전거리미확보,건조,맑음,단일로 - 기타,승용,남,67세,상해없음,이륜,남,56세,중상
2017031600100272,2017년 3월 16일 13시,목요일,대구광역시 수성구 수성동4가,경상사고,0,0,3,0,차대차 - 측면충돌,안전거리미확보,건조,맑음,교차로 - 교차로부근,승용,남,29세,상해없음,승용,남,50세,경상
2017031600100292,2017년 3월 16일 14시,목요일,대구광역시 동구 율하동,경상사고,0,0,2,0,차대차 - 측면충돌,신호위반,건조,맑음,교차로 - 교차로안,승용,남,77세,상해없음,승용,남,37세,경상
2017031600100321,2017년 3월 16일 15시,목요일,대구광역시 수성구 신매동,경상사고,0,0,1,0,차대사람 - 횡단중,안전운전불이행,건조,맑음,주차장 - 주차장,승용,여,36세,상해없음,보행자,남,49세,경상
2017031600100322,2017년 3월 16일 15시,목요일,대구광역시 달서구 진천동,경상사고,0,0,2,0,차대차 - 측면충돌,안전거리미확보,건조,맑음,단일로 - 기타,이륜,남,17세,경상,승용,남,57세,경상
2017031600100353,2017년 3월 16일 16시,목요일,대구광역시 중구 대신동,경상사고,0,0,1,0,차대사람 - 기타,안전운전불이행,건조,맑음,단일로 - 기타,기타불명,기타불명,미분류,기타불명,보행자,남,12세,경상
2017031600100390,2017년 3월 16일 17시,목요일,대구광역시 동구 효목동,경상사고,0,0,1,0,차대차 - 정면충돌,신호위반,건조,맑음,교차로 - 교차로안,승용,남,55세,상해없음,승용,남,39세,경상
2017031600100391,2017년 3월 16일 17시,목요일,대구광역시 달성군 화원읍,경상사고,0,0,2,0,차대차 - 정면충돌,안전운전불이행,건조,맑음,교차로 - 교차로부근,이륜,남,76세,경상,승용,여,47세,경상
2017031600100392,2017년 3월 16일 17시,목요일,대구광역시 북구 구암동,경상사고,0,0,1,0,차대사람 - 횡단중,보행자보호의무위반,건조,맑음,교차로 - 교차로횡단보도내,승용,여,42세,상해없음,보행자,남,13세,경상
2017031600100453,2017년 3월 16일 19시,목요일,대구광역시 남구 대명동,중상사고,0,1,0,0,차대차 - 측면충돌,안전운전불이행,건조,맑음,단일로 - 기타,승용,남,27세,상해없음,이륜,남,54세,중상
2017031600100454,2017년 3월 16일 19시,목요일,대구광역시 남구 대명동,중상사고,0,1,0,0,차대사람 - 횡단중,안전운전불이행,건조,맑음,단일로 - 기타,승용,여,56세,상해없음,보행자,여,73세,중상
2017031600100455,2017년 3월 16일 19시,목요일,대구광역시 동구 신암동,경상사고,0,0,1,0,차대차 - 측면충돌,안전운전불이행,건조,맑음,교차로 - 교차로안,승용,남,45세,상해없음,승용,남,24세,경상
2017031600100456,2017년 3월 16일 19시,목요일,대구광역시 달서구 상인동,경상사고,0,0,1,0,차대차 - 추돌,안전운전불이행,건조,맑음,단일로 - 기타,승용,남,54세,상해없음,승용,남,34세,경상
2017031600100457,2017년 3월 16일 19시,목요일,대구광역시 북구 침산동,경상사고,0,0,1,0,차대차 - 추돌,안전운전불이행,건조,맑음,단일로 - 기타,승용,여,36세,상해없음,승용,남,57세,경상
2017031600100458,2017년 3월 16일 19시,목요일,대구광역시 북구 서변동,경상사고,0,0,1,0,차대차 - 측면충돌,교차로운행방법위반,건조,맑음,교차로 - 교차로안,승용,남,48세,상해없음,원동기,남,24세,경상
2017031600100484,2017년 3월 16일 20시,목요일,대구광역시 달성군 구지면,경상사고,0,0,2,0,차대차 - 정면충돌,교차로운행방법위반,건조,맑음,교차로 - 교차로안,승용,여,56세,경상,승용,남,34세,경상
2017031600100513,2017년 3월 16일 21시,목요일,대구광역시 수성구 삼덕동,경상사고,0,0,1,0,차대차 - 측면충돌,안전거리미확보,건조,맑음,단일로 - 기타,승합,남,63세,상해없음,승용,여,43세,경상
2017031600100514,2017년 3월 16일 21시,목요일,대구광역시 수성구 만촌동,경상사고,0,0,1,0,차대차 - 추돌,교차로운행방법위반,건조,맑음,교차로 - 교차로부근,승용,여,49세,기타불명,승용,남,59세,경상
2017031600100515,2017년 3월 16일 21시,목요일,대구광역시 달성군 유가면,중상사고,0,1,0,0,차대차 - 정면충돌,중앙선침범,건조,흐림,단일로 - 기타,화물,남,56세,상해없음,이륜,남,17세,중상
2017031600100539,2017년 3월 16일 22시,목요일,대구광역시 서구 평리동,경상사고,0,0,1,0,차대차 - 측면충돌,안전거리미확보,건조,맑음,단일로 - 기타,승용,남,44세,상해없음,승용,남,67세,경상
2017031600100540,2017년 3월 16일 22시,목요일,대구광역시 달서구 본리동,경상사고,0,0,1,0,차대사람 - 기타,기타,건조,맑음,단일로 - 기타,승용,남,33세,상해없음,보행자,남,50세,경상
2017031600100562,2017년 3월 16일 23시,목요일,대구광역시 북구 동천동,부상신고사고,0,0,0,1,차대사람 - 횡단중,안전운전불이행,건조,맑음,교차로 - 교차로횡단보도내,자전거,남,46세,부상신고,보행자,여,19세,상해없음
2017031700100048,2017년 3월 17일 02시,금요일,대구광역시 북구 복현동,사망사고,1,0,0,0,차대사람 - 횡단중,안전운전불이행,건조,맑음,교차로 - 교차로안,승용,남,59세,상해없음,보행자,여,80세,사망
2017031700100049,2017년 3월 17일 02시,금요일,대구광역시 서구 평리동,경상사고,0,0,2,0,차대차 - 측면충돌,직진우회전진행방해,건조,맑음,교차로 - 교차로안,화물,남,44세,경상,승용,남,23세,경상
2017031700100059,2017년 3월 17일 03시,금요일,대구광역시 동구 신천동,중상사고,0,1,1,0,차대차 - 추돌,안전운전불이행,건조,맑음,단일로 - 교량,승용,남,32세,상해없음,승용,남,59세,중상
2017031700100069,2017년 3월 17일 04시,금요일,대구광역시 서구 중리동,중상사고,0,2,0,0,차대차 - 측면충돌,안전거리미확보,건조,맑음,교차로 - 교차로부근,승용,남,69세,상해없음,이륜,남,18세,중상
2017031700100082,2017년 3월 17일 05시,금요일,대구광역시 남구 봉덕동,부상신고사고,0,0,0,1,차대사람 - 횡단중,안전운전불이행,건조,맑음,단일로 - 기타,승용,남,43세,상해없음,보행자,남,54세,부상신고
2017031700100092,2017년 3월 17일 06시,금요일,대구광역시 서구 비산동,부상신고사고,0,0,0,1,차대사람 - 차도통행중,안전운전불이행,건조,맑음,교차로 - 교차로안,기타불명,기타불명,미분류,기타불명,보행자,여,16세,부상신고
2017031700100108,2017년 3월 17일 07시,금요일,대구광역시 수성구 범어동,경상사고,0,0,1,0,차대차 - 정면충돌,안전운전불이행,건조,맑음,기타 - 기타,승용,남,30세,상해없음,자전거,남,18세,경상
2017031700100109,2017년 3월 17일 07시,금요일,대구광역시 달서구 상인동,경상사고,0,0,2,0,차대차 - 측면충돌,안전운전불이행,건조,맑음,교차로 - 교차로부근,승용,여,50세,경상,승용,남,75세,경상
2017031700100110,2017년 3월 17일 07시,금요일,대구광역시 북구 산격동,경상사고,0,0,1,0,차대사람 - 횡단중,보행자보호의무위반,건조,맑음,교차로 - 교차로부근,승용,여,42세,상해없음,보행자,여,52세,경상
2017031700100141,2017년 3월 17일 08시,금요일,대구광역시 남구 봉덕동,중상사고,0,1,0,0,차대사람 - 횡단중,기타,건조,맑음,단일로 - 기타,승용,여,41세,상해없음,보행자,남,9세,중상
2017031700100142,2017년 3월 17일 08시,금요일,대구광역시 동구 신서동,경상사고,0,0,1,0,차대차 - 측면충돌,교차로운행방법위반,건조,맑음,교차로 - 교차로안,화물,남,49세,상해없음,승용,남,46세,경상
2017031700100143,2017년 3월 17일 08시,금요일,대구광역시 수성구 범어동,중상사고,0,1,1,0,차대차 - 정면충돌,안전운전불이행,건조,맑음,단일로 - 기타,승용,여,48세,상해없음,승용,여,42세,중상
2017031700100229,2017년 3월 17일 11시,금요일,대구광역시 남구 대명동,경상사고,0,0,2,0,차대차 - 추돌,안전거리미확보,건조,맑음,교차로 - 교차로부근,이륜,남,24세,상해없음,승용,여,36세,경상
2017031700100253,2017년 3월 17일 12시,금요일,대구광역시 수성구 황금동,중상사고,0,2,0,0,차대차 - 측면충돌,신호위반,건조,맑음,교차로 - 교차로안,승용,여,27세,상해없음,승용,남,68세,중상
2017031700100254,2017년 3월 17일 12시,금요일,대구광역시 북구 고성동1가,경상사고,0,0,1,0,차대차 - 측면충돌,기타,건조,맑음,단일로 - 기타,승용,남,58세,상해없음,자전거,남,61세,경상
2017031700100320,2017년 3월 17일 14시,금요일,대구광역시 달성군 화원읍,중상사고,0,1,0,0,차대차 - 측면충돌,안전운전불이행,건조,맑음,단일로 - 기타,승용,여,44세,상해없음,승용,남,68세,중상
2017031700100350,2017년 3월 17일 15시,금요일,대구광역시 수성구 황금동,중상사고,0,1,0,0,차량단독 - 기타,안전운전불이행,건조,맑음,단일로 - 기타,승합,남,46세,상해없음,,,,
2017031700100351,2017년 3월 17일 15시,금요일,대구광역시 북구 동천동,경상사고,0,0,2,0,차대차 - 측면충돌,안전거리미확보,건조,맑음,단일로 - 기타,승용,남,81세,상해없음,승용,남,41세,경상
2017031700100386,2017년 3월 17일 16시,금요일,대구광역시 북구 구암동,부상신고사고,0,0,0,1,차대차 - 측면충돌,불법유턴,건조,맑음,단일로 - 기타,자전거,남,17세,부상신고,화물,남,28세,상해없음
2017031700100415,2017년 3월 17일 17시,금요일,대구광역시 동구 신암동,중상사고,0,1,0,0,차대사람 - 기타,안전운전불이행,건조,맑음,단일로 - 기타,승합,남,47세,상해없음,보행자,여,52세,중상
2017031700100416,2017년 3월 17일 17시,금요일,대구광역시 중구 남산동,경상사고,0,0,1,0,차대차 - 추돌,안전거리미확보,건조,맑음,단일로 - 기타,승용,남,51세,상해없음,승용,남,36세,경상
2017031700100417,2017년 3월 17일 17시,금요일,대구광역시 달서구 감삼동,경상사고,0,0,1,0,차대차 - 추돌,불법유턴,건조,맑음,교차로 - 교차로안,승용,남,21세,상해없음,원동기,남,59세,경상
2017031700100497,2017년 3월 17일 19시,금요일,대구광역시 수성구 수성동4가,부상신고사고,0,0,0,2,차대차 - 정면충돌,차로위반,건조,맑음,단일로 - 기타,승용,여,47세,상해없음,승용,남,62세,상해없음
2017031700100498,2017년 3월 17일 19시,금요일,대구광역시 달서구 상인동,경상사고,0,0,1,0,차대차 - 추돌,안전거리미확보,건조,맑음,교차로 - 교차로부근,승용,여,56세,상해없음,승용,남,29세,경상
2017031700100499,2017년 3월 17일 19시,금요일,대구광역시 북구 칠성동2가,중상사고,0,1,0,0,차대차 - 기타,안전운전불이행,건조,맑음,단일로 - 기타,승합,남,66세,상해없음,자전거,남,48세,중상
2017031700100500,2017년 3월 17일 19시,금요일,대구광역시 달서구 감삼동,경상사고,0,0,1,0,차대차 - 측면충돌,안전운전불이행,건조,맑음,교차로 - 교차로횡단보도내,자전거,남,9세,경상,승용,남,41세,상해없음
2017031700100501,2017년 3월 17일 19시,금요일,대구광역시 달서구 성당동,중상사고,0,1,0,0,차대사람 - 횡단중,기타,건조,맑음,기타 - 기타,승용,남,58세,상해없음,보행자,여,57세,중상
2017031700100502,2017년 3월 17일 19시,금요일,대구광역시 북구 구암동,경상사고,0,0,1,1,차대차 - 측면충돌,교차로운행방법위반,건조,맑음,교차로 - 교차로안,승용,남,32세,부상신고,원동기,남,16세,경상
2017031700100535,2017년 3월 17일 20시,금요일,대구광역시 달서구 송현동,경상사고,0,0,1,0,차대차 - 측면충돌,안전운전불이행,건조,맑음,교차로 - 교차로부근,원동기,남,16세,경상,승용,남,60세,상해없음
2017031700100536,2017년 3월 17일 20시,금요일,대구광역시 북구 산격동,경상사고,0,0,1,0,차대사람 - 길가장자리구역통행중,안전운전불이행,건조,맑음,단일로 - 기타,승용,남,29세,상해없음,보행자,남,14세,경상
2017031700100537,2017년 3월 17일 20시,금요일,대구광역시 북구 노원동2가,중상사고,0,1,0,0,차대사람 - 차도통행중,안전운전불이행,건조,맑음,미분류 - 미분류,기타불명,기타불명,미분류,기타불명,보행자,남,55세,중상
2017031700100538,2017년 3월 17일 20시,금요일,대구광역시 달서구 이곡동,경상사고,0,0,1,0,차대차 - 기타,안전운전불이행,건조,맑음,교차로 - 교차로부근,이륜,남,25세,상해없음,승용,남,33세,경상
2017031700100539,2017년 3월 17일 20시,금요일,대구광역시 달서구 용산동,경상사고,0,0,1,0,차대차 - 측면충돌,안전운전불이행,건조,맑음,단일로 - 기타,승용,남,46세,상해없음,이륜,남,21세,경상