사고번호,사고일시,요일,시군구,사고내용,사망자수,중상자수,경상자수,부상신고자수,사고유형,법규위반,노면상태,기상상태,도로형태,가해운전자 차종,가해운전자 성별,가해운전자 연령,가해운전자 상해정도,피해운전자 차종,피해운전자 성별,피해운전자 연령,피해운전자 상해정도
2017032000100540,2017년 3월 20일 22시,월요일,대구광역시 달서구 대천동,경상사고,0,0,1,0,차대차 - 추돌,안전운전불이행,젖음/습기,비,단일로 - 기타,원동기,남,16세,상해없음,승용,남,19세,경상
2017032000100541,2017년 3월 20일 22시,월요일,대구광역시 북구 태전동,부상신고사고,0,0,0,1,차대차 - 측면충돌,안전운전불이행,젖음/습기,비,단일로 - 기타,기타불명,기타불명,미분류,기타불명,승용,남,26세,부상신고
2017032000100564,2017년 3월 20일 23시,월요일,대구광역시 달서구 대곡동,경상사고,0,0,1,0,차대사람 - 횡단중,안전운전불이행,건조,맑음,단일로 - 기타,승용,남,44세,상해없음,보행자,남,46세,경상
2017032100100040,2017년 3월 21일 01시,화요일,대구광역시 달성군 현풍면,부상신고사고,0,0,0,1,차대차 - 기타,기타,젖음/습기,비,단일로 - 기타,기타불명,기타불명,미분류,기타불명,이륜,남,16세,부상신고
2017032100100093,2017년 3월 21일 06시,화요일,대구광역시 중구 남일동,경상사고,0,0,2,0,차대차 - 측면충돌,안전운전불이행,건조,맑음,교차로 - 교차로부근,승용,남,46세,상해없음,승용,남,57세,경상
2017032100100115,2017년 3월 21일 07시,화요일,대구광역시 수성구 황금동,경상사고,0,0,1,0,차대사람 - 기타,기타,건조,맑음,단일로 - 기타,승합,남,53세,상해없음,보행자,여,22세,경상
2017032100100116,2017년 3월 21일 07시,화요일,대구광역시 북구 침산동,경상사고,0,0,2,0,차대차 - 정면충돌,안전운전불이행,젖음/습기,흐림,단일로 - 기타,승용,남,24세,상해없음,승용,여,52세,경상
2017032100100151,2017년 3월 21일 08시,화요일,대구광역시 서구 비산동,경상사고,0,0,1,1,차대차 - 측면충돌,과속,건조,맑음,교차로 - 교차로안,승용,남,45세,부상신고,승용,남,56세,경상
2017032100100152,2017년 3월 21일 08시,화요일,대구광역시 중구 남산동,중상사고,0,1,0,0,차대사람 - 횡단중,안전운전불이행,건조,맑음,교차로 - 교차로안,승용,여,34세,상해없음,보행자,여,78세,중상
2017032100100188,2017년 3월 21일 09시,화요일,대구광역시 동구 율하동,경상사고,0,0,2,0,차대차 - 측면충돌,직진우회전진행방해,건조,맑음,교차로 - 교차로안,승용,남,42세,경상,승용,여,55세,경상
2017032100100189,2017년 3월 21일 09시,화요일,대구광역시 수성구 범어동,중상사고,0,1,0,0,차대사람 - 횡단중,교차로운행방법위반,건조,맑음,교차로 - 교차로안,승용,남,76세,상해없음,보행자,여,52세,중상
2017032100100190,2017년 3월 21일 09시,화요일,대구광역시 북구 읍내동,경상사고,0,0,1,0,차대차 - 측면충돌,안전운전불이행,건조,맑음,단일로 - 기타,승용,여,40세,상해없음,화물,남,52세,경상
2017032100100210,2017년 3월 21일 10시,화요일,대구광역시 중구 종로1가,경상사고,0,0,2,0,차대차 - 측면충돌,안전거리미확보,건조,맑음,교차로 - 교차로부근,승용,남,56세,상해없음,승용,남,55세,경상
2017032100100258,2017년 3월 21일 12시,화요일,대구광역시 수성구 범어동,중상사고,0,1,0,0,차대차 - 추돌,안전거리미확보,건조,맑음,단일로 - 기타,승용,여,58세,상해없음,승용,남,68세,중상
2017032100100281,2017년 3월 21일 13시,화요일,대구광역시 수성구 수성동2가,중상사고,0,1,0,0,차대사람 - 횡단중,안전운전불이행,건조,맑음,단일로 - 기타,원동기,남,55세,상해없음,보행자,남,60세,중상
2017032100100282,2017년 3월 21일 13시,화요일,대구광역시 북구 고성동2가,경상사고,0,0,1,0,차대사람 - 횡단중,안전운전불이행,건조,맑음,단일로 - 기타,기타불명,기타불명,미분류,기타불명,보행자,여,64세,경상
2017032100100316,2017년 3월 21일 14시,화요일,대구광역시 서구 비산동,경상사고,0,0,1,0,차대차 - 측면충돌,안전운전불이행,건조,맑음,단일로 - 기타,승합,남,65세,상해없음,승용,여,44세,경상
2017032100100360,2017년 3월 21일 16시,화요일,대구광역시 달서구 송현동,중상사고,0,2,1,0,차대차 - 측면충돌,직진우회전진행방해,건조,맑음,교차로 - 교차로안,승용,남,75세,중상,승용,여,38세,경상
2017032100100361,2017년 3월 21일 16시,화요일,대구광역시 달성군 화원읍,경상사고,0,0,1,0,차대차 - 기타,안전운전불이행,건조,맑음,교차로 - 교차로안,승용,여,61세,상해없음,승용,남,51세,경상
2017032100100398,2017년 3월 21일 17시,화요일,대구광역시 동구 신암동,경상사고,0,0,4,0,차대차 - 추돌,안전거리미확보,건조,맑음,단일로 - 기타,승용,남,49세,상해없음,승용,남,69세,경상
2017032100100399,2017년 3월 21일 17시,화요일,대구광역시 동구 신암동,경상사고,0,0,1,0,차대사람 - 횡단중,안전운전불이행,건조,맑음,단일로 - 기타,승용,여,44세,기타불명,보행자,남,7세,경상
2017032100100400,2017년 3월 21일 17시,화요일,대구광역시 수성구 범어동,중상사고,0,1,1,1,차대차 - 측면충돌,교차로운행방법위반,건조,맑음,교차로 - 교차로안,승용,여,31세,부상신고,승용,남,55세,경상
2017032100100401,2017년 3월 21일 17시,화요일,대구광역시 달서구 상인동,중상사고,0,1,0,0,차대사람 - 횡단중,보행자보호의무위반,건조,맑음,교차로 - 교차로횡단보도내,승용,여,63세,상해없음,보행자,여,53세,중상
2017032100100437,2017년 3월 21일 18시,화요일,대구광역시 동구 봉무동,경상사고,0,0,1,0,차대차 - 측면충돌,안전거리미확보,건조,맑음,단일로 - 기타,이륜,남,18세,상해없음,화물,남,59세,상해없음
2017032100100438,2017년 3월 21일 18시,화요일,대구광역시 중구 동인동3가,경상사고,0,0,1,0,차대차 - 측면충돌,안전운전불이행,건조,맑음,교차로 - 교차로부근,승합,남,58세,상해없음,자전거,여,52세,경상
2017032100100439,2017년 3월 21일 18시,화요일,대구광역시 북구 태전동,경상사고,0,0,1,0,차대차 - 측면충돌,안전거리미확보,건조,맑음,단일로 - 기타,승용,여,48세,상해없음,승용,남,57세,경상
2017032100100467,2017년 3월 21일 19시,화요일,대구광역시 달서구 상인동,경상사고,0,0,2,0,차대차 - 정면충돌,안전운전불이행,건조,맑음,단일로 - 기타,승용,여,49세,상해없음,승용,여,50세,경상
2017032100100499,2017년 3월 21일 20시,화요일,대구광역시 달서구 두류동,중상사고,0,3,0,0,차대차 - 추돌,안전운전불이행,건조,맑음,교차로 - 교차로부근,승용,남,61세,상해없음,승용,여,35세,중상
2017032100100522,2017년 3월 21일 21시,화요일,대구광역시 북구 고성동2가,중상사고,0,1,0,0,차대사람 - 횡단중,안전운전불이행,건조,맑음,단일로 - 기타,원동기,여,58세,상해없음,보행자,남,61세,중상
2017032100100541,2017년 3월 21일 22시,화요일,대구광역시 수성구 범어동,경상사고,0,0,1,0,차대차 - 정면충돌,안전운전불이행,건조,맑음,단일로 - 기타,승용,남,54세,상해없음,승용,여,41세,경상
2017032100100563,2017년 3월 21일 23시,화요일,대구광역시 동구 신암동,경상사고,0,0,1,0,차대차 - 측면충돌,안전운전불이행,건조,맑음,단일로 - 기타,승용,남,67세,상해없음,승용,남,57세,경상
2017032100100564,2017년 3월 21일 23시,화요일,대구광역시 달서구 상인동,경상사고,0,0,1,0,차대사람 - 횡단중,안전운전불이행,건조,맑음,교차로 - 교차로안,승용,남,29세,기타불명,보행자,남,31세,경상
2017032200100020,2017년 3월 22일 00시,수요일,대구광역시 달서구 호산동,중상사고,0,1,0,0,차대차 - 측면충돌,신호위반,건조,맑음,교차로 - 교차로안,이륜,남,18세,상해없음,이륜,남,33세,중상
2017032200100029,2017년 3월 22일 01시,수요일,대구광역시 북구 산격동,경상사고,0,0,1,0,차대차 - 추돌,안전운전불이행,건조,맑음,단일로 - 기타,승용,남,25세,상해없음,원동기,남,28세,경상
2017032200100042,2017년 3월 22일 03시,수요일,대구광역시 동구 불로동,중상사고,0,1,0,0,차대사람 - 횡단중,안전운전불이행,건조,맑음,교차로 - 교차로부근,승용,남,41세,상해없음,보행자,남,42세,중상
2017032200100043,2017년 3월 22일 03시,수요일,대구광역시 서구 비산동,중상사고,0,1,0,0,차대차 - 측면충돌,안전운전불이행,건조,맑음,단일로 - 기타,화물,남,64세,상해없음,승용,남,67세,중상
2017032200100049,2017년 3월 22일 04시,수요일,대구광역시 달서구 신당동,중상사고,0,2,0,0,차대차 - 정면충돌,중앙선침범,건조,맑음,교차로 - 교차로부근,승합,남,23세,상해없음,승용,남,44세,중상
2017032200100055,2017년 3월 22일 05시,수요일,대구광역시 달서구 상인동,중상사고,0,1,0,0,차대차 - 기타,교차로운행방법위반,건조,맑음,교차로 - 교차로안,승용,여,46세,상해없음,승용,남,28세,중상
2017032200100091,2017년 3월 22일 07시,수요일,대구광역시 북구 동천동,경상사고,0,0,1,0,차대차 - 측면충돌,교차로운행방법위반,건조,맑음,교차로 - 교차로안,승용,여,44세,상해없음,승용,여,27세,경상
2017032200100129,2017년 3월 22일 08시,수요일,대구광역시 북구 관음동,중상사고,0,1,0,0,차대사람 - 횡단중,안전운전불이행,건조,맑음,단일로 - 기타,승용,여,35세,상해없음,보행자,여,60세,중상
2017032200100161,2017년 3월 22일 09시,수요일,대구광역시 수성구 상동,중상사고,0,1,0,0,차대사람 - 횡단중,안전운전불이행,건조,맑음,단일로 - 기타,승용,여,21세,상해없음,보행자,여,53세,중상
2017032200100162,2017년 3월 22일 09시,수요일,대구광역시 달서구 본동,경상사고,0,0,1,0,차대차 - 측면충돌,교차로운행방법위반,건조,맑음,교차로 - 교차로안,화물,남,57세,상해없음,화물,남,23세,경상
2017032200100163,2017년 3월 22일 09시,수요일,대구광역시 중구 동인동3가,경상사고,0,0,1,0,차대차 - 추돌,안전운전불이행,건조,맑음,교차로 - 교차로부근,승용,남,54세,상해없음,자전거,여,32세,경상
2017032200100164,2017년 3월 22일 09시,수요일,대구광역시 달서구 죽전동,중상사고,0,1,0,0,차대차 - 측면충돌,안전운전불이행,건조,맑음,단일로 - 기타,승용,여,41세,상해없음,자전거,여,69세,중상
2017032200100193,2017년 3월 22일 10시,수요일,대구광역시 서구 비산동,경상사고,0,0,1,0,차대차 - 측면충돌,교차로운행방법위반,건조,맑음,교차로 - 교차로안,화물,남,35세,상해없음,자전거,남,29세,경상
2017032200100217,2017년 3월 22일 11시,수요일,대구광역시 남구 봉덕동,경상사고,0,0,1,0,차대차 - 기타,중앙선침범,건조,맑음,단일로 - 기타,자전거,여,50세,경상,승용,남,30세,상해없음
2017032200100243,2017년 3월 22일 12시,수요일,대구광역시 동구 지저동,중상사고,0,1,0,0,차대차 - 측면충돌,안전운전불이행,건조,맑음,단일로 - 기타,승합,남,34세,상해없음,자전거,여,80세,중상
2017032200100270,2017년 3월 22일 13시,수요일,대구광역시 북구 검단동,부상신고사고,0,0,0,1,차대차 - 측면충돌,교차로운행방법위반,건조,맑음,교차로 - 교차로안,이륜,남,47세,상해없음,이륜,남,26세,부상신고
2017032200100271,2017년 3월 22일 13시,수요일,대구광역시 서구 내당동,경상사고,0,0,1,0,차대차 - 후진중충돌,안전운전불이행,건조,맑음,교차로 - 교차로안,승용,남,59세,상해없음,화물,남,56세,경상
2017032200100294,2017년 3월 22일 14시,수요일,대구광역시 동구 봉무동,부상신고사고,0,0,0,1,차대차 - 측면충돌,안전운전불이행,건조,맑음,단일로 - 기타,이륜,남,54세,부상신고,승용,여,56세,상해없음
2017032200100319,2017년 3월 22일 15시,수요일,대구광역시 중구 덕산동,부상신고사고,0,0,0,4,차대차 - 측면충돌,안전거리미확보,건조,맑음,단일로 - 기타,승용,여,51세,상해없음,승용,남,20세,부상신고
2017032200100349,2017년 3월 22일 16시,수요일,대구광역시 달성군 가창면,경상사고,0,0,1,0,차대사람 - 횡단중,보행자보호의무위반,건조,맑음,교차로 - 교차로안,승용,여,43세,상해없음,보행자,남,8세,경상
2017032200100350,2017년 3월 22일 16시,수요일,대구광역시 달성군 다사읍,경상사고,0,0,1,0,차대차 - 추돌,안전운전불이행,건조,맑음,단일로 - 기타,승용,여,64세,상해없음,승합,남,62세,경상
2017032200100384,2017년 3월 22일 17시,수요일,대구광역시 달서구 송현동,경상사고,0,0,1,0,차대차 - 측면충돌,중앙선침범,건조,맑음,교차로 - 교차로안,이륜,남,19세,상해없음,승용,남,27세,경상
2017032200100385,2017년 3월 22일 17시,수요일,대구광역시 달서구 월성동,경상사고,0,0,1,0,차대차 - 측면충돌,교차로운행방법위반,건조,맑음,교차로 - 교차로안,승용,여,44세,상해없음,자전거,남,14세,경상
2017032200100386,2017년 3월 22일 17시,수요일,대구광역시 중구 동인동3가,경상사고,0,0,1,0,차대차 - 측면충돌,교차로운행방법위반,건조,맑음,교차로 - 교차로안,승용,남,41세,상해없음,자전거,남,60세,경상
2017032200100387,2017년 3월 22일 17시,수요일,대구광역시 중구 서성로2가,부상신고사고,0,0,0,1,차대차 - 측면충돌,교차로운행방법위반,건조,맑음,교차로 - 교차로안,이륜,남,40세,부상신고,화물,남,64세,상해없음
2017032200100425,2017년 3월 22일 18시,수요일,대구광역시 수성구 신매동,경상사고,0,0,1,0,차대차 - 측면충돌,신호위반,건조,맑음,교차로 - 교차로안,승용,여,48세,상해없음,승용,여,43세,경상
2017032200100426,2017년 3월 22일 18시,수요일,대구광역시 중구 대봉동,경상사고,0,0,1,0,차대차 - 측면충돌,안전운전불이행,건조,맑음,단일로 - 기타,승용,남,34세,경상,승용,남,69세,상해없음
2017032200100427,2017년 3월 22일 18시,수요일,대구광역시 달서구 이곡동,경상사고,0,0,3,0,차대차 - 기타,신호위반,건조,맑음,교차로 - 교차로안,승용,여,42세,경상,화물,남,49세,경상
2017032200100464,2017년 3월 22일 19시,수요일,대구광역시 중구 동성로2가,중상사고,0,1,0,0,차대사람 - 횡단중,안전운전불이행,건조,맑음,단일로 - 기타,이륜,남,23세,상해없음,보행자,여,49세,중상
2017032200100515,2017년 3월 22일 21시,수요일,대구광역시 달서구 용산동,중상사고,0,1,0,0,차대차 - 측면충돌,안전운전불이행,건조,맑음,단일로 - 기타,이륜,남,35세,중상,승용,남,35세,상해없음
2017032200100544,2017년 3월 22일 22시,수요일,대구광역시 달서구 도원동,중상사고,0,2,1,0,차대차 - 측면충돌,직진우회전진행방해,건조,맑음,교차로 - 교차로안,승용,남,37세,상해없음,승용,남,42세,경상
2017032200100545,2017년 3월 22일 22시,수요일,대구광역시 북구 침산동,중상사고,0,1,0,0,차대차 - 측면충돌,중앙선침범,건조,맑음,단일로 - 기타,승용,남,42세,상해없음,자전거,여,56세,중상
2017032200100575,2017년 3월 22일 23시,수요일,대구광역시 북구 산격동,중상사고,0,1,0,0,차대사람 - 횡단중,안전운전불이행,건조,맑음,단일로 - 기타,승용,남,21세,상해없음,보행자,남,45세,중상
2017032300100042,2017년 3월 23일 01시,목요일,대구광역시 수성구 범어동,중상사고,0,1,1,0,차대차 - 추돌,안전거리미확보,건조,맑음,단일로 - 기타,승용,남,51세,상해없음,승용,남,68세,경상
2017032300100043,2017년 3월 23일 01시,목요일,대구광역시 달서구 갈산동,중상사고,0,3,1,0,차대차 - 측면충돌,과속,건조,맑음,교차로 - 교차로안,승용,남,46세,경상,승용,남,53세,중상
2017032300100071,2017년 3월 23일 05시,목요일,대구광역시 남구 대명동,경상사고,0,0,1,0,차대차 - 정면충돌,중앙선침범,건조,맑음,단일로 - 고가도로위,승용,남,75세,상해없음,승용,남,67세,경상
2017032300100149,2017년 3월 23일 09시,목요일,대구광역시 동구 효목동,경상사고,0,0,1,0,차대차 - 측면충돌,안전거리미확보,건조,맑음,단일로 - 기타,승용,남,72세,상해없음,승용,남,24세,경상
2017032300100150,2017년 3월 23일 09시,목요일,대구광역시 북구 칠성동1가,경상사고,0,0,1,0,차대차 - 기타,중앙선침범,건조,맑음,단일로 - 기타,승용,남,63세,상해없음,이륜,여,52세,경상
2017032300100179,2017년 3월 23일 10시,목요일,대구광역시 동구 효목동,경상사고,0,0,1,0,차대차 - 정면충돌,안전거리미확보,건조,맑음,단일로 - 기타,승용,남,77세,상해없음,이륜,남,51세,경상
2017032300100250,2017년 3월 23일 13시,목요일,대구광역시 수성구 신매동,경상사고,0,0,1,0,차대차 - 측면충돌,안전운전불이행,건조,맑음,교차로 - 교차로부근,자전거,남,76세,경상,승용,남,49세,상해없음
2017032300100251,2017년 3월 23일 13시,목요일,대구광역시 달서구 월암동,경상사고,0,0,1,0,차대차 - 측면충돌,신호위반,건조,맑음,교차로 - 교차로안,화물,남,60세,상해없음,승용,여,71세,경상
2017032300100278,2017년 3월 23일 14시,목요일,대구광역시 수성구 수성동1가,경상사고,0,0,1,0,차대차 - 측면충돌,안전운전불이행,건조,맑음,단일로 - 기타,승용,여,51세,상해없음,자전거,남,10세,경상
2017032300100279,2017년 3월 23일 14시,목요일,대구광역시 북구 노원동1가,경상사고,0,0,2,0,차대차 - 측면충돌,신호위반,건조,맑음,교차로 - 교차로안,화물,남,54세,상해없음,승용,남,41세,경상
2017032300100310,2017년 3월 23일 15시,목요일,대구광역시 서구 내당동,경상사고,0,0,1,0,차대차 - 측면충돌,안전운전불이행,건조,맑음,단일로 - 기타,승용,남,62세,상해없음,승용,남,35세,경상
2017032300100347,2017년 3월 23일 16시,목요일,대구광역시 북구 노원동3가,경상사고,0,0,1,0,차대차 - 측면충돌,교차로운행방법위반,건조,맑음,교차로 - 교차로안,승용,남,55세,상해없음,이륜,남,52세,경상
2017032300100348,2017년 3월 23일 16시,목요일,대구광역시 서구 비산동,부상신고사고,0,0,0,1,차대사람 - 횡단중,안전운전불이행,건조,맑음,단일로 - 기타,기타불명,기타불명,미분류,기타불명,보행자,남,52세,부상신고
2017032300100382,2017년 3월 23일 17시,목요일,대구광역시 수성구 신매동,경상사고,0,0,1,0,차대차 - 측면충돌,안전운전불이행,건조,맑음,단일로 - 기타,자전거,남,12세,경상,승용,여,42세,상해없음
2017032300100383,2017년 3월 23일 17시,목요일,대구광역시 수성구 수성동1가,경상사고,0,0,1,0,차대차 - 정면충돌,안전운전불이행,건조,맑음,단일로 - 기타,승용,남,61세,상해없음,승용,남,56세,경상
2017032300100384,2017년 3월 23일 17시,목요일,대구광역시 중구 남산동,경상사고,0,0,1,1,차대차 - 측면충돌,차로위반,건조,맑음,단일로 - 기타,승용,여,57세,상해없음,승용,남,36세,경상
2017032300100385,2017년 3월 23일 17시,목요일,대구광역시 달서구 갈산동,중상사고,0,1,0,0,차대차 - 측면충돌,안전운전불이행,건조,맑음,단일로 - 기타,승용,여,60세,상해없음,자전거,남,75세,중상
2017032300100418,2017년 3월 23일 18시,목요일,대구광역시 달서구 신당동,중상사고,0,1,0,0,차대차 - 측면충돌,안전거리미확보,건조,맑음,교차로 - 교차로부근,승용,남,18세,상해없음,이륜,남,74세,중상
2017032300100419,2017년 3월 23일 18시,목요일,대구광역시 북구 읍내동,경상사고,0,0,1,0,차대차 - 추돌,안전운전불이행,건조,맑음,교차로 - 교차로부근,승용,여,30세,상해없음,승용,여,45세,경상
2017032300100462,2017년 3월 23일 19시,목요일,대구광역시 수성구 범어동,경상사고,0,0,1,0,차대사람 - 횡단중,안전운전불이행,건조,흐림,교차로 - 교차로부근,화물,남,73세,상해없음,보행자,남,79세,경상
2017032300100463,2017년 3월 23일 19시,목요일,대구광역시 수성구 상동,중상사고,0,1,1,0,차대차 - 추돌,안전운전불이행,건조,맑음,교차로 - 교차로부근,승용,여,51세,상해없음,승용,남,43세,중상
2017032300100504,2017년 3월 23일 20시,목요일,대구광역시 서구 비산동,경상사고,0,0,1,0,차대차 - 측면충돌,안전운전불이행,건조,맑음,교차로 - 교차로횡단보도내,자전거,남,13세,경상,승용,남,64세,상해없음
2017032300100505,2017년 3월 23일 20시,목요일,대구광역시 북구 태전동,중상사고,0,1,0,0,차대사람 - 횡단중,안전운전불이행,건조,맑음,단일로 - 기타,승용,남,41세,상해없음,보행자,여,43세,중상
2017032300100537,2017년 3월 23일 21시,목요일,대구광역시 북구 고성동3가,부상신고사고,0,0,0,1,차대차 - 측면충돌,중앙선침범,건조,맑음,단일로 - 기타,자전거,남,15세,부상신고,승용,남,41세,상해없음
2017032300100538,2017년 3월 23일 21시,목요일,대구광역시 달서구 용산동,경상사고,0,0,1,0,차대차 - 추돌,안전운전불이행,건조,맑음,단일로 - 기타,승용,남,42세,상해없음,승용,남,54세,경상
2017032300100565,2017년 3월 23일 22시,목요일,대구광역시 달서구 본동,경상사고,0,0,1,0,차대차 - 측면충돌,신호위반,건조,맑음,교차로 - 교차로안,승용,남,45세,상해없음,승용,남,26세,경상
2017032300100566,2017년 3월 23일 22시,목요일,대구광역시 달서구 이곡동,경상사고,0,0,1,0,차대차 - 측면충돌,차로위반,건조,맑음,기타 - 기타,승용,여,53세,상해없음,승용,남,75세,경상
2017032300100588,2017년 3월 23일 23시,목요일,대구광역시 수성구 만촌동,중상사고,0,1,0,0,차대차 - 기타,안전운전불이행,건조,맑음,단일로 - 기타,기타불명,기타불명,미분류,기타불명,이륜,남,35세,중상
2017032400100036,2017년 3월 24일 00시,금요일,대구광역시 남구 대명동,경상사고,0,0,2,0,차대차 - 추돌,안전운전불이행,건조,맑음,단일로 - 기타,승용,남,35세,상해없음,승용,남,63세,경상
2017032400100037,2017년 3월 24일 00시,금요일,대구광역시 달서구 상인동,중상사고,0,1,0,0,차대사람 - 횡단중,안전운전불이행,건조,맑음,교차로 - 교차로횡단보도내,승용,여,68세,상해없음,보행자,남,28세,중상
2017032400100072,2017년 3월 24일 02시,금요일,대구광역시 서구 평리동,부상신고사고,0,0,0,1,차대차 - 측면충돌,교차로운행방법위반,건조,맑음,교차로 - 교차로안,이륜,남,21세,부상신고,승용,남,64세,상해없음
2017032400100085,2017년 3월 24일 05시,금요일,대구광역시 중구 동인동3가,경상사고,0,0,1,0,차대차 - 측면충돌,신호위반,건조,맑음,교차로 - 교차로안,이륜,남,29세,상해없음,승용,남,62세,상해없음
2017032400100095,2017년 3월 24일 06시,금요일,대구광역시 수성구 중동,경상사고,0,0,2,0,차대차 - 측면충돌,직진우회전진행방해,건조,맑음,단일로 - 기타,화물,여,52세,상해없음,승용,남,50세,경상
2017032400100096,2017년 3월 24일 06시,금요일,대구광역시 서구 내당동,중상사고,0,1,0,0,차대차 - 측면충돌,안전운전불이행,건조,맑음,교차로 - 교차로안,승용,남,52세,상해없음,이륜,남,48세,중상
2017032400100116,2017년 3월 24일 07시,금요일,대구광역시 서구 평리동,부상신고사고,0,0,0,1,차대사람 - 횡단중,안전운전불이행,건조,맑음,단일로 - 기타,기타불명,기타불명,미분류,기타불명,보행자,여,11세,부상신고
2017032400100145,2017년 3월 24일 08시,금요일,대구광역시 달성군 다사읍,중상사고,0,1,0,0,차대사람 - 횡단중,안전운전불이행,건조,맑음,단일로 - 기타,승용,여,40세,상해없음,보행자,남,22세,중상
2017032400100146,2017년 3월 24일 08시,금요일,대구광역시 북구 고성동3가,중상사고,0,1,0,0,차대사람 - 횡단중,안전운전불이행,건조,맑음,단일로 - 기타,자전거,남,17세,상해없음,보행자,남,67세,중상
2017032400100175,2017년 3월 24일 09시,금요일,대구광역시 남구 대명동,경상사고,0,0,1,0,차대사람 - 횡단중,안전운전불이행,건조,맑음,단일로 - 기타,기타불명,기타불명,미분류,기타불명,보행자,여,82세,경상
2017032400100176,2017년 3월 24일 09시,금요일,대구광역시 달성군 유가면,경상사고,0,0,2,0,차대차 - 정면충돌,신호위반,건조,맑음,교차로 - 교차로안,승용,여,36세,상해없음,승용,여,33세,경상
2017032400100177,2017년 3월 24일 09시,금요일,대구광역시 서구 이현동,중상사고,0,1,0,0,차대사람 - 횡단중,안전운전불이행,건조,맑음,단일로 - 기타,화물,남,62세,상해없음,보행자,여,88세,중상
2017032400100178,2017년 3월 24일 09시,금요일,대구광역시 중구 대신동,중상사고,0,1,0,0,차대사람 - 기타,안전운전불이행,건조,맑음,단일로 - 기타,승용,여,55세,상해없음,보행자,여,82세,중상
2017032400100199,2017년 3월 24일 10시,금요일,대구광역시 북구 구암동,부상신고사고,0,0,0,1,차대차 - 측면충돌,안전운전불이행,건조,맑음,교차로 - 교차로안,자전거,남,77세,부상신고,승용,남,78세,상해없음
2017032400100230,2017년 3월 24일 11시,금요일,대구광역시 동구 효목동,경상사고,0,0,1,0,차대차 - 측면충돌,안전운전불이행,건조,맑음,교차로 - 교차로안,승용,남,55세,상해없음,승용,여,55세,경상
2017032400100231,2017년 3월 24일 11시,금요일,대구광역시 수성구 매호동,경상사고,0,0,1,0,차대차 - 정면충돌,안전운전불이행,건조,맑음,교차로 - 교차로안,승합,남,57세,상해없음,승용,여,30세,경상
2017032400100232,2017년 3월 24일 11시,금요일,대구광역시 서구 비산동,경상사고,0,0,1,0,차대차 - 측면충돌,안전운전불이행,건조,맑음,교차로 - 교차로안,승용,남,44세,상해없음,이륜,남,30세,경상
2017032400100258,2017년 3월 24일 12시,금요일,대구광역시 북구 복현동,경상사고,0,0,4,0,차대차 - 측면충돌,신호위반,건조,맑음,교차로 - 교차로안,승용,여,50세,상해없음,승용,여,44세,경상
2017032400100289,2017년 3월 24일 13시,금요일,대구광역시 서구 이현동,경상사고,0,0,1,0,차대차 - 측면충돌,안전운전불이행,건조,맑음,단일로 - 기타,화물,남,54세,기타불명,승용,남,54세,경상
2017032400100290,2017년 3월 24일 13시,금요일,대구광역시 중구 삼덕동3가,경상사고,0,0,1,0,차대사람 - 횡단중,안전운전불이행,건조,맑음,단일로 - 기타,이륜,남,44세,상해없음,보행자,남,6세,경상
2017032400100291,2017년 3월 24일 13시,금요일,대구광역시 중구 서문로1가,경상사고,0,0,1,0,차대사람 - 횡단중,안전운전불이행,건조,맑음,단일로 - 기타,승용,여,25세,상해없음,보행자,여,49세,경상
2017032400100314,2017년 3월 24일 14시,금요일,대구광역시 중구 대봉동,경상사고,0,0,1,0,차대차 - 측면충돌,차로위반,건조,맑음,단일로 - 기타,승용,남,74세,상해없음,승용,남,21세,경상
2017032400100315,2017년 3월 24일 14시,금요일,대구광역시 달서구 죽전동,중상사고,0,1,1,0,차대차 - 정면충돌,신호위반,건조,흐림,단일로 - 기타,화물,남,27세,상해없음,승용,남,62세,중상
2017032400100352,2017년 3월 24일 15시,금요일,대구광역시 달서구 상인동,경상사고,0,0,1,0,차대차 - 측면충돌,안전운전불이행,건조,맑음,교차로 - 교차로안,화물,남,42세,상해없음,이륜,남,44세,경상
2017032400100353,2017년 3월 24일 15시,금요일,대구광역시 북구 침산동,중상사고,0,1,2,1,차대차 - 추돌,안전운전불이행,건조,맑음,단일로 - 지하차도(도로)내,승합,남,51세,상해없음,승용,남,45세,중상
2017032400100354,2017년 3월 24일 15시,금요일,대구광역시 북구 관음동,중상사고,0,1,0,0,차대차 - 측면충돌,교차로운행방법위반,건조,맑음,교차로 - 교차로안,승용,여,25세,상해없음,자전거,여,80세,중상
2017032400100385,2017년 3월 24일 16시,금요일,대구광역시 남구 대명동,경상사고,0,0,1,1,차대차 - 측면충돌,안전운전불이행,건조,맑음,단일로 - 기타,이륜,남,19세,경상,화물,남,69세,상해없음
2017032400100386,2017년 3월 24일 16시,금요일,대구광역시 북구 읍내동,경상사고,0,0,1,2,차대차 - 측면충돌,직진우회전진행방해,건조,맑음,교차로 - 교차로안,화물,남,26세,부상신고,이륜,남,18세,경상
2017032400100456,2017년 3월 24일 18시,금요일,대구광역시 달서구 상인동,경상사고,0,0,1,0,차대사람 - 기타,안전운전불이행,젖음/습기,비,단일로 - 기타,원동기,남,19세,상해없음,보행자,여,54세,경상
2017032400100457,2017년 3월 24일 18시,금요일,대구광역시 북구 태전동,중상사고,0,1,0,1,차대차 - 측면충돌,교차로운행방법위반,건조,맑음,교차로 - 교차로안,승용,남,54세,상해없음,원동기,여,25세,중상