사고번호,사고일시,요일,시군구,사고내용,사망자수,중상자수,경상자수,부상신고자수,사고유형,법규위반,노면상태,기상상태,도로형태,가해운전자 차종,가해운전자 성별,가해운전자 연령,가해운전자 상해정도,피해운전자 차종,피해운전자 성별,피해운전자 연령,피해운전자 상해정도
2017032800100035,2017년 3월 28일 01시,화요일,대구광역시 수성구 수성동1가,경상사고,0,0,1,0,차대차 - 추돌,안전운전불이행,건조,맑음,단일로 - 기타,승용,남,47세,경상,승용,남,33세,상해없음
2017032800100098,2017년 3월 28일 07시,화요일,대구광역시 북구 태전동,경상사고,0,0,1,0,차대차 - 추돌,안전거리미확보,건조,맑음,단일로 - 기타,승용,남,58세,상해없음,승용,남,31세,경상
2017032800100133,2017년 3월 28일 08시,화요일,대구광역시 달서구 월성동,경상사고,0,0,1,0,차대차 - 추돌,안전운전불이행,건조,맑음,교차로 - 교차로안,승용,남,48세,기타불명,자전거,남,12세,경상
2017032800100134,2017년 3월 28일 08시,화요일,대구광역시 달서구 유천동,경상사고,0,0,2,0,차대사람 - 기타,안전운전불이행,건조,맑음,기타 - 기타,원동기,여,42세,경상,보행자,남,4세,경상
2017032800100190,2017년 3월 28일 10시,화요일,대구광역시 남구 대명동,경상사고,0,0,1,0,차대차 - 측면충돌,안전운전불이행,건조,맑음,단일로 - 기타,승용,남,65세,상해없음,자전거,남,57세,경상
2017032800100191,2017년 3월 28일 10시,화요일,대구광역시 중구 남산동,경상사고,0,0,1,0,차대차 - 기타,안전운전불이행,건조,맑음,단일로 - 기타,승용,여,47세,상해없음,승용,남,39세,경상
2017032800100216,2017년 3월 28일 11시,화요일,대구광역시 서구 비산동,중상사고,0,2,0,0,차대차 - 측면충돌,안전운전불이행,건조,맑음,교차로 - 교차로부근,승용,남,56세,상해없음,이륜,남,17세,중상
2017032800100217,2017년 3월 28일 11시,화요일,대구광역시 달서구 두류동,중상사고,0,1,0,0,차대사람 - 보도통행중,기타,건조,맑음,단일로 - 기타,이륜,남,15세,상해없음,보행자,여,65세,중상
2017032800100261,2017년 3월 28일 13시,화요일,대구광역시 수성구 만촌동,경상사고,0,0,1,0,차대차 - 정면충돌,안전운전불이행,건조,맑음,교차로 - 교차로부근,승용,여,38세,상해없음,승용,남,47세,경상
2017032800100280,2017년 3월 28일 14시,화요일,대구광역시 수성구 범어동,경상사고,0,0,1,0,차대차 - 정면충돌,안전운전불이행,건조,맑음,단일로 - 기타,승용,여,48세,상해없음,승용,여,39세,상해없음
2017032800100307,2017년 3월 28일 15시,화요일,대구광역시 달서구 상인동,경상사고,0,0,2,0,차대차 - 측면충돌,직진우회전진행방해,건조,맑음,교차로 - 교차로안,승합,남,29세,경상,승용,여,30세,경상
2017032800100371,2017년 3월 28일 17시,화요일,대구광역시 달성군 다사읍,경상사고,0,0,1,0,차대사람 - 횡단중,보행자보호의무위반,건조,맑음,단일로 - 기타,승용,여,42세,상해없음,보행자,여,53세,경상
2017032800100372,2017년 3월 28일 17시,화요일,대구광역시 중구 수창동,중상사고,0,1,0,0,차대차 - 측면충돌,안전거리미확보,건조,맑음,단일로 - 기타,승용,여,46세,상해없음,원동기,남,50세,중상
2017032800100373,2017년 3월 28일 17시,화요일,대구광역시 중구 봉산동,중상사고,0,1,0,0,차대차 - 측면충돌,차로위반,건조,맑음,단일로 - 기타,이륜,남,74세,중상,승용,남,40세,상해없음
2017032800100404,2017년 3월 28일 18시,화요일,대구광역시 동구 신암동,중상사고,0,1,2,0,차대차 - 정면충돌,안전운전불이행,건조,맑음,교차로 - 교차로안,이륜,남,19세,중상,승용,남,41세,경상
2017032800100405,2017년 3월 28일 18시,화요일,대구광역시 중구 대봉동,중상사고,0,1,0,0,차대차 - 기타,신호위반,건조,맑음,단일로 - 기타,승용,여,26세,상해없음,자전거,남,23세,중상
2017032800100406,2017년 3월 28일 18시,화요일,대구광역시 중구 대봉동,경상사고,0,0,1,0,차대차 - 후진중충돌,안전운전불이행,건조,맑음,교차로 - 교차로부근,승용,남,58세,상해없음,승용,여,62세,경상
2017032800100442,2017년 3월 28일 19시,화요일,대구광역시 서구 비산동,경상사고,0,0,2,0,차대차 - 기타,안전거리미확보,건조,맑음,단일로 - 기타,승용,남,52세,상해없음,이륜,남,34세,경상
2017032800100443,2017년 3월 28일 19시,화요일,대구광역시 달서구 용산동,경상사고,0,0,2,0,차대차 - 측면충돌,안전운전불이행,건조,맑음,교차로 - 교차로부근,승용,여,49세,상해없음,이륜,남,19세,경상
2017032800100474,2017년 3월 28일 20시,화요일,대구광역시 동구 동호동,중상사고,0,1,0,0,차대차 - 추돌,안전거리미확보,건조,맑음,단일로 - 기타,승용,남,55세,상해없음,승용,여,47세,중상
2017032800100475,2017년 3월 28일 20시,화요일,대구광역시 북구 산격동,경상사고,0,0,1,0,차대사람 - 보도통행중,기타,건조,맑음,단일로 - 기타,화물,남,18세,상해없음,보행자,여,26세,경상
2017032800100500,2017년 3월 28일 21시,화요일,대구광역시 북구 사수동,경상사고,0,0,1,0,차대차 - 측면충돌,중앙선침범,건조,맑음,교차로 - 교차로부근,승용,여,40세,상해없음,이륜,남,32세,경상
2017032800100532,2017년 3월 28일 22시,화요일,대구광역시 수성구 상동,경상사고,0,0,1,0,차대차 - 정면충돌,안전운전불이행,건조,맑음,교차로 - 교차로안,승용,남,23세,상해없음,자전거,남,36세,경상
2017032900100023,2017년 3월 29일 00시,수요일,대구광역시 남구 대명동,경상사고,0,0,1,1,차대차 - 측면충돌,안전운전불이행,젖음/습기,비,단일로 - 기타,승용,남,23세,부상신고,승용,여,33세,경상
2017032900100024,2017년 3월 29일 00시,수요일,대구광역시 달서구 용산동,경상사고,0,0,2,0,차대차 - 측면충돌,안전운전불이행,적설,비,단일로 - 기타,승용,남,55세,상해없음,승용,남,27세,경상
2017032900100039,2017년 3월 29일 01시,수요일,대구광역시 수성구 매호동,중상사고,0,1,0,0,차대사람 - 횡단중,안전운전불이행,젖음/습기,비,교차로 - 교차로부근,승용,여,47세,상해없음,보행자,남,21세,중상
2017032900100040,2017년 3월 29일 01시,수요일,대구광역시 북구 동천동,중상사고,0,1,0,0,차대사람 - 횡단중,신호위반,젖음/습기,비,교차로 - 교차로안,승용,남,34세,상해없음,보행자,남,43세,중상
2017032900100051,2017년 3월 29일 02시,수요일,대구광역시 북구 국우동,중상사고,0,2,0,0,차대차 - 측면충돌,교차로운행방법위반,젖음/습기,비,교차로 - 교차로안,승용,남,59세,상해없음,승용,남,64세,중상
2017032900100075,2017년 3월 29일 05시,수요일,대구광역시 남구 대명동,경상사고,0,0,1,0,차대차 - 측면충돌,안전거리미확보,건조,맑음,단일로 - 기타,승용,남,56세,상해없음,승용,남,23세,경상
2017032900100105,2017년 3월 29일 07시,수요일,대구광역시 수성구 욱수동,경상사고,0,0,1,0,차량단독 - 기타,안전운전불이행,건조,맑음,단일로 - 기타,승합,남,56세,상해없음,,,,
2017032900100134,2017년 3월 29일 08시,수요일,대구광역시 남구 대명동,경상사고,0,0,1,0,차대차 - 측면충돌,교차로운행방법위반,건조,맑음,교차로 - 교차로안,승용,여,28세,상해없음,이륜,여,57세,경상
2017032900100135,2017년 3월 29일 08시,수요일,대구광역시 남구 대명동,경상사고,0,0,1,0,차대차 - 측면충돌,안전운전불이행,건조,맑음,교차로 - 교차로안,승용,여,51세,상해없음,승용,남,30세,경상
2017032900100136,2017년 3월 29일 08시,수요일,대구광역시 동구 신암동,경상사고,0,0,1,0,차대차 - 측면충돌,직진우회전진행방해,건조,맑음,교차로 - 교차로안,승용,남,45세,경상,승용,남,51세,상해없음
2017032900100137,2017년 3월 29일 08시,수요일,대구광역시 수성구 신매동,중상사고,0,1,0,0,차대사람 - 횡단중,안전운전불이행,건조,맑음,단일로 - 기타,승용,여,50세,상해없음,보행자,남,75세,중상
2017032900100215,2017년 3월 29일 11시,수요일,대구광역시 달서구 이곡동,경상사고,0,0,1,0,차대차 - 추돌,안전운전불이행,건조,맑음,단일로 - 기타,승용,남,68세,상해없음,승합,남,34세,경상
2017032900100230,2017년 3월 29일 12시,수요일,대구광역시 수성구 지산동,경상사고,0,0,1,0,차대차 - 측면충돌,신호위반,건조,맑음,교차로 - 교차로안,이륜,남,72세,경상,승용,남,54세,상해없음
2017032900100278,2017년 3월 29일 14시,수요일,대구광역시 서구 중리동,경상사고,0,0,1,0,차대차 - 측면충돌,안전운전불이행,건조,맑음,단일로 - 기타,화물,남,60세,상해없음,승용,남,66세,경상
2017032900100279,2017년 3월 29일 14시,수요일,대구광역시 북구 서변동,경상사고,0,0,1,0,차대차 - 측면충돌,안전운전불이행,건조,맑음,단일로 - 기타,승용,남,36세,상해없음,승용,여,29세,경상
2017032900100309,2017년 3월 29일 15시,수요일,대구광역시 달서구 송현동,중상사고,0,1,0,0,차대사람 - 횡단중,안전운전불이행,건조,맑음,교차로 - 교차로부근,승용,남,78세,상해없음,보행자,여,81세,중상
2017032900100310,2017년 3월 29일 15시,수요일,대구광역시 달서구 송현동,경상사고,0,0,2,0,차대차 - 추돌,안전운전불이행,건조,맑음,교차로 - 교차로부근,승용,남,75세,상해없음,승용,남,36세,경상
2017032900100311,2017년 3월 29일 15시,수요일,대구광역시 서구 비산동,경상사고,0,0,1,0,차대차 - 측면충돌,신호위반,건조,맑음,교차로 - 교차로안,승용,남,74세,상해없음,이륜,남,64세,경상
2017032900100339,2017년 3월 29일 16시,수요일,대구광역시 달성군 화원읍,경상사고,0,0,1,0,차대차 - 측면충돌,신호위반,건조,맑음,교차로 - 교차로안,승용,남,63세,상해없음,화물,여,56세,경상
2017032900100340,2017년 3월 29일 16시,수요일,대구광역시 서구 중리동,경상사고,0,0,2,1,차대사람 - 기타,기타,건조,맑음,단일로 - 기타,승용,여,29세,상해없음,보행자,여,38세,경상
2017032900100371,2017년 3월 29일 17시,수요일,대구광역시 달서구 송현동,경상사고,0,0,1,0,차대차 - 측면충돌,안전운전불이행,건조,맑음,교차로 - 교차로안,승용,남,54세,상해없음,이륜,남,39세,경상
2017032900100402,2017년 3월 29일 18시,수요일,대구광역시 남구 대명동,경상사고,0,0,1,0,차대차 - 측면충돌,안전운전불이행,건조,맑음,교차로 - 교차로부근,자전거,남,66세,경상,승용,여,48세,상해없음
2017032900100403,2017년 3월 29일 18시,수요일,대구광역시 수성구 두산동,부상신고사고,0,0,0,1,차대차 - 추돌,안전운전불이행,건조,맑음,단일로 - 기타,기타불명,남,28세,부상신고,승용,남,51세,상해없음
2017032900100404,2017년 3월 29일 18시,수요일,대구광역시 수성구 황금동,부상신고사고,0,0,0,1,차대차 - 추돌,안전운전불이행,건조,맑음,교차로 - 교차로부근,승용,여,28세,상해없음,승용,남,52세,부상신고
2017032900100405,2017년 3월 29일 18시,수요일,대구광역시 달서구 유천동,부상신고사고,0,0,0,1,차량단독 - 기타,안전운전불이행,건조,맑음,단일로 - 기타,자전거,남,18세,부상신고,,,,
2017032900100452,2017년 3월 29일 19시,수요일,대구광역시 수성구 지산동,경상사고,0,0,1,0,차대차 - 추돌,안전운전불이행,건조,맑음,단일로 - 기타,화물,남,69세,상해없음,승용,남,67세,경상
2017032900100453,2017년 3월 29일 19시,수요일,대구광역시 달서구 월성동,경상사고,0,0,1,0,차대차 - 기타,안전거리미확보,건조,맑음,교차로 - 교차로부근,승용,기타불명,미분류,기타불명,승합,남,47세,상해없음
2017032900100454,2017년 3월 29일 19시,수요일,대구광역시 달성군 다사읍,경상사고,0,0,1,0,차대사람 - 횡단중,안전운전불이행,건조,맑음,단일로 - 기타,승용,여,41세,상해없음,보행자,남,32세,경상
2017032900100455,2017년 3월 29일 19시,수요일,대구광역시 북구 대현동,경상사고,0,0,1,0,차대차 - 측면충돌,안전거리미확보,건조,맑음,단일로 - 기타,원동기,남,19세,상해없음,자전거,여,54세,경상
2017032900100456,2017년 3월 29일 19시,수요일,대구광역시 달서구 용산동,경상사고,0,0,1,0,차대차 - 추돌,안전운전불이행,건조,맑음,단일로 - 기타,승용,여,60세,상해없음,승용,여,30세,경상
2017032900100483,2017년 3월 29일 20시,수요일,대구광역시 중구 삼덕동3가,경상사고,0,0,1,0,차대차 - 측면충돌,안전거리미확보,건조,맑음,단일로 - 기타,승용,남,58세,상해없음,이륜,남,16세,경상
2017032900100506,2017년 3월 29일 21시,수요일,대구광역시 수성구 만촌동,경상사고,0,0,1,0,차대차 - 측면충돌,기타,건조,맑음,교차로 - 교차로부근,승용,남,44세,상해없음,자전거,남,16세,경상
2017032900100507,2017년 3월 29일 21시,수요일,대구광역시 달서구 월성동,경상사고,0,0,1,0,차대차 - 기타,교차로운행방법위반,건조,맑음,교차로 - 교차로안,승용,남,41세,상해없음,승용,남,44세,상해없음
2017032900100535,2017년 3월 29일 22시,수요일,대구광역시 수성구 지산동,부상신고사고,0,0,0,1,차대차 - 측면충돌,안전운전불이행,건조,맑음,교차로 - 교차로안,이륜,남,36세,부상신고,승용,남,44세,상해없음
2017032900100555,2017년 3월 29일 23시,수요일,대구광역시 수성구 만촌동,경상사고,0,0,1,0,차대사람 - 횡단중,보행자보호의무위반,건조,맑음,교차로 - 교차로안,승용,남,61세,상해없음,보행자,여,17세,경상
2017032900100556,2017년 3월 29일 23시,수요일,대구광역시 중구 남산동,중상사고,0,1,0,0,차대사람 - 횡단중,신호위반,건조,맑음,단일로 - 기타,이륜,남,29세,상해없음,보행자,남,60세,중상
2017033000100025,2017년 3월 30일 00시,목요일,대구광역시 중구 대봉동,경상사고,0,0,1,0,차대차 - 추돌,안전운전불이행,건조,맑음,교차로 - 교차로안,승용,남,38세,상해없음,승용,남,34세,경상
2017033000100049,2017년 3월 30일 02시,목요일,대구광역시 서구 내당동,경상사고,0,0,2,0,차대차 - 추돌,안전운전불이행,건조,맑음,교차로 - 교차로부근,승용,여,19세,상해없음,승용,여,36세,경상
2017033000100146,2017년 3월 30일 08시,목요일,대구광역시 북구 고성동2가,사망사고,1,0,0,0,차대차 - 측면충돌,중앙선침범,건조,맑음,단일로 - 기타,자전거,남,86세,사망,승용,여,36세,상해없음
2017033000100172,2017년 3월 30일 09시,목요일,대구광역시 수성구 지산동,경상사고,0,0,1,0,차대차 - 정면충돌,안전운전불이행,건조,맑음,단일로 - 기타,승용,남,44세,상해없음,자전거,여,69세,경상
2017033000100215,2017년 3월 30일 11시,목요일,대구광역시 동구 신천동,경상사고,0,0,1,0,차대차 - 후진중충돌,안전운전불이행,건조,맑음,교차로 - 교차로부근,승용,남,75세,상해없음,승용,여,52세,경상
2017033000100238,2017년 3월 30일 12시,목요일,대구광역시 달서구 상인동,경상사고,0,0,1,0,차대차 - 측면충돌,안전운전불이행,건조,맑음,단일로 - 기타,이륜,여,48세,경상,승용,여,40세,상해없음
2017033000100239,2017년 3월 30일 12시,목요일,대구광역시 달서구 감삼동,부상신고사고,0,0,0,1,차대차 - 측면충돌,차로위반,건조,맑음,단일로 - 기타,승용,남,64세,상해없음,이륜,남,43세,부상신고
2017033000100266,2017년 3월 30일 13시,목요일,대구광역시 수성구 범어동,경상사고,0,0,1,0,차대차 - 측면충돌,안전운전불이행,건조,맑음,교차로 - 교차로안,승용,남,27세,상해없음,승용,남,29세,상해없음
2017033000100267,2017년 3월 30일 13시,목요일,대구광역시 수성구 황금동,경상사고,0,0,1,0,차대차 - 측면충돌,안전운전불이행,건조,맑음,단일로 - 기타,승용,여,59세,상해없음,이륜,남,25세,경상
2017033000100268,2017년 3월 30일 13시,목요일,대구광역시 북구 침산동,중상사고,0,1,0,0,차대차 - 추돌,안전거리미확보,건조,맑음,단일로 - 기타,승용,남,50세,상해없음,이륜,남,55세,중상
2017033000100294,2017년 3월 30일 14시,목요일,대구광역시 남구 대명동,중상사고,0,1,0,0,차대차 - 추돌,안전운전불이행,건조,맑음,단일로 - 기타,승용,남,61세,상해없음,승용,여,69세,중상
2017033000100321,2017년 3월 30일 15시,목요일,대구광역시 수성구 중동,경상사고,0,0,1,0,차대차 - 측면충돌,안전운전불이행,건조,맑음,단일로 - 기타,화물,남,61세,상해없음,승용,여,62세,경상
2017033000100322,2017년 3월 30일 15시,목요일,대구광역시 북구 태전동,경상사고,0,0,1,0,차대차 - 추돌,안전운전불이행,건조,맑음,단일로 - 기타,특수,남,49세,상해없음,승용,남,57세,경상
2017033000100397,2017년 3월 30일 17시,목요일,대구광역시 수성구 두산동,경상사고,0,0,1,0,차대차 - 정면충돌,신호위반,건조,맑음,교차로 - 교차로안,승용,여,48세,상해없음,승용,여,48세,경상
2017033000100429,2017년 3월 30일 18시,목요일,대구광역시 수성구 지산동,경상사고,0,0,2,0,차대차 - 측면충돌,안전운전불이행,건조,맑음,교차로 - 교차로안,승용,여,52세,경상,이륜,남,36세,경상
2017033000100430,2017년 3월 30일 18시,목요일,대구광역시 중구 동인동3가,경상사고,0,0,2,0,차대차 - 기타,불법유턴,건조,맑음,단일로 - 기타,승용,남,55세,상해없음,승용,남,45세,경상
2017033000100431,2017년 3월 30일 18시,목요일,대구광역시 중구 동인동3가,경상사고,0,0,1,0,차대사람 - 횡단중,보행자보호의무위반,건조,맑음,단일로 - 기타,승용,여,64세,상해없음,보행자,남,54세,경상
2017033000100461,2017년 3월 30일 19시,목요일,대구광역시 수성구 범어동,중상사고,0,1,0,0,차대차 - 측면충돌,교차로운행방법위반,건조,맑음,교차로 - 교차로안,승용,여,37세,상해없음,승용,여,45세,중상
2017033000100462,2017년 3월 30일 19시,목요일,대구광역시 달서구 성당동,경상사고,0,0,1,0,차대사람 - 횡단중,안전운전불이행,건조,맑음,단일로 - 기타,기타불명,기타불명,미분류,기타불명,보행자,여,16세,경상
2017033000100494,2017년 3월 30일 20시,목요일,대구광역시 북구 침산동,경상사고,0,0,1,0,차대차 - 측면충돌,안전운전불이행,건조,맑음,단일로 - 기타,자전거,여,67세,경상,승용,남,48세,상해없음
2017033000100495,2017년 3월 30일 20시,목요일,대구광역시 서구 평리동,경상사고,0,0,1,0,차대차 - 측면충돌,불법유턴,건조,맑음,교차로 - 교차로안,이륜,기타불명,미분류,기타불명,승용,남,46세,상해없음
2017033000100517,2017년 3월 30일 21시,목요일,대구광역시 수성구 두산동,중상사고,0,1,0,0,차대차 - 측면충돌,신호위반,건조,맑음,교차로 - 교차로안,승용,남,48세,상해없음,이륜,남,47세,중상
2017033000100548,2017년 3월 30일 22시,목요일,대구광역시 남구 대명동,경상사고,0,0,1,0,차대차 - 추돌,안전운전불이행,건조,맑음,단일로 - 기타,승용,여,62세,상해없음,이륜,남,17세,경상
2017033000100549,2017년 3월 30일 22시,목요일,대구광역시 수성구 범어동,경상사고,0,0,1,0,차대차 - 추돌,안전운전불이행,건조,맑음,단일로 - 기타,승용,남,42세,상해없음,승용,남,49세,경상
2017033000100550,2017년 3월 30일 22시,목요일,대구광역시 중구 대신동,경상사고,0,0,1,0,차대차 - 측면충돌,안전거리미확보,건조,맑음,단일로 - 기타,승용,남,28세,상해없음,승용,남,28세,경상
2017033000100551,2017년 3월 30일 22시,목요일,대구광역시 달서구 용산동,경상사고,0,0,1,0,차대사람 - 횡단중,안전운전불이행,건조,맑음,단일로 - 기타,기타불명,기타불명,미분류,기타불명,보행자,남,48세,경상
2017033000100552,2017년 3월 30일 22시,목요일,대구광역시 달서구 감삼동,경상사고,0,0,1,0,차대차 - 기타,차로위반,건조,맑음,단일로 - 기타,승용,여,50세,상해없음,승용,남,45세,상해없음
2017033000100572,2017년 3월 30일 23시,목요일,대구광역시 수성구 두산동,중상사고,0,1,0,0,차대사람 - 횡단중,안전운전불이행,건조,맑음,단일로 - 기타,승용,남,59세,상해없음,보행자,남,54세,중상
2017033000100573,2017년 3월 30일 23시,목요일,대구광역시 서구 평리동,경상사고,0,0,1,0,차대사람 - 기타,안전운전불이행,건조,맑음,단일로 - 기타,기타불명,기타불명,미분류,기타불명,보행자,남,60세,경상
2017033100100020,2017년 3월 31일 00시,금요일,대구광역시 동구 효목동,중상사고,0,1,0,0,차대사람 - 횡단중,안전운전불이행,건조,맑음,단일로 - 기타,승용,남,58세,상해없음,보행자,여,54세,중상
2017033100100021,2017년 3월 31일 00시,금요일,대구광역시 북구 산격동,경상사고,0,0,4,0,차대차 - 추돌,안전운전불이행,건조,맑음,단일로 - 기타,승용,남,35세,상해없음,승용,남,44세,경상
2017033100100101,2017년 3월 31일 07시,금요일,대구광역시 달성군 화원읍,경상사고,0,0,1,0,차대차 - 측면충돌,안전거리미확보,건조,맑음,교차로 - 교차로부근,화물,남,63세,기타불명,승합,남,24세,경상
2017033100100146,2017년 3월 31일 08시,금요일,대구광역시 수성구 중동,경상사고,0,0,1,0,차대사람 - 기타,안전운전불이행,젖음/습기,비,단일로 - 기타,승용,남,39세,상해없음,보행자,남,59세,경상
2017033100100147,2017년 3월 31일 08시,금요일,대구광역시 달서구 장기동,중상사고,0,1,0,0,차대사람 - 기타,안전운전불이행,적설,비,단일로 - 기타,승용,여,48세,상해없음,보행자,여,33세,중상
2017033100100199,2017년 3월 31일 09시,금요일,대구광역시 동구 동호동,경상사고,0,0,1,0,차대차 - 측면충돌,안전운전불이행,건조,맑음,교차로 - 교차로안,승용,여,64세,상해없음,승용,여,42세,경상
2017033100100200,2017년 3월 31일 09시,금요일,대구광역시 수성구 만촌동,경상사고,0,0,1,0,차대차 - 측면충돌,안전운전불이행,젖음/습기,비,교차로 - 교차로안,승용,여,42세,상해없음,자전거,여,69세,경상
2017033100100201,2017년 3월 31일 09시,금요일,대구광역시 달서구 본동,경상사고,0,0,1,0,차대차 - 측면충돌,안전운전불이행,건조,맑음,교차로 - 교차로안,화물,남,25세,상해없음,승용,남,70세,경상
2017033100100202,2017년 3월 31일 09시,금요일,대구광역시 달서구 본동,경상사고,0,0,2,0,차대차 - 측면충돌,교차로운행방법위반,건조,맑음,교차로 - 교차로안,승용,여,47세,경상,승용,남,48세,경상
2017033100100229,2017년 3월 31일 10시,금요일,대구광역시 수성구 상동,경상사고,0,0,1,0,차대차 - 추돌,안전운전불이행,젖음/습기,흐림,단일로 - 기타,승용,남,52세,상해없음,화물,남,57세,상해없음
2017033100100230,2017년 3월 31일 10시,금요일,대구광역시 달성군 가창면,경상사고,0,0,2,0,차대차 - 정면충돌,신호위반,젖음/습기,비,교차로 - 교차로안,승용,여,46세,상해없음,승용,남,46세,경상
2017033100100249,2017년 3월 31일 11시,금요일,대구광역시 수성구 신매동,중상사고,0,1,0,0,차대차 - 정면충돌,안전거리미확보,건조,맑음,단일로 - 기타,승용,남,42세,상해없음,이륜,남,21세,중상
2017033100100273,2017년 3월 31일 12시,금요일,대구광역시 수성구 중동,중상사고,0,1,0,0,차대사람 - 횡단중,보행자보호의무위반,건조,맑음,교차로 - 교차로횡단보도내,화물,남,49세,상해없음,보행자,남,64세,중상
2017033100100274,2017년 3월 31일 12시,금요일,대구광역시 달서구 송현동,경상사고,0,0,1,0,차대사람 - 횡단중,안전운전불이행,건조,맑음,교차로 - 교차로부근,승용,남,49세,상해없음,보행자,남,29세,경상
2017033100100303,2017년 3월 31일 13시,금요일,대구광역시 중구 수동,중상사고,0,1,0,0,차대차 - 측면충돌,안전운전불이행,건조,맑음,단일로 - 기타,승용,여,49세,상해없음,자전거,남,71세,중상
2017033100100349,2017년 3월 31일 15시,금요일,대구광역시 수성구 중동,경상사고,0,0,1,0,차대차 - 정면충돌,안전운전불이행,건조,맑음,단일로 - 기타,승용,남,68세,상해없음,승용,남,49세,상해없음
2017033100100350,2017년 3월 31일 15시,금요일,대구광역시 달서구 도원동,중상사고,0,1,0,0,차대사람 - 횡단중,안전운전불이행,건조,맑음,단일로 - 기타,승용,여,41세,상해없음,보행자,여,54세,중상
2017033100100452,2017년 3월 31일 18시,금요일,대구광역시 수성구 지산동,경상사고,0,0,1,0,차대차 - 정면충돌,안전운전불이행,건조,맑음,단일로 - 기타,승용,남,54세,상해없음,이륜,남,30세,경상
2017033100100453,2017년 3월 31일 18시,금요일,대구광역시 북구 칠성동2가,경상사고,0,0,1,0,차대차 - 측면충돌,교차로운행방법위반,건조,맑음,교차로 - 교차로안,이륜,남,56세,경상,승용,남,25세,상해없음
2017033100100493,2017년 3월 31일 19시,금요일,대구광역시 남구 대명동,경상사고,0,0,2,3,차대차 - 측면충돌,안전거리미확보,건조,맑음,기타 - 기타,승용,남,46세,경상,승용,남,53세,경상
2017033100100494,2017년 3월 31일 19시,금요일,대구광역시 달성군 다사읍,경상사고,0,0,1,0,차대차 - 측면충돌,안전운전불이행,건조,맑음,단일로 - 기타,특수,남,28세,상해없음,승합,남,45세,경상
2017033100100533,2017년 3월 31일 20시,금요일,대구광역시 동구 신암동,중상사고,0,1,0,0,차량단독 - 기타,안전운전불이행,건조,맑음,교차로 - 교차로안,승합,남,36세,상해없음,,,,
2017033100100534,2017년 3월 31일 20시,금요일,대구광역시 달서구 상인동,경상사고,0,0,2,0,차대사람 - 횡단중,안전운전불이행,건조,맑음,교차로 - 교차로횡단보도내,승용,남,56세,상해없음,보행자,남,44세,경상
2017033100100535,2017년 3월 31일 20시,금요일,대구광역시 달서구 성당동,부상신고사고,0,0,0,1,차대차 - 측면충돌,안전운전불이행,젖음/습기,흐림,단일로 - 기타,자전거,남,43세,부상신고,승용,남,37세,상해없음
2017033100100573,2017년 3월 31일 21시,금요일,대구광역시 동구 불로동,경상사고,0,0,1,0,차대사람 - 기타,안전운전불이행,젖음/습기,비,단일로 - 기타,승용,남,45세,상해없음,보행자,여,54세,경상
2017033100100613,2017년 3월 31일 22시,금요일,대구광역시 수성구 성동,중상사고,0,1,0,0,차대차 - 추돌,안전운전불이행,건조,맑음,단일로 - 기타,승용,남,35세,상해없음,이륜,남,51세,중상
2017033100100614,2017년 3월 31일 22시,금요일,대구광역시 북구 침산동,중상사고,0,1,0,0,차대사람 - 횡단중,안전운전불이행,젖음/습기,비,단일로 - 기타,화물,남,74세,상해없음,보행자,남,53세,중상
2017033100100615,2017년 3월 31일 22시,금요일,대구광역시 서구 중리동,경상사고,0,0,2,0,차대차 - 정면충돌,신호위반,젖음/습기,비,교차로 - 교차로안,화물,남,56세,상해없음,승용,남,59세,경상
2017033100100640,2017년 3월 31일 23시,금요일,대구광역시 남구 대명동,경상사고,0,0,1,0,차대차 - 측면충돌,안전거리미확보,젖음/습기,비,단일로 - 기타,승용,남,47세,상해없음,승용,남,60세,상해없음
2017033100100641,2017년 3월 31일 23시,금요일,대구광역시 달서구 월성동,중상사고,0,1,0,0,차대사람 - 횡단중,신호위반,건조,맑음,교차로 - 교차로부근,승용,남,28세,상해없음,보행자,여,45세,중상
2017033100100642,2017년 3월 31일 23시,금요일,대구광역시 북구 동천동,부상신고사고,0,0,0,1,차대차 - 측면충돌,교차로운행방법위반,건조,맑음,교차로 - 교차로안,원동기,남,18세,부상신고,화물,남,49세,상해없음
2017040100100034,2017년 4월 1일 00시,토요일,대구광역시 수성구 범어동,사망사고,1,0,0,0,차대사람 - 횡단중,안전운전불이행,젖음/습기,비,교차로 - 교차로부근,승용,남,56세,상해없음,보행자,남,61세,사망
2017040100100035,2017년 4월 1일 00시,토요일,대구광역시 달서구 송현동,중상사고,0,1,0,0,차대사람 - 횡단중,안전운전불이행,젖음/습기,비,단일로 - 기타,승용,남,57세,상해없음,보행자,여,64세,중상
2017040100100036,2017년 4월 1일 00시,토요일,대구광역시 서구 비산동,경상사고,0,0,1,0,차대차 - 측면충돌,안전운전불이행,건조,맑음,단일로 - 기타,승용,남,53세,상해없음,이륜,남,36세,경상
2017040100100037,2017년 4월 1일 00시,토요일,대구광역시 중구 동인동1가,경상사고,0,0,1,0,차대차 - 후진중충돌,안전운전불이행,젖음/습기,비,교차로 - 교차로부근,승용,남,31세,상해없음,승용,남,30세,경상
2017040100100064,2017년 4월 1일 01시,토요일,대구광역시 중구 공평동,경상사고,0,0,1,0,차대사람 - 기타,안전운전불이행,젖음/습기,비,단일로 - 기타,승용,남,61세,상해없음,보행자,남,21세,경상