사고번호,사고일시,요일,시군구,사고내용,사망자수,중상자수,경상자수,부상신고자수,사고유형,법규위반,노면상태,기상상태,도로형태,가해운전자 차종,가해운전자 성별,가해운전자 연령,가해운전자 상해정도,피해운전자 차종,피해운전자 성별,피해운전자 연령,피해운전자 상해정도
2017040100100075,2017년 4월 1일 02시,토요일,대구광역시 남구 봉덕동,경상사고,0,0,1,0,차대차 - 정면충돌,중앙선침범,젖음/습기,비,단일로 - 기타,승용,남,44세,상해없음,화물,남,49세,경상
2017040100100076,2017년 4월 1일 02시,토요일,대구광역시 수성구 두산동,경상사고,0,0,1,0,차대사람 - 횡단중,보행자보호의무위반,젖음/습기,비,단일로 - 기타,승용,남,52세,상해없음,보행자,남,40세,경상
2017040100100086,2017년 4월 1일 03시,토요일,대구광역시 중구 동인동3가,중상사고,0,1,1,0,차대사람 - 횡단중,신호위반,젖음/습기,흐림,단일로 - 기타,승용,남,64세,상해없음,보행자,남,37세,중상
2017040100100240,2017년 4월 1일 12시,토요일,대구광역시 동구 각산동,중상사고,0,1,1,0,차대차 - 정면충돌,신호위반,건조,맑음,교차로 - 교차로부근,원동기,남,17세,중상,승용,남,25세,경상
2017040100100241,2017년 4월 1일 12시,토요일,대구광역시 북구 태전동,경상사고,0,0,1,0,차대차 - 측면충돌,신호위반,건조,맑음,교차로 - 교차로부근,이륜,남,19세,경상,승용,여,45세,상해없음
2017040100100273,2017년 4월 1일 13시,토요일,대구광역시 수성구 두산동,경상사고,0,0,1,0,차대사람 - 횡단중,안전운전불이행,건조,맑음,주차장 - 주차장,승용,여,51세,상해없음,보행자,여,41세,경상
2017040100100300,2017년 4월 1일 14시,토요일,대구광역시 북구 침산동,경상사고,0,0,2,0,차대차 - 측면충돌,안전운전불이행,건조,맑음,단일로 - 기타,특수,남,52세,기타불명,승용,남,43세,상해없음
2017040100100301,2017년 4월 1일 14시,토요일,대구광역시 중구 동문동,경상사고,0,0,1,0,차대사람 - 차도통행중,안전운전불이행,건조,맑음,단일로 - 기타,승용,여,71세,상해없음,보행자,여,22세,경상
2017040100100340,2017년 4월 1일 15시,토요일,대구광역시 수성구 범어동,경상사고,0,0,1,0,차대차 - 추돌,안전운전불이행,건조,맑음,단일로 - 기타,승용,남,56세,상해없음,이륜,여,24세,경상
2017040100100341,2017년 4월 1일 15시,토요일,대구광역시 달서구 월암동,경상사고,0,0,1,0,차대차 - 측면충돌,안전거리미확보,건조,맑음,단일로 - 기타,승용,남,31세,상해없음,이륜,남,28세,경상
2017040100100342,2017년 4월 1일 15시,토요일,대구광역시 달서구 감삼동,경상사고,0,0,2,0,차대차 - 측면충돌,차로위반,젖음/습기,비,단일로 - 기타,승용,남,53세,상해없음,화물,남,49세,경상
2017040100100375,2017년 4월 1일 16시,토요일,대구광역시 수성구 신매동,경상사고,0,0,3,0,차대차 - 추돌,안전운전불이행,젖음/습기,비,단일로 - 기타,화물,남,32세,상해없음,화물,남,39세,경상
2017040100100376,2017년 4월 1일 16시,토요일,대구광역시 달서구 송현동,경상사고,0,0,1,0,차대차 - 측면충돌,직진우회전진행방해,건조,흐림,교차로 - 교차로안,승용,남,63세,상해없음,원동기,남,38세,경상
2017040100100377,2017년 4월 1일 16시,토요일,대구광역시 북구 산격동,경상사고,0,0,1,0,차대차 - 추돌,안전운전불이행,젖음/습기,비,단일로 - 교량,승용,남,19세,상해없음,승용,여,61세,경상
2017040100100378,2017년 4월 1일 16시,토요일,대구광역시 서구 평리동,경상사고,0,0,1,0,차대사람 - 횡단중,안전운전불이행,건조,맑음,기타 - 기타,기타불명,기타불명,미분류,기타불명,보행자,남,55세,경상
2017040100100379,2017년 4월 1일 16시,토요일,대구광역시 중구 봉산동,중상사고,0,1,0,0,차대사람 - 기타,기타,건조,맑음,단일로 - 기타,승합,남,51세,상해없음,보행자,여,47세,중상
2017040100100380,2017년 4월 1일 16시,토요일,대구광역시 북구 팔달동,중상사고,0,1,0,0,차대차 - 측면충돌,교차로운행방법위반,젖음/습기,비,교차로 - 교차로안,승합,남,59세,상해없음,원동기,남,18세,중상
2017040100100415,2017년 4월 1일 17시,토요일,대구광역시 달서구 월성동,경상사고,0,0,1,0,차대사람 - 횡단중,신호위반,건조,맑음,단일로 - 기타,승용,여,44세,상해없음,보행자,남,9세,경상
2017040100100416,2017년 4월 1일 17시,토요일,대구광역시 서구 비산동,경상사고,0,0,1,0,차대차 - 측면충돌,안전거리미확보,건조,맑음,단일로 - 기타,화물,남,55세,상해없음,승용,남,30세,경상
2017040100100417,2017년 4월 1일 17시,토요일,대구광역시 북구 노원동2가,경상사고,0,0,1,0,차대차 - 추돌,안전운전불이행,건조,맑음,단일로 - 기타,승용,남,68세,상해없음,승용,남,41세,상해없음
2017040100100418,2017년 4월 1일 17시,토요일,대구광역시 중구 동인동4가,경상사고,0,0,1,0,차대차 - 측면충돌,신호위반,젖음/습기,흐림,교차로 - 교차로횡단보도내,이륜,남,32세,상해없음,자전거,여,62세,경상
2017040100100454,2017년 4월 1일 18시,토요일,대구광역시 동구 신암동,경상사고,0,0,1,0,차대사람 - 횡단중,보행자보호의무위반,건조,맑음,단일로 - 기타,승용,남,31세,상해없음,보행자,여,31세,경상
2017040100100455,2017년 4월 1일 18시,토요일,대구광역시 동구 신기동,경상사고,0,0,1,0,차대차 - 정면충돌,불법유턴,젖음/습기,흐림,단일로 - 기타,승용,여,45세,상해없음,이륜,남,37세,경상
2017040100100456,2017년 4월 1일 18시,토요일,대구광역시 북구 태전동,경상사고,0,0,1,0,차대차 - 추돌,안전운전불이행,건조,맑음,단일로 - 기타,승용,남,57세,상해없음,승용,남,37세,경상
2017040100100486,2017년 4월 1일 19시,토요일,대구광역시 달서구 송현동,경상사고,0,0,1,0,차대사람 - 횡단중,안전운전불이행,건조,맑음,단일로 - 기타,승용,남,47세,상해없음,보행자,남,56세,경상
2017040100100487,2017년 4월 1일 19시,토요일,대구광역시 북구 태전동,경상사고,0,0,1,0,차대차 - 측면충돌,신호위반,건조,맑음,교차로 - 교차로안,승용,남,59세,상해없음,승용,남,25세,경상
2017040100100512,2017년 4월 1일 20시,토요일,대구광역시 북구 산격동,경상사고,0,0,1,0,차대차 - 측면충돌,교차로운행방법위반,건조,맑음,미분류 - 미분류,승용,남,41세,상해없음,이륜,남,22세,상해없음
2017040100100513,2017년 4월 1일 20시,토요일,대구광역시 북구 대현동,중상사고,0,2,1,0,차대차 - 추돌,안전운전불이행,건조,맑음,교차로 - 교차로안,승용,남,57세,상해없음,승용,남,65세,중상
2017040100100514,2017년 4월 1일 20시,토요일,대구광역시 북구 태전동,중상사고,0,1,1,0,차대차 - 측면충돌,안전운전불이행,건조,맑음,교차로 - 교차로부근,승용,남,56세,경상,승용,남,50세,중상
2017040100100538,2017년 4월 1일 21시,토요일,대구광역시 동구 신암동,경상사고,0,0,1,0,차대차 - 추돌,안전운전불이행,건조,맑음,교차로 - 교차로부근,승용,남,39세,상해없음,승용,남,27세,경상
2017040100100539,2017년 4월 1일 21시,토요일,대구광역시 달서구 진천동,경상사고,0,0,1,0,차대사람 - 횡단중,보행자보호의무위반,건조,맑음,교차로 - 교차로횡단보도내,승용,남,33세,상해없음,보행자,여,38세,경상
2017040100100540,2017년 4월 1일 21시,토요일,대구광역시 달서구 상인동,경상사고,0,0,2,0,차대차 - 측면충돌,안전운전불이행,건조,맑음,교차로 - 교차로안,승용,남,35세,경상,승용,남,20세,경상
2017040100100541,2017년 4월 1일 21시,토요일,대구광역시 중구 동인동1가,중상사고,0,1,1,0,차대차 - 기타,중앙선침범,건조,맑음,단일로 - 기타,승용,남,29세,상해없음,승용,남,57세,경상
2017040100100542,2017년 4월 1일 21시,토요일,대구광역시 달서구 호림동,경상사고,0,0,1,8,차대차 - 추돌,안전운전불이행,건조,맑음,단일로 - 기타,승용,여,52세,부상신고,승합,남,40세,부상신고
2017040100100563,2017년 4월 1일 22시,토요일,대구광역시 남구 대명동,경상사고,0,0,1,0,차대차 - 측면충돌,기타,건조,맑음,단일로 - 기타,승용,남,55세,상해없음,원동기,남,37세,경상
2017040100100564,2017년 4월 1일 22시,토요일,대구광역시 수성구 신매동,중상사고,0,1,0,0,차대사람 - 횡단중,보행자보호의무위반,건조,맑음,교차로 - 교차로횡단보도내,승용,남,41세,상해없음,보행자,여,59세,중상
2017040100100565,2017년 4월 1일 22시,토요일,대구광역시 달성군 다사읍,경상사고,0,0,2,0,차대차 - 정면충돌,신호위반,건조,맑음,교차로 - 교차로안,승용,여,39세,상해없음,승용,남,52세,경상
2017040100100584,2017년 4월 1일 23시,토요일,대구광역시 수성구 두산동,경상사고,0,0,1,0,차대차 - 정면충돌,안전운전불이행,건조,맑음,단일로 - 기타,승용,남,44세,상해없음,승용,남,58세,경상
2017040100100585,2017년 4월 1일 23시,토요일,대구광역시 북구 고성동3가,중상사고,0,1,0,0,차량단독 - 기타,안전운전불이행,건조,흐림,단일로 - 기타,승합,남,51세,상해없음,,,,
2017040100100586,2017년 4월 1일 23시,토요일,대구광역시 중구 계산동2가,경상사고,0,0,1,0,차대차 - 측면충돌,안전거리미확보,건조,맑음,교차로 - 교차로부근,승용,남,52세,상해없음,승용,남,36세,경상
2017040200100036,2017년 4월 2일 00시,일요일,대구광역시 수성구 범물동,경상사고,0,0,2,0,차대차 - 정면충돌,안전운전불이행,건조,맑음,단일로 - 기타,승용,남,49세,상해없음,승용,남,56세,경상
2017040200100068,2017년 4월 2일 02시,일요일,대구광역시 북구 복현동,부상신고사고,0,0,0,3,차대차 - 추돌,안전운전불이행,건조,맑음,단일로 - 기타,승용,남,42세,상해없음,승용,남,27세,부상신고
2017040200100078,2017년 4월 2일 03시,일요일,대구광역시 수성구 두산동,중상사고,0,2,1,0,차대차 - 측면충돌,신호위반,건조,맑음,교차로 - 교차로안,승용,남,56세,상해없음,승용,남,66세,중상
2017040200100079,2017년 4월 2일 03시,일요일,대구광역시 중구 삼덕동1가,경상사고,0,0,1,0,차대사람 - 횡단중,안전운전불이행,건조,맑음,단일로 - 기타,승용,남,25세,상해없음,보행자,남,24세,상해없음
2017040200100096,2017년 4월 2일 05시,일요일,대구광역시 수성구 중동,중상사고,0,1,0,0,차대사람 - 횡단중,안전운전불이행,건조,맑음,교차로 - 교차로부근,승용,남,71세,상해없음,보행자,남,48세,중상
2017040200100097,2017년 4월 2일 05시,일요일,대구광역시 서구 내당동,중상사고,0,1,0,0,차대차 - 추돌,안전운전불이행,건조,맑음,교차로 - 교차로안,승용,남,25세,기타불명,승용,여,38세,중상
2017040200100112,2017년 4월 2일 06시,일요일,대구광역시 북구 태전동,중상사고,0,1,1,0,차대차 - 측면충돌,안전운전불이행,건조,맑음,교차로 - 교차로부근,승용,여,57세,경상,화물,남,45세,중상
2017040200100120,2017년 4월 2일 07시,일요일,대구광역시 달서구 상인동,경상사고,0,0,1,0,차대차 - 측면충돌,안전거리미확보,건조,맑음,단일로 - 기타,승합,남,63세,상해없음,화물,남,61세,경상
2017040200100131,2017년 4월 2일 08시,일요일,대구광역시 수성구 노변동,경상사고,0,0,9,0,차대차 - 정면충돌,안전운전불이행,건조,맑음,단일로 - 기타,승용,남,23세,상해없음,승용,남,62세,경상
2017040200100165,2017년 4월 2일 10시,일요일,대구광역시 동구 율하동,경상사고,0,0,3,0,차대차 - 측면충돌,안전운전불이행,건조,맑음,교차로 - 교차로안,승용,남,62세,상해없음,승용,남,29세,경상
2017040200100166,2017년 4월 2일 10시,일요일,대구광역시 수성구 수성동2가,경상사고,0,0,1,0,차대사람 - 횡단중,기타,건조,맑음,기타 - 기타,이륜,남,38세,상해없음,보행자,여,17세,경상
2017040200100186,2017년 4월 2일 11시,일요일,대구광역시 수성구 만촌동,중상사고,0,1,0,0,차대차 - 측면충돌,안전운전불이행,건조,맑음,교차로 - 교차로부근,승용,여,41세,상해없음,승용,여,47세,중상
2017040200100215,2017년 4월 2일 12시,일요일,대구광역시 달서구 상인동,중상사고,0,1,0,0,차량단독 - 기타,안전운전불이행,건조,맑음,단일로 - 기타,승합,남,48세,상해없음,,,,
2017040200100216,2017년 4월 2일 12시,일요일,대구광역시 중구 동성로2가,경상사고,0,0,1,0,차대사람 - 기타,기타,건조,맑음,단일로 - 기타,승용,남,51세,상해없음,보행자,여,57세,경상
2017040200100244,2017년 4월 2일 13시,일요일,대구광역시 달서구 상인동,경상사고,0,0,2,1,차대차 - 측면충돌,안전운전불이행,건조,맑음,단일로 - 기타,이륜,남,22세,경상,승용,남,30세,경상
2017040200100245,2017년 4월 2일 13시,일요일,대구광역시 달성군 가창면,중상사고,0,1,0,0,차대사람 - 기타,안전운전불이행,건조,맑음,단일로 - 기타,승용,남,61세,상해없음,보행자,남,71세,중상
2017040200100275,2017년 4월 2일 14시,일요일,대구광역시 수성구 두산동,경상사고,0,0,1,0,차대사람 - 횡단중,안전운전불이행,건조,맑음,단일로 - 기타,승용,여,39세,기타불명,보행자,남,25세,경상
2017040200100276,2017년 4월 2일 14시,일요일,대구광역시 수성구 범어동,경상사고,0,0,1,0,차대사람 - 길가장자리구역통행중,안전운전불이행,건조,맑음,단일로 - 기타,승용,여,49세,상해없음,보행자,남,75세,경상
2017040200100277,2017년 4월 2일 14시,일요일,대구광역시 북구 태전동,중상사고,0,1,0,0,차대차 - 측면충돌,교차로운행방법위반,건조,맑음,교차로 - 교차로안,승용,여,47세,상해없음,승용,남,43세,중상
2017040200100302,2017년 4월 2일 15시,일요일,대구광역시 북구 노원동3가,경상사고,0,0,2,0,차대차 - 측면충돌,안전운전불이행,건조,맑음,교차로 - 교차로부근,승용,남,47세,상해없음,승용,여,59세,경상
2017040200100303,2017년 4월 2일 15시,일요일,대구광역시 중구 동인동2가,경상사고,0,0,2,0,차대차 - 측면충돌,안전거리미확보,건조,맑음,단일로 - 기타,승용,남,23세,상해없음,승용,여,32세,경상
2017040200100360,2017년 4월 2일 17시,일요일,대구광역시 달성군 화원읍,중상사고,0,4,0,0,차대차 - 측면충돌,차로위반,건조,맑음,단일로 - 기타,승용,남,34세,상해없음,승용,남,43세,중상
2017040200100361,2017년 4월 2일 17시,일요일,대구광역시 서구 비산동,경상사고,0,0,1,0,차대차 - 추돌,안전운전불이행,건조,맑음,단일로 - 기타,승용,남,59세,상해없음,승용,남,33세,경상
2017040200100362,2017년 4월 2일 17시,일요일,대구광역시 달서구 성당동,경상사고,0,0,3,0,차대차 - 추돌,안전운전불이행,건조,맑음,단일로 - 기타,승용,여,35세,상해없음,승용,남,37세,경상
2017040200100385,2017년 4월 2일 18시,일요일,대구광역시 서구 원대동3가,중상사고,0,1,0,0,차대차 - 측면충돌,안전운전불이행,건조,맑음,교차로 - 교차로부근,이륜,남,55세,상해없음,자전거,남,41세,중상
2017040200100416,2017년 4월 2일 19시,일요일,대구광역시 달서구 송현동,부상신고사고,0,0,0,2,차대차 - 측면충돌,안전운전불이행,건조,맑음,교차로 - 교차로부근,승용,남,68세,부상신고,승용,남,54세,부상신고
2017040200100436,2017년 4월 2일 20시,일요일,대구광역시 동구 각산동,부상신고사고,0,0,0,1,차대차 - 측면충돌,신호위반,건조,맑음,교차로 - 교차로부근,이륜,남,49세,부상신고,승용,여,22세,상해없음
2017040200100437,2017년 4월 2일 20시,일요일,대구광역시 수성구 범어동,중상사고,0,1,0,0,차대차 - 정면충돌,안전운전불이행,건조,맑음,단일로 - 기타,승용,남,63세,상해없음,이륜,남,36세,중상
2017040200100438,2017년 4월 2일 20시,일요일,대구광역시 북구 구암동,경상사고,0,0,1,0,차대차 - 정면충돌,교차로운행방법위반,건조,맑음,교차로 - 교차로안,승용,여,46세,상해없음,원동기,남,40세,경상
2017040200100439,2017년 4월 2일 20시,일요일,대구광역시 북구 학정동,경상사고,0,0,1,0,차대차 - 측면충돌,교차로운행방법위반,건조,맑음,교차로 - 교차로안,승용,여,62세,경상,승합,남,39세,상해없음
2017040200100458,2017년 4월 2일 21시,일요일,대구광역시 서구 원대동3가,경상사고,0,0,1,0,차대차 - 측면충돌,안전운전불이행,건조,맑음,단일로 - 기타,승용,남,60세,상해없음,승용,남,52세,경상
2017040200100484,2017년 4월 2일 23시,일요일,대구광역시 달성군 다사읍,중상사고,0,1,0,0,차대차 - 정면충돌,안전거리미확보,건조,맑음,교차로 - 교차로부근,화물,남,66세,상해없음,이륜,남,16세,중상
2017040300100037,2017년 4월 3일 01시,월요일,대구광역시 북구 대현동,경상사고,0,0,2,0,차대차 - 추돌,안전운전불이행,건조,맑음,교차로 - 교차로부근,승용,남,29세,상해없음,승용,남,62세,경상
2017040300100056,2017년 4월 3일 05시,월요일,대구광역시 북구 칠성동2가,중상사고,0,1,0,0,차대사람 - 횡단중,안전운전불이행,건조,맑음,교차로 - 교차로안,화물,남,47세,상해없음,보행자,여,80세,중상
2017040300100097,2017년 4월 3일 07시,월요일,대구광역시 중구 봉산동,부상신고사고,0,0,0,1,차대차 - 측면충돌,중앙선침범,건조,맑음,단일로 - 기타,자전거,남,15세,부상신고,승용,여,31세,상해없음
2017040300100131,2017년 4월 3일 08시,월요일,대구광역시 남구 대명동,경상사고,0,0,1,0,차대사람 - 길가장자리구역통행중,안전운전불이행,건조,맑음,단일로 - 기타,승용,남,34세,상해없음,보행자,남,9세,경상
2017040300100132,2017년 4월 3일 08시,월요일,대구광역시 동구 신기동,경상사고,0,0,1,0,차대차 - 추돌,안전운전불이행,건조,맑음,교차로 - 교차로부근,승용,남,43세,상해없음,승용,남,54세,경상
2017040300100133,2017년 4월 3일 08시,월요일,대구광역시 동구 입석동,경상사고,0,0,1,0,차대차 - 측면충돌,안전운전불이행,건조,맑음,교차로 - 교차로횡단보도내,자전거,남,64세,경상,승용,여,61세,상해없음
2017040300100134,2017년 4월 3일 08시,월요일,대구광역시 동구 신서동,경상사고,0,0,5,0,차대차 - 측면충돌,신호위반,건조,맑음,교차로 - 교차로안,승용,여,52세,상해없음,승합,남,68세,경상
2017040300100135,2017년 4월 3일 08시,월요일,대구광역시 북구 대현동,경상사고,0,0,2,0,차대차 - 정면충돌,중앙선침범,건조,맑음,단일로 - 교량,승용,여,27세,상해없음,승용,남,42세,경상
2017040300100165,2017년 4월 3일 09시,월요일,대구광역시 수성구 파동,경상사고,0,0,1,0,차량단독 - 전도전복 - 전도,안전운전불이행,건조,맑음,단일로 - 기타,승용,남,59세,경상,,,,
2017040300100166,2017년 4월 3일 09시,월요일,대구광역시 달서구 두류동,중상사고,0,1,1,1,차대차 - 추돌,안전거리미확보,건조,맑음,단일로 - 기타,승용,남,46세,부상신고,승용,남,45세,중상
2017040300100198,2017년 4월 3일 10시,월요일,대구광역시 동구 동호동,중상사고,0,1,0,0,차대사람 - 횡단중,안전운전불이행,건조,맑음,교차로 - 교차로횡단보도내,승용,남,37세,상해없음,보행자,여,80세,중상
2017040300100199,2017년 4월 3일 10시,월요일,대구광역시 동구 신천동,중상사고,0,1,0,0,차대차 - 기타,중앙선침범,건조,맑음,기타 - 기타,이륜,남,71세,중상,기타불명,기타불명,미분류,기타불명
2017040300100287,2017년 4월 3일 13시,월요일,대구광역시 수성구 지산동,부상신고사고,0,0,0,1,차대차 - 측면충돌,신호위반,건조,맑음,교차로 - 교차로안,이륜,남,57세,부상신고,승용,여,68세,상해없음
2017040300100288,2017년 4월 3일 13시,월요일,대구광역시 달성군 구지면,경상사고,0,0,1,0,차대차 - 정면충돌,교차로운행방법위반,건조,맑음,교차로 - 교차로안,승용,여,40세,상해없음,화물,남,73세,경상
2017040300100289,2017년 4월 3일 13시,월요일,대구광역시 달서구 성당동,경상사고,0,0,1,0,차대차 - 기타,안전거리미확보,건조,맑음,단일로 - 기타,승용,남,71세,상해없음,승용,여,44세,경상
2017040300100386,2017년 4월 3일 16시,월요일,대구광역시 달서구 송현동,경상사고,0,0,1,0,차대사람 - 횡단중,보행자보호의무위반,건조,맑음,교차로 - 교차로안,승용,여,56세,상해없음,보행자,여,14세,경상
2017040300100424,2017년 4월 3일 17시,월요일,대구광역시 달서구 대곡동,중상사고,0,1,0,0,차대차 - 측면충돌,안전거리미확보,건조,맑음,단일로 - 기타,승용,남,58세,상해없음,화물,남,59세,중상
2017040300100425,2017년 4월 3일 17시,월요일,대구광역시 서구 내당동,경상사고,0,0,2,0,차대차 - 측면충돌,차로위반,건조,맑음,단일로 - 기타,승용,남,34세,상해없음,승용,남,37세,경상
2017040300100426,2017년 4월 3일 17시,월요일,대구광역시 중구 대신동,부상신고사고,0,0,0,1,차대사람 - 기타,안전운전불이행,건조,맑음,단일로 - 기타,사륜오토바이(ATV),남,58세,상해없음,보행자,여,69세,부상신고
2017040300100427,2017년 4월 3일 17시,월요일,대구광역시 남구 대명동,경상사고,0,0,1,0,차대차 - 측면충돌,신호위반,건조,맑음,교차로 - 교차로안,승용,여,38세,상해없음,이륜,남,29세,경상
2017040300100501,2017년 4월 3일 19시,월요일,대구광역시 남구 봉덕동,경상사고,0,0,1,0,차대차 - 추돌,안전운전불이행,건조,맑음,단일로 - 기타,승용,남,26세,상해없음,승용,남,68세,경상
2017040300100502,2017년 4월 3일 19시,월요일,대구광역시 달서구 장동,경상사고,0,0,1,0,차대차 - 측면충돌,교차로운행방법위반,건조,맑음,교차로 - 교차로부근,승용,남,69세,상해없음,승용,남,34세,경상
2017040300100503,2017년 4월 3일 19시,월요일,대구광역시 달서구 감삼동,경상사고,0,0,1,0,차대사람 - 횡단중,안전운전불이행,건조,맑음,단일로 - 기타,승용,여,45세,상해없음,보행자,남,53세,경상
2017040300100504,2017년 4월 3일 19시,월요일,대구광역시 달서구 성당동,경상사고,0,0,2,0,차대차 - 측면충돌,안전운전불이행,건조,맑음,단일로 - 기타,이륜,남,52세,경상,이륜,남,57세,경상
2017040300100542,2017년 4월 3일 20시,월요일,대구광역시 동구 방촌동,중상사고,0,1,0,0,차대차 - 측면충돌,신호위반,건조,맑음,교차로 - 교차로안,승용,남,48세,상해없음,이륜,남,52세,중상
2017040300100543,2017년 4월 3일 20시,월요일,대구광역시 서구 내당동,경상사고,0,0,1,0,차대차 - 측면충돌,신호위반,건조,맑음,교차로 - 교차로부근,이륜,남,20세,경상,승용,여,36세,상해없음
2017040300100544,2017년 4월 3일 20시,월요일,대구광역시 달서구 용산동,경상사고,0,0,1,0,차대차 - 측면충돌,차로위반,건조,맑음,단일로 - 기타,승용,남,61세,상해없음,승용,남,35세,경상
2017040300100545,2017년 4월 3일 20시,월요일,대구광역시 북구 국우동,경상사고,0,0,1,0,차대사람 - 횡단중,보행자보호의무위반,건조,맑음,기타 - 기타,화물,남,50세,상해없음,보행자,남,38세,경상
2017040300100567,2017년 4월 3일 21시,월요일,대구광역시 동구 지저동,경상사고,0,0,1,0,차대차 - 기타,안전운전불이행,건조,맑음,단일로 - 기타,원동기,남,18세,경상,승용,남,21세,상해없음
2017040300100587,2017년 4월 3일 22시,월요일,대구광역시 달성군 화원읍,중상사고,0,1,0,0,차대차 - 기타,신호위반,건조,맑음,교차로 - 교차로안,승용,남,20세,상해없음,원동기,남,68세,중상
2017040300100588,2017년 4월 3일 22시,월요일,대구광역시 북구 침산동,중상사고,0,1,0,0,차대차 - 기타,안전운전불이행,건조,맑음,단일로 - 기타,승용,남,42세,상해없음,승용,남,35세,중상
2017040300100589,2017년 4월 3일 22시,월요일,대구광역시 달서구 감삼동,경상사고,0,0,2,0,차대차 - 추돌,안전운전불이행,건조,맑음,교차로 - 교차로부근,승용,남,61세,경상,승용,남,40세,경상
2017040400100031,2017년 4월 4일 02시,화요일,대구광역시 달서구 두류동,경상사고,0,0,1,0,차대차 - 측면충돌,기타,건조,맑음,단일로 - 기타,승용,남,48세,상해없음,이륜,남,21세,경상
2017040400100035,2017년 4월 4일 03시,화요일,대구광역시 북구 관음동,경상사고,0,0,1,0,차대차 - 측면충돌,신호위반,건조,맑음,교차로 - 교차로안,승용,남,60세,상해없음,승용,남,27세,경상
2017040400100081,2017년 4월 4일 07시,화요일,대구광역시 달서구 용산동,경상사고,0,0,1,0,차대차 - 기타,안전거리미확보,건조,맑음,단일로 - 기타,승용,여,51세,상해없음,승용,여,29세,경상
2017040400100121,2017년 4월 4일 08시,화요일,대구광역시 서구 비산동,경상사고,0,0,1,0,차대사람 - 횡단중,안전운전불이행,건조,맑음,교차로 - 교차로안,승용,남,58세,상해없음,보행자,여,59세,경상
2017040400100122,2017년 4월 4일 08시,화요일,대구광역시 중구 봉산동,경상사고,0,0,2,0,차대차 - 측면충돌,안전운전불이행,건조,맑음,교차로 - 교차로부근,승용,여,42세,상해없음,승용,남,59세,경상
2017040400100123,2017년 4월 4일 08시,화요일,대구광역시 달서구 성당동,경상사고,0,0,1,0,차대차 - 측면충돌,안전운전불이행,건조,맑음,단일로 - 기타,자전거,남,14세,경상,승용,남,25세,상해없음
2017040400100200,2017년 4월 4일 11시,화요일,대구광역시 북구 노원동3가,중상사고,0,1,0,0,차대차 - 측면충돌,교차로운행방법위반,건조,맑음,교차로 - 교차로안,화물,남,39세,상해없음,이륜,남,53세,중상
2017040400100201,2017년 4월 4일 11시,화요일,대구광역시 중구 삼덕동1가,중상사고,0,1,1,0,차대사람 - 횡단중,보행자보호의무위반,건조,맑음,교차로 - 교차로횡단보도내,승용,남,54세,상해없음,보행자,여,53세,중상
2017040400100285,2017년 4월 4일 14시,화요일,대구광역시 달성군 옥포면,경상사고,0,0,2,0,차대차 - 정면충돌,안전운전불이행,건조,맑음,교차로 - 교차로안,승용,남,80세,상해없음,승합,남,28세,경상
2017040400100311,2017년 4월 4일 15시,화요일,대구광역시 동구 용계동,경상사고,0,0,1,0,차대차 - 정면충돌,안전운전불이행,건조,맑음,단일로 - 기타,승용,남,27세,상해없음,승용,여,49세,경상
2017040400100312,2017년 4월 4일 15시,화요일,대구광역시 동구 지저동,경상사고,0,0,1,0,차대차 - 기타,교차로운행방법위반,건조,맑음,교차로 - 교차로부근,승용,여,55세,기타불명,승합,남,53세,상해없음
2017040400100313,2017년 4월 4일 15시,화요일,대구광역시 달성군 현풍면,경상사고,0,0,1,0,차대차 - 정면충돌,안전운전불이행,건조,맑음,교차로 - 교차로안,승용,남,64세,상해없음,원동기,남,17세,경상
2017040400100346,2017년 4월 4일 16시,화요일,대구광역시 달성군 논공읍,경상사고,0,0,1,0,차대차 - 측면충돌,신호위반,건조,맑음,교차로 - 교차로부근,승용,여,48세,상해없음,이륜,남,75세,경상
2017040400100347,2017년 4월 4일 16시,화요일,대구광역시 북구 읍내동,부상신고사고,0,0,0,1,차대차 - 측면충돌,불법유턴,건조,맑음,단일로 - 기타,자전거,남,10세,부상신고,승용,여,55세,상해없음
2017040400100401,2017년 4월 4일 18시,화요일,대구광역시 남구 대명동,부상신고사고,0,0,0,2,차대차 - 추돌,안전운전불이행,건조,맑음,단일로 - 기타,기타불명,기타불명,미분류,기타불명,승용,여,47세,부상신고
2017040400100402,2017년 4월 4일 18시,화요일,대구광역시 달성군 논공읍,경상사고,0,0,1,0,차대차 - 추돌,안전운전불이행,건조,맑음,단일로 - 기타,승용,여,33세,기타불명,화물,남,54세,경상
2017040400100424,2017년 4월 4일 19시,화요일,대구광역시 달성군 다사읍,경상사고,0,0,3,0,차대차 - 정면충돌,안전운전불이행,건조,맑음,교차로 - 교차로안,승용,여,40세,상해없음,승용,남,20세,경상
2017040400100425,2017년 4월 4일 19시,화요일,대구광역시 북구 구암동,중상사고,0,1,0,0,차대사람 - 횡단중,안전운전불이행,건조,맑음,교차로 - 교차로안,승용,여,42세,상해없음,보행자,여,15세,중상
2017040400100449,2017년 4월 4일 20시,화요일,대구광역시 동구 신암동,경상사고,0,0,2,0,차대차 - 추돌,안전거리미확보,건조,맑음,단일로 - 기타,화물,남,63세,상해없음,승용,여,38세,경상
2017040400100450,2017년 4월 4일 20시,화요일,대구광역시 달서구 신당동,중상사고,0,1,0,0,차대차 - 측면충돌,차로위반,건조,맑음,기타 - 기타,화물,남,56세,상해없음,이륜,남,20세,중상