사고번호,사고일시,요일,시군구,사고내용,사망자수,중상자수,경상자수,부상신고자수,사고유형,법규위반,노면상태,기상상태,도로형태,가해운전자 차종,가해운전자 성별,가해운전자 연령,가해운전자 상해정도,피해운전자 차종,피해운전자 성별,피해운전자 연령,피해운전자 상해정도
2017040400100451,2017년 4월 4일 20시,화요일,대구광역시 달서구 감삼동,경상사고,0,0,1,0,차대차 - 측면충돌,안전운전불이행,건조,맑음,교차로 - 교차로횡단보도내,승용,남,64세,상해없음,승용,남,59세,상해없음
2017040400100452,2017년 4월 4일 20시,화요일,대구광역시 북구 동천동,경상사고,0,0,1,0,차대차 - 측면충돌,안전거리미확보,건조,맑음,단일로 - 기타,승용,여,30세,상해없음,이륜,남,17세,경상
2017040500100025,2017년 4월 5일 00시,수요일,대구광역시 동구 각산동,경상사고,0,0,1,0,차대차 - 측면충돌,신호위반,건조,맑음,교차로 - 교차로안,승용,남,68세,상해없음,승용,남,44세,경상
2017040500100026,2017년 4월 5일 00시,수요일,대구광역시 동구 신암동,경상사고,0,0,1,0,차대차 - 측면충돌,교차로운행방법위반,건조,맑음,단일로 - 기타,승용,여,38세,상해없음,승용,여,50세,경상
2017040500100027,2017년 4월 5일 00시,수요일,대구광역시 북구 복현동,경상사고,0,0,1,0,차대사람 - 횡단중,안전운전불이행,건조,맑음,단일로 - 기타,승용,남,59세,상해없음,보행자,여,18세,경상
2017040500100028,2017년 4월 5일 00시,수요일,대구광역시 북구 산격동,경상사고,0,0,1,0,차대차 - 측면충돌,안전운전불이행,건조,맑음,교차로 - 교차로안,승용,남,30세,상해없음,승용,남,31세,경상
2017040500100042,2017년 4월 5일 01시,수요일,대구광역시 서구 비산동,중상사고,0,1,0,0,차대사람 - 기타,안전운전불이행,건조,맑음,단일로 - 기타,승용,남,29세,상해없음,보행자,여,31세,중상
2017040500100048,2017년 4월 5일 02시,수요일,대구광역시 북구 대현동,사망사고,1,0,0,1,차량단독 - 공작물충돌,안전운전불이행,건조,맑음,교차로 - 교차로안,이륜,남,17세,부상신고,,,,
2017040500100056,2017년 4월 5일 03시,수요일,대구광역시 남구 봉덕동,중상사고,0,1,0,0,차량단독 - 전도전복,안전운전불이행,건조,맑음,단일로 - 기타,승용,남,32세,상해없음,미분류,미분류,미분류,미분류
2017040500100057,2017년 4월 5일 03시,수요일,대구광역시 달서구 호림동,경상사고,0,0,1,0,차대차 - 추돌,안전운전불이행,건조,맑음,교차로 - 교차로부근,승용,남,41세,상해없음,승용,남,32세,경상
2017040500100063,2017년 4월 5일 04시,수요일,대구광역시 동구 율하동,중상사고,0,1,0,0,차대사람 - 횡단중,안전운전불이행,건조,맑음,교차로 - 교차로안,승용,남,62세,상해없음,보행자,남,28세,중상
2017040500100064,2017년 4월 5일 04시,수요일,대구광역시 북구 태전동,중상사고,0,2,1,0,차대차 - 측면충돌,안전운전불이행,건조,맑음,단일로 - 기타,승용,남,19세,중상,화물,남,62세,경상
2017040500100096,2017년 4월 5일 07시,수요일,대구광역시 북구 칠성동2가,경상사고,0,0,1,0,차대사람 - 횡단중,보행자보호의무위반,젖음/습기,흐림,교차로 - 교차로횡단보도내,화물,남,43세,상해없음,보행자,남,26세,경상
2017040500100125,2017년 4월 5일 08시,수요일,대구광역시 달서구 본동,중상사고,0,1,0,0,차대사람 - 횡단중,안전운전불이행,건조,맑음,교차로 - 교차로부근,승용,남,62세,상해없음,보행자,여,20세,중상
2017040500100126,2017년 4월 5일 08시,수요일,대구광역시 중구 서문로2가,경상사고,0,0,1,0,차대사람 - 횡단중,안전운전불이행,건조,맑음,단일로 - 기타,승용,남,28세,상해없음,보행자,여,27세,경상
2017040500100175,2017년 4월 5일 10시,수요일,대구광역시 달성군 다사읍,경상사고,0,0,4,0,차대차 - 측면충돌,안전거리미확보,건조,맑음,교차로 - 교차로부근,승용,남,34세,상해없음,화물,남,42세,경상
2017040500100221,2017년 4월 5일 12시,수요일,대구광역시 달성군 화원읍,경상사고,0,0,1,0,차대차 - 정면충돌,안전거리미확보,건조,맑음,단일로 - 기타,이륜,남,75세,기타불명,승용,남,63세,경상
2017040500100222,2017년 4월 5일 12시,수요일,대구광역시 달성군 현풍면,중상사고,0,1,0,0,차대차 - 정면충돌,중앙선침범,젖음/습기,비,교차로 - 교차로안,화물,남,54세,상해없음,원동기,남,56세,중상
2017040500100223,2017년 4월 5일 12시,수요일,대구광역시 서구 평리동,경상사고,0,0,1,0,차대사람 - 횡단중,기타,건조,맑음,단일로 - 기타,승용,남,56세,상해없음,보행자,여,48세,경상
2017040500100311,2017년 4월 5일 15시,수요일,대구광역시 남구 대명동,경상사고,0,0,1,0,차대차 - 측면충돌,교차로운행방법위반,건조,맑음,교차로 - 교차로안,승용,남,66세,상해없음,원동기,남,62세,경상
2017040500100312,2017년 4월 5일 15시,수요일,대구광역시 수성구 신매동,중상사고,0,1,0,0,차대차 - 추돌,안전거리미확보,건조,맑음,교차로 - 교차로안,승용,남,26세,상해없음,승합,남,36세,상해없음
2017040500100313,2017년 4월 5일 15시,수요일,대구광역시 달성군 화원읍,경상사고,0,0,1,0,차대사람 - 횡단중,안전운전불이행,건조,맑음,단일로 - 기타,승용,남,57세,상해없음,보행자,남,54세,경상
2017040500100314,2017년 4월 5일 15시,수요일,대구광역시 북구 노원동2가,경상사고,0,0,2,0,차대차 - 측면충돌,안전운전불이행,건조,맑음,단일로 - 기타,승용,남,30세,상해없음,승용,남,63세,경상
2017040500100351,2017년 4월 5일 16시,수요일,대구광역시 중구 동성로3가,중상사고,0,1,0,0,차대사람 - 기타,안전운전불이행,건조,맑음,단일로 - 기타,승용,남,20세,상해없음,보행자,남,68세,중상
2017040500100388,2017년 4월 5일 17시,수요일,대구광역시 동구 효목동,경상사고,0,0,3,1,차대차 - 측면충돌,안전운전불이행,젖음/습기,비,단일로 - 기타,승용,남,24세,부상신고,승용,남,63세,경상
2017040500100389,2017년 4월 5일 17시,수요일,대구광역시 달서구 송현동,경상사고,0,0,1,0,차대차 - 기타,안전운전불이행,젖음/습기,비,교차로 - 교차로안,이륜,남,19세,경상,승용,여,62세,상해없음
2017040500100436,2017년 4월 5일 18시,수요일,대구광역시 북구 산격동,경상사고,0,0,1,0,차대사람 - 보도통행중,기타,젖음/습기,비,단일로 - 기타,이륜,남,22세,상해없음,보행자,여,26세,경상
2017040500100488,2017년 4월 5일 19시,수요일,대구광역시 수성구 지산동,경상사고,0,0,1,0,차대차 - 측면충돌,직진우회전진행방해,젖음/습기,비,교차로 - 교차로안,이륜,남,40세,경상,승용,여,26세,상해없음
2017040500100489,2017년 4월 5일 19시,수요일,대구광역시 수성구 상동,경상사고,0,0,2,0,차대사람 - 횡단중,보행자보호의무위반,젖음/습기,비,단일로 - 기타,화물,남,56세,상해없음,보행자,남,9세,경상
2017040500100490,2017년 4월 5일 19시,수요일,대구광역시 달서구 대곡동,경상사고,0,0,2,0,차대차 - 측면충돌,안전운전불이행,건조,맑음,단일로 - 기타,승용,여,67세,상해없음,승용,남,40세,경상
2017040500100491,2017년 4월 5일 19시,수요일,대구광역시 달성군 논공읍,경상사고,0,0,2,0,차대차 - 정면충돌,안전거리미확보,젖음/습기,비,단일로 - 기타,승합,남,56세,상해없음,화물,남,69세,경상
2017040500100492,2017년 4월 5일 19시,수요일,대구광역시 달성군 논공읍,중상사고,0,1,1,0,차대차 - 정면충돌,안전운전불이행,젖음/습기,비,단일로 - 기타,승용,남,41세,상해없음,원동기,남,24세,경상
2017040500100493,2017년 4월 5일 19시,수요일,대구광역시 북구 산격동,중상사고,0,1,0,0,차대사람 - 횡단중,보행자보호의무위반,건조,맑음,교차로 - 교차로횡단보도내,화물,남,54세,상해없음,보행자,여,48세,중상
2017040500100494,2017년 4월 5일 19시,수요일,대구광역시 달서구 용산동,중상사고,0,1,0,0,차대사람 - 횡단중,보행자보호의무위반,젖음/습기,비,교차로 - 교차로횡단보도내,승용,여,52세,상해없음,보행자,여,61세,중상
2017040500100495,2017년 4월 5일 19시,수요일,대구광역시 달서구 신당동,경상사고,0,0,1,0,차대차 - 추돌,안전거리미확보,젖음/습기,비,단일로 - 기타,승용,남,70세,상해없음,승용,남,25세,경상
2017040500100496,2017년 4월 5일 19시,수요일,대구광역시 북구 태전동,경상사고,0,0,1,1,차대차 - 추돌,안전운전불이행,젖음/습기,비,교차로 - 교차로부근,승용,남,43세,상해없음,승용,남,31세,경상
2017040500100544,2017년 4월 5일 20시,수요일,대구광역시 달서구 본동,경상사고,0,0,1,1,차대차 - 측면충돌,신호위반,건조,맑음,교차로 - 교차로안,승용,여,64세,부상신고,승용,남,35세,경상
2017040500100545,2017년 4월 5일 20시,수요일,대구광역시 달서구 월성동,중상사고,0,1,0,0,차대차 - 추돌,안전운전불이행,젖음/습기,비,단일로 - 기타,승용,남,61세,상해없음,승용,남,30세,중상
2017040500100546,2017년 4월 5일 20시,수요일,대구광역시 달서구 성당동,경상사고,0,0,1,0,차대차 - 기타,안전운전불이행,젖음/습기,비,단일로 - 기타,승용,남,59세,상해없음,이륜,남,18세,경상
2017040500100547,2017년 4월 5일 20시,수요일,대구광역시 달서구 감삼동,경상사고,0,0,1,0,차대차 - 측면충돌,안전운전불이행,젖음/습기,비,교차로 - 교차로횡단보도내,승용,남,53세,상해없음,자전거,남,22세,경상
2017040500100592,2017년 4월 5일 21시,수요일,대구광역시 동구 검사동,중상사고,0,1,1,0,차대차 - 정면충돌,안전거리미확보,기타,흐림,단일로 - 기타,승용,남,58세,상해없음,승용,남,52세,경상
2017040500100593,2017년 4월 5일 21시,수요일,대구광역시 서구 중리동,경상사고,0,0,1,0,차대차 - 측면충돌,안전운전불이행,젖음/습기,비,단일로 - 기타,이륜,남,32세,경상,승용,남,61세,기타불명
2017040500100594,2017년 4월 5일 21시,수요일,대구광역시 서구 평리동,중상사고,0,1,2,0,차대차 - 추돌,안전운전불이행,젖음/습기,비,단일로 - 기타,승용,남,40세,상해없음,승용,여,62세,경상
2017040500100595,2017년 4월 5일 21시,수요일,대구광역시 달서구 감삼동,경상사고,0,0,1,0,차대차 - 측면충돌,차로위반,적설,비,단일로 - 기타,승용,여,48세,상해없음,이륜,남,18세,경상
2017040500100596,2017년 4월 5일 21시,수요일,대구광역시 달서구 이곡동,경상사고,0,0,2,0,차대차 - 추돌,안전운전불이행,젖음/습기,비,교차로 - 교차로안,승용,남,49세,상해없음,승용,여,52세,경상
2017040500100651,2017년 4월 5일 22시,수요일,대구광역시 동구 효목동,경상사고,0,0,2,0,차대차 - 정면충돌,안전운전불이행,건조,맑음,단일로 - 기타,승용,남,29세,상해없음,승용,남,31세,경상
2017040500100652,2017년 4월 5일 22시,수요일,대구광역시 수성구 대흥동,경상사고,0,0,1,0,차대차 - 추돌,안전운전불이행,건조,맑음,단일로 - 기타,승용,남,34세,상해없음,승용,남,40세,경상
2017040500100653,2017년 4월 5일 22시,수요일,대구광역시 달서구 송현동,경상사고,0,0,1,0,차대차 - 측면충돌,중앙선침범,건조,맑음,단일로 - 기타,승용,남,36세,상해없음,승용,남,27세,경상
2017040500100654,2017년 4월 5일 22시,수요일,대구광역시 달서구 상인동,경상사고,0,0,2,0,차대차 - 추돌,안전운전불이행,건조,맑음,단일로 - 기타,승용,남,49세,상해없음,화물,남,51세,경상
2017040500100655,2017년 4월 5일 22시,수요일,대구광역시 달서구 장기동,경상사고,0,0,1,0,차대사람 - 횡단중,신호위반,젖음/습기,비,교차로 - 교차로횡단보도내,승용,남,42세,상해없음,보행자,여,43세,경상
2017040500100698,2017년 4월 5일 23시,수요일,대구광역시 동구 용계동,경상사고,0,0,2,0,차대차 - 추돌,안전운전불이행,젖음/습기,비,단일로 - 기타,승용,남,56세,상해없음,승용,남,47세,경상
2017040600100041,2017년 4월 6일 00시,목요일,대구광역시 수성구 두산동,경상사고,0,0,2,0,차대차 - 추돌,안전운전불이행,젖음/습기,비,교차로 - 교차로부근,승용,남,45세,상해없음,승용,남,55세,경상
2017040600100042,2017년 4월 6일 00시,목요일,대구광역시 달서구 장동,중상사고,0,1,0,0,차대차 - 추돌,안전운전불이행,건조,맑음,단일로 - 기타,화물,남,57세,상해없음,승용,남,44세,중상
2017040600100043,2017년 4월 6일 00시,목요일,대구광역시 서구 상리동,중상사고,0,2,2,0,차대차 - 추돌,안전운전불이행,젖음/습기,비,단일로 - 기타,승용,남,57세,경상,화물,남,52세,상해없음
2017040600100044,2017년 4월 6일 00시,목요일,대구광역시 북구 태전동,경상사고,0,0,1,0,차대차 - 추돌,안전운전불이행,젖음/습기,비,교차로 - 교차로부근,승용,남,56세,상해없음,승용,여,38세,경상
2017040600100095,2017년 4월 6일 03시,목요일,대구광역시 수성구 중동,경상사고,0,0,1,0,차량단독 - 공작물충돌,안전운전불이행,젖음/습기,비,단일로 - 기타,승용,남,25세,상해없음,,,,
2017040600100157,2017년 4월 6일 07시,목요일,대구광역시 동구 용계동,경상사고,0,0,2,0,차대차 - 측면충돌,안전운전불이행,건조,맑음,기타 - 기타,승합,남,60세,상해없음,승용,남,26세,경상
2017040600100158,2017년 4월 6일 07시,목요일,대구광역시 북구 산격동,경상사고,0,0,1,0,차대차 - 측면충돌,중앙선침범,건조,맑음,단일로 - 기타,화물,남,67세,상해없음,승용,여,41세,경상
2017040600100187,2017년 4월 6일 08시,목요일,대구광역시 달성군 구지면,중상사고,0,1,1,0,차대차 - 추돌,안전운전불이행,젖음/습기,비,교차로 - 교차로안,화물,여,63세,상해없음,승용,남,55세,경상
2017040600100188,2017년 4월 6일 08시,목요일,대구광역시 북구 침산동,경상사고,0,0,1,0,차대차 - 측면충돌,신호위반,건조,맑음,교차로 - 교차로안,승용,남,64세,상해없음,승용,남,36세,경상
2017040600100189,2017년 4월 6일 08시,목요일,대구광역시 서구 평리동,경상사고,0,0,1,0,차대차 - 측면충돌,교차로운행방법위반,건조,맑음,교차로 - 교차로안,승용,남,29세,상해없음,승용,남,27세,경상
2017040600100221,2017년 4월 6일 09시,목요일,대구광역시 동구 능성동,경상사고,0,0,1,0,차대차 - 측면충돌,안전운전불이행,건조,맑음,단일로 - 기타,승용,남,34세,상해없음,승용,남,68세,경상
2017040600100222,2017년 4월 6일 09시,목요일,대구광역시 수성구 지산동,중상사고,0,1,0,0,차대차 - 기타,교차로운행방법위반,젖음/습기,비,교차로 - 교차로안,승용,남,35세,상해없음,이륜,남,55세,중상
2017040600100248,2017년 4월 6일 10시,목요일,대구광역시 달서구 신당동,경상사고,0,0,1,0,차대사람 - 횡단중,신호위반,건조,맑음,교차로 - 교차로횡단보도내,승용,남,55세,상해없음,보행자,남,28세,경상
2017040600100275,2017년 4월 6일 11시,목요일,대구광역시 수성구 수성동1가,경상사고,0,0,1,0,차대사람 - 보도통행중,기타,젖음/습기,흐림,단일로 - 기타,원동기,남,70세,상해없음,보행자,여,56세,경상
2017040600100294,2017년 4월 6일 12시,목요일,대구광역시 남구 봉덕동,중상사고,0,1,0,0,차대차 - 기타,안전운전불이행,건조,흐림,교차로 - 교차로부근,승용,남,30세,상해없음,원동기,남,33세,중상
2017040600100295,2017년 4월 6일 12시,목요일,대구광역시 수성구 범어동,경상사고,0,0,1,0,차대차 - 측면충돌,안전거리미확보,건조,맑음,교차로 - 교차로부근,승용,남,76세,상해없음,승용,남,23세,경상
2017040600100321,2017년 4월 6일 13시,목요일,대구광역시 남구 봉덕동,경상사고,0,0,1,0,차대차 - 추돌,안전운전불이행,건조,맑음,단일로 - 기타,이륜,남,31세,상해없음,승용,남,50세,경상
2017040600100352,2017년 4월 6일 14시,목요일,대구광역시 북구 태전동,경상사고,0,0,2,0,차대차 - 추돌,안전거리미확보,건조,맑음,단일로 - 기타,화물,남,25세,상해없음,승용,여,67세,경상
2017040600100441,2017년 4월 6일 17시,목요일,대구광역시 달서구 송현동,경상사고,0,0,1,0,차대사람 - 횡단중,기타,건조,맑음,단일로 - 기타,승용,여,57세,상해없음,보행자,남,79세,경상
2017040600100442,2017년 4월 6일 17시,목요일,대구광역시 달서구 장동,중상사고,0,1,0,0,차대차 - 측면충돌,안전운전불이행,건조,맑음,교차로 - 교차로부근,자전거,여,57세,중상,승용,남,43세,상해없음
2017040600100443,2017년 4월 6일 17시,목요일,대구광역시 북구 동천동,경상사고,0,0,1,0,차대사람 - 횡단중,기타,건조,맑음,단일로 - 기타,승용,남,57세,상해없음,보행자,남,8세,경상
2017040600100476,2017년 4월 6일 18시,목요일,대구광역시 동구 율하동,사망사고,1,0,0,0,차대사람 - 횡단중,보행자보호의무위반,건조,맑음,단일로 - 기타,승용,남,69세,상해없음,보행자,남,68세,사망
2017040600100477,2017년 4월 6일 18시,목요일,대구광역시 동구 신암동,경상사고,0,0,3,1,차대차 - 측면충돌,안전운전불이행,건조,맑음,교차로 - 교차로안,승용,남,55세,부상신고,승용,남,40세,경상
2017040600100478,2017년 4월 6일 18시,목요일,대구광역시 서구 평리동,중상사고,0,1,0,0,차대차 - 측면충돌,안전운전불이행,건조,맑음,교차로 - 교차로안,승용,남,63세,상해없음,승용,남,53세,상해없음
2017040600100513,2017년 4월 6일 19시,목요일,대구광역시 수성구 범어동,경상사고,0,0,1,0,차대차 - 측면충돌,신호위반,건조,맑음,교차로 - 교차로안,이륜,남,61세,경상,승용,남,38세,상해없음
2017040600100514,2017년 4월 6일 19시,목요일,대구광역시 달서구 유천동,경상사고,0,0,1,0,차대차 - 측면충돌,안전운전불이행,건조,맑음,교차로 - 교차로횡단보도내,승용,남,49세,상해없음,자전거,여,52세,경상
2017040600100515,2017년 4월 6일 19시,목요일,대구광역시 북구 구암동,경상사고,0,0,1,0,차대차 - 추돌,안전운전불이행,건조,맑음,단일로 - 기타,자전거,남,61세,경상,승용,남,35세,상해없음
2017040600100516,2017년 4월 6일 19시,목요일,대구광역시 북구 동호동,중상사고,0,1,0,1,차대차 - 측면충돌,교차로운행방법위반,건조,맑음,교차로 - 교차로안,승용,남,56세,부상신고,승용,여,53세,중상
2017040600100517,2017년 4월 6일 19시,목요일,대구광역시 북구 팔달동,경상사고,0,0,4,0,차대차 - 측면충돌,안전거리미확보,건조,맑음,단일로 - 기타,승합,남,66세,상해없음,승용,남,27세,경상
2017040600100547,2017년 4월 6일 20시,목요일,대구광역시 남구 대명동,경상사고,0,0,1,0,차대차 - 측면충돌,안전운전불이행,건조,맑음,교차로 - 교차로안,승용,여,45세,상해없음,이륜,남,22세,경상
2017040600100548,2017년 4월 6일 20시,목요일,대구광역시 동구 봉무동,중상사고,0,1,0,0,차대차 - 기타,안전운전불이행,건조,맑음,교차로 - 교차로횡단보도내,승용,남,44세,상해없음,자전거,남,13세,중상
2017040600100571,2017년 4월 6일 21시,목요일,대구광역시 남구 대명동,경상사고,0,0,2,0,차대차 - 측면충돌,안전거리미확보,건조,맑음,단일로 - 기타,승용,남,64세,경상,승용,남,46세,경상
2017040600100572,2017년 4월 6일 21시,목요일,대구광역시 북구 복현동,부상신고사고,0,0,0,1,차대사람 - 기타,안전운전불이행,건조,맑음,단일로 - 기타,기타불명,기타불명,미분류,기타불명,보행자,여,19세,부상신고
2017040600100589,2017년 4월 6일 22시,목요일,대구광역시 북구 복현동,중상사고,0,1,0,0,차대사람 - 횡단중,신호위반,건조,맑음,교차로 - 교차로횡단보도내,이륜,남,18세,상해없음,보행자,남,54세,중상
2017040600100616,2017년 4월 6일 23시,목요일,대구광역시 달서구 죽전동,경상사고,0,0,2,0,차대차 - 추돌,안전운전불이행,건조,맑음,교차로 - 교차로부근,승용,남,24세,상해없음,승용,여,27세,경상
2017040700100029,2017년 4월 7일 00시,금요일,대구광역시 북구 동천동,중상사고,0,1,3,0,차대차 - 측면충돌,신호위반,건조,맑음,교차로 - 교차로안,승용,남,51세,경상,승용,남,64세,경상
2017040700100068,2017년 4월 7일 05시,금요일,대구광역시 북구 칠성동2가,부상신고사고,0,0,0,1,차대사람 - 횡단중,보행자보호의무위반,건조,맑음,단일로 - 기타,기타불명,기타불명,미분류,기타불명,보행자,남,56세,부상신고
2017040700100098,2017년 4월 7일 07시,금요일,대구광역시 수성구 수성동3가,중상사고,0,1,0,0,차대사람 - 횡단중,안전운전불이행,건조,맑음,단일로 - 기타,승용,여,48세,상해없음,보행자,여,41세,중상
2017040700100099,2017년 4월 7일 07시,금요일,대구광역시 달서구 이곡동,경상사고,0,0,1,0,차대차 - 측면충돌,안전운전불이행,건조,맑음,단일로 - 기타,승용,남,33세,기타불명,승용,남,29세,경상
2017040700100128,2017년 4월 7일 08시,금요일,대구광역시 남구 이천동,경상사고,0,0,1,0,차대차 - 측면충돌,안전거리미확보,건조,맑음,교차로 - 교차로안,승용,여,41세,상해없음,승용,남,45세,경상
2017040700100129,2017년 4월 7일 08시,금요일,대구광역시 수성구 범물동,경상사고,0,0,3,0,차대차 - 측면충돌,안전운전불이행,건조,맑음,단일로 - 기타,승용,여,30세,상해없음,특수,남,25세,경상
2017040700100162,2017년 4월 7일 09시,금요일,대구광역시 달서구 두류동,경상사고,0,0,2,0,차대차 - 측면충돌,차로위반,건조,맑음,단일로 - 기타,승합,남,55세,상해없음,승용,남,42세,경상
2017040700100193,2017년 4월 7일 10시,금요일,대구광역시 남구 대명동,중상사고,0,1,1,0,차대차 - 측면충돌,교차로운행방법위반,건조,맑음,교차로 - 교차로안,승용,남,62세,경상,승용,여,79세,중상
2017040700100221,2017년 4월 7일 11시,금요일,대구광역시 달서구 감삼동,경상사고,0,0,1,0,차대차 - 측면충돌,안전운전불이행,건조,맑음,단일로 - 기타,이륜,남,59세,경상,승용,남,26세,상해없음
2017040700100256,2017년 4월 7일 12시,금요일,대구광역시 동구 불로동,경상사고,0,0,2,0,차대차 - 측면충돌,안전운전불이행,건조,맑음,단일로 - 기타,승용,여,54세,기타불명,승용,여,35세,경상
2017040700100257,2017년 4월 7일 12시,금요일,대구광역시 달서구 도원동,경상사고,0,0,1,0,차대차 - 측면충돌,안전운전불이행,건조,맑음,교차로 - 교차로횡단보도내,화물,남,40세,상해없음,자전거,남,18세,경상
2017040700100283,2017년 4월 7일 13시,금요일,대구광역시 남구 봉덕동,경상사고,0,0,1,0,차대차 - 측면충돌,안전운전불이행,건조,맑음,단일로 - 기타,자전거,남,79세,경상,승용,남,53세,상해없음
2017040700100284,2017년 4월 7일 13시,금요일,대구광역시 수성구 만촌동,경상사고,0,0,2,0,차대차 - 추돌,안전운전불이행,건조,맑음,교차로 - 교차로안,기타불명,기타불명,미분류,기타불명,승용,여,52세,경상
2017040700100285,2017년 4월 7일 13시,금요일,대구광역시 수성구 상동,경상사고,0,0,1,0,차대차 - 측면충돌,차로위반,건조,맑음,단일로 - 기타,승용,여,66세,상해없음,승용,여,36세,경상
2017040700100286,2017년 4월 7일 13시,금요일,대구광역시 중구 삼덕동2가,경상사고,0,0,1,1,차대차 - 추돌,안전운전불이행,건조,맑음,단일로 - 기타,승용,남,76세,상해없음,승용,여,35세,경상
2017040700100322,2017년 4월 7일 14시,금요일,대구광역시 달서구 본리동,중상사고,0,1,1,0,차대차 - 측면충돌,신호위반,건조,맑음,교차로 - 교차로안,이륜,남,55세,중상,승용,여,43세,경상
2017040700100323,2017년 4월 7일 14시,금요일,대구광역시 중구 덕산동,중상사고,0,1,0,0,차대사람 - 횡단중,안전운전불이행,건조,맑음,단일로 - 기타,승합,남,41세,상해없음,보행자,남,15세,중상
2017040700100362,2017년 4월 7일 15시,금요일,대구광역시 달서구 월성동,경상사고,0,0,1,0,차대차 - 추돌,안전운전불이행,건조,맑음,단일로 - 기타,승용,남,31세,상해없음,승용,여,38세,경상
2017040700100394,2017년 4월 7일 16시,금요일,대구광역시 남구 이천동,중상사고,0,1,0,0,차대차 - 측면충돌,안전운전불이행,건조,맑음,교차로 - 교차로부근,이륜,남,80세,중상,건설기계,남,56세,상해없음
2017040700100432,2017년 4월 7일 17시,금요일,대구광역시 중구 북성로2가,경상사고,0,0,1,0,차대차 - 측면충돌,안전운전불이행,건조,맑음,단일로 - 기타,자전거,남,67세,경상,이륜,남,22세,상해없음
2017040700100467,2017년 4월 7일 18시,금요일,대구광역시 달서구 상인동,경상사고,0,0,2,0,차대차 - 추돌,안전거리미확보,건조,맑음,단일로 - 기타,승용,남,39세,상해없음,승용,남,74세,경상
2017040700100468,2017년 4월 7일 18시,금요일,대구광역시 북구 노원동3가,경상사고,0,0,1,0,차대사람 - 횡단중,안전운전불이행,건조,맑음,단일로 - 기타,승용,여,28세,상해없음,보행자,여,24세,경상
2017040700100469,2017년 4월 7일 18시,금요일,대구광역시 달서구 신당동,경상사고,0,0,1,0,차대사람 - 횡단중,기타,건조,맑음,기타 - 기타,특수,남,43세,상해없음,보행자,여,31세,경상
2017040700100510,2017년 4월 7일 19시,금요일,대구광역시 수성구 황금동,중상사고,0,1,0,0,차대차 - 추돌,안전운전불이행,건조,맑음,교차로 - 교차로부근,승용,여,56세,상해없음,승용,남,51세,중상
2017040700100511,2017년 4월 7일 19시,금요일,대구광역시 달서구 상인동,경상사고,0,0,1,0,차대차 - 측면충돌,안전거리미확보,건조,맑음,단일로 - 기타,이륜,남,72세,경상,승용,여,32세,상해없음
2017040700100512,2017년 4월 7일 19시,금요일,대구광역시 달서구 상인동,경상사고,0,0,2,0,차대차 - 추돌,안전거리미확보,건조,맑음,단일로 - 기타,승용,남,27세,상해없음,승용,남,25세,경상
2017040700100546,2017년 4월 7일 20시,금요일,대구광역시 동구 괴전동,중상사고,0,1,0,0,차대차 - 기타,안전운전불이행,건조,맑음,단일로 - 기타,원동기,남,84세,중상,승합,남,59세,상해없음
2017040700100547,2017년 4월 7일 20시,금요일,대구광역시 중구 태평로2가,경상사고,0,0,1,0,차대사람 - 횡단중,안전운전불이행,건조,맑음,교차로 - 교차로안,승용,여,21세,상해없음,보행자,남,62세,경상
2017040700100548,2017년 4월 7일 20시,금요일,대구광역시 북구 태전동,부상신고사고,0,0,0,1,차대차 - 측면충돌,교차로운행방법위반,건조,맑음,교차로 - 교차로안,자전거,남,20세,상해없음,이륜,남,19세,부상신고
2017040700100578,2017년 4월 7일 21시,금요일,대구광역시 수성구 황금동,중상사고,0,1,0,0,차대사람 - 횡단중,신호위반,건조,맑음,기타 - 기타,승합,여,42세,상해없음,보행자,여,61세,중상
2017040700100609,2017년 4월 7일 22시,금요일,대구광역시 북구 칠성동1가,경상사고,0,0,1,0,차대사람 - 횡단중,안전운전불이행,건조,맑음,단일로 - 기타,승합,남,53세,상해없음,보행자,여,52세,경상
2017040700100637,2017년 4월 7일 23시,금요일,대구광역시 남구 대명동,중상사고,0,1,0,0,차대차 - 측면충돌,불법유턴,건조,맑음,교차로 - 교차로부근,승용,남,51세,상해없음,이륜,남,30세,중상
2017040700100638,2017년 4월 7일 23시,금요일,대구광역시 수성구 만촌동,중상사고,0,1,0,0,차대사람 - 횡단중,보행자보호의무위반,건조,맑음,단일로 - 기타,화물,남,40세,상해없음,보행자,남,53세,중상
2017040800100035,2017년 4월 8일 00시,토요일,대구광역시 동구 괴전동,경상사고,0,0,2,0,차대차 - 측면충돌,안전운전불이행,건조,맑음,단일로 - 기타,승합,남,43세,상해없음,승용,남,41세,경상
2017040800100036,2017년 4월 8일 00시,토요일,대구광역시 동구 동호동,중상사고,0,1,0,0,차대차 - 측면충돌,안전운전불이행,건조,맑음,단일로 - 기타,승용,남,63세,상해없음,이륜,남,35세,중상
2017040800100037,2017년 4월 8일 00시,토요일,대구광역시 달서구 진천동,중상사고,0,1,3,0,차대차 - 측면충돌,교차로운행방법위반,건조,맑음,교차로 - 교차로안,승용,남,58세,상해없음,승용,남,55세,경상
2017040800100038,2017년 4월 8일 00시,토요일,대구광역시 달서구 두류동,경상사고,0,0,2,0,차대차 - 기타,안전운전불이행,건조,맑음,단일로 - 기타,승용,남,48세,상해없음,승용,남,30세,경상
2017040800100055,2017년 4월 8일 01시,토요일,대구광역시 달서구 송현동,중상사고,0,1,1,0,차대차 - 추돌,안전운전불이행,건조,맑음,단일로 - 기타,승용,남,29세,상해없음,승용,남,56세,중상
2017040800100090,2017년 4월 8일 04시,토요일,대구광역시 중구 공평동,중상사고,0,2,0,0,차대차 - 측면충돌,신호위반,건조,맑음,교차로 - 교차로안,승용,남,23세,상해없음,승용,남,53세,중상