사고번호,사고일시,요일,시군구,사고내용,사망자수,중상자수,경상자수,부상신고자수,사고유형,법규위반,노면상태,기상상태,도로형태,가해운전자 차종,가해운전자 성별,가해운전자 연령,가해운전자 상해정도,피해운전자 차종,피해운전자 성별,피해운전자 연령,피해운전자 상해정도
2017040800100103,2017년 4월 8일 05시,토요일,대구광역시 달성군 논공읍,중상사고,0,2,0,0,차대차 - 추돌,안전운전불이행,건조,맑음,단일로 - 터널,승용,남,27세,중상,승용,남,56세,중상
2017040800100122,2017년 4월 8일 06시,토요일,대구광역시 동구 율하동,경상사고,0,0,2,0,차대차 - 측면충돌,안전운전불이행,건조,맑음,단일로 - 기타,승용,남,56세,상해없음,승용,남,48세,경상
2017040800100123,2017년 4월 8일 06시,토요일,대구광역시 달성군 화원읍,경상사고,0,0,1,0,차량단독 - 공작물충돌,안전운전불이행,건조,맑음,교차로 - 교차로부근,승용,남,56세,상해없음,,,,
2017040800100124,2017년 4월 8일 06시,토요일,대구광역시 중구 동인동1가,경상사고,0,0,1,0,차대차 - 측면충돌,안전거리미확보,젖음/습기,흐림,단일로 - 기타,승용,남,34세,상해없음,화물,남,33세,경상
2017040800100182,2017년 4월 8일 09시,토요일,대구광역시 달성군 옥포면,경상사고,0,0,1,0,차대차 - 기타,안전운전불이행,건조,맑음,단일로 - 기타,승용,남,53세,상해없음,승용,남,27세,경상
2017040800100186,2017년 4월 8일 09시,토요일,대구광역시 서구 평리동,중상사고,0,1,0,0,차대사람 - 길가장자리구역통행중,안전운전불이행,건조,맑음,단일로 - 기타,승용,여,42세,상해없음,보행자,여,87세,중상
2017040800100187,2017년 4월 8일 09시,토요일,대구광역시 서구 비산동,경상사고,0,0,1,1,차대차 - 측면충돌,안전운전불이행,건조,맑음,교차로 - 교차로안,이륜,남,41세,부상신고,승용,남,37세,경상
2017040800100188,2017년 4월 8일 09시,토요일,대구광역시 북구 국우동,중상사고,0,1,0,0,차대차 - 측면충돌,중앙선침범,건조,맑음,단일로 - 기타,자전거,남,18세,상해없음,자전거,남,88세,중상
2017040800100213,2017년 4월 8일 10시,토요일,대구광역시 북구 노곡동,중상사고,0,1,4,1,차대차 - 기타,안전운전불이행,건조,맑음,단일로 - 기타,승용,남,30세,상해없음,승용,남,25세,경상
2017040800100214,2017년 4월 8일 10시,토요일,대구광역시 동구 신기동,경상사고,0,0,1,0,차대사람 - 기타,안전운전불이행,건조,맑음,단일로 - 기타,승용,여,57세,상해없음,보행자,여,45세,경상
2017040800100241,2017년 4월 8일 11시,토요일,대구광역시 서구 내당동,경상사고,0,0,1,0,차대차 - 추돌,안전운전불이행,건조,맑음,단일로 - 기타,승용,남,40세,상해없음,승용,남,26세,경상
2017040800100285,2017년 4월 8일 12시,토요일,대구광역시 중구 동인동4가,경상사고,0,0,2,0,차대차 - 추돌,안전운전불이행,건조,맑음,교차로 - 교차로부근,승용,남,27세,상해없음,승용,여,28세,경상
2017040800100286,2017년 4월 8일 12시,토요일,대구광역시 달서구 감삼동,중상사고,0,1,0,0,차대사람 - 횡단중,신호위반,건조,맑음,단일로 - 기타,승용,여,31세,상해없음,보행자,여,43세,중상
2017040800100317,2017년 4월 8일 13시,토요일,대구광역시 중구 도원동,경상사고,0,0,1,0,차대차 - 측면충돌,안전운전불이행,건조,맑음,단일로 - 기타,화물,남,43세,기타불명,자전거,여,81세,경상
2017040800100360,2017년 4월 8일 14시,토요일,대구광역시 남구 대명동,중상사고,0,1,0,0,차대차 - 기타,안전운전불이행,건조,맑음,단일로 - 기타,이륜,여,27세,상해없음,승용,여,54세,상해없음
2017040800100397,2017년 4월 8일 15시,토요일,대구광역시 동구 신암동,경상사고,0,0,1,0,차대차 - 측면충돌,안전운전불이행,건조,맑음,교차로 - 교차로안,승용,남,59세,상해없음,자전거,남,55세,경상
2017040800100505,2017년 4월 8일 18시,토요일,대구광역시 달성군 가창면,부상신고사고,0,0,0,1,차량단독 - 공작물충돌,기타,건조,맑음,단일로 - 기타,화물,남,54세,부상신고,,,,
2017040800100506,2017년 4월 8일 18시,토요일,대구광역시 달서구 감삼동,경상사고,0,0,1,0,차대차 - 측면충돌,차로위반,건조,맑음,단일로 - 기타,승용,남,37세,상해없음,승용,여,35세,경상
2017040800100507,2017년 4월 8일 18시,토요일,대구광역시 달서구 두류동,경상사고,0,0,3,0,차대차 - 측면충돌,안전거리미확보,건조,맑음,단일로 - 기타,승용,남,27세,경상,승용,남,32세,경상
2017040800100547,2017년 4월 8일 19시,토요일,대구광역시 달성군 다사읍,사망사고,1,2,1,0,차대차 - 추돌,안전운전불이행,건조,맑음,교차로 - 교차로안,승용,남,48세,사망,승용,남,51세,경상
2017040800100548,2017년 4월 8일 19시,토요일,대구광역시 달서구 장기동,중상사고,0,1,0,0,차대차 - 측면충돌,안전운전불이행,건조,맑음,단일로 - 기타,승용,남,30세,상해없음,승용,남,45세,중상
2017040800100576,2017년 4월 8일 20시,토요일,대구광역시 달서구 송현동,중상사고,0,1,0,0,차대차 - 측면충돌,안전운전불이행,건조,맑음,교차로 - 교차로안,승용,남,58세,상해없음,원동기,남,46세,중상
2017040800100577,2017년 4월 8일 20시,토요일,대구광역시 달서구 이곡동,중상사고,0,1,0,0,차대차 - 측면충돌,교차로운행방법위반,건조,맑음,교차로 - 교차로안,승용,남,46세,상해없음,자전거,남,13세,중상
2017040800100611,2017년 4월 8일 21시,토요일,대구광역시 수성구 두산동,경상사고,0,0,1,0,차대사람 - 횡단중,안전운전불이행,건조,맑음,단일로 - 기타,승용,남,49세,상해없음,보행자,여,57세,경상
2017040800100657,2017년 4월 8일 23시,토요일,대구광역시 중구 시장북로,경상사고,0,0,2,0,차대차 - 측면충돌,신호위반,건조,맑음,교차로 - 교차로안,개인형이동수단(PM),여,29세,경상,승용,남,40세,경상
2017040900100024,2017년 4월 9일 00시,일요일,대구광역시 수성구 대흥동,경상사고,0,0,1,0,차대차 - 측면충돌,안전운전불이행,건조,맑음,교차로 - 교차로안,승용,여,25세,상해없음,승용,남,35세,경상
2017040900100025,2017년 4월 9일 00시,일요일,대구광역시 중구 삼덕동2가,경상사고,0,0,1,0,차대사람 - 길가장자리구역통행중,안전운전불이행,건조,맑음,단일로 - 기타,승용,남,26세,상해없음,보행자,남,25세,경상
2017040900100046,2017년 4월 9일 01시,일요일,대구광역시 중구 삼덕동1가,경상사고,0,0,1,0,차대사람 - 횡단중,안전운전불이행,건조,맑음,단일로 - 기타,승용,남,24세,상해없음,보행자,남,39세,경상
2017040900100068,2017년 4월 9일 02시,일요일,대구광역시 북구 침산동,중상사고,0,2,2,0,차대차 - 추돌,안전운전불이행,건조,맑음,단일로 - 기타,승용,남,48세,상해없음,승용,남,41세,경상
2017040900100079,2017년 4월 9일 03시,일요일,대구광역시 중구 삼덕동1가,경상사고,0,0,1,2,차대사람 - 횡단중,안전운전불이행,건조,맑음,교차로 - 교차로안,승용,남,21세,상해없음,보행자,남,23세,경상
2017040900100094,2017년 4월 9일 04시,일요일,대구광역시 수성구 두산동,중상사고,0,1,0,0,차대사람 - 횡단중,안전운전불이행,건조,맑음,단일로 - 기타,승용,남,25세,상해없음,보행자,남,28세,중상
2017040900100107,2017년 4월 9일 06시,일요일,대구광역시 서구 평리동,중상사고,0,1,0,0,차대차 - 측면충돌,교차로운행방법위반,건조,맑음,교차로 - 교차로안,승용,여,36세,상해없음,승용,남,55세,중상
2017040900100148,2017년 4월 9일 10시,일요일,대구광역시 중구 남산동,중상사고,0,1,2,0,차대차 - 측면충돌,안전운전불이행,건조,맑음,단일로 - 기타,승용,남,43세,경상,승용,남,37세,경상
2017040900100149,2017년 4월 9일 10시,일요일,대구광역시 동구 신천동,경상사고,0,0,1,0,차대차 - 측면충돌,안전운전불이행,건조,맑음,단일로 - 기타,승용,여,63세,기타불명,이륜,남,73세,경상
2017040900100150,2017년 4월 9일 10시,일요일,대구광역시 달성군 옥포면,경상사고,0,0,1,0,차대차 - 정면충돌,안전운전불이행,건조,맑음,교차로 - 교차로부근,승용,남,32세,상해없음,승용,남,43세,경상
2017040900100172,2017년 4월 9일 11시,일요일,대구광역시 서구 비산동,경상사고,0,0,1,0,차대차 - 측면충돌,안전운전불이행,건조,맑음,교차로 - 교차로부근,승용,여,61세,상해없음,승용,남,63세,경상
2017040900100258,2017년 4월 9일 14시,일요일,대구광역시 수성구 범어동,부상신고사고,0,0,0,1,차대차 - 측면충돌,안전운전불이행,건조,맑음,교차로 - 교차로안,이륜,남,29세,부상신고,승용,남,39세,상해없음
2017040900100276,2017년 4월 9일 15시,일요일,대구광역시 남구 봉덕동,중상사고,0,1,0,0,차대차 - 측면충돌,안전운전불이행,건조,맑음,교차로 - 교차로부근,승용,남,66세,상해없음,자전거,남,81세,중상
2017040900100303,2017년 4월 9일 16시,일요일,대구광역시 북구 태전동,경상사고,0,0,1,0,차대차 - 측면충돌,안전운전불이행,건조,맑음,단일로 - 기타,승용,여,51세,상해없음,승용,남,41세,경상
2017040900100329,2017년 4월 9일 17시,일요일,대구광역시 남구 대명동,경상사고,0,0,1,0,차대차 - 측면충돌,안전운전불이행,건조,맑음,교차로 - 교차로횡단보도내,자전거,남,17세,경상,승용,남,31세,상해없음
2017040900100330,2017년 4월 9일 17시,일요일,대구광역시 중구 동산동,경상사고,0,0,2,0,차대차 - 측면충돌,안전운전불이행,건조,맑음,단일로 - 기타,승용,남,65세,상해없음,승용,남,58세,경상
2017040900100359,2017년 4월 9일 18시,일요일,대구광역시 수성구 범물동,경상사고,0,0,2,0,차대차 - 정면충돌,신호위반,건조,맑음,교차로 - 교차로안,이륜,남,21세,기타불명,승용,여,47세,경상
2017040900100360,2017년 4월 9일 18시,일요일,대구광역시 수성구 노변동,경상사고,0,0,3,0,차대차 - 측면충돌,안전거리미확보,건조,맑음,단일로 - 기타,승용,남,54세,상해없음,승용,남,44세,경상
2017040900100386,2017년 4월 9일 19시,일요일,대구광역시 동구 신서동,경상사고,0,0,1,0,차대사람 - 횡단중,중앙선침범,건조,맑음,단일로 - 기타,이륜,남,34세,기타불명,보행자,남,37세,경상
2017040900100414,2017년 4월 9일 20시,일요일,대구광역시 달서구 상인동,경상사고,0,0,1,0,차대차 - 기타,중앙선침범,건조,맑음,단일로 - 기타,이륜,남,24세,상해없음,이륜,남,18세,경상
2017041000100039,2017년 4월 10일 00시,월요일,대구광역시 북구 칠성동2가,경상사고,0,0,2,0,차대차 - 추돌,안전운전불이행,건조,맑음,단일로 - 고가도로위,화물,남,45세,상해없음,화물,남,46세,경상
2017041000100046,2017년 4월 10일 01시,월요일,대구광역시 달서구 월성동,중상사고,0,1,0,0,차량단독 - 기타,안전운전불이행,건조,맑음,단일로 - 기타,이륜,남,21세,상해없음,,,,
2017041000100057,2017년 4월 10일 03시,월요일,대구광역시 남구 대명동,경상사고,0,0,1,0,차량단독 - 공작물충돌,안전운전불이행,건조,맑음,교차로 - 교차로안,승용,남,33세,상해없음,,,,
2017041000100073,2017년 4월 10일 05시,월요일,대구광역시 북구 노원동3가,중상사고,0,1,0,0,차대사람 - 횡단중,안전운전불이행,건조,맑음,단일로 - 기타,이륜,남,37세,상해없음,보행자,여,78세,중상
2017041000100139,2017년 4월 10일 08시,월요일,대구광역시 달서구 대곡동,경상사고,0,0,1,0,차대차 - 기타,안전거리미확보,건조,맑음,단일로 - 기타,승용,남,52세,상해없음,화물,남,51세,경상
2017041000100140,2017년 4월 10일 08시,월요일,대구광역시 달서구 상인동,경상사고,0,0,1,0,차대차 - 측면충돌,안전운전불이행,건조,맑음,단일로 - 기타,승용,여,38세,상해없음,승용,남,24세,경상
2017041000100141,2017년 4월 10일 08시,월요일,대구광역시 달성군 현풍면,중상사고,0,1,0,0,차대차 - 측면충돌,차로위반,건조,맑음,교차로 - 교차로부근,승용,여,20세,상해없음,원동기,남,77세,중상
2017041000100142,2017년 4월 10일 08시,월요일,대구광역시 중구 남성로,경상사고,0,0,1,0,차대사람 - 횡단중,안전운전불이행,건조,맑음,단일로 - 기타,화물,남,41세,상해없음,보행자,여,20세,경상
2017041000100143,2017년 4월 10일 08시,월요일,대구광역시 달서구 두류동,부상신고사고,0,0,0,1,차대차 - 측면충돌,안전거리미확보,건조,맑음,교차로 - 교차로횡단보도내,이륜,남,59세,부상신고,승용,여,39세,상해없음
2017041000100144,2017년 4월 10일 08시,월요일,대구광역시 달서구 두류동,경상사고,0,0,1,0,차대차 - 측면충돌,안전운전불이행,건조,맑음,단일로 - 기타,승용,여,40세,기타불명,승용,남,65세,상해없음
2017041000100186,2017년 4월 10일 09시,월요일,대구광역시 달성군 화원읍,경상사고,0,0,2,0,차대차 - 정면충돌,직진우회전진행방해,건조,맑음,교차로 - 교차로안,건설기계,남,55세,상해없음,승용,여,38세,경상
2017041000100187,2017년 4월 10일 09시,월요일,대구광역시 서구 평리동,경상사고,0,0,1,0,차대차 - 측면충돌,신호위반,건조,맑음,교차로 - 교차로부근,승합,남,51세,상해없음,이륜,남,61세,경상
2017041000100220,2017년 4월 10일 10시,월요일,대구광역시 수성구 수성동4가,부상신고사고,0,0,0,1,차대차 - 측면충돌,안전운전불이행,건조,맑음,단일로 - 기타,자전거,남,82세,부상신고,승용,남,43세,상해없음
2017041000100248,2017년 4월 10일 11시,월요일,대구광역시 남구 대명동,중상사고,0,1,0,0,차대차 - 측면충돌,안전운전불이행,건조,맑음,단일로 - 기타,원동기,남,21세,중상,승용,남,77세,상해없음
2017041000100249,2017년 4월 10일 11시,월요일,대구광역시 달서구 유천동,경상사고,0,0,2,0,차대차 - 추돌,안전운전불이행,젖음/습기,비,교차로 - 교차로부근,승용,남,60세,상해없음,승용,남,21세,경상
2017041000100250,2017년 4월 10일 11시,월요일,대구광역시 북구 칠성동1가,경상사고,0,0,1,0,차대차 - 측면충돌,교차로운행방법위반,건조,맑음,교차로 - 교차로안,승용,여,55세,상해없음,이륜,남,27세,경상
2017041000100275,2017년 4월 10일 12시,월요일,대구광역시 수성구 상동,중상사고,0,1,0,0,차대차 - 측면충돌,신호위반,건조,맑음,교차로 - 교차로안,승용,여,60세,상해없음,승용,남,43세,중상
2017041000100301,2017년 4월 10일 13시,월요일,대구광역시 동구 방촌동,경상사고,0,0,1,0,차대차 - 추돌,안전운전불이행,건조,맑음,단일로 - 기타,화물,남,44세,상해없음,승용,여,52세,경상
2017041000100334,2017년 4월 10일 14시,월요일,대구광역시 남구 대명동,중상사고,0,1,0,0,차대사람 - 횡단중,기타,건조,맑음,단일로 - 기타,승용,여,45세,상해없음,보행자,여,38세,중상
2017041000100335,2017년 4월 10일 14시,월요일,대구광역시 수성구 황금동,경상사고,0,0,1,0,차대차 - 측면충돌,안전운전불이행,건조,맑음,단일로 - 기타,이륜,남,25세,경상,승용,여,37세,상해없음
2017041000100336,2017년 4월 10일 14시,월요일,대구광역시 달서구 송현동,경상사고,0,0,2,0,차대차 - 추돌,안전운전불이행,건조,맑음,단일로 - 기타,승용,남,78세,상해없음,승용,남,56세,경상
2017041000100373,2017년 4월 10일 15시,월요일,대구광역시 달성군 현풍면,경상사고,0,0,1,0,차대차 - 기타,교차로운행방법위반,건조,맑음,교차로 - 교차로안,화물,남,68세,상해없음,승합,남,31세,상해없음
2017041000100374,2017년 4월 10일 15시,월요일,대구광역시 서구 내당동,경상사고,0,0,1,0,차대차 - 추돌,안전거리미확보,건조,맑음,교차로 - 교차로부근,승용,남,59세,상해없음,승용,여,50세,경상
2017041000100375,2017년 4월 10일 15시,월요일,대구광역시 서구 비산동,중상사고,0,1,0,0,차량단독 - 기타,안전운전불이행,건조,맑음,단일로 - 기타,승합,남,54세,상해없음,,,,
2017041000100376,2017년 4월 10일 15시,월요일,대구광역시 달서구 성당동,경상사고,0,0,2,0,차대차 - 측면충돌,안전운전불이행,건조,맑음,단일로 - 기타,승용,남,54세,상해없음,승용,여,60세,경상
2017041000100420,2017년 4월 10일 16시,월요일,대구광역시 동구 신암동,경상사고,0,0,1,0,차대차 - 측면충돌,신호위반,건조,맑음,단일로 - 기타,이륜,남,74세,상해없음,이륜,남,58세,경상
2017041000100421,2017년 4월 10일 16시,월요일,대구광역시 수성구 만촌동,경상사고,0,0,1,0,차대사람 - 길가장자리구역통행중,안전운전불이행,건조,맑음,교차로 - 교차로안,승용,여,56세,상해없음,보행자,여,12세,경상
2017041000100457,2017년 4월 10일 17시,월요일,대구광역시 서구 비산동,경상사고,0,0,2,0,차대차 - 측면충돌,안전운전불이행,건조,맑음,단일로 - 기타,승용,남,48세,상해없음,승용,남,22세,경상
2017041000100500,2017년 4월 10일 18시,월요일,대구광역시 동구 지저동,중상사고,0,1,0,0,차대차 - 기타,안전운전불이행,건조,맑음,단일로 - 기타,화물,남,62세,상해없음,원동기,남,80세,중상
2017041000100501,2017년 4월 10일 18시,월요일,대구광역시 동구 효목동,경상사고,0,0,1,0,차대차 - 측면충돌,교차로운행방법위반,건조,맑음,교차로 - 교차로부근,승용,여,33세,상해없음,원동기,남,40세,경상
2017041000100502,2017년 4월 10일 18시,월요일,대구광역시 달서구 송현동,중상사고,0,1,0,0,차대사람 - 횡단중,안전운전불이행,건조,맑음,단일로 - 기타,승용,남,33세,상해없음,보행자,여,68세,중상
2017041000100523,2017년 4월 10일 19시,월요일,대구광역시 동구 신천동,중상사고,0,2,1,0,차대차 - 측면충돌,교차로운행방법위반,건조,맑음,교차로 - 교차로안,승용,여,39세,경상,승용,남,57세,중상
2017041000100524,2017년 4월 10일 19시,월요일,대구광역시 서구 내당동,중상사고,0,1,0,1,차대차 - 측면충돌,신호위반,건조,맑음,단일로 - 기타,이륜,남,21세,부상신고,승용,남,45세,중상
2017041000100525,2017년 4월 10일 19시,월요일,대구광역시 서구 평리동,경상사고,0,0,2,0,차량단독 - 기타,안전운전불이행,건조,맑음,교차로 - 교차로안,승용,남,51세,상해없음,,,,
2017041000100526,2017년 4월 10일 19시,월요일,대구광역시 남구 대명동,중상사고,0,1,1,0,차대차 - 정면충돌,신호위반,건조,맑음,교차로 - 교차로안,이륜,남,39세,중상,승용,남,68세,상해없음
2017041000100527,2017년 4월 10일 19시,월요일,대구광역시 달서구 감삼동,경상사고,0,0,1,0,차대차 - 추돌,안전운전불이행,건조,맑음,단일로 - 기타,승용,남,63세,상해없음,승용,남,58세,경상
2017041000100528,2017년 4월 10일 19시,월요일,대구광역시 북구 구암동,중상사고,0,1,0,0,차대사람 - 횡단중,보행자보호의무위반,건조,맑음,교차로 - 교차로부근,원동기,남,17세,상해없음,보행자,남,26세,중상
2017041000100559,2017년 4월 10일 20시,월요일,대구광역시 달서구 이곡동,중상사고,0,1,0,0,차대사람 - 횡단중,보행자보호의무위반,건조,흐림,단일로 - 기타,승합,남,50세,상해없음,보행자,여,55세,중상
2017041000100616,2017년 4월 10일 22시,월요일,대구광역시 북구 태전동,중상사고,0,1,0,0,차대차 - 측면충돌,안전거리미확보,젖음/습기,비,단일로 - 기타,승용,남,22세,상해없음,이륜,남,17세,중상
2017041000100617,2017년 4월 10일 22시,월요일,대구광역시 북구 태전동,중상사고,0,1,0,0,차대사람 - 횡단중,안전운전불이행,건조,맑음,단일로 - 기타,승용,여,49세,상해없음,보행자,여,20세,중상
2017041100100024,2017년 4월 11일 00시,화요일,대구광역시 수성구 지산동,부상신고사고,0,0,0,1,차대차 - 정면충돌,차로위반,건조,맑음,단일로 - 기타,승용,여,51세,상해없음,승용,남,50세,부상신고
2017041100100025,2017년 4월 11일 00시,화요일,대구광역시 북구 태전동,경상사고,0,0,1,0,차대차 - 추돌,안전운전불이행,젖음/습기,비,교차로 - 교차로부근,승용,남,26세,상해없음,승용,남,47세,경상
2017041100100045,2017년 4월 11일 02시,화요일,대구광역시 달서구 송현동,부상신고사고,0,0,0,1,차대사람 - 횡단중,안전운전불이행,젖음/습기,흐림,교차로 - 교차로횡단보도내,기타불명,기타불명,미분류,기타불명,보행자,남,59세,부상신고
2017041100100070,2017년 4월 11일 05시,화요일,대구광역시 달서구 용산동,경상사고,0,0,1,0,차대차 - 측면충돌,신호위반,건조,맑음,교차로 - 교차로안,화물,남,77세,상해없음,화물,남,24세,경상
2017041100100105,2017년 4월 11일 07시,화요일,대구광역시 남구 대명동,중상사고,0,1,0,0,차대사람 - 횡단중,안전운전불이행,젖음/습기,비,단일로 - 기타,승합,남,66세,상해없음,보행자,남,54세,중상
2017041100100106,2017년 4월 11일 07시,화요일,대구광역시 달서구 도원동,경상사고,0,0,2,0,차대사람 - 횡단중,안전운전불이행,젖음/습기,비,단일로 - 기타,승용,남,48세,상해없음,보행자,남,16세,경상
2017041100100154,2017년 4월 11일 08시,화요일,대구광역시 수성구 범어동,경상사고,0,0,1,2,차대차 - 측면충돌,안전거리미확보,젖음/습기,비,교차로 - 교차로안,승용,남,31세,상해없음,승합,남,57세,상해없음
2017041100100155,2017년 4월 11일 08시,화요일,대구광역시 서구 평리동,경상사고,0,0,2,0,차대차 - 추돌,안전운전불이행,건조,맑음,단일로 - 기타,승용,남,26세,기타불명,화물,남,51세,경상
2017041100100156,2017년 4월 11일 08시,화요일,대구광역시 북구 국우동,경상사고,0,0,1,0,차대차 - 측면충돌,안전운전불이행,젖음/습기,비,단일로 - 기타,승용,여,42세,상해없음,승용,남,49세,경상
2017041100100181,2017년 4월 11일 09시,화요일,대구광역시 수성구 두산동,경상사고,0,0,1,0,차대차 - 측면충돌,안전거리미확보,젖음/습기,비,단일로 - 기타,승용,남,18세,상해없음,승용,여,54세,경상
2017041100100182,2017년 4월 11일 09시,화요일,대구광역시 달서구 진천동,경상사고,0,0,1,0,차대사람 - 횡단중,안전운전불이행,젖음/습기,비,단일로 - 기타,승용,남,24세,상해없음,보행자,여,51세,경상
2017041100100183,2017년 4월 11일 09시,화요일,대구광역시 서구 내당동,경상사고,0,0,1,0,차대차 - 추돌,안전운전불이행,젖음/습기,맑음,단일로 - 기타,승합,남,56세,상해없음,화물,남,53세,경상
2017041100100184,2017년 4월 11일 09시,화요일,대구광역시 달서구 용산동,경상사고,0,0,1,0,차대차 - 추돌,안전운전불이행,젖음/습기,흐림,단일로 - 기타,승용,여,40세,상해없음,승용,남,35세,경상
2017041100100185,2017년 4월 11일 09시,화요일,대구광역시 북구 관음동,중상사고,0,1,0,0,차대차 - 측면충돌,안전운전불이행,젖음/습기,비,단일로 - 기타,자전거,여,70세,중상,화물,남,34세,상해없음
2017041100100186,2017년 4월 11일 09시,화요일,대구광역시 북구 동천동,중상사고,0,1,0,0,차대사람 - 기타,보행자보호의무위반,젖음/습기,비,단일로 - 기타,자전거,여,56세,상해없음,보행자,여,61세,중상
2017041100100218,2017년 4월 11일 10시,화요일,대구광역시 달서구 성당동,경상사고,0,0,1,0,차대차 - 추돌,안전운전불이행,젖음/습기,비,기타 - 기타,승용,여,44세,상해없음,승용,남,58세,경상
2017041100100261,2017년 4월 11일 12시,화요일,대구광역시 남구 대명동,경상사고,0,0,1,0,차대차 - 측면충돌,차로위반,건조,맑음,교차로 - 교차로부근,화물,남,52세,상해없음,승용,여,42세,경상
2017041100100294,2017년 4월 11일 13시,화요일,대구광역시 수성구 범물동,경상사고,0,0,1,0,차대차 - 측면충돌,안전운전불이행,건조,맑음,단일로 - 기타,승용,여,35세,상해없음,승용,여,36세,경상
2017041100100295,2017년 4월 11일 13시,화요일,대구광역시 수성구 중동,경상사고,0,0,1,0,차대차 - 후진중충돌,안전운전불이행,건조,맑음,단일로 - 기타,승용,남,76세,기타불명,승용,남,38세,상해없음
2017041100100351,2017년 4월 11일 15시,화요일,대구광역시 달서구 신당동,경상사고,0,0,1,0,차대차 - 추돌,안전운전불이행,건조,맑음,교차로 - 교차로부근,승용,여,46세,경상,승합,남,52세,상해없음
2017041100100388,2017년 4월 11일 16시,화요일,대구광역시 서구 평리동,경상사고,0,0,1,0,차대차 - 기타,안전운전불이행,건조,맑음,단일로 - 기타,화물,남,47세,기타불명,승용,남,63세,상해없음
2017041100100389,2017년 4월 11일 16시,화요일,대구광역시 서구 이현동,경상사고,0,0,1,0,차대차 - 측면충돌,기타,건조,맑음,단일로 - 기타,승용,남,69세,상해없음,자전거,남,43세,경상
2017041100100433,2017년 4월 11일 17시,화요일,대구광역시 수성구 수성동4가,경상사고,0,0,2,0,차대차 - 추돌,안전운전불이행,건조,맑음,단일로 - 기타,승합,남,45세,상해없음,화물,남,44세,경상
2017041100100434,2017년 4월 11일 17시,화요일,대구광역시 중구 문화동,중상사고,0,1,0,0,차대차 - 측면충돌,안전운전불이행,건조,맑음,단일로 - 기타,승용,남,30세,상해없음,이륜,남,36세,중상
2017041100100480,2017년 4월 11일 18시,화요일,대구광역시 수성구 만촌동,부상신고사고,0,0,0,1,차대차 - 정면충돌,불법유턴,건조,맑음,단일로 - 기타,자전거,남,70세,부상신고,승용,여,55세,상해없음
2017041100100481,2017년 4월 11일 18시,화요일,대구광역시 달서구 대천동,경상사고,0,0,1,0,차대차 - 추돌,안전운전불이행,건조,맑음,교차로 - 교차로부근,승용,여,30세,상해없음,승용,여,54세,경상
2017041100100515,2017년 4월 11일 19시,화요일,대구광역시 북구 노원동3가,경상사고,0,0,1,0,차대차 - 측면충돌,안전거리미확보,건조,맑음,단일로 - 기타,승용,남,28세,상해없음,승용,남,29세,경상
2017041100100516,2017년 4월 11일 19시,화요일,대구광역시 달서구 용산동,경상사고,0,0,1,0,차대차 - 측면충돌,안전운전불이행,건조,맑음,교차로 - 교차로부근,화물,남,56세,상해없음,이륜,남,18세,경상
2017041100100554,2017년 4월 11일 20시,화요일,대구광역시 수성구 신매동,중상사고,0,2,2,0,차대차 - 측면충돌,안전운전불이행,건조,맑음,교차로 - 교차로안,승용,남,28세,경상,승용,남,41세,중상
2017041100100555,2017년 4월 11일 20시,화요일,대구광역시 달서구 대천동,경상사고,0,0,3,0,차대차 - 추돌,안전운전불이행,건조,맑음,단일로 - 기타,승용,여,48세,상해없음,승용,남,57세,경상
2017041100100584,2017년 4월 11일 21시,화요일,대구광역시 북구 읍내동,경상사고,0,0,1,0,차대차 - 측면충돌,차로위반,건조,맑음,단일로 - 기타,승용,남,31세,상해없음,승용,남,37세,경상
2017041100100585,2017년 4월 11일 21시,화요일,대구광역시 북구 서변동,경상사고,0,0,1,0,차대차 - 추돌,안전운전불이행,건조,맑음,단일로 - 기타,승용,남,34세,상해없음,승용,남,53세,경상
2017041100100638,2017년 4월 11일 23시,화요일,대구광역시 수성구 수성동4가,중상사고,0,2,2,0,차대차 - 추돌,안전운전불이행,건조,맑음,교차로 - 교차로부근,승용,남,29세,상해없음,승용,남,65세,중상
2017041100100639,2017년 4월 11일 23시,화요일,대구광역시 달서구 대곡동,중상사고,0,1,1,0,차대차 - 측면충돌,신호위반,건조,맑음,교차로 - 교차로안,승용,여,57세,중상,승용,남,61세,경상
2017041100100640,2017년 4월 11일 23시,화요일,대구광역시 북구 침산동,경상사고,0,0,3,0,차대차 - 추돌,안전운전불이행,건조,맑음,단일로 - 기타,화물,남,61세,상해없음,승용,남,28세,경상
2017041200100025,2017년 4월 12일 00시,수요일,대구광역시 남구 이천동,경상사고,0,0,4,0,차대차 - 측면충돌,과속,건조,맑음,교차로 - 교차로부근,승용,남,58세,상해없음,승용,남,24세,경상
2017041200100026,2017년 4월 12일 00시,수요일,대구광역시 수성구 수성동3가,중상사고,0,1,0,0,차대차 - 측면충돌,안전운전불이행,건조,맑음,교차로 - 교차로부근,승용,남,38세,상해없음,승용,여,52세,중상
2017041200100071,2017년 4월 12일 06시,수요일,대구광역시 서구 비산동,경상사고,0,0,1,0,차대차 - 측면충돌,안전거리미확보,건조,맑음,단일로 - 기타,이륜,남,71세,경상,승용,남,59세,상해없음
2017041200100095,2017년 4월 12일 07시,수요일,대구광역시 달서구 상인동,경상사고,0,0,1,0,차대차 - 측면충돌,신호위반,건조,맑음,교차로 - 교차로안,승용,남,53세,상해없음,자전거,남,14세,경상