사고번호,사고일시,요일,시군구,사고내용,사망자수,중상자수,경상자수,부상신고자수,사고유형,법규위반,노면상태,기상상태,도로형태,가해운전자 차종,가해운전자 성별,가해운전자 연령,가해운전자 상해정도,피해운전자 차종,피해운전자 성별,피해운전자 연령,피해운전자 상해정도
2017041500100480,2017년 4월 15일 17시,토요일,대구광역시 달서구 두류동,경상사고,0,0,1,0,차대차 - 측면충돌,차로위반,건조,맑음,기타 - 기타,이륜,남,68세,경상,승용,남,34세,상해없음
2017041500100514,2017년 4월 15일 18시,토요일,대구광역시 북구 칠성동2가,경상사고,0,0,1,0,차대사람 - 횡단중,안전운전불이행,건조,맑음,교차로 - 교차로안,승용,남,33세,상해없음,보행자,남,71세,경상
2017041500100552,2017년 4월 15일 19시,토요일,대구광역시 동구 각산동,중상사고,0,1,0,0,차대사람 - 횡단중,안전운전불이행,건조,맑음,단일로 - 기타,승용,남,50세,상해없음,보행자,여,60세,중상
2017041500100553,2017년 4월 15일 19시,토요일,대구광역시 동구 지저동,경상사고,0,0,1,0,차대차 - 측면충돌,안전운전불이행,건조,맑음,단일로 - 기타,승용,여,52세,경상,승합,남,56세,상해없음
2017041500100554,2017년 4월 15일 19시,토요일,대구광역시 중구 동성로2가,부상신고사고,0,0,0,1,차대사람 - 기타,안전운전불이행,건조,맑음,단일로 - 기타,승용,남,59세,상해없음,보행자,여,20세,부상신고
2017041500100555,2017년 4월 15일 19시,토요일,대구광역시 달서구 신당동,중상사고,0,1,0,0,차대사람 - 횡단중,안전운전불이행,건조,맑음,단일로 - 기타,승용,남,26세,상해없음,보행자,여,53세,중상
2017041500100577,2017년 4월 15일 20시,토요일,대구광역시 동구 중대동,경상사고,0,0,1,0,차대차 - 기타,안전운전불이행,건조,맑음,교차로 - 교차로안,이륜,남,37세,경상,승용,남,50세,상해없음
2017041500100578,2017년 4월 15일 20시,토요일,대구광역시 달서구 신당동,경상사고,0,0,1,0,차대사람 - 횡단중,안전운전불이행,건조,맑음,교차로 - 교차로안,승용,여,35세,상해없음,보행자,여,53세,경상
2017041500100601,2017년 4월 15일 21시,토요일,대구광역시 달서구 이곡동,경상사고,0,0,2,0,차대차 - 측면충돌,차로위반,건조,맑음,단일로 - 기타,승용,남,50세,상해없음,승용,여,65세,경상
2017041500100622,2017년 4월 15일 22시,토요일,대구광역시 수성구 범어동,중상사고,0,1,0,0,차대차 - 측면충돌,안전운전불이행,건조,맑음,교차로 - 교차로부근,승합,남,60세,상해없음,이륜,남,22세,중상
2017041600100029,2017년 4월 16일 00시,일요일,대구광역시 수성구 범어동,경상사고,0,0,1,0,차대차 - 측면충돌,안전운전불이행,건조,맑음,단일로 - 기타,자전거,남,18세,경상,승용,남,68세,상해없음
2017041600100053,2017년 4월 16일 02시,일요일,대구광역시 동구 율하동,경상사고,0,0,2,1,차대차 - 추돌,안전운전불이행,건조,맑음,단일로 - 기타,승용,여,54세,상해없음,승용,남,31세,경상
2017041600100054,2017년 4월 16일 02시,일요일,대구광역시 북구 태전동,경상사고,0,0,1,0,차대차 - 측면충돌,안전운전불이행,건조,맑음,단일로 - 기타,승용,남,29세,상해없음,승용,남,58세,경상
2017041600100103,2017년 4월 16일 07시,일요일,대구광역시 서구 비산동,중상사고,0,1,0,0,차대차 - 측면충돌,안전운전불이행,건조,맑음,교차로 - 교차로안,자전거,남,54세,중상,승용,남,47세,상해없음
2017041600100113,2017년 4월 16일 08시,일요일,대구광역시 동구 불로동,중상사고,0,1,0,0,차대사람 - 횡단중,안전운전불이행,건조,맑음,단일로 - 기타,화물,남,47세,상해없음,보행자,여,70세,중상
2017041600100135,2017년 4월 16일 09시,일요일,대구광역시 북구 검단동,경상사고,0,0,2,1,차대차 - 측면충돌,직진우회전진행방해,건조,맑음,교차로 - 교차로안,승합,남,49세,부상신고,승용,남,25세,경상
2017041600100158,2017년 4월 16일 10시,일요일,대구광역시 남구 봉덕동,경상사고,0,0,3,0,차대차 - 측면충돌,안전운전불이행,건조,맑음,기타 - 기타,승용,남,74세,상해없음,화물,남,53세,상해없음
2017041600100159,2017년 4월 16일 10시,일요일,대구광역시 동구 지묘동,경상사고,0,0,6,0,차대차 - 추돌,안전운전불이행,건조,맑음,교차로 - 교차로부근,승용,남,48세,상해없음,화물,남,55세,경상
2017041600100160,2017년 4월 16일 10시,일요일,대구광역시 중구 대신동,부상신고사고,0,0,0,1,차대차 - 정면충돌,안전운전불이행,건조,맑음,단일로 - 기타,이륜,남,64세,부상신고,화물,남,28세,상해없음
2017041600100200,2017년 4월 16일 12시,일요일,대구광역시 북구 노곡동,중상사고,0,1,0,0,차대사람 - 횡단중,안전운전불이행,건조,맑음,단일로 - 교량,승용,여,31세,상해없음,보행자,남,61세,중상
2017041600100201,2017년 4월 16일 12시,일요일,대구광역시 북구 사수동,경상사고,0,0,1,0,차대차 - 측면충돌,안전운전불이행,건조,맑음,단일로 - 기타,승용,남,56세,상해없음,화물,남,40세,기타불명
2017041600100229,2017년 4월 16일 13시,일요일,대구광역시 달서구 진천동,경상사고,0,0,1,0,차대차 - 측면충돌,안전거리미확보,건조,맑음,단일로 - 기타,화물,남,57세,상해없음,승용,여,53세,경상
2017041600100230,2017년 4월 16일 13시,일요일,대구광역시 달성군 다사읍,경상사고,0,0,1,0,차대차 - 추돌,안전운전불이행,건조,맑음,기타 - 기타,자전거,남,16세,상해없음,자전거,남,14세,경상
2017041600100269,2017년 4월 16일 14시,일요일,대구광역시 수성구 황금동,부상신고사고,0,0,0,1,차대차 - 정면충돌,안전운전불이행,건조,맑음,단일로 - 기타,이륜,남,22세,부상신고,승용,남,40세,상해없음
2017041600100270,2017년 4월 16일 14시,일요일,대구광역시 서구 중리동,경상사고,0,0,1,0,차대사람 - 횡단중,안전운전불이행,건조,맑음,단일로 - 기타,승용,남,63세,상해없음,보행자,남,6세,경상
2017041600100316,2017년 4월 16일 15시,일요일,대구광역시 동구 용수동,경상사고,0,0,2,0,차대차 - 기타,안전운전불이행,건조,맑음,단일로 - 기타,승용,남,51세,상해없음,승용,남,32세,경상
2017041600100348,2017년 4월 16일 16시,일요일,대구광역시 북구 노원동3가,경상사고,0,0,2,0,차대차 - 추돌,안전운전불이행,건조,맑음,단일로 - 기타,승용,여,22세,상해없음,승용,남,24세,경상
2017041600100349,2017년 4월 16일 16시,일요일,대구광역시 북구 산격동,경상사고,0,0,1,0,차대차 - 측면충돌,안전거리미확보,건조,맑음,단일로 - 기타,승용,여,57세,상해없음,승용,여,27세,경상
2017041600100350,2017년 4월 16일 16시,일요일,대구광역시 달서구 장기동,경상사고,0,0,2,0,차대차 - 측면충돌,안전운전불이행,건조,맑음,단일로 - 기타,승용,남,28세,상해없음,승용,남,51세,경상
2017041600100442,2017년 4월 16일 19시,일요일,대구광역시 남구 봉덕동,부상신고사고,0,0,0,1,차대사람 - 기타,기타,건조,맑음,단일로 - 기타,승합,남,45세,상해없음,보행자,여,56세,부상신고
2017041600100443,2017년 4월 16일 19시,일요일,대구광역시 달성군 화원읍,사망사고,1,0,1,0,차대사람 - 횡단중,보행자보호의무위반,건조,맑음,교차로 - 교차로안,이륜,남,17세,경상,보행자,여,86세,사망
2017041600100505,2017년 4월 16일 22시,일요일,대구광역시 달서구 진천동,중상사고,0,1,0,0,차대차 - 측면충돌,교차로운행방법위반,건조,맑음,교차로 - 교차로안,승용,여,52세,상해없음,이륜,남,36세,중상
2017041600100524,2017년 4월 16일 23시,일요일,대구광역시 서구 내당동,경상사고,0,0,1,0,차대차 - 측면충돌,안전운전불이행,건조,맑음,단일로 - 기타,자전거,남,45세,경상,승합,남,50세,상해없음
2017041700100038,2017년 4월 17일 02시,월요일,대구광역시 달서구 송현동,경상사고,0,0,1,0,차대차 - 측면충돌,안전운전불이행,건조,맑음,교차로 - 교차로안,승용,남,58세,상해없음,원동기,남,16세,경상
2017041700100050,2017년 4월 17일 04시,월요일,대구광역시 북구 읍내동,경상사고,0,0,1,0,차량단독 - 전도전복,안전운전불이행,건조,맑음,단일로 - 기타,이륜,남,21세,경상,미분류,미분류,미분류,미분류
2017041700100079,2017년 4월 17일 07시,월요일,대구광역시 달서구 상인동,경상사고,0,0,1,0,차대차 - 측면충돌,교차로운행방법위반,젖음/습기,비,교차로 - 교차로안,승용,남,42세,상해없음,자전거,남,56세,경상
2017041700100080,2017년 4월 17일 07시,월요일,대구광역시 북구 관음동,경상사고,0,0,2,0,차대차 - 측면충돌,안전거리미확보,건조,맑음,단일로 - 기타,화물,남,50세,상해없음,승용,남,43세,경상
2017041700100111,2017년 4월 17일 08시,월요일,대구광역시 동구 율하동,경상사고,0,0,1,0,차대차 - 측면충돌,안전운전불이행,건조,맑음,교차로 - 교차로안,승용,남,36세,상해없음,승용,여,37세,경상
2017041700100112,2017년 4월 17일 08시,월요일,대구광역시 달서구 상인동,경상사고,0,0,1,0,차대차 - 측면충돌,직진우회전진행방해,젖음/습기,비,교차로 - 교차로안,승용,여,35세,경상,승용,남,33세,상해없음
2017041700100113,2017년 4월 17일 08시,월요일,대구광역시 달서구 감삼동,중상사고,0,1,0,0,차대차 - 측면충돌,신호위반,젖음/습기,비,단일로 - 기타,승용,여,58세,상해없음,자전거,남,72세,중상
2017041700100144,2017년 4월 17일 09시,월요일,대구광역시 남구 대명동,경상사고,0,0,2,0,차대차 - 추돌,안전거리미확보,젖음/습기,비,단일로 - 기타,승용,남,19세,상해없음,승용,남,59세,경상
2017041700100171,2017년 4월 17일 10시,월요일,대구광역시 남구 대명동,경상사고,0,0,1,0,차대차 - 측면충돌,안전운전불이행,젖음/습기,비,교차로 - 교차로부근,승용,남,56세,상해없음,기타불명,기타불명,미분류,기타불명
2017041700100172,2017년 4월 17일 10시,월요일,대구광역시 서구 중리동,중상사고,0,1,0,0,차대차 - 측면충돌,신호위반,젖음/습기,비,교차로 - 교차로안,승용,남,76세,상해없음,이륜,남,48세,중상
2017041700100173,2017년 4월 17일 10시,월요일,대구광역시 중구 향촌동,중상사고,0,1,0,0,차대사람 - 횡단중,신호위반,건조,맑음,단일로 - 기타,승용,남,57세,상해없음,보행자,여,53세,중상
2017041700100195,2017년 4월 17일 11시,월요일,대구광역시 동구 효목동,중상사고,0,1,0,0,차대사람 - 횡단중,신호위반,젖음/습기,비,교차로 - 교차로안,화물,남,57세,상해없음,보행자,여,71세,중상
2017041700100196,2017년 4월 17일 11시,월요일,대구광역시 달서구 월성동,중상사고,0,1,1,0,차대차 - 기타,신호위반,젖음/습기,비,교차로 - 교차로안,승용,여,67세,중상,승용,남,43세,경상
2017041700100197,2017년 4월 17일 11시,월요일,대구광역시 달서구 송현동,경상사고,0,0,3,0,차대차 - 측면충돌,안전운전불이행,건조,맑음,단일로 - 기타,승용,여,50세,상해없음,승용,여,35세,경상
2017041700100198,2017년 4월 17일 11시,월요일,대구광역시 달성군 논공읍,경상사고,0,0,3,0,차대차 - 측면충돌,안전운전불이행,건조,맑음,교차로 - 교차로안,화물,남,64세,경상,승용,남,58세,경상
2017041700100199,2017년 4월 17일 11시,월요일,대구광역시 달서구 성당동,경상사고,0,0,1,0,차대사람 - 횡단중,신호위반,젖음/습기,비,교차로 - 교차로부근,승용,여,26세,상해없음,보행자,남,54세,경상
2017041700100238,2017년 4월 17일 12시,월요일,대구광역시 동구 불로동,경상사고,0,0,1,0,차대차 - 추돌,안전운전불이행,젖음/습기,비,교차로 - 교차로부근,원동기,남,38세,상해없음,승용,남,66세,경상
2017041700100239,2017년 4월 17일 12시,월요일,대구광역시 동구 용계동,경상사고,0,0,3,0,차대차 - 측면충돌,안전운전불이행,건조,맑음,기타 - 기타,승용,여,41세,상해없음,승용,남,29세,경상
2017041700100240,2017년 4월 17일 12시,월요일,대구광역시 달서구 신당동,경상사고,0,0,1,0,차대차 - 측면충돌,안전운전불이행,건조,맑음,교차로 - 교차로부근,승용,남,54세,상해없음,원동기,남,22세,경상
2017041700100267,2017년 4월 17일 13시,월요일,대구광역시 남구 봉덕동,경상사고,0,0,1,0,차대차 - 추돌,안전거리미확보,건조,맑음,교차로 - 교차로안,승용,남,69세,상해없음,승용,남,38세,경상
2017041700100268,2017년 4월 17일 13시,월요일,대구광역시 동구 신암동,경상사고,0,0,1,0,차대차 - 정면충돌,안전운전불이행,젖음/습기,흐림,단일로 - 기타,승용,남,50세,상해없음,자전거,여,54세,경상
2017041700100299,2017년 4월 17일 14시,월요일,대구광역시 동구 신천동,경상사고,0,0,2,0,차대차 - 측면충돌,차로위반,젖음/습기,비,교차로 - 교차로안,승용,남,58세,상해없음,승용,여,41세,경상
2017041700100300,2017년 4월 17일 14시,월요일,대구광역시 달서구 본동,경상사고,0,0,1,0,차대차 - 측면충돌,교차로운행방법위반,건조,맑음,교차로 - 교차로안,승용,여,55세,상해없음,승용,남,65세,경상
2017041700100301,2017년 4월 17일 14시,월요일,대구광역시 서구 내당동,경상사고,0,0,1,0,차대차 - 측면충돌,안전거리미확보,젖음/습기,비,단일로 - 기타,원동기,남,63세,경상,승용,남,37세,상해없음
2017041700100302,2017년 4월 17일 14시,월요일,대구광역시 서구 비산동,경상사고,0,0,1,0,차대차 - 측면충돌,안전운전불이행,젖음/습기,맑음,단일로 - 기타,승용,남,43세,기타불명,승용,남,23세,경상
2017041700100303,2017년 4월 17일 14시,월요일,대구광역시 달서구 신당동,경상사고,0,0,1,0,차대사람 - 횡단중,안전운전불이행,젖음/습기,비,단일로 - 기타,승용,남,32세,상해없음,보행자,여,83세,경상
2017041700100338,2017년 4월 17일 15시,월요일,대구광역시 수성구 상동,경상사고,0,0,1,0,차대차 - 정면충돌,중앙선침범,젖음/습기,비,교차로 - 교차로부근,승용,남,46세,상해없음,화물,남,47세,경상
2017041700100339,2017년 4월 17일 15시,월요일,대구광역시 북구 태전동,경상사고,0,0,2,0,차대차 - 측면충돌,안전운전불이행,젖음/습기,비,단일로 - 기타,승용,남,43세,기타불명,화물,남,60세,경상
2017041700100365,2017년 4월 17일 16시,월요일,대구광역시 달서구 대곡동,경상사고,0,0,1,0,차대사람 - 횡단중,안전운전불이행,젖음/습기,비,교차로 - 교차로안,승합,남,34세,상해없음,보행자,남,65세,경상
2017041700100366,2017년 4월 17일 16시,월요일,대구광역시 달서구 본동,경상사고,0,0,1,0,차대사람 - 기타,안전운전불이행,건조,맑음,단일로 - 기타,승합,남,39세,상해없음,보행자,여,70세,경상
2017041700100367,2017년 4월 17일 16시,월요일,대구광역시 중구 대봉동,경상사고,0,0,1,0,차대사람 - 길가장자리구역통행중,안전운전불이행,젖음/습기,비,단일로 - 기타,승용,여,46세,상해없음,보행자,여,22세,경상
2017041700100368,2017년 4월 17일 16시,월요일,대구광역시 중구 대신동,중상사고,0,1,0,0,차대차 - 측면충돌,신호위반,건조,맑음,교차로 - 교차로안,승용,남,56세,상해없음,이륜,남,58세,중상
2017041700100400,2017년 4월 17일 17시,월요일,대구광역시 북구 금호동,경상사고,0,0,1,0,차대차 - 기타,안전운전불이행,젖음/습기,비,단일로 - 기타,기타불명,기타불명,미분류,기타불명,화물,남,37세,경상
2017041700100402,2017년 4월 17일 17시,월요일,대구광역시 남구 대명동,중상사고,0,1,0,0,차대차 - 측면충돌,안전운전불이행,건조,맑음,단일로 - 기타,승용,남,57세,상해없음,승용,여,64세,중상
2017041700100403,2017년 4월 17일 17시,월요일,대구광역시 서구 평리동,중상사고,0,1,0,0,차대사람 - 횡단중,보행자보호의무위반,젖음/습기,비,단일로 - 기타,이륜,남,56세,상해없음,보행자,여,26세,중상
2017041700100404,2017년 4월 17일 17시,월요일,대구광역시 북구 태전동,경상사고,0,0,1,0,차대차 - 측면충돌,교차로운행방법위반,젖음/습기,비,교차로 - 교차로안,승용,여,49세,상해없음,이륜,남,20세,경상
2017041700100437,2017년 4월 17일 18시,월요일,대구광역시 수성구 파동,경상사고,0,0,1,0,차대차 - 정면충돌,안전운전불이행,기타,흐림,교차로 - 교차로안,화물,남,61세,상해없음,화물,남,59세,경상
2017041700100438,2017년 4월 17일 18시,월요일,대구광역시 북구 노원동2가,경상사고,0,0,1,0,차대차 - 추돌,안전운전불이행,젖음/습기,비,단일로 - 교량,승용,남,43세,상해없음,승용,남,25세,경상
2017041700100481,2017년 4월 17일 19시,월요일,대구광역시 수성구 황금동,경상사고,0,0,1,0,차대사람 - 횡단중,기타,젖음/습기,비,단일로 - 기타,승합,남,54세,상해없음,보행자,여,31세,경상
2017041700100482,2017년 4월 17일 19시,월요일,대구광역시 달서구 월성동,경상사고,0,0,1,0,차대사람 - 횡단중,보행자보호의무위반,젖음/습기,흐림,단일로 - 기타,승용,남,52세,상해없음,보행자,여,21세,경상
2017041700100515,2017년 4월 17일 20시,월요일,대구광역시 달서구 감삼동,경상사고,0,0,3,1,차대차 - 측면충돌,안전운전불이행,건조,맑음,교차로 - 교차로안,승용,남,33세,부상신고,승용,남,62세,경상
2017041700100543,2017년 4월 17일 21시,월요일,대구광역시 달서구 상인동,경상사고,0,0,1,0,차대차 - 기타,중앙선침범,건조,맑음,교차로 - 교차로부근,승용,남,27세,상해없음,승합,남,41세,경상
2017041700100544,2017년 4월 17일 21시,월요일,대구광역시 서구 내당동,중상사고,0,1,0,0,차대차 - 측면충돌,중앙선침범,건조,맑음,단일로 - 기타,승용,남,24세,상해없음,자전거,남,12세,중상
2017041700100571,2017년 4월 17일 22시,월요일,대구광역시 북구 태전동,경상사고,0,0,1,0,차대사람 - 횡단중,안전운전불이행,건조,맑음,단일로 - 기타,승용,여,44세,상해없음,보행자,남,58세,경상
2017041800100026,2017년 4월 18일 00시,화요일,대구광역시 달서구 상인동,경상사고,0,0,1,2,차대차 - 기타,안전운전불이행,건조,맑음,단일로 - 기타,승용,남,29세,부상신고,승용,남,74세,상해없음
2017041800100048,2017년 4월 18일 02시,화요일,대구광역시 수성구 범물동,경상사고,0,0,3,0,차대차 - 추돌,안전운전불이행,젖음/습기,비,단일로 - 기타,승용,남,35세,상해없음,승용,남,47세,경상
2017041800100049,2017년 4월 18일 02시,화요일,대구광역시 중구 대봉동,중상사고,0,3,1,0,차대차 - 측면충돌,신호위반,건조,맑음,교차로 - 교차로안,화물,남,30세,상해없음,승용,남,53세,중상
2017041800100051,2017년 4월 18일 03시,화요일,대구광역시 수성구 황금동,경상사고,0,0,3,0,차대차 - 정면충돌,중앙선침범,건조,맑음,단일로 - 기타,승용,남,26세,상해없음,승용,남,50세,경상
2017041800100058,2017년 4월 18일 04시,화요일,대구광역시 서구 비산동,경상사고,0,0,2,0,차대차 - 측면충돌,직진우회전진행방해,건조,맑음,교차로 - 교차로안,승용,여,43세,상해없음,원동기,남,64세,경상
2017041800100061,2017년 4월 18일 05시,화요일,대구광역시 달서구 성당동,경상사고,0,0,1,0,차대차 - 기타,안전운전불이행,건조,맑음,교차로 - 교차로부근,승용,남,62세,상해없음,승용,남,55세,상해없음
2017041800100062,2017년 4월 18일 05시,화요일,대구광역시 북구 태전동,경상사고,0,0,1,0,차대차 - 후진중충돌,안전운전불이행,건조,맑음,단일로 - 기타,승용,남,57세,상해없음,승용,여,62세,경상
2017041800100084,2017년 4월 18일 06시,화요일,대구광역시 북구 산격동,경상사고,0,0,1,0,차대사람 - 횡단중,안전운전불이행,건조,맑음,교차로 - 교차로부근,승합,남,59세,상해없음,보행자,남,62세,경상
2017041800100097,2017년 4월 18일 07시,화요일,대구광역시 남구 대명동,부상신고사고,0,0,0,2,차대차 - 추돌,안전운전불이행,건조,맑음,단일로 - 기타,승용,남,23세,상해없음,승용,남,63세,부상신고
2017041800100098,2017년 4월 18일 07시,화요일,대구광역시 수성구 수성동3가,중상사고,0,1,0,0,차대차 - 정면충돌,교차로운행방법위반,건조,맑음,교차로 - 교차로안,자전거,남,22세,중상,승용,여,48세,상해없음
2017041800100127,2017년 4월 18일 08시,화요일,대구광역시 달서구 송현동,중상사고,0,1,0,0,차대사람 - 횡단중,안전운전불이행,건조,맑음,단일로 - 기타,승용,남,63세,상해없음,보행자,여,27세,중상
2017041800100128,2017년 4월 18일 08시,화요일,대구광역시 중구 인교동,경상사고,0,0,1,0,차대차 - 측면충돌,교차로운행방법위반,건조,맑음,교차로 - 교차로안,화물,남,67세,상해없음,자전거,여,68세,경상
2017041800100164,2017년 4월 18일 09시,화요일,대구광역시 달서구 송현동,경상사고,0,0,2,0,차대차 - 기타,안전거리미확보,건조,맑음,단일로 - 기타,승용,여,47세,상해없음,승용,여,37세,경상
2017041800100165,2017년 4월 18일 09시,화요일,대구광역시 북구 복현동,경상사고,0,0,3,1,차대차 - 측면충돌,중앙선침범,건조,맑음,교차로 - 교차로안,승용,남,23세,부상신고,승용,여,53세,상해없음
2017041800100185,2017년 4월 18일 10시,화요일,대구광역시 남구 대명동,경상사고,0,0,1,0,차대차 - 측면충돌,차로위반,건조,맑음,단일로 - 기타,화물,남,50세,상해없음,승용,남,62세,경상
2017041800100186,2017년 4월 18일 10시,화요일,대구광역시 달서구 진천동,경상사고,0,0,1,0,차대차 - 측면충돌,안전운전불이행,건조,맑음,교차로 - 교차로안,승용,남,57세,상해없음,승용,여,35세,경상
2017041800100218,2017년 4월 18일 11시,화요일,대구광역시 서구 원대동3가,경상사고,0,0,1,0,차대차 - 측면충돌,안전운전불이행,건조,맑음,단일로 - 기타,자전거,여,54세,경상,승용,남,35세,상해없음
2017041800100250,2017년 4월 18일 12시,화요일,대구광역시 달서구 월암동,경상사고,0,0,1,0,차대차 - 추돌,안전거리미확보,건조,맑음,단일로 - 기타,승용,남,58세,상해없음,승용,여,56세,경상
2017041800100282,2017년 4월 18일 13시,화요일,대구광역시 서구 이현동,경상사고,0,0,1,0,차대차 - 측면충돌,안전거리미확보,건조,맑음,교차로 - 교차로안,승용,여,42세,상해없음,화물,남,60세,상해없음
2017041800100283,2017년 4월 18일 13시,화요일,대구광역시 달서구 이곡동,경상사고,0,0,1,0,차대사람 - 횡단중,안전운전불이행,건조,맑음,단일로 - 기타,승용,여,63세,상해없음,보행자,남,45세,경상
2017041800100314,2017년 4월 18일 14시,화요일,대구광역시 달서구 성당동,중상사고,0,1,0,0,차대사람 - 횡단중,안전운전불이행,건조,맑음,단일로 - 기타,승합,남,41세,상해없음,보행자,여,50세,중상
2017041800100347,2017년 4월 18일 15시,화요일,대구광역시 남구 대명동,중상사고,0,1,0,0,차대사람 - 횡단중,안전운전불이행,건조,맑음,단일로 - 기타,승용,남,65세,상해없음,보행자,여,55세,중상
2017041800100386,2017년 4월 18일 16시,화요일,대구광역시 북구 읍내동,중상사고,0,1,0,0,차대차 - 추돌,안전운전불이행,건조,맑음,단일로 - 기타,승용,남,47세,상해없음,승용,여,40세,중상
2017041800100417,2017년 4월 18일 17시,화요일,대구광역시 남구 대명동,경상사고,0,0,3,0,차대차 - 측면충돌,차로위반,젖음/습기,비,교차로 - 교차로부근,승용,여,56세,상해없음,화물,남,48세,경상
2017041800100418,2017년 4월 18일 17시,화요일,대구광역시 서구 중리동,경상사고,0,0,1,0,차대사람 - 횡단중,안전운전불이행,젖음/습기,비,교차로 - 교차로횡단보도내,승용,남,47세,상해없음,보행자,남,18세,경상
2017041800100464,2017년 4월 18일 18시,화요일,대구광역시 수성구 범어동,중상사고,0,1,0,0,차대차 - 측면충돌,중앙선침범,젖음/습기,맑음,교차로 - 교차로부근,승용,여,42세,상해없음,이륜,남,21세,중상
2017041800100465,2017년 4월 18일 18시,화요일,대구광역시 달서구 월성동,경상사고,0,0,1,0,차대차 - 기타,차로위반,젖음/습기,비,단일로 - 기타,기타불명,기타불명,미분류,기타불명,이륜,남,16세,경상
2017041800100466,2017년 4월 18일 18시,화요일,대구광역시 서구 중리동,경상사고,0,0,1,0,차대차 - 측면충돌,안전거리미확보,젖음/습기,비,단일로 - 기타,승용,남,47세,상해없음,승용,남,57세,경상
2017041800100536,2017년 4월 18일 20시,화요일,대구광역시 남구 봉덕동,경상사고,0,0,1,0,차대차 - 측면충돌,차로위반,젖음/습기,비,단일로 - 기타,승용,여,25세,상해없음,승용,남,27세,경상
2017041800100537,2017년 4월 18일 20시,화요일,대구광역시 달서구 유천동,경상사고,0,0,1,0,차대차 - 기타,교차로운행방법위반,건조,맑음,교차로 - 교차로부근,승합,남,65세,상해없음,승용,남,49세,경상
2017041800100538,2017년 4월 18일 20시,화요일,대구광역시 달서구 신당동,경상사고,0,0,1,0,차대차 - 추돌,안전운전불이행,젖음/습기,비,단일로 - 기타,승용,여,51세,상해없음,원동기,남,21세,경상
2017041800100564,2017년 4월 18일 21시,화요일,대구광역시 동구 율하동,경상사고,0,0,1,1,차대차 - 측면충돌,안전거리미확보,건조,맑음,단일로 - 기타,승용,남,22세,부상신고,승용,남,49세,경상
2017041800100565,2017년 4월 18일 21시,화요일,대구광역시 동구 용계동,경상사고,0,0,1,0,차대사람 - 횡단중,안전운전불이행,건조,맑음,교차로 - 교차로부근,승용,여,61세,상해없음,보행자,여,33세,경상
2017041800100566,2017년 4월 18일 21시,화요일,대구광역시 달서구 월성동,중상사고,0,1,0,0,차대차 - 측면충돌,신호위반,건조,맑음,교차로 - 교차로안,승용,여,42세,상해없음,승용,남,69세,중상
2017041800100567,2017년 4월 18일 21시,화요일,대구광역시 달서구 월성동,경상사고,0,0,1,1,차대차 - 측면충돌,안전운전불이행,건조,맑음,교차로 - 교차로부근,이륜,남,16세,경상,승용,남,56세,상해없음
2017041800100568,2017년 4월 18일 21시,화요일,대구광역시 달성군 다사읍,경상사고,0,0,1,0,차대차 - 정면충돌,신호위반,건조,맑음,교차로 - 교차로안,승용,남,41세,상해없음,승용,남,56세,경상
2017041900100035,2017년 4월 19일 00시,수요일,대구광역시 달서구 감삼동,경상사고,0,0,3,0,차대차 - 측면충돌,안전운전불이행,건조,맑음,교차로 - 교차로안,승용,남,43세,경상,승용,여,30세,경상
2017041900100041,2017년 4월 19일 01시,수요일,대구광역시 달서구 호림동,경상사고,0,0,4,0,차대차 - 측면충돌,교차로운행방법위반,건조,맑음,교차로 - 교차로안,승용,남,61세,상해없음,승용,남,19세,경상
2017041900100050,2017년 4월 19일 02시,수요일,대구광역시 수성구 황금동,부상신고사고,0,0,0,1,차대사람 - 횡단중,안전운전불이행,건조,맑음,단일로 - 기타,승용,여,40세,상해없음,보행자,남,43세,부상신고
2017041900100051,2017년 4월 19일 02시,수요일,대구광역시 달서구 두류동,중상사고,0,1,0,0,차대차 - 측면충돌,안전운전불이행,건조,맑음,단일로 - 기타,승용,남,43세,상해없음,승용,남,56세,중상
2017041900100060,2017년 4월 19일 04시,수요일,대구광역시 중구 태평로3가,사망사고,1,0,0,0,차량단독 - 공작물충돌,안전운전불이행,건조,맑음,교차로 - 교차로부근,승용,남,57세,사망,,,,
2017041900100078,2017년 4월 19일 06시,수요일,대구광역시 남구 대명동,경상사고,0,0,2,0,차대차 - 측면충돌,안전운전불이행,건조,맑음,교차로 - 교차로안,승용,남,34세,경상,승합,남,50세,경상
2017041900100079,2017년 4월 19일 06시,수요일,대구광역시 달서구 송현동,경상사고,0,0,1,0,차대사람 - 횡단중,안전운전불이행,건조,맑음,단일로 - 기타,승용,남,68세,상해없음,보행자,남,48세,경상
2017041900100080,2017년 4월 19일 06시,수요일,대구광역시 서구 비산동,경상사고,0,0,1,0,차대차 - 기타,불법유턴,건조,맑음,단일로 - 기타,승용,남,53세,상해없음,승용,남,62세,상해없음
2017041900100157,2017년 4월 19일 08시,수요일,대구광역시 남구 대명동,경상사고,0,0,1,0,차대차 - 추돌,안전거리미확보,건조,맑음,단일로 - 기타,승용,남,58세,상해없음,기타불명,기타불명,미분류,기타불명
2017041900100158,2017년 4월 19일 08시,수요일,대구광역시 수성구 수성동4가,경상사고,0,0,2,0,차대차 - 측면충돌,교차로운행방법위반,건조,맑음,교차로 - 교차로안,승용,남,48세,경상,화물,여,59세,경상