사고번호,사고일시,요일,시군구,사고내용,사망자수,중상자수,경상자수,부상신고자수,사고유형,법규위반,노면상태,기상상태,도로형태,가해운전자 차종,가해운전자 성별,가해운전자 연령,가해운전자 상해정도,피해운전자 차종,피해운전자 성별,피해운전자 연령,피해운전자 상해정도
2017041900100159,2017년 4월 19일 08시,수요일,대구광역시 북구 산격동,경상사고,0,0,1,0,차대차 - 기타,안전운전불이행,건조,맑음,단일로 - 기타,자전거,여,62세,경상,승용,남,47세,상해없음
2017041900100160,2017년 4월 19일 08시,수요일,대구광역시 서구 비산동,중상사고,0,1,0,0,차대차 - 측면충돌,교차로운행방법위반,건조,맑음,교차로 - 교차로안,승용,남,75세,상해없음,개인형이동수단(PM),여,51세,중상
2017041900100161,2017년 4월 19일 08시,수요일,대구광역시 서구 비산동,경상사고,0,0,1,0,차대차 - 추돌,안전거리미확보,건조,맑음,단일로 - 기타,화물,남,39세,상해없음,승용,남,35세,경상
2017041900100232,2017년 4월 19일 10시,수요일,대구광역시 북구 산격동,경상사고,0,0,1,0,차대사람 - 횡단중,안전운전불이행,건조,맑음,교차로 - 교차로부근,화물,남,61세,상해없음,보행자,여,56세,경상
2017041900100266,2017년 4월 19일 11시,수요일,대구광역시 수성구 신매동,부상신고사고,0,0,0,1,차대차 - 측면충돌,안전운전불이행,건조,맑음,교차로 - 교차로안,이륜,여,53세,부상신고,승용,여,43세,상해없음
2017041900100267,2017년 4월 19일 11시,수요일,대구광역시 달서구 대곡동,중상사고,0,1,0,0,차대사람 - 횡단중,안전운전불이행,건조,맑음,교차로 - 교차로부근,승용,여,46세,상해없음,보행자,여,75세,중상
2017041900100293,2017년 4월 19일 12시,수요일,대구광역시 수성구 지산동,경상사고,0,0,1,0,차대차 - 정면충돌,안전운전불이행,건조,맑음,단일로 - 기타,승용,남,59세,기타불명,승용,남,20세,경상
2017041900100318,2017년 4월 19일 13시,수요일,대구광역시 수성구 수성동2가,경상사고,0,0,1,0,차대차 - 측면충돌,안전운전불이행,건조,맑음,단일로 - 기타,승용,여,34세,상해없음,승용,남,66세,경상
2017041900100319,2017년 4월 19일 13시,수요일,대구광역시 달서구 갈산동,중상사고,0,1,3,0,차대차 - 추돌,안전거리미확보,건조,맑음,교차로 - 교차로부근,화물,남,40세,중상,화물,남,68세,상해없음
2017041900100357,2017년 4월 19일 14시,수요일,대구광역시 동구 신천동,중상사고,0,1,1,0,차대차 - 측면충돌,기타,건조,맑음,단일로 - 기타,화물,남,39세,상해없음,승용,남,38세,중상
2017041900100358,2017년 4월 19일 14시,수요일,대구광역시 수성구 수성동2가,중상사고,0,1,0,0,차대사람 - 횡단중,신호위반,건조,맑음,교차로 - 교차로횡단보도내,승용,여,22세,상해없음,보행자,여,57세,중상
2017041900100359,2017년 4월 19일 14시,수요일,대구광역시 서구 원대동3가,중상사고,0,1,0,0,차대차 - 측면충돌,안전운전불이행,건조,맑음,교차로 - 교차로횡단보도내,승용,여,54세,상해없음,자전거,남,68세,중상
2017041900100360,2017년 4월 19일 14시,수요일,대구광역시 서구 평리동,경상사고,0,0,1,0,차대차 - 측면충돌,안전운전불이행,건조,맑음,단일로 - 기타,이륜,남,53세,상해없음,승용,남,73세,상해없음
2017041900100361,2017년 4월 19일 14시,수요일,대구광역시 달서구 장동,경상사고,0,0,1,0,차대차 - 측면충돌,교차로운행방법위반,건조,맑음,교차로 - 교차로안,승용,남,50세,상해없음,승용,여,48세,경상
2017041900100392,2017년 4월 19일 15시,수요일,대구광역시 달서구 송현동,경상사고,0,0,3,0,차대차 - 측면충돌,교차로운행방법위반,건조,맑음,교차로 - 교차로안,승용,여,31세,경상,승용,남,61세,경상
2017041900100426,2017년 4월 19일 16시,수요일,대구광역시 동구 신천동,경상사고,0,0,1,0,차대차 - 측면충돌,안전운전불이행,건조,맑음,교차로 - 교차로안,승용,남,34세,상해없음,승용,남,28세,경상
2017041900100427,2017년 4월 19일 16시,수요일,대구광역시 수성구 신매동,경상사고,0,0,3,0,차대차 - 측면충돌,안전운전불이행,건조,맑음,단일로 - 기타,승용,여,47세,상해없음,승용,남,41세,경상
2017041900100478,2017년 4월 19일 17시,수요일,대구광역시 달서구 용산동,경상사고,0,0,1,0,차대차 - 측면충돌,교차로운행방법위반,건조,맑음,교차로 - 교차로안,승용,남,23세,상해없음,자전거,남,13세,경상
2017041900100513,2017년 4월 19일 18시,수요일,대구광역시 수성구 범어동,중상사고,0,1,0,0,차대사람 - 횡단중,보행자보호의무위반,건조,맑음,교차로 - 교차로부근,승용,여,29세,상해없음,보행자,남,27세,중상
2017041900100514,2017년 4월 19일 18시,수요일,대구광역시 달서구 용산동,경상사고,0,0,1,0,차대사람 - 횡단중,안전운전불이행,건조,맑음,단일로 - 기타,자전거,남,46세,기타불명,보행자,여,9세,경상
2017041900100515,2017년 4월 19일 18시,수요일,대구광역시 달서구 두류동,경상사고,0,0,1,0,차대사람 - 횡단중,안전운전불이행,건조,맑음,단일로 - 기타,승용,남,43세,상해없음,보행자,남,35세,경상
2017041900100516,2017년 4월 19일 18시,수요일,대구광역시 북구 태전동,중상사고,0,2,0,0,차대차 - 측면충돌,신호위반,건조,맑음,교차로 - 교차로안,승합,남,68세,상해없음,승용,남,33세,중상
2017041900100554,2017년 4월 19일 19시,수요일,대구광역시 수성구 지산동,경상사고,0,0,1,0,차대차 - 측면충돌,교차로운행방법위반,건조,맑음,교차로 - 교차로안,승용,여,70세,상해없음,자전거,남,14세,경상
2017041900100555,2017년 4월 19일 19시,수요일,대구광역시 달성군 화원읍,경상사고,0,0,1,0,차대차 - 기타,안전운전불이행,건조,맑음,단일로 - 기타,기타불명,기타불명,미분류,기타불명,승용,남,54세,상해없음
2017041900100556,2017년 4월 19일 19시,수요일,대구광역시 북구 검단동,중상사고,0,1,0,0,차대차 - 측면충돌,중앙선침범,건조,맑음,단일로 - 기타,자전거,남,63세,중상,승합,남,56세,상해없음
2017041900100557,2017년 4월 19일 19시,수요일,대구광역시 달서구 용산동,중상사고,0,1,0,0,차대차 - 추돌,안전운전불이행,건조,맑음,단일로 - 기타,승용,남,40세,상해없음,승용,여,32세,중상
2017041900100581,2017년 4월 19일 20시,수요일,대구광역시 북구 산격동,중상사고,0,1,0,0,차대차 - 측면충돌,중앙선침범,건조,맑음,단일로 - 기타,자전거,여,73세,중상,승용,남,42세,상해없음
2017041900100582,2017년 4월 19일 20시,수요일,대구광역시 달서구 용산동,경상사고,0,0,1,0,차대차 - 측면충돌,안전운전불이행,건조,맑음,교차로 - 교차로안,자전거,남,14세,상해없음,이륜,남,48세,경상
2017041900100614,2017년 4월 19일 21시,수요일,대구광역시 동구 불로동,경상사고,0,0,1,0,차대차 - 측면충돌,신호위반,건조,맑음,교차로 - 교차로안,승용,여,68세,상해없음,승용,남,45세,경상
2017041900100615,2017년 4월 19일 21시,수요일,대구광역시 수성구 수성동4가,경상사고,0,0,2,0,차대차 - 측면충돌,안전거리미확보,건조,맑음,교차로 - 교차로부근,승용,남,65세,상해없음,승합,남,37세,경상
2017041900100616,2017년 4월 19일 21시,수요일,대구광역시 달서구 신당동,중상사고,0,1,0,0,차대사람 - 보도통행중,기타,건조,맑음,단일로 - 기타,이륜,여,33세,상해없음,보행자,남,20세,중상
2017041900100646,2017년 4월 19일 22시,수요일,대구광역시 동구 신천동,중상사고,0,1,2,0,차대차 - 추돌,안전운전불이행,건조,맑음,교차로 - 교차로안,승용,남,60세,상해없음,승용,남,35세,중상
2017041900100660,2017년 4월 19일 23시,수요일,대구광역시 남구 봉덕동,경상사고,0,0,1,0,차대차 - 추돌,안전운전불이행,건조,맑음,단일로 - 기타,승용,남,20세,상해없음,승용,여,49세,경상
2017041900100661,2017년 4월 19일 23시,수요일,대구광역시 달성군 현풍면,중상사고,0,1,0,0,차량단독 - 공작물충돌,안전운전불이행,건조,맑음,단일로 - 기타,승용,남,22세,상해없음,,,,
2017041900100662,2017년 4월 19일 23시,수요일,대구광역시 서구 평리동,중상사고,0,1,0,0,차대사람 - 횡단중,안전운전불이행,건조,맑음,교차로 - 교차로횡단보도내,승용,남,28세,상해없음,보행자,남,58세,중상
2017042000100047,2017년 4월 20일 02시,목요일,대구광역시 남구 대명동,중상사고,0,1,0,0,차대차 - 기타,안전거리미확보,건조,맑음,교차로 - 교차로안,승용,남,59세,상해없음,원동기,남,30세,중상
2017042000100051,2017년 4월 20일 03시,목요일,대구광역시 수성구 중동,경상사고,0,0,1,0,차대차 - 추돌,안전운전불이행,건조,맑음,교차로 - 교차로부근,승용,남,54세,상해없음,승용,여,49세,경상
2017042000100065,2017년 4월 20일 05시,목요일,대구광역시 달서구 감삼동,경상사고,0,0,1,0,차대차 - 측면충돌,교차로운행방법위반,건조,맑음,교차로 - 교차로횡단보도내,승용,남,22세,상해없음,화물,여,62세,경상
2017042000100074,2017년 4월 20일 06시,목요일,대구광역시 북구 고성동1가,부상신고사고,0,0,0,1,차대차 - 측면충돌,차로위반,건조,맑음,단일로 - 기타,이륜,남,39세,부상신고,승용,남,70세,상해없음
2017042000100091,2017년 4월 20일 07시,목요일,대구광역시 북구 침산동,경상사고,0,0,1,0,차대차 - 측면충돌,안전거리미확보,건조,맑음,단일로 - 기타,승용,남,39세,상해없음,승용,남,47세,경상
2017042000100127,2017년 4월 20일 08시,목요일,대구광역시 동구 율하동,경상사고,0,0,1,0,차대차 - 측면충돌,안전운전불이행,건조,맑음,단일로 - 기타,승용,여,24세,상해없음,자전거,남,25세,경상
2017042000100128,2017년 4월 20일 08시,목요일,대구광역시 달서구 송현동,경상사고,0,0,1,0,차대차 - 정면충돌,안전거리미확보,건조,맑음,단일로 - 기타,승용,여,37세,상해없음,승용,남,31세,경상
2017042000100129,2017년 4월 20일 08시,목요일,대구광역시 북구 관음동,경상사고,0,0,1,0,차대차 - 측면충돌,안전거리미확보,건조,맑음,교차로 - 교차로부근,건설기계,남,45세,상해없음,승용,여,29세,경상
2017042000100157,2017년 4월 20일 09시,목요일,대구광역시 달서구 본리동,경상사고,0,0,1,0,차대차 - 기타,안전거리미확보,건조,맑음,단일로 - 기타,승용,여,50세,상해없음,승용,여,48세,상해없음
2017042000100158,2017년 4월 20일 09시,목요일,대구광역시 북구 노원동1가,중상사고,0,1,0,0,차대사람 - 횡단중,안전운전불이행,건조,맑음,교차로 - 교차로횡단보도내,승용,남,44세,상해없음,보행자,여,72세,중상
2017042000100180,2017년 4월 20일 10시,목요일,대구광역시 중구 하서동,부상신고사고,0,0,0,1,차량단독 - 기타,안전운전불이행,건조,맑음,단일로 - 기타,승용,남,54세,상해없음,,,,
2017042000100222,2017년 4월 20일 12시,목요일,대구광역시 수성구 범어동,부상신고사고,0,0,0,1,차대차 - 측면충돌,안전운전불이행,건조,맑음,교차로 - 교차로안,원동기,여,68세,부상신고,승용,남,55세,상해없음
2017042000100246,2017년 4월 20일 13시,목요일,대구광역시 중구 남산동,중상사고,0,2,0,0,차대사람 - 횡단중,안전운전불이행,건조,맑음,단일로 - 기타,이륜,남,35세,중상,보행자,남,77세,중상
2017042000100247,2017년 4월 20일 13시,목요일,대구광역시 동구 신암동,중상사고,0,1,0,0,차대사람 - 횡단중,안전운전불이행,건조,맑음,단일로 - 기타,승용,여,28세,상해없음,보행자,여,75세,중상
2017042000100248,2017년 4월 20일 13시,목요일,대구광역시 중구 대봉동,경상사고,0,0,1,0,차대차 - 기타,차로위반,건조,맑음,단일로 - 기타,승용,여,29세,상해없음,승합,남,46세,상해없음
2017042000100273,2017년 4월 20일 14시,목요일,대구광역시 수성구 범어동,중상사고,0,1,0,0,차대차 - 기타,안전거리미확보,건조,흐림,단일로 - 기타,승용,남,69세,상해없음,승합,남,26세,상해없음
2017042000100328,2017년 4월 20일 16시,목요일,대구광역시 남구 봉덕동,중상사고,0,1,1,0,차대차 - 기타,안전운전불이행,건조,맑음,교차로 - 교차로부근,승용,남,41세,경상,원동기,남,35세,중상
2017042000100329,2017년 4월 20일 16시,목요일,대구광역시 서구 평리동,부상신고사고,0,0,0,1,차대차 - 측면충돌,안전운전불이행,젖음/습기,흐림,단일로 - 기타,이륜,남,54세,부상신고,승용,남,62세,상해없음
2017042000100360,2017년 4월 20일 17시,목요일,대구광역시 북구 관음동,경상사고,0,0,1,0,차대사람 - 기타,안전운전불이행,젖음/습기,비,단일로 - 기타,승용,여,51세,상해없음,보행자,여,8세,경상
2017042000100430,2017년 4월 20일 19시,목요일,대구광역시 남구 대명동,중상사고,0,1,0,0,차대사람 - 횡단중,안전운전불이행,건조,맑음,단일로 - 기타,승용,남,37세,상해없음,보행자,여,66세,중상
2017042000100431,2017년 4월 20일 19시,목요일,대구광역시 서구 평리동,경상사고,0,0,2,0,차대차 - 측면충돌,안전거리미확보,건조,맑음,단일로 - 기타,승용,여,41세,경상,승용,남,49세,경상
2017042000100432,2017년 4월 20일 19시,목요일,대구광역시 달서구 감삼동,부상신고사고,0,0,0,2,차대차 - 추돌,불법유턴,건조,맑음,단일로 - 기타,승용,여,25세,부상신고,원동기,남,47세,부상신고
2017042000100463,2017년 4월 20일 20시,목요일,대구광역시 중구 삼덕동2가,중상사고,0,1,0,0,차대사람 - 기타,안전운전불이행,건조,맑음,단일로 - 기타,승용,여,19세,상해없음,보행자,남,27세,중상
2017042000100513,2017년 4월 20일 22시,목요일,대구광역시 동구 신천동,중상사고,0,1,0,0,차대사람 - 횡단중,안전운전불이행,건조,맑음,교차로 - 교차로안,승용,여,49세,상해없음,보행자,여,78세,중상
2017042000100514,2017년 4월 20일 22시,목요일,대구광역시 수성구 범어동,경상사고,0,0,1,0,차대사람 - 횡단중,안전운전불이행,건조,맑음,단일로 - 기타,승용,남,45세,상해없음,보행자,여,35세,경상
2017042000100515,2017년 4월 20일 22시,목요일,대구광역시 달서구 감삼동,경상사고,0,0,1,0,차대사람 - 횡단중,안전운전불이행,건조,맑음,단일로 - 기타,자전거,남,20세,상해없음,보행자,여,19세,경상
2017042000100533,2017년 4월 20일 23시,목요일,대구광역시 수성구 상동,중상사고,0,1,1,0,차대차 - 정면충돌,안전거리미확보,건조,맑음,단일로 - 기타,승용,남,55세,상해없음,승용,남,42세,경상
2017042000100534,2017년 4월 20일 23시,목요일,대구광역시 북구 국우동,경상사고,0,0,2,0,차대차 - 추돌,안전운전불이행,건조,맑음,단일로 - 터널,승용,남,50세,상해없음,승용,남,58세,경상
2017042100100038,2017년 4월 21일 01시,금요일,대구광역시 달서구 상인동,부상신고사고,0,0,0,1,차대사람 - 횡단중,안전운전불이행,건조,맑음,교차로 - 교차로부근,승용,남,21세,상해없음,보행자,남,21세,부상신고
2017042100100046,2017년 4월 21일 02시,금요일,대구광역시 수성구 연호동,중상사고,0,1,0,0,차대차 - 정면충돌,신호위반,건조,맑음,교차로 - 교차로안,승용,남,75세,상해없음,승용,남,44세,중상
2017042100100071,2017년 4월 21일 05시,금요일,대구광역시 중구 남일동,중상사고,0,1,1,0,차대차 - 측면충돌,신호위반,건조,맑음,교차로 - 교차로안,승용,남,48세,상해없음,승용,남,50세,경상
2017042100100102,2017년 4월 21일 07시,금요일,대구광역시 수성구 만촌동,경상사고,0,0,1,0,차대사람 - 길가장자리구역통행중,기타,건조,맑음,단일로 - 기타,화물,남,66세,상해없음,보행자,여,15세,경상
2017042100100103,2017년 4월 21일 07시,금요일,대구광역시 북구 태전동,경상사고,0,0,1,0,차대사람 - 횡단중,안전운전불이행,건조,맑음,단일로 - 기타,승용,남,41세,상해없음,보행자,남,39세,경상
2017042100100104,2017년 4월 21일 07시,금요일,대구광역시 북구 구암동,중상사고,0,1,0,0,차대차 - 측면충돌,안전운전불이행,건조,맑음,단일로 - 기타,승용,남,44세,상해없음,자전거,남,46세,중상
2017042100100155,2017년 4월 21일 08시,금요일,대구광역시 수성구 만촌동,경상사고,0,0,1,0,차대차 - 측면충돌,교차로운행방법위반,건조,맑음,교차로 - 교차로안,승용,남,74세,상해없음,승용,남,30세,경상
2017042100100222,2017년 4월 21일 10시,금요일,대구광역시 동구 신천동,중상사고,0,1,0,0,차대차 - 기타,안전거리미확보,건조,맑음,교차로 - 교차로부근,승용,남,34세,상해없음,승합,남,60세,상해없음
2017042100100223,2017년 4월 21일 10시,금요일,대구광역시 달서구 진천동,경상사고,0,0,2,1,차대차 - 측면충돌,신호위반,건조,맑음,교차로 - 교차로안,승용,남,60세,부상신고,승용,여,35세,경상
2017042100100257,2017년 4월 21일 11시,금요일,대구광역시 동구 용계동,경상사고,0,0,1,0,차대차 - 정면충돌,안전운전불이행,건조,맑음,단일로 - 기타,승용,남,51세,기타불명,승용,남,60세,경상
2017042100100258,2017년 4월 21일 11시,금요일,대구광역시 수성구 신매동,경상사고,0,0,1,0,차대차 - 정면충돌,안전운전불이행,건조,맑음,단일로 - 기타,승용,여,54세,상해없음,승용,남,63세,경상
2017042100100286,2017년 4월 21일 12시,금요일,대구광역시 동구 신천동,경상사고,0,0,2,0,차대차 - 추돌,안전운전불이행,건조,맑음,단일로 - 기타,승용,여,48세,상해없음,승용,남,42세,경상
2017042100100287,2017년 4월 21일 12시,금요일,대구광역시 서구 비산동,중상사고,0,1,0,0,차대차 - 측면충돌,안전운전불이행,건조,맑음,교차로 - 교차로안,승용,남,56세,상해없음,자전거,여,65세,중상
2017042100100312,2017년 4월 21일 13시,금요일,대구광역시 달성군 화원읍,경상사고,0,0,1,0,차대차 - 정면충돌,안전운전불이행,건조,맑음,교차로 - 교차로안,이륜,남,42세,경상,승용,남,46세,상해없음
2017042100100341,2017년 4월 21일 14시,금요일,대구광역시 남구 봉덕동,중상사고,0,1,1,0,차대차 - 추돌,안전운전불이행,건조,맑음,단일로 - 기타,승용,여,55세,상해없음,승용,남,65세,중상
2017042100100376,2017년 4월 21일 15시,금요일,대구광역시 동구 부동,경상사고,0,0,1,0,차대차 - 정면충돌,안전운전불이행,건조,맑음,단일로 - 기타,승합,남,40세,상해없음,자전거,남,73세,경상
2017042100100377,2017년 4월 21일 15시,금요일,대구광역시 북구 산격동,경상사고,0,0,1,0,차대차 - 측면충돌,신호위반,건조,맑음,교차로 - 교차로안,승용,남,79세,상해없음,승용,여,57세,경상
2017042100100418,2017년 4월 21일 16시,금요일,대구광역시 수성구 매호동,경상사고,0,0,2,0,차대차 - 추돌,안전운전불이행,건조,맑음,단일로 - 기타,승용,여,40세,상해없음,승용,남,26세,경상
2017042100100419,2017년 4월 21일 16시,금요일,대구광역시 달서구 월성동,경상사고,0,0,1,0,차대차 - 측면충돌,안전거리미확보,건조,맑음,단일로 - 기타,이륜,남,18세,경상,승용,남,23세,상해없음
2017042100100420,2017년 4월 21일 16시,금요일,대구광역시 서구 원대동3가,중상사고,0,1,0,0,차대사람 - 횡단중,안전운전불이행,건조,맑음,단일로 - 기타,승용,남,52세,상해없음,보행자,남,75세,중상
2017042100100448,2017년 4월 21일 17시,금요일,대구광역시 남구 대명동,경상사고,0,0,1,0,차대차 - 측면충돌,안전거리미확보,건조,맑음,교차로 - 교차로부근,승용,여,50세,상해없음,화물,남,36세,경상
2017042100100449,2017년 4월 21일 17시,금요일,대구광역시 달서구 감삼동,중상사고,0,1,0,0,차대차 - 기타,교차로운행방법위반,건조,맑음,교차로 - 교차로횡단보도내,승용,남,61세,상해없음,승용,남,62세,중상
2017042100100492,2017년 4월 21일 18시,금요일,대구광역시 남구 대명동,경상사고,0,0,1,0,차대사람 - 길가장자리구역통행중,안전운전불이행,건조,맑음,단일로 - 기타,화물,남,50세,기타불명,보행자,남,76세,경상
2017042100100520,2017년 4월 21일 19시,금요일,대구광역시 동구 신기동,중상사고,0,1,0,0,차대사람 - 횡단중,안전운전불이행,건조,맑음,단일로 - 기타,승용,여,43세,상해없음,보행자,여,87세,중상
2017042100100521,2017년 4월 21일 19시,금요일,대구광역시 동구 동호동,경상사고,0,0,1,0,차대차 - 기타,안전운전불이행,건조,맑음,교차로 - 교차로부근,원동기,남,53세,경상,승용,여,45세,상해없음
2017042100100522,2017년 4월 21일 19시,금요일,대구광역시 수성구 신매동,중상사고,0,1,0,0,차대사람 - 횡단중,보행자보호의무위반,건조,맑음,교차로 - 교차로횡단보도내,승용,여,40세,상해없음,보행자,남,12세,중상
2017042100100523,2017년 4월 21일 19시,금요일,대구광역시 북구 산격동,경상사고,0,0,1,0,차대사람 - 길가장자리구역통행중,안전운전불이행,건조,맑음,단일로 - 기타,승용,여,20세,상해없음,보행자,여,53세,경상
2017042100100586,2017년 4월 21일 21시,금요일,대구광역시 동구 방촌동,경상사고,0,0,1,0,차대차 - 추돌,안전운전불이행,건조,맑음,단일로 - 기타,승용,여,52세,상해없음,이륜,남,34세,경상
2017042100100587,2017년 4월 21일 21시,금요일,대구광역시 수성구 두산동,경상사고,0,0,1,0,차대차 - 정면충돌,안전거리미확보,건조,맑음,교차로 - 교차로부근,승용,남,45세,상해없음,승용,남,59세,상해없음
2017042100100611,2017년 4월 21일 22시,금요일,대구광역시 달서구 월성동,경상사고,0,0,1,0,차대차 - 정면충돌,교차로운행방법위반,건조,맑음,교차로 - 교차로안,승합,남,45세,상해없음,승용,여,48세,경상
2017042100100612,2017년 4월 21일 22시,금요일,대구광역시 중구 동인동3가,경상사고,0,0,3,0,차대차 - 측면충돌,안전운전불이행,건조,맑음,교차로 - 교차로부근,승용,남,56세,상해없음,승용,남,74세,상해없음
2017042100100637,2017년 4월 21일 23시,금요일,대구광역시 북구 노원동3가,경상사고,0,0,1,0,차량단독 - 기타,안전운전불이행,건조,맑음,교차로 - 교차로안,승용,남,57세,상해없음,,,,
2017042200100028,2017년 4월 22일 00시,토요일,대구광역시 수성구 수성동2가,중상사고,0,1,0,0,차대차 - 정면충돌,안전운전불이행,건조,맑음,단일로 - 기타,승용,여,47세,상해없음,승용,남,60세,중상
2017042200100043,2017년 4월 22일 01시,토요일,대구광역시 동구 신암동,경상사고,0,0,1,0,차대사람 - 횡단중,중앙선침범,건조,맑음,단일로 - 기타,승용,남,62세,상해없음,보행자,남,29세,경상
2017042200100044,2017년 4월 22일 01시,토요일,대구광역시 수성구 지산동,중상사고,0,3,0,0,차대차 - 추돌,안전운전불이행,건조,맑음,단일로 - 기타,화물,남,59세,상해없음,승용,남,56세,중상
2017042200100045,2017년 4월 22일 01시,토요일,대구광역시 달서구 이곡동,경상사고,0,0,1,0,차대차 - 측면충돌,차로위반,건조,맑음,단일로 - 기타,승용,남,42세,상해없음,승용,남,54세,경상
2017042200100046,2017년 4월 22일 01시,토요일,대구광역시 달서구 이곡동,경상사고,0,0,2,0,차대차 - 기타,안전거리미확보,건조,맑음,교차로 - 교차로부근,승용,남,61세,상해없음,승용,남,61세,경상
2017042200100063,2017년 4월 22일 02시,토요일,대구광역시 동구 신암동,사망사고,1,0,0,0,차량단독 - 공작물충돌,안전운전불이행,건조,맑음,단일로 - 기타,승용,남,26세,사망,,,,
2017042200100074,2017년 4월 22일 03시,토요일,대구광역시 중구 삼덕동1가,경상사고,0,0,1,0,차대사람 - 기타,안전운전불이행,건조,맑음,단일로 - 기타,승용,남,27세,상해없음,보행자,여,21세,경상
2017042200100119,2017년 4월 22일 07시,토요일,대구광역시 달서구 용산동,경상사고,0,0,1,0,차대차 - 추돌,안전거리미확보,건조,맑음,단일로 - 기타,승용,남,39세,상해없음,승용,남,53세,경상
2017042200100120,2017년 4월 22일 07시,토요일,대구광역시 북구 관음동,부상신고사고,0,0,0,1,차대차 - 측면충돌,안전운전불이행,건조,맑음,교차로 - 교차로안,자전거,남,41세,부상신고,승용,남,64세,상해없음
2017042200100143,2017년 4월 22일 08시,토요일,대구광역시 북구 노원동3가,경상사고,0,0,2,0,차대차 - 기타,안전운전불이행,건조,맑음,단일로 - 기타,승용,남,34세,상해없음,승용,여,47세,경상
2017042200100168,2017년 4월 22일 09시,토요일,대구광역시 달서구 상인동,경상사고,0,0,1,0,차대차 - 측면충돌,안전운전불이행,건조,맑음,교차로 - 교차로안,승용,남,58세,상해없음,이륜,남,81세,경상
2017042200100169,2017년 4월 22일 09시,토요일,대구광역시 북구 침산동,경상사고,0,0,1,0,차대차 - 추돌,안전거리미확보,건조,맑음,단일로 - 기타,승용,남,25세,상해없음,승용,남,35세,경상
2017042200100170,2017년 4월 22일 09시,토요일,대구광역시 중구 동산동,중상사고,0,1,0,0,차량단독 - 기타,안전운전불이행,건조,맑음,단일로 - 기타,승합,남,32세,상해없음,,,,
2017042200100197,2017년 4월 22일 10시,토요일,대구광역시 달성군 현풍면,중상사고,0,1,1,0,차대차 - 기타,안전운전불이행,건조,맑음,교차로 - 교차로안,화물,남,56세,상해없음,승용,여,56세,중상
2017042200100198,2017년 4월 22일 10시,토요일,대구광역시 서구 비산동,경상사고,0,0,1,0,차대차 - 측면충돌,안전운전불이행,건조,맑음,기타 - 기타,자전거,남,69세,상해없음,자전거,남,52세,경상
2017042200100236,2017년 4월 22일 11시,토요일,대구광역시 달서구 본동,경상사고,0,0,1,0,차량단독 - 전도전복,안전운전불이행,건조,맑음,단일로 - 기타,자전거,여,60세,경상,미분류,미분류,미분류,미분류
2017042200100237,2017년 4월 22일 11시,토요일,대구광역시 서구 내당동,경상사고,0,0,1,1,차대차 - 추돌,안전거리미확보,건조,맑음,단일로 - 기타,승용,남,45세,상해없음,승용,남,23세,경상
2017042200100238,2017년 4월 22일 11시,토요일,대구광역시 서구 중리동,중상사고,0,1,0,0,차대차 - 측면충돌,안전운전불이행,건조,맑음,교차로 - 교차로안,승용,남,75세,상해없음,자전거,남,70세,중상
2017042200100268,2017년 4월 22일 12시,토요일,대구광역시 북구 금호동,중상사고,0,1,4,1,차대차 - 추돌,안전거리미확보,건조,맑음,단일로 - 기타,승용,여,56세,상해없음,승용,남,31세,경상
2017042200100271,2017년 4월 22일 12시,토요일,대구광역시 달서구 감삼동,경상사고,0,0,3,0,차대차 - 추돌,안전운전불이행,건조,맑음,교차로 - 교차로안,화물,남,59세,상해없음,승용,여,38세,경상
2017042200100272,2017년 4월 22일 12시,토요일,대구광역시 달서구 죽전동,경상사고,0,0,1,0,차대차 - 측면충돌,신호위반,건조,맑음,단일로 - 기타,승용,여,27세,상해없음,원동기,남,64세,경상
2017042200100344,2017년 4월 22일 14시,토요일,대구광역시 달서구 장기동,경상사고,0,0,1,0,차대차 - 추돌,안전운전불이행,건조,맑음,단일로 - 기타,승용,남,53세,상해없음,승용,남,27세,경상
2017042200100378,2017년 4월 22일 15시,토요일,대구광역시 북구 서변동,경상사고,0,0,1,0,차대차 - 추돌,안전거리미확보,건조,맑음,단일로 - 기타,승용,남,41세,상해없음,승용,남,28세,경상
2017042200100413,2017년 4월 22일 16시,토요일,대구광역시 북구 산격동,경상사고,0,0,2,0,차대차 - 측면충돌,안전거리미확보,건조,맑음,단일로 - 기타,승용,여,49세,상해없음,원동기,남,16세,경상
2017042200100444,2017년 4월 22일 17시,토요일,대구광역시 동구 방촌동,경상사고,0,0,4,0,차대차 - 추돌,안전운전불이행,건조,맑음,기타 - 기타,화물,남,56세,상해없음,승용,여,52세,경상
2017042200100445,2017년 4월 22일 17시,토요일,대구광역시 북구 사수동,중상사고,0,2,1,0,차대차 - 측면충돌,안전운전불이행,건조,맑음,단일로 - 기타,이륜,남,62세,상해없음,승용,남,41세,상해없음
2017042200100477,2017년 4월 22일 18시,토요일,대구광역시 달서구 신당동,경상사고,0,0,1,0,차대차 - 기타,교차로운행방법위반,건조,맑음,교차로 - 교차로안,승용,남,80세,상해없음,원동기,남,44세,경상
2017042200100478,2017년 4월 22일 18시,토요일,대구광역시 북구 매천동,중상사고,0,1,0,0,차대사람 - 횡단중,안전운전불이행,건조,맑음,교차로 - 교차로부근,승용,남,25세,상해없음,보행자,남,47세,중상
2017042200100506,2017년 4월 22일 19시,토요일,대구광역시 동구 불로동,경상사고,0,0,1,0,차량단독 - 공작물충돌,안전운전불이행,건조,맑음,교차로 - 교차로부근,이륜,남,72세,경상,,,,