사고번호,사고일시,요일,시군구,사고내용,사망자수,중상자수,경상자수,부상신고자수,사고유형,법규위반,노면상태,기상상태,도로형태,가해운전자 차종,가해운전자 성별,가해운전자 연령,가해운전자 상해정도,피해운전자 차종,피해운전자 성별,피해운전자 연령,피해운전자 상해정도
2017042600100647,2017년 4월 26일 23시,수요일,대구광역시 달서구 호산동,경상사고,0,0,1,0,차대차 - 후진중충돌,안전운전불이행,건조,맑음,단일로 - 기타,승합,남,55세,상해없음,승용,남,27세,경상
2017042700100024,2017년 4월 27일 00시,목요일,대구광역시 중구 동인동1가,경상사고,0,0,1,0,차대차 - 기타,안전거리미확보,건조,맑음,교차로 - 교차로부근,승용,남,57세,상해없음,원동기,남,24세,경상
2017042700100025,2017년 4월 27일 00시,목요일,대구광역시 달서구 용산동,경상사고,0,0,1,0,차대차 - 추돌,안전거리미확보,건조,맑음,단일로 - 기타,승용,남,52세,상해없음,승용,남,58세,경상
2017042700100053,2017년 4월 27일 03시,목요일,대구광역시 달성군 화원읍,경상사고,0,0,1,0,차량단독 - 전도전복 - 전도,안전운전불이행,건조,맑음,단일로 - 기타,이륜,남,44세,경상,,,,
2017042700100054,2017년 4월 27일 03시,목요일,대구광역시 북구 칠성동2가,부상신고사고,0,0,0,1,차량단독 - 전도전복,안전운전불이행,건조,맑음,단일로 - 고가도로위,승용,남,26세,부상신고,미분류,미분류,미분류,미분류
2017042700100152,2017년 4월 27일 08시,목요일,대구광역시 남구 대명동,경상사고,0,0,2,0,차대차 - 측면충돌,교차로운행방법위반,건조,맑음,교차로 - 교차로부근,승용,남,59세,경상,승용,여,27세,경상
2017042700100153,2017년 4월 27일 08시,목요일,대구광역시 수성구 두산동,부상신고사고,0,0,0,1,차대차 - 측면충돌,신호위반,건조,맑음,교차로 - 교차로안,승용,남,50세,부상신고,승용,남,37세,상해없음
2017042700100154,2017년 4월 27일 08시,목요일,대구광역시 북구 서변동,경상사고,0,0,1,1,차대차 - 추돌,안전운전불이행,건조,맑음,단일로 - 기타,승용,남,30세,부상신고,승용,남,38세,경상
2017042700100182,2017년 4월 27일 09시,목요일,대구광역시 달서구 두류동,경상사고,0,0,1,0,차대차 - 기타,안전운전불이행,건조,맑음,교차로 - 교차로부근,승용,여,48세,상해없음,자전거,여,24세,경상
2017042700100208,2017년 4월 27일 10시,목요일,대구광역시 중구 대봉동,중상사고,0,1,0,0,차대차 - 측면충돌,불법유턴,건조,맑음,단일로 - 기타,자전거,여,64세,중상,승용,남,51세,상해없음
2017042700100209,2017년 4월 27일 10시,목요일,대구광역시 중구 태평로3가,중상사고,0,1,0,0,차대사람 - 횡단중,안전운전불이행,건조,맑음,단일로 - 기타,승용,남,39세,상해없음,보행자,남,19세,중상
2017042700100228,2017년 4월 27일 11시,목요일,대구광역시 수성구 범어동,중상사고,0,1,0,0,차대사람 - 횡단중,안전운전불이행,건조,맑음,단일로 - 기타,승용,여,30세,상해없음,보행자,여,87세,중상
2017042700100229,2017년 4월 27일 11시,목요일,대구광역시 북구 금호동,중상사고,0,1,0,0,차량단독 - 공작물충돌,안전운전불이행,건조,맑음,단일로 - 기타,화물,남,52세,중상,,,,
2017042700100250,2017년 4월 27일 12시,목요일,대구광역시 달서구 월암동,경상사고,0,0,2,0,차대차 - 추돌,안전운전불이행,건조,맑음,교차로 - 교차로부근,승용,여,65세,상해없음,승용,남,48세,경상
2017042700100251,2017년 4월 27일 12시,목요일,대구광역시 북구 산격동,경상사고,0,0,1,0,차대차 - 측면충돌,신호위반,건조,맑음,교차로 - 교차로안,승용,남,23세,상해없음,원동기,남,25세,경상
2017042700100252,2017년 4월 27일 12시,목요일,대구광역시 북구 노원동3가,경상사고,0,0,1,0,차대사람 - 횡단중,안전운전불이행,건조,맑음,단일로 - 기타,화물,남,45세,상해없음,보행자,남,49세,경상
2017042700100282,2017년 4월 27일 13시,목요일,대구광역시 북구 산격동,중상사고,0,1,0,0,차대사람 - 횡단중,신호위반,건조,맑음,교차로 - 교차로횡단보도내,승합,남,56세,상해없음,보행자,남,72세,중상
2017042700100283,2017년 4월 27일 13시,목요일,대구광역시 중구 포정동,경상사고,0,0,1,0,차대차 - 측면충돌,안전운전불이행,건조,맑음,교차로 - 교차로부근,승용,남,49세,상해없음,승용,남,63세,경상
2017042700100314,2017년 4월 27일 14시,목요일,대구광역시 북구 노원동3가,경상사고,0,0,1,0,차대차 - 기타,교차로운행방법위반,건조,맑음,교차로 - 교차로안,승용,남,30세,상해없음,승용,남,39세,상해없음
2017042700100351,2017년 4월 27일 15시,목요일,대구광역시 달서구 신당동,중상사고,0,1,0,0,차대사람 - 횡단중,안전운전불이행,건조,맑음,주차장 - 주차장,승용,남,27세,상해없음,보행자,남,22세,중상
2017042700100385,2017년 4월 27일 16시,목요일,대구광역시 달서구 호산동,경상사고,0,0,1,0,차대차 - 측면충돌,차로위반,건조,맑음,단일로 - 기타,화물,남,36세,상해없음,이륜,남,21세,경상
2017042700100386,2017년 4월 27일 16시,목요일,대구광역시 달서구 감삼동,중상사고,0,1,0,0,차대사람 - 횡단중,안전운전불이행,건조,맑음,단일로 - 기타,승용,여,49세,상해없음,보행자,여,63세,중상
2017042700100442,2017년 4월 27일 17시,목요일,대구광역시 수성구 신매동,중상사고,0,1,0,0,차대사람 - 횡단중,안전운전불이행,건조,맑음,단일로 - 기타,승용,여,42세,상해없음,보행자,여,69세,중상
2017042700100493,2017년 4월 27일 18시,목요일,대구광역시 동구 방촌동,경상사고,0,0,1,0,차대차 - 추돌,안전운전불이행,건조,맑음,단일로 - 기타,승합,남,42세,상해없음,승용,남,71세,경상
2017042700100494,2017년 4월 27일 18시,목요일,대구광역시 수성구 범어동,경상사고,0,0,1,0,차대사람 - 차도통행중,안전운전불이행,건조,맑음,교차로 - 교차로안,이륜,남,36세,상해없음,보행자,남,35세,경상
2017042700100495,2017년 4월 27일 18시,목요일,대구광역시 중구 삼덕동3가,경상사고,0,0,2,0,차대차 - 측면충돌,차로위반,건조,맑음,단일로 - 지하차도(도로)내,승용,남,61세,상해없음,화물,남,49세,상해없음
2017042700100496,2017년 4월 27일 18시,목요일,대구광역시 달서구 두류동,부상신고사고,0,0,0,1,차대사람 - 횡단중,안전운전불이행,건조,맑음,단일로 - 기타,승용,여,26세,상해없음,보행자,남,44세,부상신고
2017042700100497,2017년 4월 27일 18시,목요일,대구광역시 북구 태전동,중상사고,0,1,0,0,차대차 - 측면충돌,기타,건조,맑음,단일로 - 기타,승용,남,61세,상해없음,이륜,남,30세,중상
2017042700100523,2017년 4월 27일 19시,목요일,대구광역시 수성구 범어동,경상사고,0,0,1,0,차대사람 - 횡단중,기타,건조,맑음,단일로 - 기타,승합,남,57세,상해없음,보행자,여,74세,경상
2017042700100524,2017년 4월 27일 19시,목요일,대구광역시 달서구 월암동,경상사고,0,0,2,0,차대차 - 측면충돌,교차로운행방법위반,건조,맑음,교차로 - 교차로안,승용,남,57세,상해없음,승용,남,56세,경상
2017042700100525,2017년 4월 27일 19시,목요일,대구광역시 서구 평리동,중상사고,0,1,0,0,차대사람 - 횡단중,안전운전불이행,건조,맑음,단일로 - 기타,승합,남,57세,상해없음,보행자,남,6세,중상
2017042700100526,2017년 4월 27일 19시,목요일,대구광역시 달서구 성당동,경상사고,0,0,1,0,차대사람 - 횡단중,기타,건조,맑음,기타 - 기타,승용,여,51세,기타불명,보행자,남,48세,경상
2017042700100527,2017년 4월 27일 19시,목요일,대구광역시 달서구 신당동,중상사고,0,1,0,0,차대차 - 측면충돌,안전운전불이행,건조,맑음,단일로 - 기타,승용,남,42세,상해없음,이륜,남,17세,중상
2017042700100559,2017년 4월 27일 20시,목요일,대구광역시 남구 봉덕동,경상사고,0,0,1,0,차대사람 - 횡단중,안전운전불이행,건조,맑음,단일로 - 기타,승용,여,29세,상해없음,보행자,남,57세,경상
2017042700100560,2017년 4월 27일 20시,목요일,대구광역시 수성구 사월동,경상사고,0,0,1,0,차대사람 - 횡단중,안전운전불이행,건조,맑음,교차로 - 교차로안,승용,남,29세,상해없음,보행자,남,54세,경상
2017042700100561,2017년 4월 27일 20시,목요일,대구광역시 수성구 상동,중상사고,0,2,1,0,차대차 - 측면충돌,교차로운행방법위반,건조,맑음,교차로 - 교차로안,원동기,남,49세,중상,승용,남,40세,중상
2017042700100562,2017년 4월 27일 20시,목요일,대구광역시 달서구 진천동,중상사고,0,1,0,0,차대차 - 기타,안전운전불이행,건조,맑음,교차로 - 교차로부근,원동기,남,38세,상해없음,원동기,남,16세,중상
2017042700100563,2017년 4월 27일 20시,목요일,대구광역시 서구 내당동,경상사고,0,0,1,0,차대차 - 측면충돌,신호위반,건조,맑음,교차로 - 교차로안,승용,남,77세,상해없음,승용,남,29세,경상
2017042700100597,2017년 4월 27일 21시,목요일,대구광역시 중구 태평로1가,중상사고,0,1,0,0,차대차 - 기타,불법유턴,건조,맑음,교차로 - 교차로안,이륜,남,25세,상해없음,이륜,남,56세,중상
2017042700100626,2017년 4월 27일 22시,목요일,대구광역시 동구 신천동,중상사고,0,1,0,0,차대차 - 측면충돌,안전운전불이행,건조,맑음,교차로 - 교차로안,승용,남,46세,상해없음,승용,남,56세,중상
2017042700100627,2017년 4월 27일 22시,목요일,대구광역시 서구 평리동,경상사고,0,0,1,0,차대차 - 측면충돌,신호위반,건조,맑음,교차로 - 교차로안,승용,남,50세,상해없음,승용,남,32세,경상
2017042700100646,2017년 4월 27일 23시,목요일,대구광역시 남구 대명동,경상사고,0,0,1,0,차대차 - 추돌,안전운전불이행,건조,맑음,교차로 - 교차로부근,승용,남,62세,상해없음,승용,여,53세,경상
2017042800100028,2017년 4월 28일 00시,금요일,대구광역시 달서구 상인동,중상사고,0,1,2,0,차대차 - 측면충돌,안전운전불이행,건조,맑음,단일로 - 기타,승용,여,60세,경상,승용,남,48세,경상
2017042800100042,2017년 4월 28일 01시,금요일,대구광역시 달서구 신당동,경상사고,0,0,1,0,차대사람 - 횡단중,안전운전불이행,건조,맑음,단일로 - 기타,승용,남,55세,상해없음,보행자,남,44세,경상
2017042800100059,2017년 4월 28일 03시,금요일,대구광역시 달서구 죽전동,부상신고사고,0,0,0,1,차대차 - 측면충돌,안전운전불이행,건조,맑음,교차로 - 교차로횡단보도내,승용,남,59세,상해없음,화물,남,63세,상해없음
2017042800100113,2017년 4월 28일 07시,금요일,대구광역시 달성군 논공읍,경상사고,0,0,2,0,차대차 - 추돌,안전운전불이행,건조,맑음,단일로 - 기타,건설기계,남,53세,상해없음,승용,남,52세,경상
2017042800100156,2017년 4월 28일 08시,금요일,대구광역시 수성구 신매동,중상사고,0,1,0,0,차대사람 - 횡단중,안전운전불이행,건조,맑음,단일로 - 기타,자전거,남,55세,상해없음,보행자,여,78세,중상
2017042800100157,2017년 4월 28일 08시,금요일,대구광역시 수성구 만촌동,중상사고,0,1,0,0,차대차 - 정면충돌,안전거리미확보,건조,맑음,단일로 - 기타,화물,남,67세,상해없음,이륜,남,57세,중상
2017042800100158,2017년 4월 28일 08시,금요일,대구광역시 수성구 수성동2가,경상사고,0,0,1,0,차대차 - 측면충돌,안전운전불이행,건조,맑음,단일로 - 기타,승용,여,46세,상해없음,승용,여,46세,경상
2017042800100159,2017년 4월 28일 08시,금요일,대구광역시 달서구 본리동,경상사고,0,0,2,0,차대차 - 추돌,안전거리미확보,건조,맑음,교차로 - 교차로부근,승합,남,59세,상해없음,승용,여,52세,경상
2017042800100160,2017년 4월 28일 08시,금요일,대구광역시 달서구 장동,경상사고,0,0,1,0,차대차 - 측면충돌,안전운전불이행,건조,맑음,단일로 - 기타,승용,남,40세,상해없음,승용,여,51세,경상
2017042800100161,2017년 4월 28일 08시,금요일,대구광역시 북구 복현동,경상사고,0,0,2,0,차대차 - 측면충돌,기타,건조,맑음,교차로 - 교차로안,원동기,남,25세,기타불명,승용,남,60세,경상
2017042800100162,2017년 4월 28일 08시,금요일,대구광역시 달서구 이곡동,중상사고,0,1,0,0,차대차 - 측면충돌,안전운전불이행,건조,맑음,교차로 - 교차로부근,승용,여,51세,상해없음,이륜,남,16세,중상
2017042800100163,2017년 4월 28일 08시,금요일,대구광역시 북구 태전동,경상사고,0,0,1,0,차대사람 - 횡단중,신호위반,건조,맑음,단일로 - 기타,승용,여,60세,상해없음,보행자,여,12세,경상
2017042800100203,2017년 4월 28일 09시,금요일,대구광역시 남구 대명동,경상사고,0,0,1,0,차대차 - 후진중충돌,안전운전불이행,건조,맑음,교차로 - 교차로안,승용,남,72세,상해없음,승용,여,30세,경상
2017042800100204,2017년 4월 28일 09시,금요일,대구광역시 동구 신평동,경상사고,0,0,1,0,차대차 - 측면충돌,교차로운행방법위반,건조,맑음,교차로 - 교차로안,승합,남,50세,상해없음,승용,여,47세,경상
2017042800100234,2017년 4월 28일 10시,금요일,대구광역시 달서구 진천동,경상사고,0,0,1,0,차대차 - 측면충돌,신호위반,건조,맑음,교차로 - 교차로안,승용,남,49세,상해없음,원동기,남,60세,경상
2017042800100235,2017년 4월 28일 10시,금요일,대구광역시 달서구 송현동,경상사고,0,0,1,0,차대차 - 추돌,안전거리미확보,건조,맑음,단일로 - 기타,승용,여,60세,상해없음,승용,여,58세,경상
2017042800100236,2017년 4월 28일 10시,금요일,대구광역시 북구 산격동,중상사고,0,1,0,0,차량단독 - 기타,안전운전불이행,건조,맑음,단일로 - 기타,승합,남,42세,상해없음,,,,
2017042800100266,2017년 4월 28일 11시,금요일,대구광역시 남구 봉덕동,경상사고,0,0,1,0,차대차 - 추돌,안전운전불이행,건조,맑음,단일로 - 기타,승용,남,54세,상해없음,화물,남,46세,경상
2017042800100267,2017년 4월 28일 11시,금요일,대구광역시 수성구 만촌동,중상사고,0,1,0,0,차대차 - 정면충돌,안전운전불이행,건조,맑음,단일로 - 기타,승용,남,44세,상해없음,이륜,여,55세,중상
2017042800100268,2017년 4월 28일 11시,금요일,대구광역시 달서구 이곡동,중상사고,0,1,0,0,차대사람 - 차도통행중,안전운전불이행,건조,맑음,단일로 - 기타,승용,여,33세,상해없음,보행자,여,82세,중상
2017042800100299,2017년 4월 28일 12시,금요일,대구광역시 수성구 시지동,중상사고,0,1,0,0,차대차 - 정면충돌,신호위반,건조,맑음,교차로 - 교차로안,승용,여,53세,상해없음,이륜,남,53세,중상
2017042800100300,2017년 4월 28일 12시,금요일,대구광역시 수성구 연호동,부상신고사고,0,0,0,1,차량단독 - 전도전복,안전운전불이행,건조,맑음,단일로 - 기타,승용,남,26세,부상신고,미분류,미분류,미분류,미분류
2017042800100301,2017년 4월 28일 12시,금요일,대구광역시 수성구 중동,중상사고,0,1,1,1,차대차 - 측면충돌,안전거리미확보,건조,맑음,단일로 - 기타,승용,남,39세,부상신고,승용,남,67세,경상
2017042800100302,2017년 4월 28일 12시,금요일,대구광역시 중구 동인동3가,경상사고,0,0,1,0,차대차 - 측면충돌,안전거리미확보,건조,맑음,단일로 - 기타,승용,남,29세,상해없음,승용,남,61세,경상
2017042800100367,2017년 4월 28일 14시,금요일,대구광역시 수성구 황금동,경상사고,0,0,1,1,차대차 - 추돌,안전운전불이행,건조,맑음,단일로 - 기타,승용,여,63세,부상신고,화물,남,29세,상해없음
2017042800100368,2017년 4월 28일 14시,금요일,대구광역시 북구 노원동3가,경상사고,0,0,1,0,차대차 - 기타,안전거리미확보,건조,맑음,단일로 - 기타,승용,남,59세,기타불명,승합,남,42세,상해없음
2017042800100369,2017년 4월 28일 14시,금요일,대구광역시 달서구 용산동,경상사고,0,0,1,0,차대차 - 측면충돌,신호위반,건조,맑음,교차로 - 교차로안,승용,여,61세,상해없음,승용,남,38세,경상
2017042800100401,2017년 4월 28일 15시,금요일,대구광역시 달서구 성당동,경상사고,0,0,1,0,차대차 - 기타,안전운전불이행,건조,맑음,교차로 - 교차로횡단보도내,이륜,남,65세,경상,승용,남,43세,상해없음
2017042800100402,2017년 4월 28일 15시,금요일,대구광역시 중구 남산동,경상사고,0,0,1,0,차대차 - 추돌,안전거리미확보,건조,맑음,단일로 - 기타,승용,남,58세,상해없음,승용,여,35세,경상
2017042800100441,2017년 4월 28일 16시,금요일,대구광역시 중구 대신동,경상사고,0,0,1,0,차대사람 - 횡단중,보행자보호의무위반,건조,맑음,교차로 - 교차로안,이륜,남,62세,상해없음,보행자,남,65세,경상
2017042800100525,2017년 4월 28일 18시,금요일,대구광역시 동구 율하동,경상사고,0,0,1,0,차대차 - 측면충돌,신호위반,건조,맑음,교차로 - 교차로안,승용,여,42세,상해없음,승용,남,37세,경상
2017042800100526,2017년 4월 28일 18시,금요일,대구광역시 동구 방촌동,경상사고,0,0,1,0,차대차 - 추돌,안전운전불이행,건조,맑음,단일로 - 기타,승용,남,24세,상해없음,승용,남,44세,경상
2017042800100527,2017년 4월 28일 18시,금요일,대구광역시 수성구 만촌동,경상사고,0,0,1,1,차대차 - 추돌,안전거리미확보,건조,맑음,교차로 - 교차로안,승용,여,70세,부상신고,승용,남,56세,경상
2017042800100528,2017년 4월 28일 18시,금요일,대구광역시 달서구 월암동,경상사고,0,0,2,0,차대차 - 추돌,안전운전불이행,건조,맑음,단일로 - 기타,승용,남,35세,상해없음,승용,여,36세,경상
2017042800100529,2017년 4월 28일 18시,금요일,대구광역시 북구 동천동,경상사고,0,0,1,0,차대차 - 측면충돌,안전거리미확보,건조,맑음,단일로 - 기타,승용,남,29세,상해없음,승용,여,43세,경상
2017042800100567,2017년 4월 28일 19시,금요일,대구광역시 달서구 대곡동,경상사고,0,0,2,0,차대차 - 측면충돌,안전거리미확보,건조,맑음,단일로 - 기타,승용,남,66세,상해없음,승합,남,70세,상해없음
2017042800100568,2017년 4월 28일 19시,금요일,대구광역시 달성군 다사읍,경상사고,0,0,1,0,차대차 - 추돌,안전거리미확보,건조,맑음,교차로 - 교차로부근,승용,남,40세,상해없음,승용,여,57세,경상
2017042800100569,2017년 4월 28일 19시,금요일,대구광역시 북구 산격동,부상신고사고,0,0,0,1,차대사람 - 횡단중,안전운전불이행,건조,맑음,단일로 - 기타,승용,남,30세,상해없음,보행자,남,10세,부상신고
2017042800100570,2017년 4월 28일 19시,금요일,대구광역시 달서구 갈산동,경상사고,0,0,1,0,차대차 - 측면충돌,교차로운행방법위반,건조,맑음,단일로 - 기타,승용,남,59세,상해없음,승용,남,46세,경상
2017042800100641,2017년 4월 28일 21시,금요일,대구광역시 동구 신천동,중상사고,0,1,0,0,차대사람 - 횡단중,안전운전불이행,건조,맑음,단일로 - 기타,승용,남,76세,상해없음,보행자,여,45세,중상
2017042800100642,2017년 4월 28일 21시,금요일,대구광역시 동구 동호동,경상사고,0,0,1,0,차대차 - 기타,안전거리미확보,건조,맑음,교차로 - 교차로안,승용,여,67세,상해없음,승합,여,59세,상해없음
2017042800100674,2017년 4월 28일 22시,금요일,대구광역시 동구 율하동,경상사고,0,0,1,1,차대차 - 측면충돌,안전거리미확보,건조,맑음,단일로 - 기타,승용,남,39세,부상신고,승용,남,34세,경상
2017042800100696,2017년 4월 28일 23시,금요일,대구광역시 달서구 상인동,경상사고,0,0,1,0,차대사람 - 횡단중,안전운전불이행,건조,맑음,주차장 - 주차장,승용,남,46세,상해없음,보행자,남,52세,경상
2017042800100697,2017년 4월 28일 23시,금요일,대구광역시 북구 태전동,경상사고,0,0,2,0,차대차 - 측면충돌,안전운전불이행,건조,맑음,단일로 - 기타,승용,여,38세,상해없음,승용,여,30세,경상
2017042900100032,2017년 4월 29일 00시,토요일,대구광역시 수성구 황금동,경상사고,0,0,1,0,차대사람 - 차도통행중,안전운전불이행,건조,맑음,단일로 - 기타,승용,남,30세,상해없음,보행자,남,56세,경상
2017042900100057,2017년 4월 29일 01시,토요일,대구광역시 달성군 유가면,경상사고,0,0,1,0,차대차 - 측면충돌,신호위반,건조,맑음,교차로 - 교차로부근,승용,남,33세,상해없음,승용,여,29세,경상
2017042900100073,2017년 4월 29일 02시,토요일,대구광역시 중구 동인동4가,부상신고사고,0,0,0,3,차대차 - 추돌,안전거리미확보,건조,맑음,교차로 - 교차로부근,승용,남,21세,부상신고,승용,남,21세,상해없음
2017042900100091,2017년 4월 29일 04시,토요일,대구광역시 수성구 지산동,경상사고,0,0,1,0,차대차 - 정면충돌,안전운전불이행,건조,맑음,교차로 - 교차로부근,승용,남,56세,상해없음,승용,남,32세,경상
2017042900100092,2017년 4월 29일 04시,토요일,대구광역시 서구 내당동,중상사고,0,1,0,0,차량단독 - 전도전복 - 전도,안전운전불이행,건조,맑음,교차로 - 교차로부근,이륜,남,16세,중상,,,,
2017042900100118,2017년 4월 29일 06시,토요일,대구광역시 달서구 감삼동,중상사고,0,1,0,0,차대사람 - 횡단중,보행자보호의무위반,건조,맑음,교차로 - 교차로안,승용,남,35세,상해없음,보행자,남,56세,중상
2017042900100141,2017년 4월 29일 07시,토요일,대구광역시 남구 봉덕동,경상사고,0,0,1,0,차대차 - 측면충돌,교차로운행방법위반,건조,맑음,교차로 - 교차로안,승용,남,66세,상해없음,화물,남,35세,경상
2017042900100142,2017년 4월 29일 07시,토요일,대구광역시 동구 진인동,중상사고,0,1,0,0,차대사람 - 횡단중,안전운전불이행,건조,맑음,단일로 - 기타,승용,여,55세,상해없음,보행자,여,68세,중상
2017042900100164,2017년 4월 29일 08시,토요일,대구광역시 서구 원대동1가,경상사고,0,0,1,0,차대차 - 추돌,안전운전불이행,건조,맑음,단일로 - 기타,승용,남,24세,상해없음,승용,남,60세,상해없음
2017042900100199,2017년 4월 29일 09시,토요일,대구광역시 수성구 만촌동,중상사고,0,1,1,2,차대차 - 추돌,신호위반,건조,맑음,교차로 - 교차로안,화물,남,24세,상해없음,승용,남,25세,경상
2017042900100200,2017년 4월 29일 09시,토요일,대구광역시 북구 관음동,부상신고사고,0,0,0,1,차대사람 - 횡단중,안전운전불이행,건조,맑음,교차로 - 교차로부근,승용,남,57세,상해없음,보행자,남,75세,부상신고
2017042900100230,2017년 4월 29일 10시,토요일,대구광역시 달서구 유천동,경상사고,0,0,1,0,차대사람 - 횡단중,보행자보호의무위반,건조,맑음,교차로 - 교차로횡단보도내,이륜,남,61세,상해없음,보행자,남,17세,경상
2017042900100231,2017년 4월 29일 10시,토요일,대구광역시 북구 노원동3가,경상사고,0,0,2,0,차대차 - 측면충돌,신호위반,건조,맑음,교차로 - 교차로안,승용,여,20세,상해없음,승용,남,67세,경상
2017042900100232,2017년 4월 29일 10시,토요일,대구광역시 서구 내당동,경상사고,0,0,1,0,차대차 - 측면충돌,안전운전불이행,건조,맑음,단일로 - 기타,자전거,남,9세,경상,승용,남,55세,상해없음
2017042900100263,2017년 4월 29일 11시,토요일,대구광역시 동구 방촌동,경상사고,0,0,1,0,차대차 - 추돌,안전운전불이행,건조,맑음,단일로 - 기타,화물,남,49세,상해없음,화물,여,55세,경상
2017042900100264,2017년 4월 29일 11시,토요일,대구광역시 수성구 두산동,경상사고,0,0,1,0,차대차 - 정면충돌,안전거리미확보,건조,맑음,교차로 - 교차로부근,승용,남,56세,상해없음,승용,남,62세,경상
2017042900100295,2017년 4월 29일 12시,토요일,대구광역시 동구 입석동,경상사고,0,0,1,0,차대차 - 측면충돌,안전거리미확보,건조,맑음,단일로 - 기타,승용,남,34세,상해없음,승용,남,40세,경상
2017042900100296,2017년 4월 29일 12시,토요일,대구광역시 북구 노원동3가,중상사고,0,1,0,0,차대차 - 측면충돌,직진우회전진행방해,건조,맑음,교차로 - 교차로안,승용,남,63세,상해없음,원동기,남,50세,중상
2017042900100297,2017년 4월 29일 12시,토요일,대구광역시 달서구 두류동,경상사고,0,0,1,0,차대차 - 측면충돌,신호위반,건조,맑음,교차로 - 교차로부근,이륜,남,18세,상해없음,자전거,남,13세,경상
2017042900100338,2017년 4월 29일 13시,토요일,대구광역시 남구 봉덕동,경상사고,0,0,1,0,차대차 - 측면충돌,안전운전불이행,건조,맑음,단일로 - 기타,승용,남,23세,상해없음,승용,남,64세,경상
2017042900100339,2017년 4월 29일 13시,토요일,대구광역시 동구 신천동,경상사고,0,0,1,1,차대차 - 측면충돌,교차로운행방법위반,건조,맑음,교차로 - 교차로안,승용,남,62세,부상신고,승용,남,43세,경상
2017042900100340,2017년 4월 29일 13시,토요일,대구광역시 동구 용계동,경상사고,0,0,1,0,차대차 - 정면충돌,안전운전불이행,건조,맑음,단일로 - 기타,승용,남,26세,상해없음,원동기,남,22세,경상
2017042900100341,2017년 4월 29일 13시,토요일,대구광역시 달서구 상인동,중상사고,0,1,0,0,차대차 - 추돌,안전운전불이행,건조,맑음,단일로 - 기타,승합,남,56세,상해없음,승용,남,40세,기타불명
2017042900100379,2017년 4월 29일 14시,토요일,대구광역시 서구 비산동,경상사고,0,0,2,0,차대차 - 측면충돌,안전운전불이행,건조,맑음,단일로 - 기타,승용,남,66세,경상,원동기,남,24세,경상
2017042900100414,2017년 4월 29일 15시,토요일,대구광역시 동구 동호동,경상사고,0,0,2,0,차대차 - 측면충돌,안전운전불이행,건조,맑음,교차로 - 교차로횡단보도내,승용,남,42세,상해없음,승용,여,61세,경상
2017042900100415,2017년 4월 29일 15시,토요일,대구광역시 동구 신암동,중상사고,0,1,0,0,차대차 - 측면충돌,안전운전불이행,건조,맑음,교차로 - 교차로안,승용,남,46세,상해없음,자전거,남,82세,중상
2017042900100416,2017년 4월 29일 15시,토요일,대구광역시 서구 비산동,중상사고,0,1,0,0,차대사람 - 횡단중,안전운전불이행,건조,맑음,교차로 - 교차로부근,승합,남,58세,상해없음,보행자,남,49세,중상
2017042900100469,2017년 4월 29일 16시,토요일,대구광역시 수성구 만촌동,경상사고,0,0,1,0,차대차 - 측면충돌,안전운전불이행,건조,맑음,단일로 - 기타,승용,여,42세,상해없음,자전거,남,76세,경상
2017042900100470,2017년 4월 29일 16시,토요일,대구광역시 수성구 신매동,중상사고,0,1,0,0,차대사람 - 횡단중,보행자보호의무위반,건조,맑음,교차로 - 교차로횡단보도내,기타불명,기타불명,미분류,기타불명,보행자,여,64세,중상
2017042900100508,2017년 4월 29일 17시,토요일,대구광역시 동구 불로동,경상사고,0,0,3,0,차대차 - 정면충돌,안전거리미확보,건조,맑음,단일로 - 기타,승용,남,26세,기타불명,승용,남,33세,경상
2017042900100509,2017년 4월 29일 17시,토요일,대구광역시 서구 내당동,중상사고,0,1,0,0,차대사람 - 횡단중,안전운전불이행,건조,맑음,교차로 - 교차로안,승용,남,26세,상해없음,보행자,여,52세,중상
2017042900100510,2017년 4월 29일 17시,토요일,대구광역시 서구 평리동,경상사고,0,0,2,0,차대차 - 측면충돌,교차로운행방법위반,건조,맑음,교차로 - 교차로안,승용,남,59세,상해없음,승용,남,67세,경상
2017042900100511,2017년 4월 29일 17시,토요일,대구광역시 달서구 감삼동,경상사고,0,0,2,0,차대차 - 추돌,안전운전불이행,건조,맑음,단일로 - 기타,승용,남,63세,상해없음,승용,남,26세,경상
2017042900100550,2017년 4월 29일 18시,토요일,대구광역시 달서구 도원동,중상사고,0,1,0,0,차대차 - 측면충돌,안전운전불이행,건조,맑음,교차로 - 교차로부근,승용,여,26세,상해없음,이륜,남,34세,중상
2017042900100579,2017년 4월 29일 19시,토요일,대구광역시 달서구 송현동,경상사고,0,0,1,0,차대차 - 측면충돌,안전운전불이행,건조,맑음,단일로 - 기타,승용,남,49세,상해없음,승용,여,31세,경상
2017042900100580,2017년 4월 29일 19시,토요일,대구광역시 북구 관음동,경상사고,0,0,3,0,차대차 - 측면충돌,안전운전불이행,건조,맑음,교차로 - 교차로부근,승용,남,59세,경상,승용,남,28세,경상
2017042900100617,2017년 4월 29일 20시,토요일,대구광역시 중구 남산동,중상사고,0,1,0,0,차대사람 - 횡단중,안전운전불이행,건조,맑음,교차로 - 교차로횡단보도내,승용,남,66세,상해없음,보행자,남,51세,중상