사고번호,사고일시,요일,시군구,사고내용,사망자수,중상자수,경상자수,부상신고자수,사고유형,법규위반,노면상태,기상상태,도로형태,가해운전자 차종,가해운전자 성별,가해운전자 연령,가해운전자 상해정도,피해운전자 차종,피해운전자 성별,피해운전자 연령,피해운전자 상해정도
2017042900100646,2017년 4월 29일 21시,토요일,대구광역시 동구 신천동,경상사고,0,0,3,0,차대차 - 측면충돌,신호위반,건조,맑음,교차로 - 교차로안,승용,여,30세,상해없음,승용,남,70세,상해없음
2017042900100689,2017년 4월 29일 23시,토요일,대구광역시 북구 서변동,경상사고,0,0,2,0,차대차 - 측면충돌,안전운전불이행,건조,맑음,단일로 - 기타,승용,남,36세,상해없음,승용,남,52세,경상
2017043000100028,2017년 4월 30일 00시,일요일,대구광역시 달서구 감삼동,중상사고,0,1,0,0,차대사람 - 횡단중,안전운전불이행,건조,맑음,단일로 - 기타,승용,남,49세,상해없음,보행자,남,45세,중상
2017043000100055,2017년 4월 30일 02시,일요일,대구광역시 동구 봉무동,경상사고,0,0,2,0,차대차 - 기타,중앙선침범,건조,맑음,단일로 - 지하차도(도로)내,승용,남,49세,상해없음,승용,남,29세,경상
2017043000100072,2017년 4월 30일 04시,일요일,대구광역시 중구 동인동2가,중상사고,0,1,0,0,차대사람 - 횡단중,안전운전불이행,건조,맑음,단일로 - 기타,승용,남,62세,상해없음,보행자,여,88세,중상
2017043000100088,2017년 4월 30일 06시,일요일,대구광역시 달서구 상인동,중상사고,0,1,0,3,차대차 - 추돌,안전운전불이행,건조,맑음,교차로 - 교차로부근,승용,여,44세,상해없음,승용,남,54세,중상
2017043000100089,2017년 4월 30일 06시,일요일,대구광역시 달서구 송현동,경상사고,0,0,2,0,차대차 - 추돌,안전운전불이행,건조,맑음,주차장 - 주차장,승용,남,26세,상해없음,승용,남,19세,경상
2017043000100112,2017년 4월 30일 08시,일요일,대구광역시 남구 대명동,중상사고,0,1,0,0,차대차 - 측면충돌,신호위반,건조,맑음,교차로 - 교차로횡단보도내,기타불명,기타불명,미분류,기타불명,자전거,남,58세,중상
2017043000100113,2017년 4월 30일 08시,일요일,대구광역시 달서구 상인동,중상사고,0,1,1,0,차대차 - 정면충돌,안전운전불이행,건조,맑음,단일로 - 기타,자전거,남,16세,중상,자전거,남,35세,경상
2017043000100178,2017년 4월 30일 11시,일요일,대구광역시 달성군 현풍면,경상사고,0,0,1,0,차대사람 - 기타,안전운전불이행,건조,맑음,단일로 - 기타,승용,남,53세,상해없음,보행자,남,35세,경상
2017043000100179,2017년 4월 30일 11시,일요일,대구광역시 북구 산격동,경상사고,0,0,2,1,차대차 - 측면충돌,안전운전불이행,건조,맑음,교차로 - 교차로부근,승용,남,68세,상해없음,승합,남,46세,상해없음
2017043000100180,2017년 4월 30일 11시,일요일,대구광역시 달서구 본리동,중상사고,0,1,0,0,차대차 - 측면충돌,안전운전불이행,건조,맑음,단일로 - 기타,승용,남,71세,상해없음,승용,남,25세,중상
2017043000100205,2017년 4월 30일 12시,일요일,대구광역시 수성구 범어동,부상신고사고,0,0,0,1,차대차 - 측면충돌,안전운전불이행,건조,맑음,교차로 - 교차로부근,이륜,남,28세,부상신고,승용,남,25세,기타불명
2017043000100206,2017년 4월 30일 12시,일요일,대구광역시 서구 평리동,경상사고,0,0,2,0,차대차 - 측면충돌,안전운전불이행,건조,맑음,단일로 - 기타,승용,여,55세,상해없음,승용,남,69세,경상
2017043000100207,2017년 4월 30일 12시,일요일,대구광역시 중구 공평동,경상사고,0,0,1,0,차대사람 - 기타,기타,건조,맑음,단일로 - 기타,승용,남,63세,상해없음,보행자,남,18세,경상
2017043000100268,2017년 4월 30일 14시,일요일,대구광역시 달성군 다사읍,경상사고,0,0,1,0,차대차 - 정면충돌,중앙선침범,건조,맑음,단일로 - 기타,자전거,남,11세,상해없음,자전거,남,27세,경상
2017043000100269,2017년 4월 30일 14시,일요일,대구광역시 달성군 다사읍,경상사고,0,0,1,0,차대차 - 기타,안전운전불이행,건조,맑음,교차로 - 교차로안,승용,여,28세,상해없음,원동기,남,40세,경상
2017043000100270,2017년 4월 30일 14시,일요일,대구광역시 달성군 화원읍,경상사고,0,0,1,0,차대차 - 추돌,안전거리미확보,건조,맑음,주차장 - 주차장,승용,남,64세,상해없음,승용,여,51세,경상
2017043000100271,2017년 4월 30일 14시,일요일,대구광역시 달서구 두류동,경상사고,0,0,1,0,차대차 - 기타,안전운전불이행,건조,맑음,단일로 - 기타,승용,남,45세,기타불명,승용,남,38세,기타불명
2017043000100297,2017년 4월 30일 15시,일요일,대구광역시 서구 평리동,경상사고,0,0,1,0,차대차 - 측면충돌,안전운전불이행,건조,맑음,단일로 - 기타,화물,여,67세,상해없음,이륜,남,16세,경상
2017043000100298,2017년 4월 30일 15시,일요일,대구광역시 달서구 두류동,경상사고,0,0,1,0,차대차 - 추돌,안전운전불이행,건조,맑음,단일로 - 기타,승용,남,51세,상해없음,승용,남,32세,경상
2017043000100335,2017년 4월 30일 16시,일요일,대구광역시 북구 산격동,경상사고,0,0,4,0,차대차 - 측면충돌,안전운전불이행,건조,맑음,교차로 - 교차로안,승용,남,67세,상해없음,승용,남,54세,경상
2017043000100336,2017년 4월 30일 16시,일요일,대구광역시 서구 평리동,중상사고,0,1,3,0,차대차 - 측면충돌,과속,건조,맑음,단일로 - 기타,승용,남,31세,경상,승용,남,76세,중상
2017043000100337,2017년 4월 30일 16시,일요일,대구광역시 서구 평리동,중상사고,0,1,0,0,차대차 - 측면충돌,직진우회전진행방해,건조,맑음,교차로 - 교차로안,이륜,남,28세,중상,승용,여,35세,상해없음
2017043000100338,2017년 4월 30일 16시,일요일,대구광역시 중구 서문로2가,경상사고,0,0,1,0,차대차 - 추돌,안전운전불이행,건조,맑음,단일로 - 기타,승용,남,73세,상해없음,승용,남,36세,경상
2017043000100339,2017년 4월 30일 16시,일요일,대구광역시 달서구 두류동,경상사고,0,0,1,0,차대차 - 기타,안전운전불이행,건조,맑음,단일로 - 기타,승용,남,32세,상해없음,승합,남,50세,상해없음
2017043000100369,2017년 4월 30일 17시,일요일,대구광역시 수성구 범어동,경상사고,0,0,1,0,차대차 - 측면충돌,안전거리미확보,건조,맑음,단일로 - 기타,승용,남,57세,상해없음,이륜,남,22세,경상
2017043000100370,2017년 4월 30일 17시,일요일,대구광역시 달서구 상인동,경상사고,0,0,1,1,차대차 - 측면충돌,안전운전불이행,건조,맑음,교차로 - 교차로안,승용,여,53세,상해없음,이륜,남,18세,부상신고
2017043000100391,2017년 4월 30일 18시,일요일,대구광역시 동구 신암동,경상사고,0,0,1,0,차대차 - 측면충돌,안전운전불이행,건조,맑음,단일로 - 기타,기타불명,기타불명,미분류,기타불명,이륜,남,53세,경상
2017043000100392,2017년 4월 30일 18시,일요일,대구광역시 중구 동성로2가,경상사고,0,0,1,0,차대차 - 추돌,중앙선침범,건조,맑음,교차로 - 교차로부근,이륜,남,22세,상해없음,이륜,남,26세,경상
2017043000100393,2017년 4월 30일 18시,일요일,대구광역시 달서구 죽전동,중상사고,0,1,0,1,차대차 - 측면충돌,교차로운행방법위반,건조,맑음,교차로 - 교차로안,승용,남,44세,부상신고,이륜,남,58세,중상
2017043000100417,2017년 4월 30일 19시,일요일,대구광역시 달서구 송현동,경상사고,0,0,3,0,차대차 - 측면충돌,안전거리미확보,건조,맑음,단일로 - 기타,승용,남,69세,상해없음,승용,남,43세,경상
2017043000100418,2017년 4월 30일 19시,일요일,대구광역시 달성군 화원읍,경상사고,0,0,4,0,차대차 - 정면충돌,안전운전불이행,건조,맑음,교차로 - 교차로안,화물,남,58세,상해없음,승용,남,39세,경상
2017043000100419,2017년 4월 30일 19시,일요일,대구광역시 달서구 두류동,중상사고,0,1,0,0,차대사람 - 횡단중,보행자보호의무위반,건조,맑음,교차로 - 교차로횡단보도내,승용,남,57세,상해없음,보행자,여,55세,중상
2017043000100472,2017년 4월 30일 21시,일요일,대구광역시 북구 관음동,중상사고,0,1,2,0,차대차 - 추돌,안전거리미확보,건조,맑음,교차로 - 교차로안,승용,남,42세,상해없음,승용,여,51세,상해없음
2017043000100490,2017년 4월 30일 22시,일요일,대구광역시 수성구 두산동,경상사고,0,0,3,0,차대차 - 측면충돌,안전운전불이행,건조,맑음,교차로 - 교차로안,승용,남,21세,상해없음,승용,여,21세,경상
2017043000100491,2017년 4월 30일 22시,일요일,대구광역시 달성군 다사읍,경상사고,0,0,1,0,차대차 - 정면충돌,안전운전불이행,건조,맑음,교차로 - 교차로부근,승용,남,38세,상해없음,이륜,남,19세,경상
2017043000100503,2017년 4월 30일 23시,일요일,대구광역시 서구 평리동,중상사고,0,3,1,0,차대차 - 측면충돌,안전운전불이행,건조,맑음,교차로 - 교차로부근,승용,남,21세,상해없음,승합,남,58세,경상
2017050100100020,2017년 5월 1일 00시,월요일,대구광역시 동구 신암동,경상사고,0,0,1,0,차대차 - 측면충돌,안전운전불이행,건조,맑음,교차로 - 교차로부근,이륜,남,16세,상해없음,승용,남,50세,경상
2017050100100040,2017년 5월 1일 02시,월요일,대구광역시 동구 동내동,중상사고,0,2,0,0,차량단독 - 전도전복 - 전도,안전운전불이행,건조,맑음,기타 - 기타,승용,남,19세,중상,,,,
2017050100100046,2017년 5월 1일 03시,월요일,대구광역시 수성구 만촌동,사망사고,1,0,0,0,차대사람 - 횡단중,신호위반,건조,맑음,교차로 - 교차로안,화물,남,59세,상해없음,보행자,여,72세,사망
2017050100100085,2017년 5월 1일 07시,월요일,대구광역시 남구 이천동,중상사고,0,1,0,0,차대차 - 기타,안전운전불이행,건조,맑음,교차로 - 교차로횡단보도내,자전거,남,63세,중상,승용,남,69세,상해없음
2017050100100160,2017년 5월 1일 10시,월요일,대구광역시 수성구 범어동,경상사고,0,0,1,0,차대사람 - 횡단중,안전운전불이행,건조,맑음,단일로 - 기타,승용,여,39세,상해없음,보행자,여,65세,경상
2017050100100161,2017년 5월 1일 10시,월요일,대구광역시 북구 태전동,중상사고,0,1,0,0,차대사람 - 횡단중,안전운전불이행,건조,맑음,단일로 - 기타,승용,남,63세,상해없음,보행자,여,25세,중상
2017050100100190,2017년 5월 1일 11시,월요일,대구광역시 달성군 현풍면,경상사고,0,0,1,0,차대차 - 기타,안전운전불이행,건조,맑음,단일로 - 기타,승용,여,35세,상해없음,승용,여,23세,경상
2017050100100223,2017년 5월 1일 12시,월요일,대구광역시 동구 봉무동,중상사고,0,1,0,0,차대차 - 측면충돌,안전운전불이행,건조,맑음,교차로 - 교차로안,승용,남,66세,상해없음,승용,남,51세,중상
2017050100100224,2017년 5월 1일 12시,월요일,대구광역시 달성군 다사읍,경상사고,0,0,1,0,차대차 - 측면충돌,중앙선침범,건조,맑음,단일로 - 기타,승용,여,39세,상해없음,승용,여,47세,경상
2017050100100225,2017년 5월 1일 12시,월요일,대구광역시 북구 복현동,경상사고,0,0,1,0,차대사람 - 횡단중,안전운전불이행,건조,맑음,단일로 - 기타,원동기,남,26세,상해없음,보행자,남,23세,경상
2017050100100226,2017년 5월 1일 12시,월요일,대구광역시 서구 비산동,경상사고,0,0,1,0,차대차 - 기타,안전운전불이행,건조,맑음,단일로 - 기타,자전거,남,26세,경상,승합,남,56세,상해없음
2017050100100227,2017년 5월 1일 12시,월요일,대구광역시 중구 동산동,경상사고,0,0,1,0,차대차 - 추돌,안전운전불이행,건조,맑음,단일로 - 기타,이륜,남,62세,경상,승합,남,48세,상해없음
2017050100100263,2017년 5월 1일 13시,월요일,대구광역시 동구 동호동,경상사고,0,0,1,0,차대차 - 측면충돌,신호위반,건조,맑음,교차로 - 교차로안,화물,남,66세,상해없음,승용,여,55세,경상
2017050100100293,2017년 5월 1일 14시,월요일,대구광역시 남구 봉덕동,경상사고,0,0,1,0,차대차 - 추돌,안전운전불이행,건조,맑음,교차로 - 교차로부근,화물,남,66세,상해없음,승용,남,61세,경상
2017050100100294,2017년 5월 1일 14시,월요일,대구광역시 수성구 매호동,경상사고,0,0,1,0,차대차 - 측면충돌,안전운전불이행,건조,맑음,단일로 - 기타,승용,남,62세,상해없음,승용,남,48세,기타불명
2017050100100295,2017년 5월 1일 14시,월요일,대구광역시 달서구 신당동,중상사고,0,1,0,0,차대차 - 측면충돌,신호위반,건조,맑음,교차로 - 교차로안,이륜,남,18세,중상,승용,남,32세,상해없음
2017050100100338,2017년 5월 1일 15시,월요일,대구광역시 달성군 현풍면,부상신고사고,0,0,0,1,차대차 - 기타,안전운전불이행,건조,맑음,교차로 - 교차로부근,자전거,남,9세,부상신고,승용,남,28세,상해없음
2017050100100339,2017년 5월 1일 15시,월요일,대구광역시 북구 침산동,경상사고,0,0,1,0,차대차 - 측면충돌,불법유턴,건조,맑음,교차로 - 교차로횡단보도내,자전거,여,10세,경상,승용,여,65세,상해없음
2017050100100340,2017년 5월 1일 15시,월요일,대구광역시 북구 학정동,경상사고,0,0,1,0,차대차 - 추돌,안전운전불이행,건조,맑음,교차로 - 교차로부근,승용,남,61세,상해없음,승용,남,55세,경상
2017050100100384,2017년 5월 1일 16시,월요일,대구광역시 북구 검단동,중상사고,0,1,0,0,차대차 - 측면충돌,안전운전불이행,건조,맑음,단일로 - 기타,화물,남,63세,상해없음,자전거,여,73세,중상
2017050100100385,2017년 5월 1일 16시,월요일,대구광역시 북구 태전동,경상사고,0,0,1,0,차대차 - 측면충돌,안전거리미확보,건조,맑음,단일로 - 기타,승용,남,52세,상해없음,승용,여,47세,경상
2017050100100416,2017년 5월 1일 17시,월요일,대구광역시 달서구 진천동,경상사고,0,0,1,0,차대차 - 후진중충돌,불법유턴,건조,맑음,단일로 - 기타,승용,여,35세,상해없음,이륜,남,46세,경상
2017050100100417,2017년 5월 1일 17시,월요일,대구광역시 서구 비산동,경상사고,0,0,1,0,차대차 - 측면충돌,기타,건조,맑음,단일로 - 기타,화물,남,52세,상해없음,이륜,남,38세,경상
2017050100100445,2017년 5월 1일 18시,월요일,대구광역시 수성구 시지동,경상사고,0,0,1,0,차대차 - 측면충돌,안전운전불이행,건조,맑음,기타 - 기타,이륜,남,79세,상해없음,승용,남,25세,경상
2017050100100446,2017년 5월 1일 18시,월요일,대구광역시 수성구 만촌동,경상사고,0,0,1,0,차대차 - 기타,안전거리미확보,건조,맑음,단일로 - 기타,승용,여,43세,상해없음,승합,남,56세,상해없음
2017050100100447,2017년 5월 1일 18시,월요일,대구광역시 북구 동천동,중상사고,0,1,2,0,차대차 - 측면충돌,안전운전불이행,건조,맑음,교차로 - 교차로부근,승용,남,30세,상해없음,승용,여,47세,중상
2017050100100488,2017년 5월 1일 19시,월요일,대구광역시 동구 백안동,중상사고,0,2,2,0,차대차 - 기타,안전운전불이행,건조,맑음,단일로 - 기타,화물,남,70세,상해없음,승용,남,50세,중상
2017050100100489,2017년 5월 1일 19시,월요일,대구광역시 수성구 황금동,경상사고,0,0,1,0,차대차 - 측면충돌,신호위반,건조,맑음,교차로 - 교차로안,승용,남,56세,상해없음,승용,남,67세,경상
2017050100100490,2017년 5월 1일 19시,월요일,대구광역시 달서구 상인동,경상사고,0,0,1,0,차대차 - 기타,기타,건조,흐림,단일로 - 기타,화물,남,53세,상해없음,원동기,남,21세,경상
2017050100100491,2017년 5월 1일 19시,월요일,대구광역시 달성군 유가면,중상사고,0,1,0,0,차대사람 - 차도통행중,안전운전불이행,건조,맑음,단일로 - 기타,승합,남,79세,상해없음,보행자,여,46세,중상
2017050100100492,2017년 5월 1일 19시,월요일,대구광역시 북구 칠성동2가,중상사고,0,1,0,0,차대차 - 기타,안전운전불이행,건조,맑음,단일로 - 기타,승용,남,37세,상해없음,자전거,남,60세,중상
2017050100100520,2017년 5월 1일 20시,월요일,대구광역시 북구 침산동,경상사고,0,0,1,0,차량단독 - 전도전복,안전운전불이행,건조,맑음,단일로 - 기타,승용,남,57세,상해없음,미분류,미분류,미분류,미분류
2017050100100521,2017년 5월 1일 20시,월요일,대구광역시 서구 내당동,부상신고사고,0,0,0,3,차대차 - 측면충돌,안전운전불이행,건조,맑음,교차로 - 교차로부근,승용,여,34세,상해없음,승용,남,19세,부상신고
2017050100100542,2017년 5월 1일 21시,월요일,대구광역시 수성구 범물동,경상사고,0,0,1,0,차대사람 - 횡단중,신호위반,건조,맑음,교차로 - 교차로횡단보도내,승용,남,63세,상해없음,보행자,남,17세,경상
2017050100100543,2017년 5월 1일 21시,월요일,대구광역시 북구 대현동,경상사고,0,0,1,0,차대차 - 측면충돌,차로위반,건조,맑음,교차로 - 교차로안,승용,남,62세,상해없음,승용,여,49세,경상
2017050100100565,2017년 5월 1일 22시,월요일,대구광역시 서구 원대동1가,중상사고,0,1,1,0,차대차 - 측면충돌,신호위반,건조,맑음,교차로 - 교차로안,승용,남,59세,상해없음,승용,남,62세,중상
2017050100100566,2017년 5월 1일 22시,월요일,대구광역시 중구 동문동,경상사고,0,0,1,0,차대차 - 측면충돌,안전운전불이행,건조,맑음,교차로 - 교차로안,승용,남,23세,상해없음,승용,여,58세,경상
2017050100100590,2017년 5월 1일 23시,월요일,대구광역시 동구 방촌동,경상사고,0,0,1,0,차대차 - 기타,안전거리미확보,건조,맑음,단일로 - 기타,승용,여,48세,상해없음,화물,남,36세,경상
2017050100100591,2017년 5월 1일 23시,월요일,대구광역시 수성구 수성동4가,중상사고,0,1,1,0,차대차 - 추돌,안전운전불이행,건조,맑음,교차로 - 교차로부근,승용,남,35세,상해없음,승용,남,64세,경상
2017050100100592,2017년 5월 1일 23시,월요일,대구광역시 수성구 범어동,중상사고,0,1,0,0,차대차 - 추돌,안전운전불이행,건조,맑음,단일로 - 기타,승용,남,38세,상해없음,승용,여,50세,중상
2017050100100593,2017년 5월 1일 23시,월요일,대구광역시 달서구 상인동,경상사고,0,0,4,0,차대차 - 추돌,안전운전불이행,건조,맑음,단일로 - 기타,승용,남,53세,상해없음,승용,남,49세,경상
2017050200100027,2017년 5월 2일 00시,화요일,대구광역시 수성구 두산동,경상사고,0,0,1,0,차대사람 - 횡단중,안전운전불이행,건조,맑음,단일로 - 기타,승용,남,36세,기타불명,보행자,남,41세,경상
2017050200100137,2017년 5월 2일 08시,화요일,대구광역시 북구 서변동,경상사고,0,0,1,0,차대차 - 측면충돌,안전운전불이행,건조,맑음,단일로 - 기타,승용,남,71세,상해없음,자전거,남,54세,경상
2017050200100178,2017년 5월 2일 09시,화요일,대구광역시 북구 서변동,경상사고,0,0,1,0,차대차 - 측면충돌,교차로운행방법위반,건조,맑음,교차로 - 교차로안,승용,여,39세,상해없음,원동기,남,39세,경상
2017050200100200,2017년 5월 2일 10시,화요일,대구광역시 동구 신암동,경상사고,0,0,1,0,차대차 - 측면충돌,안전거리미확보,건조,맑음,단일로 - 기타,승용,남,55세,상해없음,승용,여,45세,경상
2017050200100201,2017년 5월 2일 10시,화요일,대구광역시 수성구 만촌동,경상사고,0,0,1,0,차대차 - 측면충돌,안전운전불이행,건조,맑음,교차로 - 교차로안,승용,남,45세,상해없음,승합,남,47세,상해없음
2017050200100202,2017년 5월 2일 10시,화요일,대구광역시 북구 학정동,중상사고,0,1,0,0,차대사람 - 횡단중,안전운전불이행,건조,맑음,교차로 - 교차로안,승용,남,37세,상해없음,보행자,여,46세,중상
2017050200100221,2017년 5월 2일 11시,화요일,대구광역시 달서구 상인동,경상사고,0,0,2,0,차대차 - 추돌,안전거리미확보,건조,맑음,단일로 - 기타,승용,여,43세,상해없음,승용,남,24세,경상
2017050200100222,2017년 5월 2일 11시,화요일,대구광역시 북구 산격동,중상사고,0,1,0,0,차대차 - 측면충돌,안전운전불이행,건조,맑음,단일로 - 기타,자전거,여,58세,상해없음,자전거,남,70세,중상
2017050200100223,2017년 5월 2일 11시,화요일,대구광역시 서구 중리동,경상사고,0,0,1,0,차대차 - 측면충돌,안전운전불이행,건조,맑음,교차로 - 교차로안,화물,남,71세,상해없음,승용,남,65세,경상
2017050200100286,2017년 5월 2일 13시,화요일,대구광역시 달성군 현풍면,중상사고,0,2,0,0,차대차 - 측면충돌,교차로운행방법위반,건조,맑음,교차로 - 교차로안,승용,여,33세,중상,승용,여,48세,중상
2017050200100341,2017년 5월 2일 15시,화요일,대구광역시 동구 율하동,경상사고,0,0,1,0,차대차 - 측면충돌,신호위반,건조,맑음,교차로 - 교차로안,승용,남,34세,상해없음,승용,여,36세,경상
2017050200100342,2017년 5월 2일 15시,화요일,대구광역시 중구 문화동,경상사고,0,0,1,0,차대사람 - 길가장자리구역통행중,안전운전불이행,건조,맑음,단일로 - 기타,이륜,남,53세,상해없음,보행자,여,70세,경상
2017050200100343,2017년 5월 2일 15시,화요일,대구광역시 달서구 본리동,경상사고,0,0,1,0,차대사람 - 보도통행중,안전운전불이행,건조,맑음,단일로 - 기타,승용,여,52세,상해없음,보행자,남,39세,경상
2017050200100436,2017년 5월 2일 17시,화요일,대구광역시 남구 이천동,경상사고,0,0,1,0,차대차 - 측면충돌,안전거리미확보,건조,맑음,단일로 - 기타,승용,남,68세,상해없음,승용,남,29세,경상
2017050200100437,2017년 5월 2일 17시,화요일,대구광역시 달서구 대천동,경상사고,0,0,1,0,차대차 - 측면충돌,안전운전불이행,건조,맑음,단일로 - 기타,자전거,남,40세,경상,승용,남,26세,상해없음
2017050200100484,2017년 5월 2일 18시,화요일,대구광역시 수성구 지산동,경상사고,0,0,1,0,차대차 - 후진중충돌,안전운전불이행,건조,맑음,단일로 - 기타,승용,남,44세,상해없음,이륜,남,24세,경상
2017050200100485,2017년 5월 2일 18시,화요일,대구광역시 달서구 송현동,경상사고,0,0,1,0,차대차 - 기타,직진우회전진행방해,건조,맑음,교차로 - 교차로안,승용,남,57세,상해없음,이륜,남,38세,경상
2017050200100486,2017년 5월 2일 18시,화요일,대구광역시 달성군 화원읍,중상사고,0,1,0,0,차대차 - 추돌,안전운전불이행,건조,맑음,단일로 - 기타,승용,남,59세,상해없음,승용,남,36세,중상
2017050200100487,2017년 5월 2일 18시,화요일,대구광역시 북구 노원동3가,경상사고,0,0,1,0,차대차 - 측면충돌,중앙선침범,건조,맑음,단일로 - 기타,승용,남,48세,상해없음,승용,여,64세,경상
2017050200100518,2017년 5월 2일 19시,화요일,대구광역시 수성구 수성동2가,경상사고,0,0,1,0,차대사람 - 횡단중,보행자보호의무위반,건조,맑음,교차로 - 교차로횡단보도내,승용,남,45세,상해없음,보행자,남,36세,경상
2017050200100519,2017년 5월 2일 19시,화요일,대구광역시 달서구 대천동,경상사고,0,0,1,0,차대차 - 측면충돌,안전운전불이행,건조,맑음,단일로 - 기타,화물,남,53세,상해없음,자전거,여,90세 이상,경상
2017050200100520,2017년 5월 2일 19시,화요일,대구광역시 북구 복현동,경상사고,0,0,3,0,차대차 - 기타,교차로운행방법위반,건조,맑음,교차로 - 교차로안,승용,남,49세,상해없음,승용,남,48세,상해없음
2017050200100521,2017년 5월 2일 19시,화요일,대구광역시 달서구 용산동,경상사고,0,0,1,0,차대차 - 기타,안전운전불이행,건조,맑음,교차로 - 교차로부근,승용,남,62세,상해없음,이륜,남,20세,경상
2017050200100522,2017년 5월 2일 19시,화요일,대구광역시 달서구 두류동,경상사고,0,0,1,0,차대차 - 추돌,안전운전불이행,건조,맑음,단일로 - 기타,승용,남,48세,상해없음,승용,남,24세,경상
2017050200100555,2017년 5월 2일 20시,화요일,대구광역시 동구 율하동,경상사고,0,0,1,0,차대차 - 측면충돌,중앙선침범,건조,맑음,교차로 - 교차로부근,승용,남,71세,상해없음,이륜,남,45세,경상
2017050200100556,2017년 5월 2일 20시,화요일,대구광역시 수성구 지산동,중상사고,0,1,0,0,차대사람 - 길가장자리구역통행중,안전운전불이행,건조,맑음,교차로 - 교차로안,승용,남,56세,상해없음,보행자,남,52세,중상
2017050200100557,2017년 5월 2일 20시,화요일,대구광역시 중구 하서동,경상사고,0,0,1,0,차대차 - 측면충돌,교차로운행방법위반,건조,맑음,교차로 - 교차로안,승용,남,65세,상해없음,승용,남,45세,경상
2017050200100582,2017년 5월 2일 21시,화요일,대구광역시 동구 방촌동,부상신고사고,0,0,0,1,차대차 - 측면충돌,신호위반,건조,맑음,단일로 - 기타,이륜,남,18세,상해없음,자전거,남,18세,부상신고
2017050200100583,2017년 5월 2일 21시,화요일,대구광역시 수성구 상동,중상사고,0,1,0,0,차대차 - 측면충돌,교차로운행방법위반,건조,맑음,교차로 - 교차로안,승용,여,37세,상해없음,승용,여,38세,중상
2017050200100584,2017년 5월 2일 21시,화요일,대구광역시 달서구 용산동,경상사고,0,0,2,0,차대차 - 정면충돌,교차로운행방법위반,건조,맑음,교차로 - 교차로안,승용,남,42세,상해없음,승용,여,51세,경상
2017050200100585,2017년 5월 2일 21시,화요일,대구광역시 달서구 본리동,경상사고,0,0,2,0,차대차 - 측면충돌,교차로운행방법위반,건조,맑음,교차로 - 교차로안,승용,남,55세,상해없음,승용,남,48세,경상
2017050200100602,2017년 5월 2일 22시,화요일,대구광역시 달서구 이곡동,중상사고,0,1,0,0,차대차 - 측면충돌,중앙선침범,건조,맑음,기타 - 기타,이륜,남,63세,중상,승합,남,43세,상해없음
2017050300100043,2017년 5월 3일 01시,수요일,대구광역시 달서구 송현동,중상사고,0,1,0,0,차대사람 - 횡단중,안전운전불이행,건조,맑음,교차로 - 교차로부근,승용,남,75세,상해없음,보행자,여,50세,중상
2017050300100044,2017년 5월 3일 01시,수요일,대구광역시 달서구 본동,중상사고,0,1,1,0,차대차 - 측면충돌,안전운전불이행,건조,맑음,교차로 - 교차로부근,승용,남,33세,상해없음,원동기,여,15세,중상
2017050300100051,2017년 5월 3일 02시,수요일,대구광역시 달서구 송현동,경상사고,0,0,2,0,차대사람 - 횡단중,안전운전불이행,건조,맑음,단일로 - 기타,승용,남,23세,상해없음,보행자,여,47세,경상
2017050300100052,2017년 5월 3일 02시,수요일,대구광역시 북구 태전동,경상사고,0,0,4,0,차대차 - 측면충돌,안전운전불이행,건조,맑음,단일로 - 기타,화물,남,56세,상해없음,승용,남,45세,경상
2017050300100063,2017년 5월 3일 03시,수요일,대구광역시 수성구 파동,사망사고,1,0,0,0,차량단독 - 공작물충돌,안전운전불이행,건조,맑음,단일로 - 교량,이륜,남,31세,사망,,,,
2017050300100085,2017년 5월 3일 05시,수요일,대구광역시 남구 대명동,경상사고,0,0,4,0,차대차 - 추돌,안전운전불이행,건조,맑음,단일로 - 기타,화물,남,66세,상해없음,승용,남,35세,경상
2017050300100086,2017년 5월 3일 05시,수요일,대구광역시 수성구 만촌동,중상사고,0,1,0,0,차대차 - 측면충돌,신호위반,건조,맑음,교차로 - 교차로안,승합,남,57세,상해없음,승용,남,64세,중상
2017050300100097,2017년 5월 3일 06시,수요일,대구광역시 북구 칠성동2가,경상사고,0,0,1,0,차대차 - 측면충돌,기타,건조,맑음,단일로 - 기타,자전거,남,79세,경상,기타불명,기타불명,미분류,기타불명
2017050300100111,2017년 5월 3일 07시,수요일,대구광역시 북구 고성동2가,경상사고,0,0,1,0,차대차 - 측면충돌,신호위반,건조,맑음,교차로 - 교차로안,이륜,남,72세,경상,승용,남,62세,상해없음
2017050300100129,2017년 5월 3일 08시,수요일,대구광역시 달서구 월성동,중상사고,0,1,0,0,차대차 - 추돌,안전운전불이행,건조,맑음,교차로 - 교차로부근,승용,남,50세,상해없음,승용,여,58세,중상
2017050300100155,2017년 5월 3일 09시,수요일,대구광역시 중구 공평동,중상사고,0,1,0,0,차대차 - 측면충돌,교차로운행방법위반,건조,맑음,교차로 - 교차로안,승용,남,37세,상해없음,이륜,남,68세,중상
2017050300100174,2017년 5월 3일 10시,수요일,대구광역시 달서구 호산동,중상사고,0,2,0,0,차대차 - 추돌,기타,건조,맑음,교차로 - 교차로안,승용,남,34세,중상,화물,남,32세,중상
2017050300100203,2017년 5월 3일 11시,수요일,대구광역시 달서구 본동,경상사고,0,0,1,0,차대차 - 기타,안전운전불이행,건조,맑음,단일로 - 기타,승용,여,53세,상해없음,승용,남,61세,경상
2017050300100204,2017년 5월 3일 11시,수요일,대구광역시 북구 노곡동,경상사고,0,0,1,0,차대차 - 측면충돌,불법유턴,건조,맑음,기타 - 기타,자전거,남,70세,경상,승용,여,22세,상해없음