사고번호,사고일시,요일,시군구,사고내용,사망자수,중상자수,경상자수,부상신고자수,사고유형,법규위반,노면상태,기상상태,도로형태,가해운전자 차종,가해운전자 성별,가해운전자 연령,가해운전자 상해정도,피해운전자 차종,피해운전자 성별,피해운전자 연령,피해운전자 상해정도
2017050300100205,2017년 5월 3일 11시,수요일,대구광역시 북구 산격동,중상사고,0,1,0,0,차대차 - 측면충돌,안전거리미확보,건조,맑음,단일로 - 기타,원동기,남,65세,중상,승용,남,47세,상해없음
2017050300100234,2017년 5월 3일 12시,수요일,대구광역시 서구 비산동,중상사고,0,1,0,0,차대사람 - 기타,안전운전불이행,건조,맑음,단일로 - 기타,승합,남,50세,상해없음,보행자,여,80세,중상
2017050300100300,2017년 5월 3일 14시,수요일,대구광역시 북구 태전동,경상사고,0,0,1,0,차대사람 - 횡단중,안전운전불이행,건조,맑음,단일로 - 기타,승용,여,45세,상해없음,보행자,남,5세,경상
2017050300100301,2017년 5월 3일 14시,수요일,대구광역시 북구 국우동,경상사고,0,0,1,0,차대차 - 측면충돌,안전운전불이행,건조,맑음,단일로 - 기타,화물,남,22세,상해없음,원동기,남,37세,경상
2017050300100333,2017년 5월 3일 15시,수요일,대구광역시 북구 태전동,경상사고,0,0,1,0,차대차 - 추돌,안전운전불이행,건조,맑음,단일로 - 기타,승용,남,59세,상해없음,승용,여,59세,경상
2017050300100334,2017년 5월 3일 15시,수요일,대구광역시 북구 금호동,경상사고,0,0,2,0,차대차 - 기타,안전운전불이행,건조,맑음,단일로 - 기타,승용,남,32세,상해없음,승용,남,51세,경상
2017050300100339,2017년 5월 3일 15시,수요일,대구광역시 달서구 월성동,중상사고,0,1,0,0,차대사람 - 횡단중,기타,건조,맑음,단일로 - 기타,자전거,남,13세,상해없음,보행자,여,74세,중상
2017050300100372,2017년 5월 3일 16시,수요일,대구광역시 수성구 만촌동,중상사고,0,2,2,0,차대차 - 추돌,신호위반,건조,맑음,교차로 - 교차로횡단보도내,승용,남,43세,기타불명,승용,남,53세,중상
2017050300100443,2017년 5월 3일 18시,수요일,대구광역시 달성군 다사읍,중상사고,0,1,0,0,차량단독 - 기타,안전운전불이행,건조,맑음,단일로 - 기타,승합,남,48세,상해없음,,,,
2017050400100035,2017년 5월 4일 01시,목요일,대구광역시 달서구 본리동,경상사고,0,0,1,0,차대차 - 측면충돌,안전운전불이행,건조,맑음,단일로 - 기타,승용,남,34세,상해없음,승용,남,48세,경상
2017050400100044,2017년 5월 4일 02시,목요일,대구광역시 남구 봉덕동,중상사고,0,1,1,0,차대차 - 측면충돌,신호위반,건조,맑음,교차로 - 교차로부근,이륜,남,21세,중상,승용,남,42세,경상
2017050400100134,2017년 5월 4일 08시,목요일,대구광역시 북구 복현동,경상사고,0,0,1,0,차대사람 - 횡단중,안전운전불이행,건조,맑음,단일로 - 기타,건설기계,남,74세,상해없음,보행자,여,49세,경상
2017050400100135,2017년 5월 4일 08시,목요일,대구광역시 북구 노원동3가,경상사고,0,0,1,0,차대차 - 측면충돌,안전거리미확보,건조,맑음,단일로 - 기타,화물,남,53세,상해없음,승용,여,45세,경상
2017050400100136,2017년 5월 4일 08시,목요일,대구광역시 달서구 죽전동,경상사고,0,0,1,0,차량단독 - 공작물충돌,안전운전불이행,건조,맑음,단일로 - 기타,승용,남,24세,경상,,,,
2017050400100209,2017년 5월 4일 10시,목요일,대구광역시 남구 대명동,경상사고,0,0,2,0,차대차 - 추돌,안전거리미확보,건조,맑음,교차로 - 교차로부근,승용,남,64세,상해없음,승용,남,56세,경상
2017050400100210,2017년 5월 4일 10시,목요일,대구광역시 수성구 범어동,경상사고,0,0,1,0,차대차 - 측면충돌,안전운전불이행,건조,맑음,교차로 - 교차로부근,승용,여,54세,상해없음,승용,남,25세,경상
2017050400100239,2017년 5월 4일 11시,목요일,대구광역시 서구 이현동,경상사고,0,0,1,0,차대차 - 추돌,안전거리미확보,건조,맑음,단일로 - 기타,화물,남,48세,상해없음,승용,여,42세,경상
2017050400100240,2017년 5월 4일 11시,목요일,대구광역시 달서구 두류동,부상신고사고,0,0,0,1,차량단독 - 전도전복,안전운전불이행,건조,맑음,단일로 - 기타,이륜,남,48세,부상신고,미분류,미분류,미분류,미분류
2017050400100277,2017년 5월 4일 12시,목요일,대구광역시 남구 봉덕동,경상사고,0,0,1,0,차대사람 - 횡단중,안전운전불이행,건조,맑음,단일로 - 기타,승용,여,37세,상해없음,보행자,남,3세,경상
2017050400100278,2017년 5월 4일 12시,목요일,대구광역시 동구 신암동,중상사고,0,1,0,0,차대사람 - 횡단중,신호위반,건조,맑음,교차로 - 교차로부근,승용,남,57세,상해없음,보행자,남,64세,중상
2017050400100279,2017년 5월 4일 12시,목요일,대구광역시 서구 비산동,경상사고,0,0,1,0,차대차 - 측면충돌,교차로운행방법위반,건조,맑음,교차로 - 교차로안,승용,남,56세,상해없음,이륜,여,44세,경상
2017050400100280,2017년 5월 4일 12시,목요일,대구광역시 서구 평리동,경상사고,0,0,1,0,차대차 - 기타,기타,건조,맑음,단일로 - 기타,이륜,남,59세,상해없음,이륜,남,48세,경상
2017050400100281,2017년 5월 4일 12시,목요일,대구광역시 달서구 본리동,경상사고,0,0,1,0,차대차 - 후진중충돌,안전운전불이행,건조,맑음,단일로 - 기타,화물,남,61세,상해없음,승용,여,43세,경상
2017050400100301,2017년 5월 4일 13시,목요일,대구광역시 북구 노곡동,경상사고,0,0,4,0,차대차 - 기타,안전운전불이행,건조,맑음,단일로 - 기타,승용,여,44세,상해없음,승용,남,37세,경상
2017050400100347,2017년 5월 4일 14시,목요일,대구광역시 수성구 사월동,경상사고,0,0,1,0,차대차 - 측면충돌,교차로운행방법위반,건조,맑음,교차로 - 교차로안,승용,남,22세,상해없음,승용,여,36세,경상
2017050400100348,2017년 5월 4일 14시,목요일,대구광역시 북구 침산동,경상사고,0,0,1,0,차대차 - 측면충돌,중앙선침범,건조,맑음,교차로 - 교차로횡단보도내,자전거,여,36세,경상,승용,남,27세,상해없음
2017050400100383,2017년 5월 4일 15시,목요일,대구광역시 동구 불로동,경상사고,0,0,1,0,차대사람 - 횡단중,안전운전불이행,건조,맑음,기타 - 기타,승용,여,60세,상해없음,보행자,여,49세,경상
2017050400100384,2017년 5월 4일 15시,목요일,대구광역시 수성구 만촌동,경상사고,0,0,1,0,차대차 - 정면충돌,안전운전불이행,건조,맑음,단일로 - 기타,승용,남,37세,경상,승합,남,56세,상해없음
2017050400100385,2017년 5월 4일 15시,목요일,대구광역시 달서구 상인동,부상신고사고,0,0,0,1,차대차 - 기타,안전운전불이행,건조,맑음,교차로 - 교차로안,이륜,여,47세,부상신고,승용,남,37세,상해없음
2017050400100386,2017년 5월 4일 15시,목요일,대구광역시 서구 평리동,경상사고,0,0,3,0,차대차 - 측면충돌,안전운전불이행,건조,맑음,단일로 - 기타,승용,여,49세,상해없음,화물,남,45세,경상
2017050400100387,2017년 5월 4일 15시,목요일,대구광역시 달서구 갈산동,중상사고,0,1,0,0,차대차 - 기타,신호위반,건조,맑음,교차로 - 교차로횡단보도내,특수,남,37세,상해없음,자전거,남,28세,중상
2017050400100388,2017년 5월 4일 15시,목요일,대구광역시 북구 태전동,경상사고,0,0,1,0,차대차 - 추돌,안전운전불이행,건조,맑음,교차로 - 교차로부근,승용,남,43세,상해없음,승용,남,41세,경상
2017050400100420,2017년 5월 4일 16시,목요일,대구광역시 수성구 수성동1가,중상사고,0,1,0,0,차대차 - 정면충돌,안전운전불이행,건조,맑음,단일로 - 기타,승용,남,63세,상해없음,자전거,여,56세,중상
2017050400100421,2017년 5월 4일 16시,목요일,대구광역시 달서구 감삼동,중상사고,0,1,2,1,차대차 - 측면충돌,직진우회전진행방해,건조,맑음,교차로 - 교차로안,승용,남,34세,중상,승용,남,32세,경상
2017050400100459,2017년 5월 4일 17시,목요일,대구광역시 북구 고성동2가,중상사고,0,1,0,0,차대차 - 측면충돌,신호위반,건조,맑음,교차로 - 교차로안,자전거,남,74세,중상,승용,여,51세,상해없음
2017050400100460,2017년 5월 4일 17시,목요일,대구광역시 중구 대봉동,경상사고,0,0,1,0,차대차 - 측면충돌,안전운전불이행,건조,맑음,교차로 - 교차로부근,승용,남,42세,상해없음,승용,남,45세,경상
2017050400100532,2017년 5월 4일 19시,목요일,대구광역시 동구 검사동,경상사고,0,0,1,0,차대차 - 정면충돌,신호위반,건조,맑음,교차로 - 교차로안,원동기,남,16세,상해없음,원동기,남,64세,경상
2017050400100533,2017년 5월 4일 19시,목요일,대구광역시 달서구 용산동,경상사고,0,0,2,0,차대차 - 추돌,안전운전불이행,건조,맑음,단일로 - 기타,승용,남,60세,상해없음,승용,남,56세,경상
2017050400100561,2017년 5월 4일 20시,목요일,대구광역시 달서구 상인동,경상사고,0,0,2,0,차대차 - 측면충돌,안전거리미확보,건조,맑음,단일로 - 기타,승용,남,55세,상해없음,원동기,남,22세,경상
2017050400100562,2017년 5월 4일 20시,목요일,대구광역시 서구 평리동,경상사고,0,0,1,0,차대차 - 추돌,안전운전불이행,건조,맑음,단일로 - 기타,승용,남,53세,상해없음,화물,여,57세,경상
2017050400100563,2017년 5월 4일 20시,목요일,대구광역시 달서구 신당동,부상신고사고,0,0,0,1,차대차 - 측면충돌,안전운전불이행,건조,맑음,교차로 - 교차로부근,승용,남,29세,상해없음,이륜,남,29세,부상신고
2017050400100642,2017년 5월 4일 23시,목요일,대구광역시 달성군 다사읍,중상사고,0,1,1,0,차대차 - 정면충돌,안전거리미확보,건조,맑음,교차로 - 교차로부근,승용,여,45세,상해없음,승용,남,48세,경상
2017050500100056,2017년 5월 5일 02시,금요일,대구광역시 서구 내당동,중상사고,0,1,0,0,차대차 - 측면충돌,신호위반,건조,맑음,교차로 - 교차로안,승합,남,62세,상해없음,이륜,남,16세,중상
2017050500100082,2017년 5월 5일 05시,금요일,대구광역시 동구 신천동,경상사고,0,0,1,0,차대사람 - 횡단중,신호위반,건조,맑음,교차로 - 교차로안,승용,여,75세,상해없음,보행자,여,74세,경상
2017050500100126,2017년 5월 5일 08시,금요일,대구광역시 달서구 진천동,경상사고,0,0,2,0,차대차 - 측면충돌,안전운전불이행,건조,맑음,교차로 - 교차로안,승용,여,33세,상해없음,승용,여,51세,상해없음
2017050500100127,2017년 5월 5일 08시,금요일,대구광역시 달서구 이곡동,경상사고,0,0,1,0,차대차 - 측면충돌,안전운전불이행,건조,맑음,교차로 - 교차로안,화물,남,49세,상해없음,승용,여,43세,경상
2017050500100128,2017년 5월 5일 08시,금요일,대구광역시 달서구 본리동,중상사고,0,1,0,0,차대차 - 측면충돌,신호위반,건조,맑음,교차로 - 교차로부근,승용,남,62세,상해없음,자전거,여,72세,중상
2017050500100170,2017년 5월 5일 10시,금요일,대구광역시 동구 신천동,경상사고,0,0,2,0,차대차 - 추돌,안전운전불이행,건조,맑음,단일로 - 기타,승용,여,42세,상해없음,승용,남,34세,경상
2017050500100195,2017년 5월 5일 11시,금요일,대구광역시 서구 상리동,부상신고사고,0,0,0,1,차대차 - 측면충돌,안전거리미확보,건조,맑음,단일로 - 기타,화물,남,57세,상해없음,승용,여,24세,부상신고
2017050500100196,2017년 5월 5일 11시,금요일,대구광역시 북구 침산동,경상사고,0,0,1,0,차대차 - 측면충돌,중앙선침범,건조,맑음,교차로 - 교차로횡단보도내,자전거,남,21세,경상,승용,여,46세,상해없음
2017050500100197,2017년 5월 5일 11시,금요일,대구광역시 달서구 두류동,경상사고,0,0,1,0,차대차 - 측면충돌,중앙선침범,건조,맑음,교차로 - 교차로부근,승용,남,31세,상해없음,승용,남,67세,경상
2017050500100227,2017년 5월 5일 12시,금요일,대구광역시 북구 노원동3가,경상사고,0,0,1,0,차대차 - 측면충돌,중앙선침범,건조,맑음,단일로 - 기타,자전거,남,13세,경상,화물,남,29세,상해없음
2017050500100256,2017년 5월 5일 13시,금요일,대구광역시 달서구 이곡동,경상사고,0,0,1,0,차대차 - 측면충돌,신호위반,건조,맑음,교차로 - 교차로안,화물,남,51세,상해없음,승용,남,47세,경상
2017050500100320,2017년 5월 5일 15시,금요일,대구광역시 달서구 진천동,경상사고,0,0,5,0,차대차 - 측면충돌,교차로운행방법위반,젖음/습기,비,교차로 - 교차로안,승용,남,67세,상해없음,승용,여,57세,경상
2017050500100321,2017년 5월 5일 15시,금요일,대구광역시 북구 산격동,중상사고,0,1,0,0,차량단독 - 전도전복 - 전도,안전운전불이행,젖음/습기,비,단일로 - 기타,이륜,남,35세,중상,,,,
2017050500100322,2017년 5월 5일 15시,금요일,대구광역시 서구 상리동,경상사고,0,0,1,0,차대차 - 측면충돌,차로위반,젖음/습기,비,단일로 - 기타,승용,남,56세,상해없음,화물,남,56세,경상
2017050500100323,2017년 5월 5일 15시,금요일,대구광역시 달서구 감삼동,중상사고,0,1,0,0,차대사람 - 기타,안전운전불이행,젖음/습기,비,교차로 - 교차로부근,승합,남,48세,상해없음,보행자,여,56세,중상
2017050500100357,2017년 5월 5일 16시,금요일,대구광역시 수성구 범어동,경상사고,0,0,1,0,차대차 - 측면충돌,안전운전불이행,젖음/습기,비,교차로 - 교차로부근,승용,여,56세,상해없음,이륜,남,41세,경상
2017050500100358,2017년 5월 5일 16시,금요일,대구광역시 북구 노원동3가,경상사고,0,0,1,0,차대사람 - 횡단중,안전운전불이행,건조,흐림,단일로 - 기타,화물,남,34세,상해없음,보행자,남,49세,경상
2017050500100359,2017년 5월 5일 16시,금요일,대구광역시 서구 내당동,경상사고,0,0,1,0,차대차 - 측면충돌,차로위반,젖음/습기,비,교차로 - 교차로안,승용,남,32세,상해없음,원동기,남,61세,경상
2017050500100360,2017년 5월 5일 16시,금요일,대구광역시 북구 금호동,경상사고,0,0,2,0,차대차 - 추돌,안전운전불이행,건조,맑음,단일로 - 기타,승용,남,19세,상해없음,승용,남,60세,경상
2017050500100397,2017년 5월 5일 17시,금요일,대구광역시 서구 비산동,경상사고,0,0,1,0,차대차 - 추돌,안전운전불이행,젖음/습기,비,단일로 - 기타,승용,남,64세,상해없음,승용,남,39세,경상
2017050500100431,2017년 5월 5일 18시,금요일,대구광역시 동구 신암동,경상사고,0,0,1,0,차대차 - 기타,안전운전불이행,건조,맑음,단일로 - 기타,승용,남,29세,상해없음,원동기,남,34세,경상
2017050500100432,2017년 5월 5일 18시,금요일,대구광역시 서구 비산동,경상사고,0,0,1,0,차대차 - 측면충돌,신호위반,건조,맑음,교차로 - 교차로안,승용,여,42세,상해없음,승용,남,30세,경상
2017050500100433,2017년 5월 5일 18시,금요일,대구광역시 중구 동인동3가,경상사고,0,0,1,1,차대차 - 측면충돌,안전거리미확보,젖음/습기,비,단일로 - 기타,승용,남,61세,상해없음,승용,남,36세,경상
2017050500100460,2017년 5월 5일 19시,금요일,대구광역시 북구 침산동,중상사고,0,1,5,0,차대차 - 추돌,안전거리미확보,젖음/습기,비,단일로 - 기타,승용,남,19세,경상,승용,남,42세,경상
2017050500100461,2017년 5월 5일 19시,금요일,대구광역시 북구 관음동,중상사고,0,3,0,0,차대차 - 추돌,안전거리미확보,젖음/습기,비,교차로 - 교차로부근,승용,남,59세,상해없음,승용,여,39세,중상
2017050500100497,2017년 5월 5일 20시,금요일,대구광역시 수성구 만촌동,중상사고,0,1,0,0,차대사람 - 횡단중,신호위반,젖음/습기,비,교차로 - 교차로부근,승용,여,47세,상해없음,보행자,여,21세,중상
2017050500100498,2017년 5월 5일 20시,금요일,대구광역시 북구 대현동,경상사고,0,0,1,0,차대차 - 추돌,안전거리미확보,젖음/습기,비,단일로 - 기타,이륜,남,20세,상해없음,승용,여,32세,상해없음
2017050500100499,2017년 5월 5일 20시,금요일,대구광역시 달서구 감삼동,경상사고,0,0,1,0,차대차 - 측면충돌,안전운전불이행,건조,맑음,단일로 - 기타,승용,여,22세,상해없음,승용,여,56세,경상
2017050500100532,2017년 5월 5일 21시,금요일,대구광역시 달서구 이곡동,중상사고,0,1,0,0,차대차 - 측면충돌,차로위반,젖음/습기,비,교차로 - 교차로횡단보도내,승용,여,46세,상해없음,이륜,남,51세,중상
2017050600100014,2017년 5월 6일 00시,토요일,대구광역시 북구 매천동,중상사고,0,1,0,0,차대차 - 추돌,안전운전불이행,건조,맑음,단일로 - 기타,화물,남,50세,상해없음,자전거,남,14세,중상
2017050600100021,2017년 5월 6일 01시,토요일,대구광역시 남구 대명동,사망사고,1,0,0,0,차대사람 - 횡단중,안전운전불이행,젖음/습기,흐림,단일로 - 기타,승용,여,33세,상해없음,보행자,남,43세,사망
2017050600100022,2017년 5월 6일 01시,토요일,대구광역시 남구 봉덕동,경상사고,0,0,1,0,차대사람 - 기타,안전운전불이행,건조,맑음,단일로 - 기타,승용,남,37세,상해없음,보행자,남,42세,경상
2017050600100023,2017년 5월 6일 01시,토요일,대구광역시 서구 평리동,중상사고,0,1,0,0,차대사람 - 횡단중,안전운전불이행,건조,맑음,단일로 - 기타,승용,남,57세,상해없음,보행자,남,40세,중상
2017050600100089,2017년 5월 6일 07시,토요일,대구광역시 달서구 도원동,경상사고,0,0,1,1,차대차 - 측면충돌,안전운전불이행,건조,맑음,단일로 - 기타,승용,남,32세,상해없음,승합,남,59세,경상
2017050600100090,2017년 5월 6일 07시,토요일,대구광역시 서구 비산동,경상사고,0,0,1,0,차대사람 - 길가장자리구역통행중,안전운전불이행,건조,맑음,단일로 - 기타,승용,여,56세,상해없음,보행자,여,25세,경상
2017050600100110,2017년 5월 6일 08시,토요일,대구광역시 중구 동인동2가,중상사고,0,1,1,1,차대차 - 정면충돌,중앙선침범,건조,맑음,교차로 - 교차로부근,승용,여,24세,부상신고,승용,남,53세,중상
2017050600100137,2017년 5월 6일 09시,토요일,대구광역시 달서구 상인동,중상사고,0,1,0,0,차대사람 - 횡단중,안전운전불이행,건조,맑음,교차로 - 교차로안,승용,남,36세,상해없음,보행자,여,56세,중상
2017050600100138,2017년 5월 6일 09시,토요일,대구광역시 북구 태전동,경상사고,0,0,1,0,차대차 - 측면충돌,교차로운행방법위반,건조,맑음,교차로 - 교차로안,승용,남,23세,상해없음,화물,남,56세,경상
2017050600100163,2017년 5월 6일 10시,토요일,대구광역시 서구 내당동,경상사고,0,0,1,0,차대차 - 측면충돌,신호위반,건조,맑음,교차로 - 교차로부근,이륜,남,24세,기타불명,자전거,남,13세,경상
2017050600100164,2017년 5월 6일 10시,토요일,대구광역시 북구 조야동,중상사고,0,1,0,0,차대차 - 측면충돌,안전운전불이행,건조,흐림,교차로 - 교차로횡단보도내,승용,여,58세,상해없음,자전거,남,72세,중상
2017050600100192,2017년 5월 6일 11시,토요일,대구광역시 북구 팔달동,중상사고,0,1,0,0,차대차 - 측면충돌,안전운전불이행,건조,맑음,단일로 - 기타,화물,남,68세,상해없음,승용,남,30세,상해없음
2017050600100196,2017년 5월 6일 11시,토요일,대구광역시 동구 신암동,중상사고,0,1,0,0,차대사람 - 횡단중,안전운전불이행,건조,맑음,기타 - 기타,승용,남,68세,상해없음,보행자,여,51세,중상
2017050600100197,2017년 5월 6일 11시,토요일,대구광역시 달서구 월성동,중상사고,0,2,0,0,차대차 - 후진중충돌,불법유턴,건조,맑음,교차로 - 교차로부근,승용,남,26세,상해없음,승용,남,29세,중상
2017050600100198,2017년 5월 6일 11시,토요일,대구광역시 달성군 다사읍,중상사고,0,1,4,0,차대차 - 정면충돌,안전운전불이행,건조,맑음,단일로 - 기타,화물,남,62세,중상,승용,남,53세,경상
2017050600100219,2017년 5월 6일 12시,토요일,대구광역시 동구 검사동,경상사고,0,0,1,0,차대차 - 기타,안전거리미확보,건조,맑음,단일로 - 기타,승용,여,59세,상해없음,승합,남,54세,상해없음
2017050600100220,2017년 5월 6일 12시,토요일,대구광역시 달서구 신당동,경상사고,0,0,2,0,차대차 - 측면충돌,안전운전불이행,건조,맑음,교차로 - 교차로부근,승용,남,23세,경상,승용,여,64세,경상
2017050600100249,2017년 5월 6일 13시,토요일,대구광역시 달성군 옥포면,경상사고,0,0,2,0,차대차 - 측면충돌,안전운전불이행,건조,맑음,교차로 - 교차로부근,승용,여,56세,상해없음,승용,남,32세,경상
2017050600100250,2017년 5월 6일 13시,토요일,대구광역시 서구 상리동,경상사고,0,0,2,1,차대차 - 측면충돌,안전거리미확보,건조,맑음,단일로 - 기타,승용,남,29세,상해없음,승용,남,32세,경상
2017050600100296,2017년 5월 6일 14시,토요일,대구광역시 중구 동산동,부상신고사고,0,0,0,1,차대차 - 추돌,안전거리미확보,건조,맑음,단일로 - 기타,기타불명,기타불명,미분류,기타불명,기타불명,기타불명,미분류,기타불명
2017050600100327,2017년 5월 6일 15시,토요일,대구광역시 동구 불로동,경상사고,0,0,3,0,차대차 - 측면충돌,안전운전불이행,건조,맑음,단일로 - 기타,화물,남,57세,상해없음,승용,남,55세,경상
2017050600100328,2017년 5월 6일 15시,토요일,대구광역시 달서구 상인동,경상사고,0,0,3,0,차대차 - 측면충돌,직진우회전진행방해,건조,맑음,교차로 - 교차로안,승용,남,30세,경상,승용,남,64세,경상
2017050600100329,2017년 5월 6일 15시,토요일,대구광역시 북구 침산동,중상사고,0,1,0,1,차대사람 - 기타,안전운전불이행,건조,맑음,단일로 - 기타,이륜,남,20세,부상신고,보행자,남,24세,중상
2017050600100330,2017년 5월 6일 15시,토요일,대구광역시 달서구 두류동,중상사고,0,1,0,0,차대차 - 추돌,안전운전불이행,건조,맑음,단일로 - 기타,승용,여,26세,상해없음,승용,여,56세,중상
2017050600100331,2017년 5월 6일 15시,토요일,대구광역시 달서구 장기동,경상사고,0,0,1,0,차대차 - 추돌,안전운전불이행,건조,맑음,단일로 - 기타,승용,여,58세,상해없음,화물,남,58세,경상
2017050600100369,2017년 5월 6일 16시,토요일,대구광역시 달서구 유천동,경상사고,0,0,1,0,차대차 - 기타,안전운전불이행,건조,맑음,단일로 - 기타,승용,여,47세,상해없음,자전거,여,55세,경상
2017050600100398,2017년 5월 6일 17시,토요일,대구광역시 수성구 만촌동,경상사고,0,0,1,1,차대사람 - 횡단중,안전운전불이행,건조,맑음,단일로 - 기타,이륜,남,37세,부상신고,보행자,남,65세,경상
2017050600100399,2017년 5월 6일 17시,토요일,대구광역시 북구 복현동,중상사고,0,1,0,0,차대사람 - 기타,안전운전불이행,건조,맑음,단일로 - 기타,건설기계,남,46세,상해없음,보행자,남,63세,중상
2017050600100428,2017년 5월 6일 18시,토요일,대구광역시 수성구 범어동,경상사고,0,0,3,0,차대차 - 측면충돌,안전거리미확보,건조,맑음,단일로 - 기타,승용,남,76세,상해없음,승용,남,28세,경상
2017050600100459,2017년 5월 6일 19시,토요일,대구광역시 달서구 상인동,경상사고,0,0,1,0,차대차 - 추돌,안전거리미확보,건조,맑음,단일로 - 기타,이륜,남,83세,경상,승용,남,37세,상해없음
2017050600100460,2017년 5월 6일 19시,토요일,대구광역시 북구 매천동,경상사고,0,0,1,0,차대사람 - 차도통행중,안전운전불이행,건조,맑음,단일로 - 기타,승합,남,46세,상해없음,보행자,남,50세,경상
2017050600100489,2017년 5월 6일 20시,토요일,대구광역시 달서구 유천동,경상사고,0,0,1,0,차대차 - 측면충돌,안전운전불이행,건조,맑음,교차로 - 교차로부근,승용,남,52세,상해없음,자전거,남,69세,경상
2017050600100490,2017년 5월 6일 20시,토요일,대구광역시 달성군 다사읍,경상사고,0,0,1,0,차대차 - 추돌,안전운전불이행,건조,맑음,단일로 - 기타,승용,여,47세,상해없음,자전거,남,62세,경상
2017050600100516,2017년 5월 6일 21시,토요일,대구광역시 동구 효목동,부상신고사고,0,0,0,1,차대차 - 측면충돌,안전운전불이행,건조,맑음,단일로 - 기타,승용,여,68세,상해없음,자전거,남,59세,부상신고
2017050600100517,2017년 5월 6일 21시,토요일,대구광역시 수성구 황금동,중상사고,0,1,1,0,차대차 - 정면충돌,안전거리미확보,건조,맑음,단일로 - 기타,화물,남,54세,상해없음,승용,여,41세,중상
2017050600100518,2017년 5월 6일 21시,토요일,대구광역시 북구 노원동3가,경상사고,0,0,1,0,차대사람 - 길가장자리구역통행중,안전운전불이행,건조,맑음,기타 - 기타,원동기,남,57세,상해없음,보행자,남,51세,경상
2017050600100519,2017년 5월 6일 21시,토요일,대구광역시 달서구 신당동,중상사고,0,1,0,0,차대사람 - 횡단중,기타,건조,맑음,단일로 - 기타,이륜,남,38세,상해없음,보행자,여,50세,중상
2017050700100026,2017년 5월 7일 00시,일요일,대구광역시 중구 봉산동,중상사고,0,1,0,0,차대차 - 기타,안전운전불이행,건조,맑음,교차로 - 교차로부근,승용,남,23세,상해없음,승용,남,56세,중상
2017050700100034,2017년 5월 7일 01시,일요일,대구광역시 남구 대명동,경상사고,0,0,2,0,차대차 - 추돌,안전운전불이행,젖음/습기,비,교차로 - 교차로안,승용,여,28세,상해없음,승용,여,22세,경상
2017050700100042,2017년 5월 7일 02시,일요일,대구광역시 수성구 지산동,중상사고,0,1,0,0,차대사람 - 횡단중,안전운전불이행,건조,맑음,기타 - 기타,승용,여,51세,상해없음,보행자,남,59세,중상
2017050700100043,2017년 5월 7일 02시,일요일,대구광역시 달성군 논공읍,중상사고,0,1,1,0,차대사람 - 횡단중,안전운전불이행,건조,맑음,단일로 - 기타,승용,남,28세,상해없음,보행자,여,51세,중상
2017050700100051,2017년 5월 7일 03시,일요일,대구광역시 남구 이천동,중상사고,0,1,0,0,차대사람 - 횡단중,안전운전불이행,건조,맑음,단일로 - 기타,이륜,기타불명,미분류,기타불명,보행자,남,27세,중상
2017050700100052,2017년 5월 7일 03시,일요일,대구광역시 중구 삼덕동1가,경상사고,0,0,1,0,차대사람 - 길가장자리구역통행중,안전운전불이행,건조,맑음,단일로 - 기타,승용,남,24세,상해없음,보행자,여,20세,경상
2017050700100076,2017년 5월 7일 06시,일요일,대구광역시 남구 봉덕동,경상사고,0,0,2,0,차대차 - 측면충돌,안전운전불이행,건조,맑음,단일로 - 기타,승용,남,38세,상해없음,승용,남,66세,경상
2017050700100077,2017년 5월 7일 06시,일요일,대구광역시 달성군 가창면,경상사고,0,0,1,0,차대차 - 기타,안전운전불이행,건조,맑음,교차로 - 교차로안,화물,남,46세,기타불명,승용,남,70세,경상
2017050700100097,2017년 5월 7일 08시,일요일,대구광역시 달서구 대곡동,중상사고,0,1,0,0,차대사람 - 횡단중,안전운전불이행,건조,맑음,교차로 - 교차로횡단보도내,승용,남,65세,상해없음,보행자,남,70세,중상
2017050700100098,2017년 5월 7일 08시,일요일,대구광역시 달서구 감삼동,경상사고,0,0,1,0,차대차 - 기타,안전운전불이행,건조,맑음,단일로 - 기타,화물,남,48세,상해없음,자전거,남,74세,경상
2017050700100128,2017년 5월 7일 10시,일요일,대구광역시 남구 봉덕동,경상사고,0,0,1,0,차대차 - 측면충돌,안전운전불이행,건조,맑음,교차로 - 교차로안,승용,여,44세,기타불명,화물,남,72세,경상
2017050700100129,2017년 5월 7일 10시,일요일,대구광역시 달성군 옥포면,경상사고,0,0,2,0,차대차 - 측면충돌,안전운전불이행,건조,맑음,단일로 - 기타,승용,남,27세,상해없음,승용,남,29세,경상
2017050700100130,2017년 5월 7일 10시,일요일,대구광역시 서구 내당동,경상사고,0,0,1,0,차대차 - 측면충돌,안전거리미확보,건조,맑음,단일로 - 기타,승용,여,54세,상해없음,승용,여,23세,경상
2017050700100131,2017년 5월 7일 10시,일요일,대구광역시 달서구 이곡동,부상신고사고,0,0,0,1,차대사람 - 횡단중,안전운전불이행,건조,맑음,단일로 - 기타,승합,남,57세,상해없음,보행자,여,40세,부상신고
2017050700100173,2017년 5월 7일 12시,일요일,대구광역시 북구 고성동2가,경상사고,0,0,2,0,차대차 - 측면충돌,신호위반,건조,맑음,교차로 - 교차로안,화물,여,44세,상해없음,승용,남,38세,경상
2017050700100195,2017년 5월 7일 13시,일요일,대구광역시 수성구 범어동,경상사고,0,0,1,0,차대사람 - 횡단중,안전운전불이행,건조,맑음,단일로 - 기타,승용,남,57세,기타불명,보행자,여,74세,경상