사고번호,사고일시,요일,시군구,사고내용,사망자수,중상자수,경상자수,부상신고자수,사고유형,법규위반,노면상태,기상상태,도로형태,가해운전자 차종,가해운전자 성별,가해운전자 연령,가해운전자 상해정도,피해운전자 차종,피해운전자 성별,피해운전자 연령,피해운전자 상해정도
2017051100100118,2017년 5월 11일 07시,목요일,대구광역시 달서구 진천동,경상사고,0,0,2,0,차대차 - 측면충돌,직진우회전진행방해,건조,맑음,교차로 - 교차로안,승용,남,34세,경상,승용,남,39세,경상
2017051100100155,2017년 5월 11일 08시,목요일,대구광역시 동구 지저동,중상사고,0,1,1,0,차대차 - 정면충돌,안전거리미확보,건조,맑음,단일로 - 기타,승용,남,38세,상해없음,승용,여,31세,중상
2017051100100156,2017년 5월 11일 08시,목요일,대구광역시 수성구 범어동,경상사고,0,0,1,0,차대차 - 측면충돌,안전운전불이행,건조,맑음,단일로 - 기타,승용,남,66세,상해없음,승용,남,59세,상해없음
2017051100100157,2017년 5월 11일 08시,목요일,대구광역시 북구 침산동,경상사고,0,0,2,0,차대차 - 측면충돌,신호위반,건조,맑음,교차로 - 교차로안,승용,남,48세,상해없음,화물,남,41세,경상
2017051100100187,2017년 5월 11일 09시,목요일,대구광역시 달서구 상인동,경상사고,0,0,1,0,차대차 - 측면충돌,안전운전불이행,건조,맑음,단일로 - 기타,승용,남,26세,기타불명,승용,여,45세,경상
2017051100100188,2017년 5월 11일 09시,목요일,대구광역시 달서구 본리동,중상사고,0,1,0,0,차대사람 - 횡단중,안전운전불이행,건조,맑음,기타 - 기타,승용,여,45세,상해없음,보행자,여,79세,중상
2017051100100219,2017년 5월 11일 10시,목요일,대구광역시 달성군 화원읍,경상사고,0,0,1,0,차대차 - 정면충돌,교차로운행방법위반,건조,맑음,교차로 - 교차로안,승용,남,60세,상해없음,승합,남,62세,상해없음
2017051100100233,2017년 5월 11일 11시,목요일,대구광역시 수성구 만촌동,경상사고,0,0,1,0,차대차 - 추돌,안전운전불이행,건조,맑음,단일로 - 기타,화물,남,57세,상해없음,승용,여,41세,경상
2017051100100234,2017년 5월 11일 11시,목요일,대구광역시 수성구 범어동,경상사고,0,0,1,0,차대차 - 측면충돌,안전운전불이행,건조,맑음,단일로 - 기타,승용,여,38세,상해없음,원동기,남,34세,경상
2017051100100253,2017년 5월 11일 12시,목요일,대구광역시 동구 입석동,경상사고,0,0,2,0,차대차 - 측면충돌,안전운전불이행,건조,맑음,교차로 - 교차로횡단보도내,승용,남,75세,상해없음,승용,남,23세,경상
2017051100100254,2017년 5월 11일 12시,목요일,대구광역시 동구 신용동,경상사고,0,0,1,0,차량단독 - 전도전복 - 전도,안전운전불이행,건조,맑음,단일로 - 기타,이륜,남,26세,경상,,,,
2017051100100255,2017년 5월 11일 12시,목요일,대구광역시 수성구 파동,경상사고,0,0,1,0,차대차 - 추돌,교차로운행방법위반,건조,맑음,단일로 - 기타,승용,여,65세,상해없음,원동기,남,41세,경상
2017051100100256,2017년 5월 11일 12시,목요일,대구광역시 중구 대신동,경상사고,0,0,1,0,차대차 - 측면충돌,안전운전불이행,건조,맑음,단일로 - 기타,승용,남,69세,상해없음,승용,여,54세,경상
2017051100100257,2017년 5월 11일 12시,목요일,대구광역시 달서구 이곡동,중상사고,0,1,0,0,차대사람 - 횡단중,기타,건조,맑음,기타 - 기타,승용,남,62세,상해없음,보행자,남,45세,중상
2017051100100282,2017년 5월 11일 13시,목요일,대구광역시 달성군 옥포면,경상사고,0,0,1,0,차대차 - 정면충돌,신호위반,건조,맑음,교차로 - 교차로안,원동기,남,25세,상해없음,승용,여,55세,경상
2017051100100283,2017년 5월 11일 13시,목요일,대구광역시 북구 동천동,경상사고,0,0,1,0,차대차 - 기타,교차로운행방법위반,건조,맑음,교차로 - 교차로안,승용,여,58세,상해없음,원동기,남,65세,경상
2017051100100319,2017년 5월 11일 14시,목요일,대구광역시 북구 침산동,중상사고,0,1,0,0,차대차 - 측면충돌,안전거리미확보,건조,맑음,단일로 - 기타,승용,남,45세,상해없음,승합,남,58세,중상
2017051100100373,2017년 5월 11일 16시,목요일,대구광역시 동구 효목동,중상사고,0,1,0,0,차대사람 - 횡단중,안전운전불이행,건조,맑음,단일로 - 기타,승용,남,45세,상해없음,보행자,여,81세,중상
2017051100100374,2017년 5월 11일 16시,목요일,대구광역시 동구 신천동,중상사고,0,1,0,0,차량단독 - 기타,안전운전불이행,건조,맑음,교차로 - 교차로부근,승합,남,55세,상해없음,,,,
2017051100100375,2017년 5월 11일 16시,목요일,대구광역시 서구 상리동,경상사고,0,0,3,0,차대차 - 추돌,안전운전불이행,건조,맑음,단일로 - 기타,화물,남,51세,상해없음,승용,여,33세,경상
2017051100100376,2017년 5월 11일 16시,목요일,대구광역시 북구 서변동,경상사고,0,0,1,0,차대차 - 추돌,안전거리미확보,건조,맑음,교차로 - 교차로부근,승합,남,47세,상해없음,이륜,남,52세,경상
2017051100100377,2017년 5월 11일 16시,목요일,대구광역시 북구 금호동,경상사고,0,0,1,0,차대차 - 측면충돌,안전운전불이행,건조,맑음,교차로 - 교차로안,화물,남,38세,상해없음,승용,남,61세,경상
2017051100100438,2017년 5월 11일 18시,목요일,대구광역시 수성구 범어동,부상신고사고,0,0,0,1,차대사람 - 횡단중,안전거리미확보,건조,맑음,단일로 - 기타,승용,여,48세,기타불명,보행자,남,33세,부상신고
2017051100100439,2017년 5월 11일 18시,목요일,대구광역시 달서구 도원동,중상사고,0,1,0,0,차대차 - 측면충돌,안전거리미확보,건조,맑음,단일로 - 기타,승용,여,27세,상해없음,원동기,남,17세,중상
2017051100100440,2017년 5월 11일 18시,목요일,대구광역시 서구 비산동,경상사고,0,0,1,0,차대차 - 측면충돌,안전운전불이행,건조,맑음,단일로 - 기타,화물,남,62세,상해없음,승용,남,54세,경상
2017051100100441,2017년 5월 11일 18시,목요일,대구광역시 달서구 용산동,경상사고,0,0,2,0,차대차 - 측면충돌,중앙선침범,건조,맑음,단일로 - 기타,승용,남,39세,상해없음,승용,여,31세,경상
2017051100100480,2017년 5월 11일 19시,목요일,대구광역시 동구 효목동,중상사고,0,1,0,0,차대사람 - 횡단중,안전운전불이행,건조,맑음,기타 - 기타,승용,여,48세,상해없음,보행자,남,67세,중상
2017051100100481,2017년 5월 11일 19시,목요일,대구광역시 달성군 논공읍,경상사고,0,0,1,0,차대차 - 추돌,안전운전불이행,건조,맑음,단일로 - 기타,승용,여,47세,상해없음,승용,남,27세,경상
2017051100100482,2017년 5월 11일 19시,목요일,대구광역시 북구 복현동,중상사고,0,1,0,0,차대차 - 측면충돌,기타,건조,맑음,단일로 - 기타,화물,남,22세,상해없음,자전거,남,25세,중상
2017051100100483,2017년 5월 11일 19시,목요일,대구광역시 북구 산격동,경상사고,0,0,1,0,차대사람 - 보도통행중,안전운전불이행,건조,맑음,단일로 - 기타,승용,남,26세,상해없음,보행자,남,8세,경상
2017051100100484,2017년 5월 11일 19시,목요일,대구광역시 서구 평리동,경상사고,0,0,1,0,차대차 - 후진중충돌,안전운전불이행,건조,맑음,단일로 - 기타,승용,남,75세,상해없음,이륜,남,35세,경상
2017051100100511,2017년 5월 11일 20시,목요일,대구광역시 달서구 진천동,중상사고,0,1,0,0,차대차 - 측면충돌,직진우회전진행방해,건조,맑음,교차로 - 교차로안,승용,남,41세,상해없음,자전거,남,14세,중상
2017051100100512,2017년 5월 11일 20시,목요일,대구광역시 북구 침산동,중상사고,0,1,0,0,차대차 - 측면충돌,신호위반,건조,맑음,교차로 - 교차로안,승용,남,44세,상해없음,이륜,남,45세,중상
2017051100100545,2017년 5월 11일 21시,목요일,대구광역시 동구 신암동,경상사고,0,0,1,0,차량단독 - 기타,기타,건조,맑음,단일로 - 기타,승용,남,67세,상해없음,,,,
2017051100100546,2017년 5월 11일 21시,목요일,대구광역시 달서구 신당동,경상사고,0,0,2,0,차대차 - 추돌,안전운전불이행,건조,맑음,교차로 - 교차로부근,승용,남,48세,상해없음,승용,남,49세,경상
2017051100100604,2017년 5월 11일 23시,목요일,대구광역시 달서구 상인동,경상사고,0,0,1,0,차대사람 - 횡단중,기타,건조,맑음,기타 - 기타,승용,남,20세,상해없음,보행자,여,28세,경상
2017051100100605,2017년 5월 11일 23시,목요일,대구광역시 달성군 옥포면,중상사고,0,2,1,0,차대차 - 측면충돌,안전운전불이행,건조,맑음,교차로 - 교차로안,승용,여,31세,중상,화물,남,58세,상해없음
2017051100100606,2017년 5월 11일 23시,목요일,대구광역시 중구 남산동,경상사고,0,0,1,1,차대차 - 측면충돌,안전운전불이행,건조,맑음,단일로 - 기타,승용,남,58세,부상신고,화물,여,42세,경상
2017051200100035,2017년 5월 12일 00시,금요일,대구광역시 서구 중리동,부상신고사고,0,0,0,1,차대사람 - 횡단중,안전운전불이행,건조,맑음,단일로 - 기타,기타불명,기타불명,미분류,기타불명,보행자,남,38세,부상신고
2017051200100063,2017년 5월 12일 02시,금요일,대구광역시 달서구 신당동,중상사고,0,1,1,0,차대차 - 추돌,안전운전불이행,건조,맑음,단일로 - 기타,승용,남,28세,상해없음,승용,남,65세,중상
2017051200100064,2017년 5월 12일 02시,금요일,대구광역시 달서구 신당동,중상사고,0,1,5,0,차대차 - 측면충돌,안전거리미확보,건조,맑음,단일로 - 기타,승용,남,54세,경상,승용,남,19세,경상
2017051200100072,2017년 5월 12일 03시,금요일,대구광역시 남구 봉덕동,중상사고,0,1,0,0,차량단독 - 전도전복,안전운전불이행,건조,맑음,단일로 - 기타,승용,여,39세,중상,미분류,미분류,미분류,미분류
2017051200100075,2017년 5월 12일 04시,금요일,대구광역시 중구 삼덕동1가,경상사고,0,0,1,0,차대사람 - 기타,안전운전불이행,건조,맑음,교차로 - 교차로부근,승용,여,22세,상해없음,보행자,남,26세,경상
2017051200100094,2017년 5월 12일 06시,금요일,대구광역시 남구 대명동,경상사고,0,0,1,0,차대차 - 추돌,안전거리미확보,건조,맑음,단일로 - 기타,승용,남,25세,상해없음,승용,남,72세,상해없음
2017051200100177,2017년 5월 12일 09시,금요일,대구광역시 수성구 중동,부상신고사고,0,0,0,1,차대차 - 측면충돌,안전운전불이행,건조,맑음,단일로 - 기타,자전거,남,62세,부상신고,승용,여,33세,상해없음
2017051200100214,2017년 5월 12일 10시,금요일,대구광역시 북구 대현동,경상사고,0,0,1,0,차대차 - 측면충돌,안전운전불이행,건조,맑음,교차로 - 교차로안,승용,여,36세,상해없음,승용,남,46세,경상
2017051200100234,2017년 5월 12일 11시,금요일,대구광역시 북구 산격동,부상신고사고,0,0,0,1,차대차 - 기타,안전운전불이행,건조,맑음,단일로 - 기타,자전거,남,58세,부상신고,승용,남,46세,상해없음
2017051200100255,2017년 5월 12일 12시,금요일,대구광역시 동구 괴전동,경상사고,0,0,1,0,차대차 - 측면충돌,안전거리미확보,건조,맑음,교차로 - 교차로부근,승용,여,57세,상해없음,승용,여,34세,경상
2017051200100256,2017년 5월 12일 12시,금요일,대구광역시 북구 침산동,경상사고,0,0,1,0,차대차 - 측면충돌,안전거리미확보,건조,맑음,단일로 - 기타,승용,남,65세,상해없음,승용,남,24세,경상
2017051200100287,2017년 5월 12일 13시,금요일,대구광역시 수성구 황금동,중상사고,0,1,1,0,차대차 - 추돌,안전운전불이행,건조,맑음,교차로 - 교차로부근,승용,남,47세,경상,승용,남,57세,상해없음
2017051200100288,2017년 5월 12일 13시,금요일,대구광역시 중구 대신동,중상사고,0,1,0,0,차대사람 - 횡단중,안전운전불이행,건조,맑음,단일로 - 기타,승용,남,60세,상해없음,보행자,여,84세,중상
2017051200100289,2017년 5월 12일 13시,금요일,대구광역시 중구 삼덕동3가,경상사고,0,0,1,0,차대차 - 추돌,안전거리미확보,건조,맑음,단일로 - 기타,승용,남,45세,상해없음,승용,남,45세,상해없음
2017051200100327,2017년 5월 12일 14시,금요일,대구광역시 달성군 다사읍,경상사고,0,0,1,0,차대차 - 측면충돌,안전운전불이행,젖음/습기,비,교차로 - 교차로부근,승용,남,53세,상해없음,승용,여,44세,경상
2017051200100357,2017년 5월 12일 15시,금요일,대구광역시 북구 태전동,경상사고,0,0,3,0,차대차 - 측면충돌,중앙선침범,건조,맑음,단일로 - 기타,승용,남,18세,기타불명,승용,남,36세,경상
2017051200100385,2017년 5월 12일 16시,금요일,대구광역시 동구 진인동,경상사고,0,0,1,0,차대차 - 측면충돌,안전운전불이행,건조,맑음,교차로 - 교차로안,승용,여,54세,상해없음,승용,여,46세,경상
2017051200100386,2017년 5월 12일 16시,금요일,대구광역시 수성구 수성동4가,경상사고,0,0,1,0,차대차 - 측면충돌,안전운전불이행,건조,맑음,단일로 - 기타,승용,여,64세,상해없음,승합,여,47세,상해없음
2017051200100387,2017년 5월 12일 16시,금요일,대구광역시 달서구 상인동,중상사고,0,1,0,0,차대사람 - 횡단중,안전운전불이행,건조,흐림,주차장 - 주차장,승용,남,68세,상해없음,보행자,남,4세,중상
2017051200100388,2017년 5월 12일 16시,금요일,대구광역시 달서구 두류동,중상사고,0,1,0,0,차대사람 - 횡단중,보행자보호의무위반,건조,맑음,단일로 - 기타,승용,남,31세,상해없음,보행자,여,68세,중상
2017051200100430,2017년 5월 12일 17시,금요일,대구광역시 남구 이천동,경상사고,0,0,1,0,차대사람 - 횡단중,안전운전불이행,건조,흐림,단일로 - 기타,승용,남,59세,상해없음,보행자,여,57세,경상
2017051200100431,2017년 5월 12일 17시,금요일,대구광역시 동구 신암동,중상사고,0,1,0,0,차대차 - 측면충돌,안전운전불이행,건조,맑음,교차로 - 교차로부근,승용,여,49세,상해없음,이륜,남,72세,중상
2017051200100432,2017년 5월 12일 17시,금요일,대구광역시 달서구 도원동,중상사고,0,2,0,0,차대사람 - 횡단중,안전운전불이행,건조,맑음,단일로 - 기타,승용,여,46세,상해없음,보행자,남,64세,중상
2017051200100433,2017년 5월 12일 17시,금요일,대구광역시 달서구 월성동,경상사고,0,0,1,0,차대차 - 측면충돌,안전운전불이행,건조,맑음,단일로 - 기타,화물,남,64세,상해없음,이륜,남,41세,경상
2017051200100434,2017년 5월 12일 17시,금요일,대구광역시 달성군 유가면,중상사고,0,1,0,0,차대차 - 기타,직진우회전진행방해,젖음/습기,흐림,교차로 - 교차로안,승용,여,34세,상해없음,자전거,남,12세,중상
2017051200100435,2017년 5월 12일 17시,금요일,대구광역시 북구 노원동3가,중상사고,0,2,0,0,차대차 - 기타,안전거리미확보,건조,맑음,단일로 - 기타,화물,남,47세,상해없음,승용,여,46세,중상
2017051200100436,2017년 5월 12일 17시,금요일,대구광역시 중구 태평로2가,중상사고,0,1,0,0,차대차 - 측면충돌,기타,건조,맑음,교차로 - 교차로부근,승용,남,66세,상해없음,이륜,남,20세,중상
2017051200100472,2017년 5월 12일 18시,금요일,대구광역시 수성구 지산동,부상신고사고,0,0,0,1,차대사람 - 횡단중,신호위반,건조,맑음,교차로 - 교차로안,승용,남,26세,상해없음,보행자,남,29세,부상신고
2017051200100473,2017년 5월 12일 18시,금요일,대구광역시 달서구 본리동,경상사고,0,0,1,0,차대차 - 기타,안전운전불이행,건조,맑음,단일로 - 기타,승용,여,24세,상해없음,자전거,남,72세,경상
2017051200100497,2017년 5월 12일 19시,금요일,대구광역시 남구 대명동,경상사고,0,0,1,0,차대차 - 추돌,안전운전불이행,건조,맑음,단일로 - 기타,승용,남,74세,상해없음,승용,여,58세,경상
2017051200100498,2017년 5월 12일 19시,금요일,대구광역시 수성구 매호동,중상사고,0,1,0,0,차대사람 - 횡단중,안전운전불이행,건조,맑음,단일로 - 기타,승용,남,58세,상해없음,보행자,여,71세,중상
2017051200100499,2017년 5월 12일 19시,금요일,대구광역시 수성구 연호동,경상사고,0,0,1,0,차대차 - 기타,안전운전불이행,건조,맑음,단일로 - 기타,승용,남,25세,상해없음,승합,남,54세,상해없음
2017051200100500,2017년 5월 12일 19시,금요일,대구광역시 수성구 수성동1가,경상사고,0,0,1,0,차대차 - 측면충돌,안전운전불이행,건조,맑음,단일로 - 기타,승용,여,33세,상해없음,승용,남,31세,경상
2017051200100501,2017년 5월 12일 19시,금요일,대구광역시 북구 복현동,중상사고,0,1,0,0,차량단독 - 기타,기타,건조,맑음,단일로 - 기타,승합,남,55세,상해없음,,,,
2017051200100502,2017년 5월 12일 19시,금요일,대구광역시 서구 비산동,중상사고,0,1,0,0,차대차 - 측면충돌,신호위반,건조,맑음,단일로 - 기타,승용,남,28세,상해없음,이륜,남,69세,중상
2017051200100532,2017년 5월 12일 20시,금요일,대구광역시 남구 대명동,중상사고,0,1,1,0,차대사람 - 횡단중,보행자보호의무위반,건조,맑음,기타 - 기타,이륜,남,48세,경상,보행자,여,63세,중상
2017051200100533,2017년 5월 12일 20시,금요일,대구광역시 수성구 노변동,경상사고,0,0,1,0,차대차 - 정면충돌,기타,건조,맑음,단일로 - 기타,화물,남,57세,상해없음,자전거,남,14세,경상
2017051200100534,2017년 5월 12일 20시,금요일,대구광역시 달서구 성당동,경상사고,0,0,1,0,차대차 - 측면충돌,교차로운행방법위반,건조,맑음,교차로 - 교차로안,승용,여,58세,상해없음,원동기,남,32세,경상
2017051200100535,2017년 5월 12일 20시,금요일,대구광역시 달서구 신당동,경상사고,0,0,2,0,차대차 - 측면충돌,안전운전불이행,건조,맑음,교차로 - 교차로부근,승용,여,56세,상해없음,화물,남,73세,경상
2017051200100566,2017년 5월 12일 21시,금요일,대구광역시 달서구 상인동,경상사고,0,0,2,0,차대사람 - 횡단중,안전운전불이행,건조,맑음,단일로 - 기타,이륜,남,22세,경상,보행자,남,55세,경상
2017051200100594,2017년 5월 12일 22시,금요일,대구광역시 수성구 상동,경상사고,0,0,3,0,차대차 - 추돌,안전운전불이행,건조,맑음,교차로 - 교차로부근,승용,남,27세,상해없음,승용,여,54세,경상
2017051200100621,2017년 5월 12일 23시,금요일,대구광역시 남구 대명동,경상사고,0,0,1,0,차대차 - 측면충돌,직진우회전진행방해,건조,맑음,교차로 - 교차로안,승용,남,52세,상해없음,승용,여,53세,경상
2017051200100622,2017년 5월 12일 23시,금요일,대구광역시 수성구 사월동,중상사고,0,1,0,0,차대차 - 측면충돌,신호위반,건조,맑음,교차로 - 교차로안,이륜,남,25세,중상,승용,남,27세,상해없음
2017051300100036,2017년 5월 13일 00시,토요일,대구광역시 달성군 논공읍,경상사고,0,0,1,0,차대차 - 측면충돌,교차로운행방법위반,건조,맑음,교차로 - 교차로안,승용,남,22세,기타불명,승용,남,59세,경상
2017051300100037,2017년 5월 13일 00시,토요일,대구광역시 달서구 본리동,경상사고,0,0,3,0,차대차 - 기타,신호위반,건조,맑음,교차로 - 교차로안,승용,남,23세,상해없음,승용,남,44세,경상
2017051300100038,2017년 5월 13일 00시,토요일,대구광역시 북구 태전동,경상사고,0,0,2,0,차대차 - 추돌,안전운전불이행,건조,맑음,단일로 - 기타,승용,남,63세,상해없음,승용,여,52세,경상
2017051300100061,2017년 5월 13일 01시,토요일,대구광역시 남구 봉덕동,경상사고,0,0,3,0,차대차 - 측면충돌,차로위반,건조,맑음,교차로 - 교차로부근,승합,남,23세,경상,승용,남,48세,경상
2017051300100096,2017년 5월 13일 03시,토요일,대구광역시 달서구 용산동,중상사고,0,1,0,0,차대차 - 측면충돌,신호위반,건조,맑음,교차로 - 교차로안,승용,남,54세,상해없음,승용,남,58세,중상
2017051300100134,2017년 5월 13일 06시,토요일,대구광역시 남구 이천동,중상사고,0,1,1,0,차대차 - 측면충돌,과속,건조,맑음,교차로 - 교차로안,승용,남,43세,중상,승합,남,52세,경상
2017051300100135,2017년 5월 13일 06시,토요일,대구광역시 중구 덕산동,경상사고,0,0,1,0,차대차 - 측면충돌,신호위반,건조,맑음,교차로 - 교차로안,승합,남,39세,기타불명,승합,남,59세,상해없음
2017051300100211,2017년 5월 13일 09시,토요일,대구광역시 남구 대명동,경상사고,0,0,1,0,차대차 - 측면충돌,안전거리미확보,건조,맑음,단일로 - 기타,승용,남,57세,상해없음,승용,남,34세,경상
2017051300100212,2017년 5월 13일 09시,토요일,대구광역시 남구 봉덕동,부상신고사고,0,0,0,1,차대차 - 측면충돌,신호위반,건조,맑음,교차로 - 교차로안,이륜,남,75세,부상신고,승용,남,66세,상해없음
2017051300100238,2017년 5월 13일 10시,토요일,대구광역시 동구 신서동,중상사고,0,1,0,0,차대차 - 정면충돌,중앙선침범,건조,맑음,교차로 - 교차로안,이륜,남,34세,중상,승용,남,33세,상해없음
2017051300100239,2017년 5월 13일 10시,토요일,대구광역시 수성구 파동,경상사고,0,0,1,0,차대차 - 정면충돌,안전운전불이행,건조,맑음,교차로 - 교차로부근,승용,여,38세,상해없음,승용,여,47세,경상
2017051300100240,2017년 5월 13일 10시,토요일,대구광역시 북구 산격동,경상사고,0,0,1,0,차대사람 - 횡단중,안전운전불이행,건조,맑음,교차로 - 교차로안,승용,남,43세,상해없음,보행자,여,64세,경상
2017051300100241,2017년 5월 13일 10시,토요일,대구광역시 북구 노원동3가,중상사고,0,1,0,0,차대차 - 측면충돌,안전운전불이행,건조,맑음,단일로 - 기타,건설기계,남,58세,상해없음,원동기,남,60세,중상
2017051300100270,2017년 5월 13일 11시,토요일,대구광역시 남구 대명동,경상사고,0,0,1,0,차대차 - 측면충돌,교차로운행방법위반,건조,맑음,교차로 - 교차로안,승용,남,37세,상해없음,원동기,남,36세,경상
2017051300100271,2017년 5월 13일 11시,토요일,대구광역시 남구 대명동,경상사고,0,0,2,0,차대차 - 측면충돌,안전운전불이행,건조,맑음,교차로 - 교차로안,승용,남,63세,상해없음,승용,남,57세,경상
2017051300100334,2017년 5월 13일 13시,토요일,대구광역시 동구 용계동,중상사고,0,1,0,0,차대차 - 추돌,안전운전불이행,건조,맑음,단일로 - 기타,승용,남,51세,상해없음,승용,여,41세,중상
2017051300100335,2017년 5월 13일 13시,토요일,대구광역시 북구 산격동,중상사고,0,1,0,0,차대사람 - 횡단중,보행자보호의무위반,건조,맑음,교차로 - 교차로횡단보도내,승용,여,53세,상해없음,보행자,남,87세,중상
2017051300100336,2017년 5월 13일 13시,토요일,대구광역시 북구 태전동,경상사고,0,0,1,0,차대차 - 측면충돌,안전거리미확보,건조,맑음,단일로 - 기타,승용,여,38세,상해없음,승용,남,62세,경상
2017051300100374,2017년 5월 13일 14시,토요일,대구광역시 동구 신암동,경상사고,0,0,2,0,차대차 - 측면충돌,안전거리미확보,건조,맑음,단일로 - 기타,화물,남,43세,상해없음,승용,여,29세,경상
2017051300100375,2017년 5월 13일 14시,토요일,대구광역시 북구 칠성동2가,경상사고,0,0,1,0,차대차 - 기타,안전운전불이행,건조,맑음,단일로 - 기타,자전거,남,28세,경상,승용,남,66세,상해없음
2017051300100412,2017년 5월 13일 15시,토요일,대구광역시 남구 대명동,경상사고,0,0,1,0,차대차 - 측면충돌,안전운전불이행,건조,맑음,단일로 - 기타,승용,남,59세,상해없음,이륜,남,27세,경상
2017051300100413,2017년 5월 13일 15시,토요일,대구광역시 수성구 범어동,경상사고,0,0,1,0,차대사람 - 횡단중,안전운전불이행,건조,맑음,단일로 - 기타,승용,남,27세,상해없음,보행자,여,8세,경상
2017051300100481,2017년 5월 13일 17시,토요일,대구광역시 중구 삼덕동2가,경상사고,0,0,1,0,차대차 - 측면충돌,안전거리미확보,건조,맑음,단일로 - 기타,화물,남,39세,상해없음,승용,남,75세,경상
2017051300100482,2017년 5월 13일 17시,토요일,대구광역시 달서구 본리동,사망사고,1,0,0,0,차량단독 - 전도전복 - 전도,안전운전불이행,건조,맑음,단일로 - 기타,자전거,남,61세,사망,,,,
2017051300100517,2017년 5월 13일 18시,토요일,대구광역시 남구 대명동,부상신고사고,0,0,0,1,차량단독 - 전도전복 - 전도,안전운전불이행,건조,맑음,단일로 - 기타,자전거,남,15세,부상신고,,,,
2017051300100637,2017년 5월 13일 23시,토요일,대구광역시 수성구 범어동,경상사고,0,0,1,0,차대차 - 기타,안전거리미확보,건조,맑음,단일로 - 기타,승용,여,34세,상해없음,승용,남,65세,경상
2017051400100026,2017년 5월 14일 00시,일요일,대구광역시 수성구 중동,중상사고,0,1,0,0,차대사람 - 길가장자리구역통행중,안전운전불이행,건조,맑음,교차로 - 교차로부근,승용,남,37세,상해없음,보행자,여,57세,중상
2017051400100027,2017년 5월 14일 00시,일요일,대구광역시 달서구 송현동,경상사고,0,0,1,0,차대차 - 측면충돌,직진우회전진행방해,건조,맑음,교차로 - 교차로안,승용,남,44세,상해없음,자전거,남,68세,경상
2017051400100042,2017년 5월 14일 01시,일요일,대구광역시 달서구 두류동,경상사고,0,0,4,0,차대차 - 추돌,안전운전불이행,건조,맑음,주차장 - 주차장,화물,남,36세,상해없음,승용,남,28세,경상
2017051400100043,2017년 5월 14일 01시,일요일,대구광역시 달서구 죽전동,경상사고,0,0,1,0,차대사람 - 기타,안전운전불이행,건조,맑음,교차로 - 교차로안,승용,남,43세,상해없음,보행자,남,37세,경상
2017051400100050,2017년 5월 14일 02시,일요일,대구광역시 중구 공평동,경상사고,0,0,1,0,차대사람 - 기타,안전운전불이행,건조,맑음,단일로 - 기타,승용,남,27세,상해없음,보행자,남,22세,상해없음
2017051400100057,2017년 5월 14일 03시,일요일,대구광역시 달서구 본리동,경상사고,0,0,1,0,차대차 - 측면충돌,안전운전불이행,건조,맑음,단일로 - 기타,승용,남,23세,상해없음,승합,남,32세,경상
2017051400100138,2017년 5월 14일 09시,일요일,대구광역시 동구 지묘동,경상사고,0,0,1,0,차대차 - 추돌,안전거리미확보,건조,맑음,단일로 - 기타,화물,남,54세,상해없음,승용,남,58세,상해없음
2017051400100187,2017년 5월 14일 11시,일요일,대구광역시 북구 태전동,중상사고,0,1,1,0,차대차 - 추돌,안전운전불이행,건조,맑음,교차로 - 교차로부근,승용,남,29세,상해없음,승용,여,59세,경상
2017051400100210,2017년 5월 14일 12시,일요일,대구광역시 달성군 옥포면,중상사고,0,1,0,0,차대차 - 정면충돌,안전운전불이행,건조,맑음,교차로 - 교차로안,원동기,남,62세,중상,승용,남,42세,상해없음
2017051400100257,2017년 5월 14일 14시,일요일,대구광역시 수성구 파동,중상사고,0,1,0,0,차대사람 - 횡단중,안전운전불이행,건조,맑음,단일로 - 기타,화물,남,62세,상해없음,보행자,여,69세,중상
2017051400100290,2017년 5월 14일 15시,일요일,대구광역시 북구 동변동,경상사고,0,0,1,0,차대차 - 추돌,안전운전불이행,건조,맑음,단일로 - 교량,자전거,남,69세,상해없음,자전거,여,62세,경상
2017051400100291,2017년 5월 14일 15시,일요일,대구광역시 북구 사수동,중상사고,0,1,0,0,차대차 - 정면충돌,안전운전불이행,건조,맑음,단일로 - 기타,승용,남,55세,중상,승용,여,43세,기타불명
2017051400100384,2017년 5월 14일 18시,일요일,대구광역시 달서구 상인동,경상사고,0,0,1,0,차대차 - 측면충돌,기타,건조,맑음,단일로 - 기타,승용,남,56세,상해없음,승용,남,36세,경상
2017051400100416,2017년 5월 14일 19시,일요일,대구광역시 남구 대명동,경상사고,0,0,1,0,차대차 - 측면충돌,신호위반,건조,맑음,단일로 - 기타,자전거,남,15세,경상,원동기,남,25세,상해없음
2017051400100439,2017년 5월 14일 20시,일요일,대구광역시 수성구 범어동,경상사고,0,0,2,0,차대차 - 추돌,안전운전불이행,건조,맑음,단일로 - 기타,승용,남,48세,상해없음,승용,남,54세,경상
2017051400100440,2017년 5월 14일 20시,일요일,대구광역시 달서구 송현동,경상사고,0,0,4,0,차대차 - 측면충돌,안전거리미확보,건조,맑음,단일로 - 기타,승용,남,28세,상해없음,승용,남,18세,경상
2017051400100441,2017년 5월 14일 20시,일요일,대구광역시 달서구 신당동,경상사고,0,0,2,0,차대차 - 추돌,안전거리미확보,건조,흐림,단일로 - 기타,이륜,남,45세,경상,이륜,남,31세,경상