사고번호,사고일시,요일,시군구,사고내용,사망자수,중상자수,경상자수,부상신고자수,사고유형,법규위반,노면상태,기상상태,도로형태,가해운전자 차종,가해운전자 성별,가해운전자 연령,가해운전자 상해정도,피해운전자 차종,피해운전자 성별,피해운전자 연령,피해운전자 상해정도
2017051400100462,2017년 5월 14일 21시,일요일,대구광역시 수성구 지산동,중상사고,0,1,0,0,차대사람 - 횡단중,안전운전불이행,건조,맑음,단일로 - 기타,승용,남,47세,상해없음,보행자,여,60세,중상
2017051400100463,2017년 5월 14일 21시,일요일,대구광역시 북구 산격동,경상사고,0,0,1,0,차대차 - 측면충돌,직진우회전진행방해,건조,맑음,교차로 - 교차로안,원동기,남,22세,경상,승용,남,29세,상해없음
2017051400100464,2017년 5월 14일 21시,일요일,대구광역시 북구 태전동,중상사고,0,1,1,0,차대차 - 기타,교차로운행방법위반,건조,맑음,교차로 - 교차로안,승용,남,48세,경상,원동기,남,17세,중상
2017051400100486,2017년 5월 14일 22시,일요일,대구광역시 남구 대명동,중상사고,0,1,1,0,차대차 - 측면충돌,교차로운행방법위반,건조,맑음,교차로 - 교차로안,승용,여,54세,경상,승용,남,25세,중상
2017051400100487,2017년 5월 14일 22시,일요일,대구광역시 달서구 상인동,중상사고,0,1,2,0,차대차 - 측면충돌,교차로운행방법위반,건조,맑음,교차로 - 교차로안,승용,여,23세,상해없음,승용,여,28세,중상
2017051400100501,2017년 5월 14일 23시,일요일,대구광역시 중구 남산동,경상사고,0,0,1,0,차대차 - 추돌,안전운전불이행,건조,맑음,단일로 - 기타,이륜,남,19세,경상,승용,남,51세,상해없음
2017051400100502,2017년 5월 14일 23시,일요일,대구광역시 달서구 신당동,중상사고,0,1,1,0,차대차 - 측면충돌,신호위반,건조,맑음,교차로 - 교차로안,이륜,남,26세,중상,이륜,남,17세,경상
2017051500100056,2017년 5월 15일 03시,월요일,대구광역시 수성구 상동,경상사고,0,0,5,0,차대차 - 측면충돌,안전운전불이행,건조,맑음,교차로 - 교차로안,승용,남,33세,상해없음,승용,남,19세,경상
2017051500100068,2017년 5월 15일 05시,월요일,대구광역시 수성구 황금동,경상사고,0,0,1,1,차대차 - 측면충돌,안전거리미확보,건조,맑음,단일로 - 기타,승용,여,35세,부상신고,승용,남,47세,경상
2017051500100069,2017년 5월 15일 05시,월요일,대구광역시 서구 내당동,중상사고,0,1,1,0,차대차 - 측면충돌,안전거리미확보,건조,맑음,단일로 - 기타,승용,남,58세,상해없음,승용,남,60세,중상
2017051500100099,2017년 5월 15일 07시,월요일,대구광역시 수성구 만촌동,경상사고,0,0,1,0,차대사람 - 길가장자리구역통행중,안전운전불이행,건조,맑음,단일로 - 기타,승용,남,47세,상해없음,보행자,남,17세,경상
2017051500100100,2017년 5월 15일 07시,월요일,대구광역시 수성구 대흥동,부상신고사고,0,0,0,1,차량단독 - 전도전복 - 전도,안전운전불이행,건조,맑음,단일로 - 기타,자전거,남,16세,부상신고,,,,
2017051500100101,2017년 5월 15일 07시,월요일,대구광역시 북구 읍내동,중상사고,0,1,0,0,차대차 - 측면충돌,안전운전불이행,건조,맑음,단일로 - 기타,자전거,남,16세,중상,승용,여,46세,상해없음
2017051500100137,2017년 5월 15일 08시,월요일,대구광역시 북구 동천동,경상사고,0,0,1,0,차대사람 - 횡단중,신호위반,건조,맑음,단일로 - 기타,승용,남,26세,상해없음,보행자,남,10세,경상
2017051500100177,2017년 5월 15일 09시,월요일,대구광역시 수성구 범어동,경상사고,0,0,1,0,차대차 - 정면충돌,신호위반,건조,맑음,교차로 - 교차로안,승용,여,39세,상해없음,승용,남,47세,경상
2017051500100178,2017년 5월 15일 09시,월요일,대구광역시 달서구 용산동,중상사고,0,1,0,0,차대사람 - 횡단중,안전운전불이행,건조,맑음,교차로 - 교차로안,승용,여,56세,상해없음,보행자,남,85세,중상
2017051500100211,2017년 5월 15일 10시,월요일,대구광역시 수성구 삼덕동,부상신고사고,0,0,0,1,차대차 - 정면충돌,안전운전불이행,건조,맑음,단일로 - 기타,이륜,남,60세,부상신고,승용,남,67세,상해없음
2017051500100242,2017년 5월 15일 11시,월요일,대구광역시 중구 덕산동,경상사고,0,0,1,0,차대차 - 추돌,안전운전불이행,건조,맑음,단일로 - 기타,화물,남,27세,상해없음,승용,남,64세,경상
2017051500100273,2017년 5월 15일 12시,월요일,대구광역시 달서구 대곡동,경상사고,0,0,2,0,차대차 - 측면충돌,안전거리미확보,건조,맑음,단일로 - 기타,승용,여,46세,상해없음,원동기,남,27세,경상
2017051500100309,2017년 5월 15일 13시,월요일,대구광역시 동구 동호동,중상사고,0,1,1,0,차대차 - 측면충돌,안전운전불이행,건조,맑음,단일로 - 기타,승용,남,29세,상해없음,자전거,남,15세,경상
2017051500100381,2017년 5월 15일 15시,월요일,대구광역시 동구 지저동,경상사고,0,0,2,0,차대사람 - 횡단중,보행자보호의무위반,건조,맑음,교차로 - 교차로횡단보도내,이륜,남,63세,경상,보행자,여,11세,경상
2017051500100382,2017년 5월 15일 15시,월요일,대구광역시 서구 내당동,경상사고,0,0,1,0,차대차 - 추돌,안전운전불이행,건조,맑음,단일로 - 기타,승용,남,18세,상해없음,화물,남,40세,경상
2017051500100383,2017년 5월 15일 15시,월요일,대구광역시 중구 남산동,경상사고,0,0,2,0,차대차 - 측면충돌,안전거리미확보,건조,맑음,교차로 - 교차로안,승합,남,66세,상해없음,승용,여,67세,경상
2017051500100384,2017년 5월 15일 15시,월요일,대구광역시 달서구 호림동,중상사고,0,1,0,0,차대차 - 측면충돌,신호위반,건조,맑음,교차로 - 교차로안,승용,여,45세,상해없음,화물,남,35세,중상
2017051500100420,2017년 5월 15일 16시,월요일,대구광역시 수성구 파동,경상사고,0,0,1,0,차대차 - 후진중충돌,안전운전불이행,건조,맑음,단일로 - 기타,승용,여,74세,상해없음,승용,여,39세,경상
2017051500100421,2017년 5월 15일 16시,월요일,대구광역시 수성구 만촌동,경상사고,0,0,1,1,차대사람 - 차도통행중,안전운전불이행,건조,맑음,단일로 - 기타,자전거,남,14세,부상신고,보행자,남,6세,경상
2017051500100422,2017년 5월 15일 16시,월요일,대구광역시 북구 침산동,부상신고사고,0,0,0,1,차대차 - 측면충돌,안전운전불이행,건조,맑음,교차로 - 교차로부근,이륜,남,31세,부상신고,승용,남,37세,상해없음
2017051500100466,2017년 5월 15일 17시,월요일,대구광역시 달서구 도원동,경상사고,0,0,1,0,차대사람 - 횡단중,안전운전불이행,건조,맑음,단일로 - 기타,화물,남,70세,상해없음,보행자,여,7세,경상
2017051500100467,2017년 5월 15일 17시,월요일,대구광역시 달서구 장동,경상사고,0,0,2,0,차대차 - 측면충돌,안전운전불이행,건조,맑음,단일로 - 기타,화물,남,54세,경상,승용,남,23세,경상
2017051500100510,2017년 5월 15일 18시,월요일,대구광역시 남구 봉덕동,경상사고,0,0,1,0,차대사람 - 보도통행중,기타,건조,맑음,기타 - 기타,승용,남,34세,상해없음,보행자,남,68세,경상
2017051500100538,2017년 5월 15일 19시,월요일,대구광역시 달서구 월성동,중상사고,0,1,1,0,차량단독 - 기타,안전운전불이행,건조,맑음,단일로 - 기타,승용,남,68세,상해없음,,,,
2017051500100539,2017년 5월 15일 19시,월요일,대구광역시 달서구 본리동,경상사고,0,0,1,0,차대차 - 기타,차로위반,건조,맑음,단일로 - 기타,특수,남,40세,상해없음,승용,남,60세,경상
2017051500100540,2017년 5월 15일 19시,월요일,대구광역시 북구 서변동,경상사고,0,0,1,0,차대사람 - 횡단중,안전운전불이행,건조,맑음,단일로 - 기타,승용,남,20세,상해없음,보행자,남,64세,경상
2017051500100568,2017년 5월 15일 20시,월요일,대구광역시 수성구 황금동,부상신고사고,0,0,0,1,차대차 - 측면충돌,안전운전불이행,건조,맑음,교차로 - 교차로횡단보도내,자전거,남,9세,부상신고,승용,여,44세,상해없음
2017051500100620,2017년 5월 15일 22시,월요일,대구광역시 동구 방촌동,경상사고,0,0,2,0,차대차 - 추돌,안전운전불이행,건조,맑음,기타 - 기타,승용,남,24세,경상,화물,남,28세,상해없음
2017051500100621,2017년 5월 15일 22시,월요일,대구광역시 수성구 범어동,경상사고,0,0,1,0,차대차 - 추돌,안전운전불이행,건조,맑음,단일로 - 기타,승용,여,51세,상해없음,승용,남,35세,경상
2017051500100622,2017년 5월 15일 22시,월요일,대구광역시 달서구 감삼동,경상사고,0,0,1,0,차대차 - 측면충돌,기타,건조,맑음,단일로 - 기타,승용,남,62세,상해없음,이륜,남,36세,경상
2017051600100027,2017년 5월 16일 00시,화요일,대구광역시 북구 태전동,중상사고,0,1,0,0,차량단독 - 전도전복,안전운전불이행,건조,맑음,기타 - 기타,개인형이동수단(PM),남,38세,중상,미분류,미분류,미분류,미분류
2017051600100041,2017년 5월 16일 01시,화요일,대구광역시 북구 구암동,중상사고,0,2,0,0,차대차 - 측면충돌,신호위반,건조,맑음,교차로 - 교차로안,승용,남,46세,중상,승용,여,33세,중상
2017051600100051,2017년 5월 16일 02시,화요일,대구광역시 달서구 월성동,경상사고,0,0,1,0,차대차 - 측면충돌,안전운전불이행,건조,맑음,단일로 - 기타,승용,남,30세,상해없음,승용,남,58세,경상
2017051600100074,2017년 5월 16일 05시,화요일,대구광역시 수성구 수성동3가,경상사고,0,0,2,0,차대차 - 추돌,안전운전불이행,건조,맑음,단일로 - 기타,화물,남,46세,상해없음,승용,남,53세,경상
2017051600100084,2017년 5월 16일 06시,화요일,대구광역시 달성군 화원읍,중상사고,0,1,0,0,차대차 - 정면충돌,안전운전불이행,건조,맑음,단일로 - 기타,화물,남,31세,상해없음,승용,남,40세,중상
2017051600100192,2017년 5월 16일 09시,화요일,대구광역시 수성구 수성동2가,경상사고,0,0,1,0,차대차 - 추돌,안전운전불이행,건조,맑음,교차로 - 교차로부근,승용,남,27세,상해없음,승용,남,46세,경상
2017051600100193,2017년 5월 16일 09시,화요일,대구광역시 북구 매천동,경상사고,0,0,1,0,차대차 - 측면충돌,안전운전불이행,건조,맑음,단일로 - 기타,승용,남,75세,상해없음,이륜,남,37세,경상
2017051600100218,2017년 5월 16일 10시,화요일,대구광역시 달성군 다사읍,경상사고,0,0,1,0,차대사람 - 횡단중,안전운전불이행,건조,맑음,교차로 - 교차로부근,승용,여,56세,상해없음,보행자,남,16세,경상
2017051600100219,2017년 5월 16일 10시,화요일,대구광역시 서구 비산동,사망사고,1,0,0,0,차대차 - 측면충돌,중앙선침범,건조,맑음,단일로 - 기타,이륜,남,61세,상해없음,승합,여,48세,상해없음
2017051600100250,2017년 5월 16일 11시,화요일,대구광역시 북구 서변동,경상사고,0,0,3,0,차대차 - 측면충돌,안전운전불이행,건조,맑음,교차로 - 교차로안,승용,여,58세,경상,특수,남,41세,상해없음
2017051600100271,2017년 5월 16일 12시,화요일,대구광역시 서구 비산동,경상사고,0,0,1,0,차대사람 - 횡단중,안전운전불이행,건조,맑음,단일로 - 기타,승용,여,49세,상해없음,보행자,남,32세,경상
2017051600100301,2017년 5월 16일 13시,화요일,대구광역시 달서구 월성동,경상사고,0,0,1,0,차대차 - 측면충돌,직진우회전진행방해,건조,맑음,교차로 - 교차로안,화물,남,38세,기타불명,승용,여,47세,경상
2017051600100360,2017년 5월 16일 15시,화요일,대구광역시 달서구 성당동,부상신고사고,0,0,0,1,차대차 - 측면충돌,안전운전불이행,건조,맑음,단일로 - 기타,자전거,여,42세,부상신고,화물,남,61세,기타불명
2017051600100361,2017년 5월 16일 15시,화요일,대구광역시 달서구 장기동,중상사고,0,1,0,0,차대차 - 기타,안전운전불이행,건조,맑음,단일로 - 기타,승용,남,58세,상해없음,자전거,남,51세,중상
2017051600100362,2017년 5월 16일 15시,화요일,대구광역시 달서구 용산동,경상사고,0,0,2,0,차대차 - 추돌,안전운전불이행,건조,맑음,단일로 - 기타,특수,남,29세,상해없음,화물,남,28세,경상
2017051600100396,2017년 5월 16일 16시,화요일,대구광역시 동구 동호동,중상사고,0,1,0,0,차대차 - 측면충돌,안전운전불이행,건조,맑음,단일로 - 기타,승용,남,61세,상해없음,승용,여,33세,중상
2017051600100397,2017년 5월 16일 16시,화요일,대구광역시 수성구 연호동,경상사고,0,0,1,0,차대차 - 측면충돌,안전운전불이행,건조,맑음,교차로 - 교차로부근,승용,여,47세,상해없음,이륜,남,29세,경상
2017051600100398,2017년 5월 16일 16시,화요일,대구광역시 수성구 지산동,경상사고,0,0,1,0,차대차 - 추돌,안전운전불이행,건조,맑음,단일로 - 기타,승용,남,63세,상해없음,승용,여,48세,상해없음
2017051600100399,2017년 5월 16일 16시,화요일,대구광역시 달서구 상인동,중상사고,0,1,0,0,차대사람 - 횡단중,보행자보호의무위반,건조,맑음,교차로 - 교차로횡단보도내,승용,남,53세,상해없음,보행자,남,16세,중상
2017051600100400,2017년 5월 16일 16시,화요일,대구광역시 서구 평리동,경상사고,0,0,1,0,차대차 - 측면충돌,교차로운행방법위반,건조,맑음,교차로 - 교차로안,승합,남,56세,상해없음,승용,여,24세,경상
2017051600100435,2017년 5월 16일 17시,화요일,대구광역시 남구 봉덕동,경상사고,0,0,2,0,차대차 - 측면충돌,차로위반,건조,맑음,단일로 - 터널,승용,남,82세,상해없음,승용,남,39세,경상
2017051600100436,2017년 5월 16일 17시,화요일,대구광역시 서구 비산동,중상사고,0,1,0,0,차대차 - 측면충돌,중앙선침범,건조,맑음,기타 - 기타,승용,남,65세,상해없음,승용,남,43세,중상
2017051600100437,2017년 5월 16일 17시,화요일,대구광역시 서구 평리동,경상사고,0,0,1,0,차량단독 - 기타,기타,건조,맑음,기타 - 기타,승합,남,57세,상해없음,,,,
2017051600100474,2017년 5월 16일 18시,화요일,대구광역시 남구 대명동,경상사고,0,0,1,0,차대사람 - 횡단중,교차로운행방법위반,건조,맑음,교차로 - 교차로안,이륜,남,54세,상해없음,보행자,여,4세,경상
2017051600100475,2017년 5월 16일 18시,화요일,대구광역시 남구 봉덕동,부상신고사고,0,0,0,1,차대차 - 측면충돌,교차로운행방법위반,건조,맑음,교차로 - 교차로안,자전거,남,21세,부상신고,화물,여,44세,상해없음
2017051600100476,2017년 5월 16일 18시,화요일,대구광역시 수성구 두산동,경상사고,0,0,2,0,차대차 - 측면충돌,안전거리미확보,건조,맑음,단일로 - 기타,승용,여,52세,상해없음,승용,여,47세,경상
2017051600100477,2017년 5월 16일 18시,화요일,대구광역시 서구 평리동,경상사고,0,0,1,0,차량단독 - 공작물충돌,기타,건조,맑음,교차로 - 교차로부근,승합,남,54세,상해없음,,,,
2017051600100478,2017년 5월 16일 18시,화요일,대구광역시 달서구 두류동,부상신고사고,0,0,0,1,차대차 - 측면충돌,안전운전불이행,건조,맑음,단일로 - 기타,자전거,남,34세,부상신고,승용,남,60세,기타불명
2017051600100515,2017년 5월 16일 19시,화요일,대구광역시 서구 평리동,부상신고사고,0,0,0,1,차대사람 - 횡단중,안전운전불이행,건조,맑음,단일로 - 기타,기타불명,기타불명,미분류,기타불명,보행자,여,53세,부상신고
2017051600100536,2017년 5월 16일 20시,화요일,대구광역시 동구 신서동,경상사고,0,0,2,0,차대차 - 측면충돌,안전운전불이행,건조,맑음,교차로 - 교차로안,화물,남,55세,상해없음,승용,남,25세,경상
2017051600100537,2017년 5월 16일 20시,화요일,대구광역시 달서구 죽전동,경상사고,0,0,1,0,차대차 - 측면충돌,교차로운행방법위반,건조,맑음,교차로 - 교차로안,승용,남,51세,상해없음,승용,남,23세,상해없음
2017051600100538,2017년 5월 16일 20시,화요일,대구광역시 달서구 장동,경상사고,0,0,1,0,차대차 - 측면충돌,안전운전불이행,건조,흐림,교차로 - 교차로안,승합,남,61세,상해없음,이륜,남,29세,경상
2017051600100555,2017년 5월 16일 21시,화요일,대구광역시 달성군 다사읍,경상사고,0,0,2,0,차대차 - 정면충돌,차로위반,건조,맑음,교차로 - 교차로부근,승용,여,29세,상해없음,승용,남,31세,경상
2017051600100556,2017년 5월 16일 21시,화요일,대구광역시 북구 매천동,경상사고,0,0,1,0,차대차 - 추돌,안전운전불이행,건조,맑음,교차로 - 교차로부근,승용,남,68세,상해없음,승용,남,49세,경상
2017051600100583,2017년 5월 16일 22시,화요일,대구광역시 남구 대명동,경상사고,0,0,1,0,차대사람 - 횡단중,기타,건조,맑음,단일로 - 기타,이륜,남,65세,상해없음,보행자,남,32세,경상
2017051600100584,2017년 5월 16일 22시,화요일,대구광역시 달서구 진천동,경상사고,0,0,1,0,차대차 - 측면충돌,안전운전불이행,건조,맑음,단일로 - 기타,자전거,여,36세,경상,승용,남,54세,상해없음
2017051600100585,2017년 5월 16일 22시,화요일,대구광역시 달성군 현풍면,중상사고,0,2,0,0,차대차 - 측면충돌,안전운전불이행,건조,맑음,단일로 - 기타,승용,남,50세,상해없음,승용,남,54세,중상
2017051600100609,2017년 5월 16일 23시,화요일,대구광역시 동구 율하동,경상사고,0,0,1,0,차대차 - 측면충돌,안전운전불이행,건조,맑음,단일로 - 기타,이륜,남,19세,상해없음,승용,여,36세,상해없음
2017051700100033,2017년 5월 17일 00시,수요일,대구광역시 북구 산격동,경상사고,0,0,1,1,차대차 - 측면충돌,안전거리미확보,건조,맑음,교차로 - 교차로부근,승용,남,52세,부상신고,승용,남,59세,경상
2017051700100049,2017년 5월 17일 03시,수요일,대구광역시 달서구 본리동,중상사고,0,2,0,0,차대차 - 추돌,안전운전불이행,건조,맑음,단일로 - 기타,승용,여,52세,상해없음,승용,남,49세,중상
2017051700100073,2017년 5월 17일 06시,수요일,대구광역시 달서구 파호동,중상사고,0,1,0,0,차대차 - 측면충돌,안전운전불이행,건조,맑음,교차로 - 교차로부근,자전거,여,58세,중상,승용,남,55세,상해없음
2017051700100146,2017년 5월 17일 08시,수요일,대구광역시 북구 대현동,부상신고사고,0,0,0,1,차대차 - 측면충돌,안전운전불이행,건조,맑음,교차로 - 교차로안,승합,남,71세,상해없음,승용,여,31세,부상신고
2017051700100147,2017년 5월 17일 08시,수요일,대구광역시 서구 평리동,경상사고,0,0,2,0,차대차 - 추돌,안전운전불이행,건조,맑음,교차로 - 교차로부근,승용,남,26세,상해없음,승용,여,39세,경상
2017051700100183,2017년 5월 17일 09시,수요일,대구광역시 달성군 화원읍,중상사고,0,1,0,0,차대사람 - 횡단중,신호위반,건조,맑음,단일로 - 기타,승용,남,46세,상해없음,보행자,남,59세,중상
2017051700100184,2017년 5월 17일 09시,수요일,대구광역시 북구 태전동,경상사고,0,0,1,0,차대차 - 측면충돌,중앙선침범,건조,맑음,단일로 - 기타,승용,남,37세,상해없음,승용,여,55세,경상
2017051700100214,2017년 5월 17일 10시,수요일,대구광역시 동구 신암동,경상사고,0,0,1,0,차대차 - 추돌,안전운전불이행,건조,맑음,단일로 - 기타,승용,남,35세,상해없음,승용,남,34세,경상
2017051700100235,2017년 5월 17일 11시,수요일,대구광역시 달서구 용산동,경상사고,0,0,3,0,차대차 - 측면충돌,안전거리미확보,건조,맑음,단일로 - 기타,승용,남,69세,경상,승용,남,51세,경상
2017051700100267,2017년 5월 17일 12시,수요일,대구광역시 동구 지저동,중상사고,0,1,0,0,차대차 - 추돌,교차로운행방법위반,건조,맑음,교차로 - 교차로안,승용,여,58세,상해없음,이륜,여,55세,중상
2017051700100268,2017년 5월 17일 12시,수요일,대구광역시 북구 노원동3가,중상사고,0,1,0,0,차대사람 - 횡단중,안전운전불이행,건조,맑음,단일로 - 기타,이륜,남,61세,상해없음,보행자,여,68세,중상
2017051700100296,2017년 5월 17일 13시,수요일,대구광역시 수성구 범어동,중상사고,0,1,0,0,차대차 - 추돌,안전운전불이행,건조,맑음,단일로 - 기타,승용,여,74세,상해없음,승용,여,52세,중상
2017051700100297,2017년 5월 17일 13시,수요일,대구광역시 달성군 현풍면,중상사고,0,1,0,0,차대차 - 정면충돌,교차로운행방법위반,건조,맑음,교차로 - 교차로안,승용,남,39세,상해없음,이륜,남,27세,중상
2017051700100298,2017년 5월 17일 13시,수요일,대구광역시 중구 동인동1가,중상사고,0,1,0,0,차대차 - 측면충돌,교차로운행방법위반,건조,맑음,교차로 - 교차로안,화물,남,56세,상해없음,이륜,남,61세,중상
2017051700100322,2017년 5월 17일 14시,수요일,대구광역시 북구 구암동,중상사고,0,1,0,0,차대차 - 측면충돌,교차로운행방법위반,건조,맑음,교차로 - 교차로안,승용,남,28세,상해없음,이륜,남,41세,중상
2017051700100354,2017년 5월 17일 15시,수요일,대구광역시 수성구 지산동,경상사고,0,0,1,0,차대차 - 정면충돌,안전거리미확보,건조,맑음,단일로 - 기타,승용,남,30세,상해없음,승용,남,54세,경상
2017051700100395,2017년 5월 17일 16시,수요일,대구광역시 수성구 수성동3가,중상사고,0,1,0,0,차대차 - 측면충돌,안전운전불이행,건조,맑음,교차로 - 교차로부근,승용,남,73세,상해없음,이륜,남,64세,중상
2017051700100396,2017년 5월 17일 16시,수요일,대구광역시 달서구 진천동,경상사고,0,0,1,0,차대차 - 측면충돌,안전거리미확보,건조,맑음,교차로 - 교차로안,승용,남,41세,상해없음,이륜,남,20세,경상
2017051700100397,2017년 5월 17일 16시,수요일,대구광역시 북구 대현동,중상사고,0,1,0,0,차대차 - 정면충돌,불법유턴,건조,맑음,단일로 - 기타,자전거,남,82세,중상,승용,여,66세,상해없음
2017051700100398,2017년 5월 17일 16시,수요일,대구광역시 달서구 신당동,경상사고,0,0,1,0,차대차 - 기타,안전운전불이행,건조,맑음,단일로 - 기타,승용,남,55세,상해없음,이륜,남,39세,경상
2017051700100399,2017년 5월 17일 16시,수요일,대구광역시 북구 동천동,경상사고,0,0,1,0,차대사람 - 횡단중,안전운전불이행,건조,맑음,단일로 - 기타,승용,여,45세,상해없음,보행자,여,10세,경상
2017051700100433,2017년 5월 17일 17시,수요일,대구광역시 달성군 다사읍,중상사고,0,1,5,0,차대차 - 추돌,안전운전불이행,건조,맑음,교차로 - 교차로부근,승용,남,77세,중상,승용,남,51세,경상
2017051700100434,2017년 5월 17일 17시,수요일,대구광역시 달서구 본리동,중상사고,0,1,0,0,차대사람 - 횡단중,안전운전불이행,건조,맑음,교차로 - 교차로부근,승용,여,54세,상해없음,보행자,남,6세,중상
2017051700100488,2017년 5월 17일 18시,수요일,대구광역시 달서구 갈산동,경상사고,0,0,2,0,차대차 - 추돌,안전운전불이행,건조,맑음,기타 - 기타,승용,여,45세,상해없음,승용,남,24세,경상
2017051700100489,2017년 5월 17일 18시,수요일,대구광역시 북구 동천동,부상신고사고,0,0,0,1,차대차 - 측면충돌,안전운전불이행,건조,맑음,기타 - 기타,이륜,남,20세,부상신고,승용,여,46세,상해없음
2017051700100524,2017년 5월 17일 19시,수요일,대구광역시 달성군 화원읍,중상사고,0,1,3,0,차대차 - 추돌,안전운전불이행,건조,맑음,단일로 - 터널,화물,남,46세,상해없음,승용,남,56세,중상
2017051700100553,2017년 5월 17일 20시,수요일,대구광역시 동구 율하동,경상사고,0,0,1,0,차대차 - 추돌,안전운전불이행,건조,맑음,기타 - 기타,화물,남,56세,기타불명,이륜,남,35세,경상
2017051700100554,2017년 5월 17일 20시,수요일,대구광역시 달성군 가창면,경상사고,0,0,4,0,차대차 - 정면충돌,교차로운행방법위반,건조,맑음,교차로 - 교차로안,승용,남,51세,경상,화물,남,52세,경상
2017051700100555,2017년 5월 17일 20시,수요일,대구광역시 서구 내당동,경상사고,0,0,1,0,차대차 - 측면충돌,중앙선침범,건조,맑음,단일로 - 기타,이륜,남,64세,상해없음,승용,남,23세,경상
2017051700100578,2017년 5월 17일 21시,수요일,대구광역시 남구 대명동,경상사고,0,0,1,0,차대사람 - 횡단중,보행자보호의무위반,건조,맑음,교차로 - 교차로횡단보도내,승용,여,43세,상해없음,보행자,남,64세,경상
2017051700100579,2017년 5월 17일 21시,수요일,대구광역시 동구 지저동,중상사고,0,1,0,0,차대사람 - 횡단중,안전운전불이행,건조,맑음,교차로 - 교차로안,승용,여,40세,상해없음,보행자,남,57세,중상
2017051700100620,2017년 5월 17일 23시,수요일,대구광역시 동구 용계동,중상사고,0,1,0,0,차대차 - 기타,안전운전불이행,건조,맑음,단일로 - 기타,승용,남,54세,상해없음,승합,남,58세,상해없음
2017051800100028,2017년 5월 18일 00시,목요일,대구광역시 달서구 신당동,부상신고사고,0,0,0,1,차대차 - 기타,안전운전불이행,건조,맑음,단일로 - 기타,승용,남,20세,상해없음,승용,남,25세,상해없음
2017051800100042,2017년 5월 18일 01시,목요일,대구광역시 수성구 두산동,경상사고,0,0,1,0,차대차 - 측면충돌,안전운전불이행,건조,맑음,교차로 - 교차로부근,승용,여,49세,상해없음,자전거,여,46세,경상
2017051800100081,2017년 5월 18일 06시,목요일,대구광역시 서구 비산동,사망사고,1,0,0,0,차대차 - 측면충돌,신호위반,건조,맑음,단일로 - 기타,자전거,남,76세,사망,승용,남,38세,상해없음
2017051800100082,2017년 5월 18일 06시,목요일,대구광역시 북구 서변동,중상사고,0,1,4,0,차대차 - 추돌,안전거리미확보,건조,맑음,단일로 - 기타,승용,남,57세,상해없음,승용,남,40세,경상
2017051800100110,2017년 5월 18일 07시,목요일,대구광역시 중구 남산동,경상사고,0,0,1,0,차대사람 - 횡단중,신호위반,건조,맑음,교차로 - 교차로횡단보도내,기타불명,기타불명,미분류,기타불명,보행자,여,17세,경상
2017051800100111,2017년 5월 18일 07시,목요일,대구광역시 달서구 월암동,중상사고,0,1,0,0,차대차 - 측면충돌,안전거리미확보,건조,맑음,단일로 - 기타,이륜,남,46세,중상,승용,남,30세,상해없음
2017051800100156,2017년 5월 18일 08시,목요일,대구광역시 북구 태전동,경상사고,0,0,1,0,차대차 - 측면충돌,안전운전불이행,건조,맑음,교차로 - 교차로안,승용,여,37세,상해없음,자전거,여,62세,경상
2017051800100184,2017년 5월 18일 09시,목요일,대구광역시 수성구 신매동,경상사고,0,0,1,0,차대차 - 정면충돌,안전거리미확보,건조,맑음,단일로 - 기타,승용,여,59세,상해없음,승용,여,44세,경상
2017051800100216,2017년 5월 18일 10시,목요일,대구광역시 동구 효목동,경상사고,0,0,1,0,차대차 - 기타,안전운전불이행,건조,맑음,단일로 - 기타,승용,여,53세,상해없음,승용,여,59세,경상
2017051800100217,2017년 5월 18일 10시,목요일,대구광역시 서구 이현동,중상사고,0,1,0,0,차대차 - 측면충돌,안전운전불이행,건조,맑음,단일로 - 기타,화물,남,55세,상해없음,화물,남,57세,중상
2017051800100245,2017년 5월 18일 11시,목요일,대구광역시 달서구 본리동,경상사고,0,0,2,0,차대차 - 측면충돌,안전거리미확보,건조,맑음,단일로 - 기타,승용,여,44세,상해없음,승용,남,56세,경상
2017051800100246,2017년 5월 18일 11시,목요일,대구광역시 달성군 다사읍,경상사고,0,0,1,0,차대차 - 측면충돌,신호위반,건조,맑음,교차로 - 교차로안,승용,여,50세,상해없음,승용,남,18세,경상
2017051800100247,2017년 5월 18일 11시,목요일,대구광역시 중구 남산동,부상신고사고,0,0,0,1,차대차 - 측면충돌,안전운전불이행,건조,맑음,교차로 - 교차로횡단보도내,자전거,남,14세,부상신고,승용,남,67세,상해없음
2017051800100275,2017년 5월 18일 12시,목요일,대구광역시 동구 사복동,사망사고,1,0,0,0,차대사람 - 길가장자리구역통행중,안전운전불이행,건조,맑음,단일로 - 기타,화물,남,65세,상해없음,보행자,여,63세,사망
2017051800100276,2017년 5월 18일 12시,목요일,대구광역시 북구 태전동,중상사고,0,1,0,0,차대사람 - 횡단중,보행자보호의무위반,건조,맑음,교차로 - 교차로횡단보도내,승용,여,44세,상해없음,보행자,남,47세,중상
2017051800100303,2017년 5월 18일 13시,목요일,대구광역시 북구 구암동,중상사고,0,1,0,0,차대사람 - 횡단중,안전운전불이행,건조,맑음,교차로 - 교차로안,승합,남,32세,상해없음,보행자,여,75세,중상
2017051800100336,2017년 5월 18일 14시,목요일,대구광역시 서구 비산동,중상사고,0,1,0,0,차대사람 - 횡단중,보행자보호의무위반,건조,맑음,단일로 - 기타,승용,여,26세,상해없음,보행자,여,11세,중상