사고번호,사고일시,요일,시군구,사고내용,사망자수,중상자수,경상자수,부상신고자수,사고유형,법규위반,노면상태,기상상태,도로형태,가해운전자 차종,가해운전자 성별,가해운전자 연령,가해운전자 상해정도,피해운전자 차종,피해운전자 성별,피해운전자 연령,피해운전자 상해정도
2017052500100157,2017년 5월 25일 08시,목요일,대구광역시 달서구 파호동,경상사고,0,0,3,0,차대차 - 측면충돌,안전운전불이행,건조,맑음,단일로 - 기타,승용,남,19세,상해없음,승용,남,41세,경상
2017052500100158,2017년 5월 25일 08시,목요일,대구광역시 북구 팔달동,중상사고,0,1,0,0,차대사람 - 횡단중,안전운전불이행,건조,맑음,단일로 - 기타,승용,남,30세,상해없음,보행자,남,81세,중상
2017052500100214,2017년 5월 25일 10시,목요일,대구광역시 남구 이천동,부상신고사고,0,0,0,1,차대사람 - 횡단중,안전운전불이행,건조,맑음,단일로 - 기타,승용,남,74세,상해없음,보행자,여,27세,부상신고
2017052500100215,2017년 5월 25일 10시,목요일,대구광역시 북구 산격동,경상사고,0,0,1,0,차대사람 - 횡단중,보행자보호의무위반,건조,맑음,단일로 - 기타,화물,남,25세,상해없음,보행자,여,74세,경상
2017052500100216,2017년 5월 25일 10시,목요일,대구광역시 북구 태전동,경상사고,0,0,2,0,차대차 - 측면충돌,안전거리미확보,건조,맑음,단일로 - 기타,승용,남,77세,경상,승용,남,60세,경상
2017052500100251,2017년 5월 25일 11시,목요일,대구광역시 동구 미곡동,경상사고,0,0,1,0,차대차 - 추돌,안전운전불이행,건조,맑음,교차로 - 교차로부근,승용,남,66세,상해없음,화물,남,61세,경상
2017052500100252,2017년 5월 25일 11시,목요일,대구광역시 동구 신암동,중상사고,0,1,0,0,차량단독 - 전도전복,안전운전불이행,건조,맑음,단일로 - 기타,자전거,여,40세,중상,미분류,미분류,미분류,미분류
2017052500100253,2017년 5월 25일 11시,목요일,대구광역시 달서구 감삼동,중상사고,0,1,2,0,차대차 - 기타,차로위반,건조,맑음,기타 - 기타,승용,남,20세,상해없음,승용,남,55세,경상
2017052500100290,2017년 5월 25일 12시,목요일,대구광역시 달성군 유가면,중상사고,0,1,0,0,차대차 - 측면충돌,중앙선침범,건조,맑음,단일로 - 기타,승용,남,63세,상해없음,원동기,남,70세,중상
2017052500100291,2017년 5월 25일 12시,목요일,대구광역시 달성군 화원읍,중상사고,0,1,0,0,차량단독 - 전도전복 - 전도,안전운전불이행,건조,맑음,단일로 - 기타,자전거,여,53세,중상,,,,
2017052500100319,2017년 5월 25일 13시,목요일,대구광역시 남구 대명동,중상사고,0,1,0,0,차대차 - 측면충돌,안전운전불이행,건조,맑음,단일로 - 기타,승용,여,31세,상해없음,자전거,남,65세,중상
2017052500100350,2017년 5월 25일 14시,목요일,대구광역시 수성구 지산동,중상사고,0,1,0,0,차대사람 - 횡단중,보행자보호의무위반,건조,맑음,단일로 - 기타,승용,남,57세,상해없음,보행자,남,12세,중상
2017052500100351,2017년 5월 25일 14시,목요일,대구광역시 중구 동문동,중상사고,0,1,0,0,차대사람 - 횡단중,안전운전불이행,건조,맑음,단일로 - 기타,승용,남,65세,상해없음,보행자,여,63세,중상
2017052500100352,2017년 5월 25일 14시,목요일,대구광역시 북구 매천동,경상사고,0,0,1,0,차대차 - 측면충돌,안전운전불이행,건조,맑음,교차로 - 교차로부근,승용,남,56세,상해없음,승용,여,60세,경상
2017052500100380,2017년 5월 25일 15시,목요일,대구광역시 남구 대명동,경상사고,0,0,2,0,차대차 - 측면충돌,중앙선침범,건조,맑음,단일로 - 기타,승용,남,66세,경상,승용,여,36세,경상
2017052500100381,2017년 5월 25일 15시,목요일,대구광역시 수성구 만촌동,경상사고,0,0,1,0,차대차 - 정면충돌,안전거리미확보,건조,맑음,단일로 - 기타,승용,여,48세,상해없음,자전거,남,44세,경상
2017052500100382,2017년 5월 25일 15시,목요일,대구광역시 달성군 화원읍,중상사고,0,1,0,0,차대사람 - 횡단중,안전운전불이행,건조,맑음,교차로 - 교차로부근,승합,남,22세,상해없음,보행자,남,77세,중상
2017052500100418,2017년 5월 25일 16시,목요일,대구광역시 남구 대명동,중상사고,0,1,0,0,차대차 - 측면충돌,신호위반,건조,맑음,교차로 - 교차로안,승용,여,28세,상해없음,이륜,남,34세,중상
2017052500100419,2017년 5월 25일 16시,목요일,대구광역시 달서구 진천동,경상사고,0,0,1,0,차대차 - 정면충돌,중앙선침범,건조,맑음,교차로 - 교차로횡단보도내,이륜,남,62세,상해없음,자전거,여,49세,경상
2017052500100420,2017년 5월 25일 16시,목요일,대구광역시 서구 비산동,경상사고,0,0,1,0,차대차 - 측면충돌,안전운전불이행,건조,맑음,단일로 - 기타,자전거,남,68세,경상,승합,남,62세,상해없음
2017052500100468,2017년 5월 25일 17시,목요일,대구광역시 달성군 현풍면,경상사고,0,0,1,0,차대차 - 기타,안전운전불이행,건조,맑음,교차로 - 교차로부근,승용,남,46세,상해없음,승용,남,31세,경상
2017052500100469,2017년 5월 25일 17시,목요일,대구광역시 달성군 가창면,경상사고,0,0,1,0,차대사람 - 기타,안전운전불이행,건조,맑음,단일로 - 기타,승합,남,63세,상해없음,보행자,여,70세,경상
2017052500100470,2017년 5월 25일 17시,목요일,대구광역시 북구 대현동,중상사고,0,1,0,0,차대사람 - 횡단중,신호위반,건조,맑음,교차로 - 교차로횡단보도내,승용,남,56세,상해없음,보행자,여,24세,중상
2017052500100505,2017년 5월 25일 18시,목요일,대구광역시 북구 침산동,중상사고,0,1,0,0,차대사람 - 횡단중,안전운전불이행,건조,맑음,단일로 - 기타,승용,남,73세,상해없음,보행자,남,74세,중상
2017052500100506,2017년 5월 25일 18시,목요일,대구광역시 달서구 감삼동,경상사고,0,0,1,2,차대차 - 추돌,안전운전불이행,건조,맑음,단일로 - 기타,승용,남,33세,상해없음,승용,남,28세,부상신고
2017052500100507,2017년 5월 25일 18시,목요일,대구광역시 북구 태전동,중상사고,0,1,0,0,차대차 - 후진중충돌,안전운전불이행,건조,맑음,단일로 - 기타,화물,남,54세,상해없음,승용,남,34세,중상
2017052500100589,2017년 5월 25일 21시,목요일,대구광역시 달서구 송현동,경상사고,0,0,1,1,차대차 - 기타,안전거리미확보,건조,맑음,단일로 - 기타,승용,남,38세,경상,승용,남,62세,상해없음
2017052500100590,2017년 5월 25일 21시,목요일,대구광역시 달서구 신당동,중상사고,0,1,0,0,차대차 - 측면충돌,차로위반,건조,맑음,단일로 - 기타,승용,남,33세,상해없음,이륜,남,18세,중상
2017052500100591,2017년 5월 25일 21시,목요일,대구광역시 달서구 두류동,경상사고,0,0,1,0,차대사람 - 횡단중,보행자보호의무위반,건조,맑음,교차로 - 교차로횡단보도내,승용,남,30세,상해없음,보행자,남,22세,경상
2017052500100617,2017년 5월 25일 22시,목요일,대구광역시 달서구 신당동,경상사고,0,0,2,0,차대차 - 기타,안전거리미확보,건조,맑음,단일로 - 기타,승용,남,59세,상해없음,승용,남,40세,경상
2017052500100637,2017년 5월 25일 23시,목요일,대구광역시 달서구 상인동,경상사고,0,0,1,0,차대사람 - 횡단중,신호위반,건조,맑음,교차로 - 교차로안,자전거,여,53세,상해없음,보행자,여,53세,경상
2017052600100032,2017년 5월 26일 00시,금요일,대구광역시 동구 입석동,중상사고,0,1,0,0,차대차 - 측면충돌,안전운전불이행,건조,맑음,단일로 - 기타,승용,여,54세,상해없음,이륜,남,35세,중상
2017052600100033,2017년 5월 26일 00시,금요일,대구광역시 달서구 신당동,경상사고,0,0,1,0,차대사람 - 기타,안전운전불이행,건조,맑음,교차로 - 교차로부근,승용,남,34세,상해없음,보행자,남,27세,경상
2017052600100051,2017년 5월 26일 01시,금요일,대구광역시 남구 대명동,경상사고,0,0,1,0,차량단독 - 전도전복 - 전도,안전운전불이행,건조,맑음,단일로 - 기타,이륜,남,17세,경상,,,,
2017052600100052,2017년 5월 26일 01시,금요일,대구광역시 중구 봉산동,중상사고,0,1,0,0,차대차 - 측면충돌,중앙선침범,건조,맑음,교차로 - 교차로부근,승용,남,64세,상해없음,이륜,남,22세,중상
2017052600100060,2017년 5월 26일 02시,금요일,대구광역시 달서구 송현동,경상사고,0,0,1,0,차대차 - 기타,안전운전불이행,건조,맑음,단일로 - 기타,원동기,남,29세,경상,승용,남,56세,상해없음
2017052600100073,2017년 5월 26일 04시,금요일,대구광역시 달성군 화원읍,경상사고,0,0,1,0,차대차 - 측면충돌,안전운전불이행,건조,맑음,단일로 - 기타,화물,남,49세,상해없음,승용,남,59세,경상
2017052600100098,2017년 5월 26일 06시,금요일,대구광역시 동구 불로동,중상사고,0,1,0,0,차량단독 - 전도전복 - 전도,기타,건조,맑음,단일로 - 기타,이륜,남,16세,중상,,,,
2017052600100099,2017년 5월 26일 06시,금요일,대구광역시 달성군 논공읍,중상사고,0,1,0,0,차대차 - 기타,안전운전불이행,건조,맑음,교차로 - 교차로안,화물,남,54세,상해없음,자전거,남,77세,중상
2017052600100100,2017년 5월 26일 06시,금요일,대구광역시 서구 원대동3가,부상신고사고,0,0,0,1,차대차 - 측면충돌,기타,건조,맑음,교차로 - 교차로횡단보도내,자전거,남,57세,부상신고,승용,남,50세,상해없음
2017052600100101,2017년 5월 26일 06시,금요일,대구광역시 서구 이현동,중상사고,0,1,0,0,차대차 - 측면충돌,안전운전불이행,건조,맑음,단일로 - 기타,승용,남,78세,상해없음,이륜,남,75세,중상
2017052600100126,2017년 5월 26일 07시,금요일,대구광역시 서구 비산동,중상사고,0,1,0,0,차대차 - 측면충돌,안전운전불이행,건조,맑음,기타 - 기타,이륜,남,77세,중상,승용,남,43세,상해없음
2017052600100177,2017년 5월 26일 08시,금요일,대구광역시 수성구 지산동,부상신고사고,0,0,0,1,차대차 - 정면충돌,안전운전불이행,건조,맑음,교차로 - 교차로안,이륜,남,67세,부상신고,화물,남,64세,상해없음
2017052600100178,2017년 5월 26일 08시,금요일,대구광역시 달성군 옥포면,경상사고,0,0,2,0,차대차 - 추돌,안전거리미확보,건조,맑음,단일로 - 교량,승용,남,46세,상해없음,승용,여,43세,경상
2017052600100179,2017년 5월 26일 08시,금요일,대구광역시 중구 대신동,부상신고사고,0,0,0,1,차대차 - 측면충돌,안전운전불이행,건조,맑음,단일로 - 기타,자전거,여,50세,부상신고,승용,남,24세,상해없음
2017052600100180,2017년 5월 26일 08시,금요일,대구광역시 북구 서변동,중상사고,0,1,0,0,차대차 - 추돌,안전거리미확보,건조,맑음,단일로 - 터널,승용,남,29세,상해없음,승용,남,55세,중상
2017052600100224,2017년 5월 26일 09시,금요일,대구광역시 동구 율하동,경상사고,0,0,1,0,차대차 - 측면충돌,안전운전불이행,건조,맑음,단일로 - 기타,승용,남,59세,상해없음,자전거,남,79세,경상
2017052600100225,2017년 5월 26일 09시,금요일,대구광역시 수성구 지산동,경상사고,0,0,1,0,차대차 - 후진중충돌,안전운전불이행,건조,맑음,단일로 - 기타,승용,남,50세,상해없음,승용,여,51세,경상
2017052600100258,2017년 5월 26일 10시,금요일,대구광역시 서구 내당동,부상신고사고,0,0,0,1,차대차 - 측면충돌,안전운전불이행,건조,맑음,교차로 - 교차로안,이륜,남,74세,부상신고,이륜,남,29세,상해없음
2017052600100297,2017년 5월 26일 11시,금요일,대구광역시 수성구 황금동,경상사고,0,0,1,0,차대사람 - 횡단중,안전운전불이행,건조,맑음,교차로 - 교차로횡단보도내,승용,여,53세,상해없음,보행자,여,68세,경상
2017052600100298,2017년 5월 26일 11시,금요일,대구광역시 달성군 화원읍,중상사고,0,1,0,0,차대차 - 정면충돌,안전운전불이행,건조,맑음,기타 - 기타,승용,여,55세,상해없음,자전거,남,35세,중상
2017052600100333,2017년 5월 26일 12시,금요일,대구광역시 남구 대명동,경상사고,0,0,1,0,차대차 - 측면충돌,불법유턴,건조,맑음,교차로 - 교차로안,자전거,남,80세,경상,화물,남,66세,상해없음
2017052600100360,2017년 5월 26일 13시,금요일,대구광역시 동구 신천동,경상사고,0,0,1,0,차대차 - 측면충돌,안전거리미확보,건조,맑음,단일로 - 기타,승용,남,60세,상해없음,승용,여,59세,경상
2017052600100389,2017년 5월 26일 14시,금요일,대구광역시 북구 태전동,경상사고,0,0,1,0,차대차 - 측면충돌,안전운전불이행,건조,맑음,단일로 - 기타,자전거,남,13세,경상,승용,여,57세,상해없음
2017052600100424,2017년 5월 26일 15시,금요일,대구광역시 달서구 상인동,경상사고,0,0,1,0,차대차 - 측면충돌,안전거리미확보,건조,맑음,단일로 - 기타,승용,남,75세,상해없음,승용,여,39세,상해없음
2017052600100461,2017년 5월 26일 16시,금요일,대구광역시 남구 대명동,경상사고,0,0,2,0,차대차 - 측면충돌,교차로운행방법위반,건조,맑음,단일로 - 기타,화물,남,60세,상해없음,승합,남,35세,상해없음
2017052600100502,2017년 5월 26일 17시,금요일,대구광역시 수성구 지산동,경상사고,0,0,1,0,차대차 - 정면충돌,신호위반,건조,맑음,교차로 - 교차로횡단보도내,자전거,남,12세,경상,승용,여,57세,상해없음
2017052600100503,2017년 5월 26일 17시,금요일,대구광역시 달서구 상인동,경상사고,0,0,2,0,차대차 - 측면충돌,안전거리미확보,건조,맑음,단일로 - 기타,이륜,남,17세,경상,승용,여,35세,경상
2017052600100504,2017년 5월 26일 17시,금요일,대구광역시 서구 비산동,경상사고,0,0,1,0,차대차 - 측면충돌,직진우회전진행방해,건조,맑음,교차로 - 교차로안,원동기,여,58세,경상,승용,남,64세,상해없음
2017052600100555,2017년 5월 26일 18시,금요일,대구광역시 남구 봉덕동,경상사고,0,0,1,0,차대차 - 측면충돌,교차로운행방법위반,건조,맑음,교차로 - 교차로안,승용,여,55세,상해없음,승용,남,26세,경상
2017052600100556,2017년 5월 26일 18시,금요일,대구광역시 수성구 연호동,경상사고,0,0,1,0,차대차 - 정면충돌,안전운전불이행,건조,맑음,단일로 - 기타,승용,남,65세,상해없음,승용,남,49세,상해없음
2017052600100557,2017년 5월 26일 18시,금요일,대구광역시 중구 남산동,중상사고,0,1,1,1,차대차 - 측면충돌,안전거리미확보,건조,맑음,단일로 - 기타,승용,여,36세,상해없음,승용,여,45세,경상
2017052600100558,2017년 5월 26일 18시,금요일,대구광역시 북구 태전동,경상사고,0,0,1,0,차대차 - 측면충돌,안전운전불이행,건조,맑음,단일로 - 기타,승합,남,65세,상해없음,자전거,남,28세,경상
2017052600100598,2017년 5월 26일 19시,금요일,대구광역시 달서구 유천동,중상사고,0,1,0,0,차대차 - 측면충돌,안전거리미확보,건조,맑음,단일로 - 기타,승용,여,53세,상해없음,승용,남,41세,중상
2017052600100599,2017년 5월 26일 19시,금요일,대구광역시 서구 평리동,중상사고,0,1,0,0,차량단독 - 공작물충돌,안전운전불이행,건조,맑음,단일로 - 기타,승합,남,55세,상해없음,,,,
2017052600100644,2017년 5월 26일 20시,금요일,대구광역시 수성구 만촌동,중상사고,0,1,0,0,차대사람 - 기타,안전운전불이행,건조,맑음,단일로 - 기타,승용,남,53세,상해없음,보행자,남,52세,중상
2017052600100679,2017년 5월 26일 21시,금요일,대구광역시 동구 효목동,경상사고,0,0,1,0,차대차 - 추돌,안전운전불이행,건조,맑음,단일로 - 교량,기타불명,기타불명,미분류,기타불명,이륜,남,47세,경상
2017052600100708,2017년 5월 26일 22시,금요일,대구광역시 수성구 지산동,경상사고,0,0,2,0,차대차 - 추돌,안전운전불이행,건조,맑음,단일로 - 기타,승용,남,45세,상해없음,승용,여,51세,경상
2017052600100738,2017년 5월 26일 23시,금요일,대구광역시 수성구 범어동,중상사고,0,1,0,0,차대차 - 측면충돌,안전거리미확보,건조,맑음,교차로 - 교차로안,승용,남,23세,상해없음,승용,여,52세,중상
2017052600100739,2017년 5월 26일 23시,금요일,대구광역시 서구 이현동,중상사고,0,1,0,0,차대차 - 측면충돌,신호위반,건조,맑음,교차로 - 교차로안,승용,남,64세,상해없음,승용,남,52세,중상
2017052600100740,2017년 5월 26일 23시,금요일,대구광역시 북구 동천동,중상사고,0,1,0,0,차대사람 - 횡단중,안전운전불이행,건조,맑음,단일로 - 기타,승용,남,21세,상해없음,보행자,남,50세,중상
2017052700100063,2017년 5월 27일 01시,토요일,대구광역시 수성구 중동,경상사고,0,0,1,1,차대차 - 정면충돌,신호위반,건조,맑음,교차로 - 교차로안,이륜,남,23세,부상신고,승용,남,64세,경상
2017052700100097,2017년 5월 27일 04시,토요일,대구광역시 남구 봉덕동,경상사고,0,0,3,0,차대차 - 측면충돌,신호위반,건조,맑음,교차로 - 교차로안,승용,남,55세,상해없음,승용,남,62세,경상
2017052700100098,2017년 5월 27일 04시,토요일,대구광역시 수성구 지산동,중상사고,0,1,1,0,차대차 - 정면충돌,안전운전불이행,건조,맑음,교차로 - 교차로안,원동기,남,21세,경상,승용,남,25세,상해없음
2017052700100099,2017년 5월 27일 04시,토요일,대구광역시 중구 대신동,경상사고,0,0,3,0,차대차 - 측면충돌,안전거리미확보,건조,맑음,단일로 - 기타,승용,남,53세,경상,승용,남,53세,경상
2017052700100125,2017년 5월 27일 06시,토요일,대구광역시 남구 봉덕동,부상신고사고,0,0,0,1,차대차 - 측면충돌,차로위반,건조,맑음,단일로 - 기타,승용,남,32세,상해없음,승용,남,75세,부상신고
2017052700100126,2017년 5월 27일 06시,토요일,대구광역시 동구 지저동,중상사고,0,1,0,0,차대차 - 정면충돌,신호위반,건조,맑음,단일로 - 기타,승용,남,66세,상해없음,자전거,남,74세,중상
2017052700100146,2017년 5월 27일 07시,토요일,대구광역시 중구 남산동,경상사고,0,0,1,0,차대차 - 후진중충돌,안전운전불이행,건조,맑음,교차로 - 교차로안,승용,남,25세,기타불명,승용,남,64세,경상
2017052700100147,2017년 5월 27일 07시,토요일,대구광역시 수성구 대흥동,중상사고,0,1,0,0,차대차 - 추돌,안전운전불이행,건조,맑음,교차로 - 교차로부근,승용,남,33세,상해없음,화물,남,60세,중상
2017052700100202,2017년 5월 27일 09시,토요일,대구광역시 수성구 고모동,경상사고,0,0,1,0,차대차 - 정면충돌,중앙선침범,건조,맑음,단일로 - 기타,화물,남,58세,상해없음,승용,남,48세,상해없음
2017052700100203,2017년 5월 27일 09시,토요일,대구광역시 북구 노원동2가,경상사고,0,0,1,0,차대차 - 측면충돌,안전운전불이행,건조,맑음,단일로 - 기타,승용,남,55세,상해없음,자전거,여,57세,경상
2017052700100236,2017년 5월 27일 10시,토요일,대구광역시 중구 교동,부상신고사고,0,0,0,1,차대차 - 측면충돌,안전운전불이행,건조,맑음,단일로 - 기타,기타불명,기타불명,미분류,기타불명,자전거,남,52세,부상신고
2017052700100237,2017년 5월 27일 10시,토요일,대구광역시 북구 태전동,중상사고,0,1,2,0,차대차 - 정면충돌,신호위반,건조,맑음,교차로 - 교차로안,화물,남,36세,상해없음,화물,남,59세,경상
2017052700100271,2017년 5월 27일 11시,토요일,대구광역시 달서구 진천동,경상사고,0,0,1,0,차대사람 - 횡단중,안전운전불이행,건조,맑음,단일로 - 기타,승용,여,38세,상해없음,보행자,남,76세,경상
2017052700100272,2017년 5월 27일 11시,토요일,대구광역시 달서구 신당동,경상사고,0,0,1,0,차대차 - 측면충돌,과속,건조,맑음,교차로 - 교차로부근,승용,남,34세,상해없음,승용,여,52세,경상
2017052700100273,2017년 5월 27일 11시,토요일,대구광역시 달서구 감삼동,경상사고,0,0,1,0,차대사람 - 횡단중,안전운전불이행,건조,맑음,단일로 - 기타,승용,남,51세,상해없음,보행자,남,69세,경상
2017052700100304,2017년 5월 27일 12시,토요일,대구광역시 달서구 월성동,경상사고,0,0,1,0,차대사람 - 횡단중,안전운전불이행,건조,맑음,단일로 - 기타,기타불명,기타불명,미분류,기타불명,보행자,여,16세,경상
2017052700100305,2017년 5월 27일 12시,토요일,대구광역시 달성군 화원읍,중상사고,0,1,0,0,차대차 - 정면충돌,안전운전불이행,건조,맑음,교차로 - 교차로안,승용,여,58세,상해없음,승용,여,49세,중상
2017052700100306,2017년 5월 27일 12시,토요일,대구광역시 달서구 신당동,경상사고,0,0,3,0,차대차 - 추돌,안전거리미확보,건조,맑음,단일로 - 기타,원동기,남,22세,상해없음,승용,남,27세,경상
2017052700100307,2017년 5월 27일 12시,토요일,대구광역시 달서구 감삼동,중상사고,0,1,0,0,차대차 - 측면충돌,중앙선침범,건조,맑음,단일로 - 기타,자전거,남,76세,중상,승용,남,54세,상해없음
2017052700100348,2017년 5월 27일 13시,토요일,대구광역시 남구 대명동,경상사고,0,0,4,0,차대차 - 측면충돌,교차로운행방법위반,건조,맑음,교차로 - 교차로부근,승용,남,32세,경상,승용,남,28세,경상
2017052700100349,2017년 5월 27일 13시,토요일,대구광역시 서구 이현동,경상사고,0,0,4,0,차대차 - 추돌,안전거리미확보,건조,맑음,단일로 - 기타,승용,남,49세,상해없음,승용,남,54세,경상
2017052700100390,2017년 5월 27일 14시,토요일,대구광역시 동구 신천동,경상사고,0,0,1,0,차대차 - 정면충돌,안전거리미확보,건조,맑음,단일로 - 기타,승용,여,33세,상해없음,원동기,남,28세,경상
2017052700100391,2017년 5월 27일 14시,토요일,대구광역시 서구 내당동,경상사고,0,0,1,0,차대차 - 측면충돌,안전거리미확보,건조,맑음,교차로 - 교차로부근,승용,여,33세,상해없음,승용,여,45세,경상
2017052700100424,2017년 5월 27일 15시,토요일,대구광역시 달서구 본동,경상사고,0,0,1,0,차대차 - 측면충돌,안전운전불이행,건조,맑음,단일로 - 기타,승용,남,28세,경상,승용,남,39세,상해없음
2017052700100425,2017년 5월 27일 15시,토요일,대구광역시 중구 계산동2가,경상사고,0,0,1,0,차대사람 - 횡단중,보행자보호의무위반,건조,맑음,교차로 - 교차로횡단보도내,이륜,남,30세,상해없음,보행자,여,64세,경상
2017052700100426,2017년 5월 27일 15시,토요일,대구광역시 북구 태전동,경상사고,0,0,1,0,차대차 - 측면충돌,중앙선침범,건조,맑음,단일로 - 기타,승용,남,28세,상해없음,원동기,남,55세,경상
2017052700100524,2017년 5월 27일 17시,토요일,대구광역시 서구 상리동,경상사고,0,0,1,0,차대차 - 측면충돌,안전운전불이행,건조,맑음,단일로 - 기타,화물,남,66세,상해없음,승용,남,34세,상해없음
2017052700100529,2017년 5월 27일 17시,토요일,대구광역시 달성군 다사읍,경상사고,0,0,1,0,차대사람 - 횡단중,안전운전불이행,건조,맑음,단일로 - 기타,승용,여,43세,상해없음,보행자,남,33세,경상
2017052700100530,2017년 5월 27일 17시,토요일,대구광역시 서구 평리동,경상사고,0,0,3,0,차대차 - 측면충돌,신호위반,건조,맑음,단일로 - 기타,이륜,남,17세,상해없음,승용,남,27세,경상
2017052700100531,2017년 5월 27일 17시,토요일,대구광역시 달서구 신당동,경상사고,0,0,1,0,차대사람 - 횡단중,안전운전불이행,건조,맑음,단일로 - 기타,승용,여,66세,상해없음,보행자,남,74세,경상
2017052700100568,2017년 5월 27일 18시,토요일,대구광역시 동구 신암동,경상사고,0,0,1,0,차대차 - 기타,안전운전불이행,건조,맑음,단일로 - 기타,승합,여,66세,상해없음,자전거,남,87세,경상
2017052700100569,2017년 5월 27일 18시,토요일,대구광역시 동구 효목동,경상사고,0,0,1,0,차대차 - 추돌,안전운전불이행,건조,맑음,교차로 - 교차로부근,화물,남,21세,상해없음,승용,남,64세,경상
2017052700100595,2017년 5월 27일 19시,토요일,대구광역시 수성구 범어동,경상사고,0,0,2,0,차대차 - 정면충돌,안전거리미확보,건조,맑음,단일로 - 기타,승합,남,34세,상해없음,승합,남,39세,상해없음
2017052700100596,2017년 5월 27일 19시,토요일,대구광역시 수성구 사월동,경상사고,0,0,3,0,차대차 - 측면충돌,안전거리미확보,건조,맑음,단일로 - 기타,승용,남,21세,상해없음,승용,남,52세,경상
2017052700100597,2017년 5월 27일 19시,토요일,대구광역시 달서구 두류동,중상사고,0,1,0,0,차대사람 - 횡단중,안전운전불이행,건조,맑음,단일로 - 기타,원동기,남,31세,상해없음,보행자,여,9세,중상
2017052700100650,2017년 5월 27일 21시,토요일,대구광역시 달서구 송현동,경상사고,0,0,1,0,차대차 - 측면충돌,안전운전불이행,건조,맑음,단일로 - 기타,승합,남,51세,상해없음,승용,남,50세,상해없음
2017052700100670,2017년 5월 27일 22시,토요일,대구광역시 중구 동인동4가,중상사고,0,1,1,3,차대차 - 추돌,안전거리미확보,건조,맑음,단일로 - 기타,승합,남,50세,상해없음,승용,남,34세,중상
2017052700100671,2017년 5월 27일 22시,토요일,대구광역시 북구 태전동,중상사고,0,1,0,0,차대차 - 측면충돌,안전운전불이행,건조,맑음,단일로 - 기타,승용,남,44세,상해없음,이륜,남,39세,중상
2017052700100699,2017년 5월 27일 23시,토요일,대구광역시 달서구 두류동,경상사고,0,0,1,0,차대사람 - 횡단중,안전운전불이행,건조,맑음,단일로 - 기타,승용,남,27세,상해없음,보행자,남,23세,경상
2017052800100045,2017년 5월 28일 01시,일요일,대구광역시 수성구 범어동,경상사고,0,0,1,0,차대차 - 정면충돌,안전운전불이행,건조,맑음,교차로 - 교차로부근,승용,남,27세,상해없음,승용,남,33세,경상
2017052800100053,2017년 5월 28일 02시,일요일,대구광역시 수성구 범어동,경상사고,0,0,2,0,차대차 - 측면충돌,신호위반,건조,맑음,교차로 - 교차로안,기타불명,기타불명,미분류,기타불명,승용,남,50세,경상
2017052800100054,2017년 5월 28일 02시,일요일,대구광역시 수성구 상동,경상사고,0,0,1,0,차대차 - 측면충돌,안전운전불이행,건조,맑음,교차로 - 교차로안,승용,여,43세,기타불명,승용,여,45세,경상
2017052800100055,2017년 5월 28일 02시,일요일,대구광역시 달서구 본동,경상사고,0,0,1,0,차대차 - 측면충돌,신호위반,건조,맑음,교차로 - 교차로안,승용,남,53세,상해없음,승용,남,26세,경상
2017052800100065,2017년 5월 28일 03시,일요일,대구광역시 중구 삼덕동1가,경상사고,0,0,1,0,차대사람 - 횡단중,안전운전불이행,건조,맑음,단일로 - 기타,승용,남,24세,상해없음,보행자,남,24세,경상
2017052800100075,2017년 5월 28일 04시,일요일,대구광역시 서구 비산동,중상사고,0,1,0,0,차대차 - 측면충돌,직진우회전진행방해,건조,맑음,교차로 - 교차로안,원동기,남,57세,중상,승용,남,59세,상해없음
2017052800100076,2017년 5월 28일 04시,일요일,대구광역시 달서구 성당동,경상사고,0,0,1,0,차대차 - 추돌,안전운전불이행,건조,맑음,단일로 - 기타,승용,여,39세,상해없음,승용,남,29세,경상
2017052800100090,2017년 5월 28일 05시,일요일,대구광역시 남구 대명동,경상사고,0,0,1,0,차대차 - 기타,안전운전불이행,건조,맑음,단일로 - 기타,기타불명,기타불명,미분류,기타불명,이륜,남,21세,경상
2017052800100139,2017년 5월 28일 09시,일요일,대구광역시 중구 동인동4가,경상사고,0,0,1,0,차대차 - 측면충돌,신호위반,건조,맑음,교차로 - 교차로안,승용,여,52세,상해없음,승용,남,50세,경상
2017052800100166,2017년 5월 28일 10시,일요일,대구광역시 수성구 만촌동,중상사고,0,1,0,0,차대사람 - 횡단중,안전운전불이행,건조,맑음,단일로 - 기타,승용,여,75세,상해없음,보행자,여,66세,중상
2017052800100193,2017년 5월 28일 11시,일요일,대구광역시 수성구 지산동,경상사고,0,0,1,0,차대사람 - 횡단중,안전운전불이행,건조,맑음,기타 - 기타,승용,여,61세,상해없음,보행자,남,75세,경상
2017052800100194,2017년 5월 28일 11시,일요일,대구광역시 달서구 신당동,중상사고,0,1,0,0,차대사람 - 횡단중,안전운전불이행,건조,맑음,단일로 - 기타,승용,여,40세,상해없음,보행자,남,22세,중상
2017052800100234,2017년 5월 28일 13시,일요일,대구광역시 달성군 화원읍,경상사고,0,0,2,0,차대사람 - 횡단중,보행자보호의무위반,건조,맑음,교차로 - 교차로안,승용,남,56세,상해없음,보행자,여,8세,경상
2017052800100235,2017년 5월 28일 13시,일요일,대구광역시 북구 산격동,경상사고,0,0,1,0,차대차 - 측면충돌,안전운전불이행,건조,맑음,교차로 - 교차로횡단보도내,승용,남,60세,상해없음,자전거,남,28세,경상