사고번호,사고일시,요일,시군구,사고내용,사망자수,중상자수,경상자수,부상신고자수,사고유형,법규위반,노면상태,기상상태,도로형태,가해운전자 차종,가해운전자 성별,가해운전자 연령,가해운전자 상해정도,피해운전자 차종,피해운전자 성별,피해운전자 연령,피해운전자 상해정도
2017053100100542,2017년 5월 31일 21시,수요일,대구광역시 달서구 이곡동,경상사고,0,0,1,0,차대차 - 측면충돌,안전운전불이행,건조,맑음,교차로 - 교차로안,승용,남,29세,상해없음,승용,여,55세,경상
2017053100100564,2017년 5월 31일 22시,수요일,대구광역시 수성구 두산동,경상사고,0,0,1,1,차대차 - 추돌,안전운전불이행,건조,맑음,단일로 - 기타,승용,여,21세,상해없음,승용,남,46세,부상신고
2017053100100565,2017년 5월 31일 22시,수요일,대구광역시 달서구 송현동,경상사고,0,0,1,0,차대사람 - 횡단중,보행자보호의무위반,건조,맑음,교차로 - 교차로안,화물,남,44세,상해없음,보행자,여,54세,경상
2017053100100566,2017년 5월 31일 22시,수요일,대구광역시 북구 구암동,중상사고,0,1,0,0,차대사람 - 횡단중,안전운전불이행,건조,맑음,교차로 - 교차로안,승용,여,57세,상해없음,보행자,여,51세,중상
2017053100100585,2017년 5월 31일 23시,수요일,대구광역시 수성구 중동,중상사고,0,1,0,0,차대차 - 추돌,안전운전불이행,건조,맑음,교차로 - 교차로부근,승용,여,23세,상해없음,승용,남,32세,중상
2017053100100586,2017년 5월 31일 23시,수요일,대구광역시 서구 평리동,중상사고,0,3,1,0,차대차 - 측면충돌,신호위반,건조,맑음,교차로 - 교차로안,승용,남,50세,경상,승용,여,44세,중상
2017060100100047,2017년 6월 1일 01시,목요일,대구광역시 수성구 상동,경상사고,0,0,4,0,차대차 - 정면충돌,교차로운행방법위반,건조,맑음,교차로 - 교차로안,승용,남,51세,상해없음,승용,남,56세,경상
2017060100100060,2017년 6월 1일 03시,목요일,대구광역시 수성구 황금동,경상사고,0,0,1,0,차대차 - 측면충돌,안전운전불이행,건조,맑음,단일로 - 기타,승용,남,42세,상해없음,승용,여,29세,경상
2017060100100108,2017년 6월 1일 07시,목요일,대구광역시 서구 이현동,경상사고,0,0,1,1,차대차 - 추돌,안전거리미확보,건조,맑음,단일로 - 기타,이륜,남,26세,부상신고,승용,여,27세,경상
2017060100100133,2017년 6월 1일 08시,목요일,대구광역시 서구 비산동,부상신고사고,0,0,0,1,차대사람 - 횡단중,안전운전불이행,건조,맑음,단일로 - 기타,승용,여,47세,상해없음,보행자,남,36세,부상신고
2017060100100175,2017년 6월 1일 09시,목요일,대구광역시 북구 노원동3가,부상신고사고,0,0,0,1,차대차 - 기타,안전운전불이행,건조,맑음,기타 - 기타,승용,여,35세,상해없음,승용,남,59세,부상신고
2017060100100176,2017년 6월 1일 09시,목요일,대구광역시 중구 동인동2가,경상사고,0,0,2,0,차대차 - 측면충돌,안전거리미확보,건조,맑음,단일로 - 기타,승용,여,70세,경상,승용,남,63세,경상
2017060100100200,2017년 6월 1일 10시,목요일,대구광역시 수성구 수성동4가,경상사고,0,0,1,0,차대차 - 추돌,안전운전불이행,건조,맑음,교차로 - 교차로부근,화물,남,60세,상해없음,자전거,남,76세,경상
2017060100100201,2017년 6월 1일 10시,목요일,대구광역시 수성구 지산동,경상사고,0,0,2,0,차대차 - 추돌,안전운전불이행,건조,맑음,단일로 - 기타,승용,남,66세,상해없음,승용,남,37세,경상
2017060100100226,2017년 6월 1일 11시,목요일,대구광역시 서구 내당동,경상사고,0,0,1,0,차대차 - 후진중충돌,안전운전불이행,건조,맑음,단일로 - 기타,승용,남,56세,상해없음,이륜,남,20세,경상
2017060100100253,2017년 6월 1일 12시,목요일,대구광역시 남구 대명동,중상사고,0,1,1,0,차대차 - 추돌,안전운전불이행,건조,맑음,단일로 - 기타,승용,남,64세,중상,승용,남,57세,경상
2017060100100254,2017년 6월 1일 12시,목요일,대구광역시 중구 동인동4가,경상사고,0,0,1,0,차대차 - 측면충돌,직진우회전진행방해,건조,맑음,교차로 - 교차로안,승용,남,28세,상해없음,승용,남,46세,상해없음
2017060100100284,2017년 6월 1일 13시,목요일,대구광역시 달서구 본동,경상사고,0,0,2,0,차대차 - 추돌,차로위반,건조,맑음,단일로 - 기타,승합,남,54세,상해없음,승용,남,34세,경상
2017060100100285,2017년 6월 1일 13시,목요일,대구광역시 북구 구암동,사망사고,1,1,0,0,차대차 - 측면충돌,신호위반,건조,맑음,교차로 - 교차로안,승용,여,72세,중상,이륜,남,55세,사망
2017060100100315,2017년 6월 1일 14시,목요일,대구광역시 서구 내당동,경상사고,0,0,1,0,차대차 - 추돌,안전거리미확보,건조,맑음,단일로 - 기타,화물,남,51세,상해없음,승용,남,34세,경상
2017060100100316,2017년 6월 1일 14시,목요일,대구광역시 중구 동인동1가,경상사고,0,0,1,0,차대차 - 측면충돌,차로위반,건조,맑음,교차로 - 교차로부근,승용,남,24세,상해없음,이륜,남,55세,경상
2017060100100317,2017년 6월 1일 14시,목요일,대구광역시 달서구 신당동,경상사고,0,0,1,0,차대차 - 추돌,안전운전불이행,건조,맑음,단일로 - 기타,승용,여,49세,상해없음,이륜,남,39세,경상
2017060100100383,2017년 6월 1일 16시,목요일,대구광역시 동구 진인동,중상사고,0,1,0,0,차대차 - 정면충돌,안전운전불이행,건조,맑음,단일로 - 기타,농기계,남,85세,중상,화물,남,49세,상해없음
2017060100100384,2017년 6월 1일 16시,목요일,대구광역시 서구 내당동,부상신고사고,0,0,0,1,차대차 - 추돌,안전운전불이행,건조,맑음,단일로 - 기타,자전거,남,7세,부상신고,승용,남,51세,상해없음
2017060100100438,2017년 6월 1일 17시,목요일,대구광역시 동구 효목동,경상사고,0,0,1,0,차대사람 - 횡단중,보행자보호의무위반,건조,맑음,기타 - 기타,승용,남,34세,상해없음,보행자,여,65세,경상
2017060100100439,2017년 6월 1일 17시,목요일,대구광역시 달서구 장기동,중상사고,0,1,0,0,차대차 - 측면충돌,중앙선침범,건조,맑음,단일로 - 기타,승용,남,38세,상해없음,이륜,남,69세,중상
2017060100100440,2017년 6월 1일 17시,목요일,대구광역시 달서구 죽전동,중상사고,0,1,0,0,차대차 - 추돌,안전운전불이행,건조,맑음,교차로 - 교차로안,승용,남,21세,상해없음,승용,여,58세,중상
2017060100100484,2017년 6월 1일 18시,목요일,대구광역시 남구 대명동,경상사고,0,0,1,0,차대사람 - 횡단중,안전운전불이행,건조,맑음,단일로 - 기타,화물,남,31세,상해없음,보행자,남,49세,경상
2017060100100485,2017년 6월 1일 18시,목요일,대구광역시 수성구 시지동,중상사고,0,1,0,0,차대차 - 추돌,안전운전불이행,건조,맑음,교차로 - 교차로부근,승용,여,21세,상해없음,승용,여,63세,중상
2017060100100486,2017년 6월 1일 18시,목요일,대구광역시 달성군 화원읍,경상사고,0,0,2,0,차대차 - 정면충돌,안전운전불이행,건조,맑음,단일로 - 기타,이륜,남,16세,상해없음,승용,남,54세,경상
2017060100100487,2017년 6월 1일 18시,목요일,대구광역시 북구 산격동,경상사고,0,0,1,0,차대차 - 기타,안전운전불이행,건조,맑음,단일로 - 기타,승용,여,56세,상해없음,승용,남,33세,경상
2017060100100488,2017년 6월 1일 18시,목요일,대구광역시 중구 동인동2가,경상사고,0,0,1,0,차대차 - 후진중충돌,안전운전불이행,건조,맑음,단일로 - 기타,승용,남,64세,상해없음,자전거,여,41세,경상
2017060100100489,2017년 6월 1일 18시,목요일,대구광역시 달서구 파호동,경상사고,0,0,2,0,차대차 - 측면충돌,신호위반,건조,맑음,교차로 - 교차로안,승용,남,37세,경상,화물,남,48세,경상
2017060100100521,2017년 6월 1일 19시,목요일,대구광역시 서구 평리동,경상사고,0,0,1,0,차대차 - 측면충돌,안전운전불이행,건조,맑음,교차로 - 교차로안,승용,남,39세,상해없음,이륜,남,23세,경상
2017060100100552,2017년 6월 1일 20시,목요일,대구광역시 달성군 가창면,경상사고,0,0,1,0,차대차 - 정면충돌,안전운전불이행,건조,맑음,주차장 - 주차장,승용,남,55세,상해없음,승용,남,31세,경상
2017060100100553,2017년 6월 1일 20시,목요일,대구광역시 중구 덕산동,경상사고,0,0,1,0,차대사람 - 기타,안전운전불이행,건조,맑음,단일로 - 기타,승용,여,57세,상해없음,보행자,남,19세,경상
2017060100100554,2017년 6월 1일 20시,목요일,대구광역시 달서구 용산동,경상사고,0,0,2,1,차대차 - 측면충돌,안전운전불이행,건조,맑음,단일로 - 기타,이륜,남,21세,상해없음,승용,남,49세,경상
2017060100100571,2017년 6월 1일 21시,목요일,대구광역시 중구 대봉동,부상신고사고,0,0,0,2,차대차 - 측면충돌,안전운전불이행,건조,맑음,기타 - 기타,승용,남,33세,상해없음,승용,남,49세,부상신고
2017060100100572,2017년 6월 1일 21시,목요일,대구광역시 달성군 화원읍,경상사고,0,0,1,0,차대사람 - 보도통행중,기타,건조,맑음,교차로 - 교차로부근,승용,남,54세,상해없음,보행자,여,43세,경상
2017060100100573,2017년 6월 1일 21시,목요일,대구광역시 북구 대현동,중상사고,0,1,0,0,차대사람 - 횡단중,안전운전불이행,건조,맑음,단일로 - 기타,승용,여,46세,상해없음,보행자,남,56세,중상
2017060100100574,2017년 6월 1일 21시,목요일,대구광역시 달서구 감삼동,경상사고,0,0,1,0,차대차 - 추돌,안전운전불이행,건조,맑음,단일로 - 기타,승용,남,74세,상해없음,승용,남,31세,경상
2017060100100598,2017년 6월 1일 22시,목요일,대구광역시 수성구 욱수동,경상사고,0,0,2,0,차대차 - 추돌,안전운전불이행,건조,맑음,교차로 - 교차로부근,승용,남,45세,상해없음,승용,남,36세,경상
2017060100100599,2017년 6월 1일 22시,목요일,대구광역시 서구 상리동,경상사고,0,0,2,0,차대차 - 측면충돌,안전거리미확보,건조,맑음,단일로 - 기타,승합,남,58세,상해없음,화물,남,44세,경상
2017060200100044,2017년 6월 2일 00시,금요일,대구광역시 북구 동천동,중상사고,0,1,0,1,차대사람 - 횡단중,신호위반,건조,맑음,교차로 - 교차로횡단보도내,이륜,남,18세,부상신고,보행자,여,17세,중상
2017060200100141,2017년 6월 2일 07시,금요일,대구광역시 서구 내당동,경상사고,0,0,1,0,차대차 - 측면충돌,중앙선침범,건조,맑음,단일로 - 기타,이륜,남,53세,경상,승용,남,38세,상해없음
2017060200100142,2017년 6월 2일 07시,금요일,대구광역시 북구 매천동,경상사고,0,0,2,0,차대차 - 측면충돌,교차로운행방법위반,건조,맑음,교차로 - 교차로부근,승용,남,67세,상해없음,승합,남,56세,상해없음
2017060200100194,2017년 6월 2일 08시,금요일,대구광역시 동구 율하동,중상사고,0,1,0,0,차대차 - 측면충돌,안전거리미확보,건조,맑음,단일로 - 기타,승합,남,48세,상해없음,승합,남,52세,상해없음
2017060200100195,2017년 6월 2일 08시,금요일,대구광역시 동구 율하동,경상사고,0,0,3,0,차대차 - 추돌,안전운전불이행,건조,맑음,교차로 - 교차로부근,승용,여,32세,상해없음,승합,남,23세,경상
2017060200100196,2017년 6월 2일 08시,금요일,대구광역시 북구 침산동,경상사고,0,0,1,3,차대차 - 측면충돌,안전거리미확보,건조,맑음,단일로 - 지하차도(도로)내,승용,남,36세,부상신고,승용,여,21세,부상신고
2017060200100197,2017년 6월 2일 08시,금요일,대구광역시 중구 남산동,경상사고,0,0,1,0,차대차 - 측면충돌,안전거리미확보,건조,맑음,단일로 - 기타,기타불명,기타불명,미분류,기타불명,승용,여,48세,경상
2017060200100227,2017년 6월 2일 09시,금요일,대구광역시 달서구 월성동,경상사고,0,0,2,0,차대차 - 추돌,안전운전불이행,건조,맑음,단일로 - 기타,승용,남,28세,상해없음,화물,남,33세,경상
2017060200100228,2017년 6월 2일 09시,금요일,대구광역시 서구 비산동,경상사고,0,0,1,0,차대차 - 측면충돌,안전운전불이행,건조,맑음,단일로 - 기타,기타불명,기타불명,미분류,기타불명,자전거,여,60세,경상
2017060200100277,2017년 6월 2일 11시,금요일,대구광역시 남구 대명동,중상사고,0,1,0,0,차량단독 - 기타,기타,건조,맑음,단일로 - 기타,승합,남,54세,상해없음,,,,
2017060200100278,2017년 6월 2일 11시,금요일,대구광역시 수성구 매호동,중상사고,0,1,0,0,차대차 - 기타,안전운전불이행,건조,맑음,단일로 - 기타,승용,남,32세,상해없음,승합,남,55세,상해없음
2017060200100279,2017년 6월 2일 11시,금요일,대구광역시 달서구 감삼동,경상사고,0,0,1,0,차대사람 - 횡단중,기타,건조,맑음,단일로 - 기타,승합,남,44세,상해없음,보행자,여,22세,경상
2017060200100294,2017년 6월 2일 12시,금요일,대구광역시 동구 신암동,경상사고,0,0,1,0,차대차 - 추돌,안전운전불이행,건조,맑음,단일로 - 기타,승용,남,59세,상해없음,승용,여,28세,경상
2017060200100295,2017년 6월 2일 12시,금요일,대구광역시 서구 비산동,경상사고,0,0,2,1,차대차 - 측면충돌,교차로운행방법위반,건조,맑음,교차로 - 교차로안,승용,남,32세,부상신고,승용,남,51세,경상
2017060200100324,2017년 6월 2일 13시,금요일,대구광역시 달서구 송현동,부상신고사고,0,0,0,1,차대사람 - 횡단중,기타,건조,맑음,단일로 - 기타,기타불명,기타불명,미분류,기타불명,보행자,남,51세,부상신고
2017060200100325,2017년 6월 2일 13시,금요일,대구광역시 서구 원대동3가,경상사고,0,0,1,0,차대차 - 측면충돌,신호위반,건조,맑음,단일로 - 기타,승합,남,54세,상해없음,자전거,남,30세,경상
2017060200100354,2017년 6월 2일 14시,금요일,대구광역시 달서구 상인동,부상신고사고,0,0,0,1,차대차 - 기타,안전운전불이행,건조,맑음,단일로 - 기타,이륜,남,20세,부상신고,승용,여,56세,상해없음
2017060200100355,2017년 6월 2일 14시,금요일,대구광역시 북구 고성동3가,중상사고,0,1,0,0,차대차 - 측면충돌,안전운전불이행,건조,맑음,교차로 - 교차로안,자전거,여,70세,중상,승용,남,64세,상해없음
2017060200100356,2017년 6월 2일 14시,금요일,대구광역시 북구 구암동,경상사고,0,0,1,0,차량단독 - 기타,안전운전불이행,건조,맑음,단일로 - 기타,승용,남,63세,상해없음,,,,
2017060200100433,2017년 6월 2일 16시,금요일,대구광역시 북구 관음동,중상사고,0,1,2,0,차대차 - 측면충돌,신호위반,건조,맑음,교차로 - 교차로안,승용,여,44세,경상,승용,남,38세,경상
2017060200100463,2017년 6월 2일 17시,금요일,대구광역시 남구 봉덕동,경상사고,0,0,1,0,차대차 - 기타,안전거리미확보,건조,맑음,단일로 - 기타,화물,남,43세,상해없음,승합,남,58세,상해없음
2017060200100464,2017년 6월 2일 17시,금요일,대구광역시 수성구 황금동,중상사고,0,1,0,0,차대차 - 측면충돌,신호위반,건조,맑음,단일로 - 기타,승용,남,56세,상해없음,이륜,남,46세,중상
2017060200100465,2017년 6월 2일 17시,금요일,대구광역시 수성구 연호동,경상사고,0,0,2,0,차대차 - 측면충돌,안전운전불이행,건조,맑음,단일로 - 기타,승용,남,32세,경상,화물,남,55세,경상
2017060200100466,2017년 6월 2일 17시,금요일,대구광역시 달성군 화원읍,경상사고,0,0,2,0,차대차 - 측면충돌,차로위반,건조,맑음,교차로 - 교차로안,승용,남,70세,상해없음,이륜,남,21세,경상
2017060200100467,2017년 6월 2일 17시,금요일,대구광역시 중구 동인동4가,경상사고,0,0,1,0,차대차 - 측면충돌,안전운전불이행,건조,맑음,교차로 - 교차로부근,승용,남,56세,상해없음,승용,남,56세,경상
2017060200100517,2017년 6월 2일 18시,금요일,대구광역시 동구 신기동,경상사고,0,0,1,0,차대차 - 측면충돌,안전운전불이행,건조,맑음,단일로 - 기타,이륜,남,54세,상해없음,이륜,남,20세,경상
2017060200100518,2017년 6월 2일 18시,금요일,대구광역시 달서구 본동,경상사고,0,0,1,0,차대사람 - 기타,안전운전불이행,건조,맑음,교차로 - 교차로안,승용,남,63세,상해없음,보행자,남,46세,경상
2017060200100550,2017년 6월 2일 19시,금요일,대구광역시 동구 각산동,경상사고,0,0,1,0,차대차 - 추돌,안전운전불이행,건조,맑음,단일로 - 기타,승용,남,54세,상해없음,화물,남,54세,경상
2017060200100551,2017년 6월 2일 19시,금요일,대구광역시 수성구 두산동,중상사고,0,1,0,0,차대사람 - 횡단중,보행자보호의무위반,건조,맑음,교차로 - 교차로횡단보도내,승용,여,42세,상해없음,보행자,남,12세,중상
2017060200100552,2017년 6월 2일 19시,금요일,대구광역시 수성구 중동,경상사고,0,0,1,0,차대차 - 정면충돌,안전운전불이행,건조,맑음,교차로 - 교차로부근,승용,남,52세,상해없음,승용,남,31세,경상
2017060200100553,2017년 6월 2일 19시,금요일,대구광역시 달서구 진천동,경상사고,0,0,1,0,차대차 - 기타,안전거리미확보,건조,맑음,단일로 - 기타,승용,여,59세,상해없음,이륜,남,18세,경상
2017060200100554,2017년 6월 2일 19시,금요일,대구광역시 북구 대현동,경상사고,0,0,1,0,차대사람 - 횡단중,안전운전불이행,건조,맑음,단일로 - 기타,원동기,남,34세,상해없음,보행자,남,5세,경상
2017060200100555,2017년 6월 2일 19시,금요일,대구광역시 중구 계산동2가,중상사고,0,1,0,0,차대차 - 추돌,안전거리미확보,건조,맑음,단일로 - 기타,승용,남,61세,상해없음,승용,남,33세,중상
2017060200100556,2017년 6월 2일 19시,금요일,대구광역시 북구 구암동,중상사고,0,1,0,0,차대차 - 측면충돌,안전운전불이행,건조,맑음,단일로 - 기타,화물,남,37세,상해없음,이륜,남,22세,중상
2017060200100593,2017년 6월 2일 20시,금요일,대구광역시 달서구 송현동,경상사고,0,0,2,0,차대차 - 측면충돌,차로위반,건조,맑음,단일로 - 기타,승용,남,39세,상해없음,승용,남,57세,경상
2017060200100594,2017년 6월 2일 20시,금요일,대구광역시 서구 중리동,중상사고,0,1,2,0,차대차 - 추돌,안전거리미확보,건조,맑음,단일로 - 기타,승용,남,65세,상해없음,승용,여,47세,중상
2017060200100595,2017년 6월 2일 20시,금요일,대구광역시 서구 비산동,경상사고,0,0,1,0,차대차 - 측면충돌,안전운전불이행,건조,맑음,교차로 - 교차로안,기타불명,기타불명,미분류,기타불명,승용,남,54세,경상
2017060200100596,2017년 6월 2일 20시,금요일,대구광역시 달서구 성당동,경상사고,0,0,2,0,차대차 - 측면충돌,교차로운행방법위반,건조,맑음,교차로 - 교차로부근,승용,남,74세,상해없음,승용,남,21세,경상
2017060200100623,2017년 6월 2일 21시,금요일,대구광역시 수성구 지산동,중상사고,0,1,0,0,차대차 - 측면충돌,교차로운행방법위반,건조,맑음,교차로 - 교차로안,승용,남,26세,상해없음,자전거,남,44세,중상
2017060200100624,2017년 6월 2일 21시,금요일,대구광역시 달성군 다사읍,중상사고,0,1,0,1,차대차 - 기타,중앙선침범,건조,맑음,기타 - 기타,자전거,남,11세,부상신고,자전거,남,32세,상해없음
2017060200100655,2017년 6월 2일 22시,금요일,대구광역시 달서구 진천동,부상신고사고,0,0,0,1,차대사람 - 횡단중,안전운전불이행,건조,맑음,단일로 - 기타,기타불명,기타불명,미분류,기타불명,보행자,여,62세,부상신고
2017060200100656,2017년 6월 2일 22시,금요일,대구광역시 중구 동인동1가,중상사고,0,1,0,0,차대사람 - 횡단중,안전운전불이행,건조,맑음,단일로 - 기타,승용,남,70세,상해없음,보행자,남,55세,중상
2017060300100038,2017년 6월 3일 00시,토요일,대구광역시 서구 평리동,부상신고사고,0,0,0,1,차대차 - 추돌,안전거리미확보,젖음/습기,비,교차로 - 교차로부근,승용,남,58세,부상신고,승용,남,26세,상해없음
2017060300100059,2017년 6월 3일 01시,토요일,대구광역시 달성군 다사읍,중상사고,0,1,1,0,차대차 - 추돌,안전운전불이행,건조,맑음,교차로 - 교차로횡단보도내,승용,남,31세,상해없음,승용,남,53세,중상
2017060300100060,2017년 6월 3일 01시,토요일,대구광역시 달서구 장기동,경상사고,0,0,2,1,차대차 - 측면충돌,차로위반,건조,맑음,단일로 - 기타,승용,남,40세,경상,승용,여,36세,부상신고
2017060300100061,2017년 6월 3일 01시,토요일,대구광역시 북구 구암동,중상사고,0,1,1,0,차대사람 - 기타,안전운전불이행,건조,맑음,단일로 - 기타,승합,남,25세,상해없음,보행자,남,48세,경상
2017060300100096,2017년 6월 3일 04시,토요일,대구광역시 중구 교동,경상사고,0,0,1,0,차대차 - 추돌,안전운전불이행,건조,맑음,교차로 - 교차로부근,승용,남,33세,상해없음,승용,남,53세,경상
2017060300100124,2017년 6월 3일 06시,토요일,대구광역시 수성구 만촌동,경상사고,0,0,1,0,차량단독 - 전도전복 - 전도,안전운전불이행,건조,맑음,단일로 - 기타,승용,여,39세,경상,,,,
2017060300100142,2017년 6월 3일 07시,토요일,대구광역시 달서구 두류동,경상사고,0,0,1,0,차대차 - 측면충돌,차로위반,건조,맑음,단일로 - 기타,승용,남,76세,상해없음,이륜,남,70세,경상
2017060300100166,2017년 6월 3일 08시,토요일,대구광역시 동구 신천동,경상사고,0,0,1,0,차량단독 - 전도전복,안전운전불이행,건조,맑음,교차로 - 교차로부근,승용,남,62세,상해없음,미분류,미분류,미분류,미분류
2017060300100167,2017년 6월 3일 08시,토요일,대구광역시 달서구 송현동,중상사고,0,1,0,0,차대사람 - 횡단중,보행자보호의무위반,건조,맑음,단일로 - 기타,승용,남,57세,상해없음,보행자,여,75세,중상
2017060300100168,2017년 6월 3일 08시,토요일,대구광역시 북구 태전동,부상신고사고,0,0,0,2,차대차 - 측면충돌,신호위반,건조,맑음,교차로 - 교차로횡단보도내,승용,여,45세,상해없음,자전거,남,13세,부상신고
2017060300100187,2017년 6월 3일 09시,토요일,대구광역시 동구 율암동,중상사고,0,1,0,0,차대차 - 측면충돌,중앙선침범,건조,맑음,교차로 - 교차로부근,승용,남,28세,상해없음,이륜,여,66세,중상
2017060300100188,2017년 6월 3일 09시,토요일,대구광역시 수성구 만촌동,중상사고,0,1,0,0,차대사람 - 횡단중,안전운전불이행,건조,맑음,단일로 - 기타,승용,남,46세,상해없음,보행자,남,78세,중상
2017060300100189,2017년 6월 3일 09시,토요일,대구광역시 수성구 범어동,중상사고,0,3,4,0,차대차 - 추돌,안전거리미확보,건조,맑음,단일로 - 기타,승용,남,83세,상해없음,승합,남,51세,경상
2017060300100190,2017년 6월 3일 09시,토요일,대구광역시 북구 구암동,중상사고,0,1,0,0,차대사람 - 횡단중,안전운전불이행,건조,맑음,교차로 - 교차로안,승용,여,46세,상해없음,보행자,여,79세,중상
2017060300100210,2017년 6월 3일 10시,토요일,대구광역시 남구 봉덕동,경상사고,0,0,2,0,차대차 - 측면충돌,안전거리미확보,건조,맑음,단일로 - 기타,건설기계,남,49세,상해없음,승용,남,49세,경상
2017060300100211,2017년 6월 3일 10시,토요일,대구광역시 중구 동인동3가,경상사고,0,0,1,0,차대차 - 추돌,안전운전불이행,건조,맑음,단일로 - 기타,승용,남,47세,상해없음,승용,남,41세,경상
2017060300100248,2017년 6월 3일 11시,토요일,대구광역시 북구 노곡동,경상사고,0,0,5,0,차대차 - 추돌,안전운전불이행,건조,맑음,단일로 - 기타,승용,여,52세,경상,승용,남,37세,경상
2017060300100251,2017년 6월 3일 11시,토요일,대구광역시 동구 효목동,중상사고,0,1,0,0,차대사람 - 횡단중,안전운전불이행,건조,맑음,단일로 - 기타,승용,남,66세,상해없음,보행자,여,79세,중상
2017060300100252,2017년 6월 3일 11시,토요일,대구광역시 동구 신기동,경상사고,0,0,1,0,차대차 - 추돌,안전거리미확보,건조,맑음,단일로 - 기타,승용,남,44세,상해없음,승용,여,66세,경상
2017060300100253,2017년 6월 3일 11시,토요일,대구광역시 수성구 수성동2가,경상사고,0,0,1,0,차대차 - 측면충돌,안전거리미확보,건조,맑음,교차로 - 교차로부근,승용,남,25세,상해없음,승용,남,62세,경상
2017060300100254,2017년 6월 3일 11시,토요일,대구광역시 수성구 범어동,경상사고,0,0,2,0,차대차 - 추돌,안전운전불이행,건조,맑음,교차로 - 교차로부근,승용,남,62세,상해없음,승용,남,42세,경상
2017060300100255,2017년 6월 3일 11시,토요일,대구광역시 달서구 진천동,중상사고,0,1,0,0,차대차 - 측면충돌,안전거리미확보,건조,맑음,단일로 - 기타,이륜,남,63세,중상,승용,남,39세,상해없음
2017060300100256,2017년 6월 3일 11시,토요일,대구광역시 북구 태전동,경상사고,0,0,1,0,차대차 - 측면충돌,안전거리미확보,건조,맑음,단일로 - 기타,승용,남,29세,상해없음,원동기,남,57세,경상
2017060300100288,2017년 6월 3일 12시,토요일,대구광역시 수성구 범어동,부상신고사고,0,0,0,1,차대차 - 측면충돌,안전운전불이행,건조,맑음,단일로 - 기타,승용,여,44세,상해없음,이륜,남,31세,부상신고
2017060300100289,2017년 6월 3일 12시,토요일,대구광역시 서구 비산동,부상신고사고,0,0,0,1,차대차 - 추돌,안전운전불이행,건조,맑음,단일로 - 기타,승용,남,60세,상해없음,승용,남,33세,부상신고
2017060300100290,2017년 6월 3일 12시,토요일,대구광역시 중구 남일동,경상사고,0,0,1,0,차대사람 - 횡단중,신호위반,건조,맑음,단일로 - 기타,승용,남,22세,상해없음,보행자,남,15세,경상
2017060300100327,2017년 6월 3일 13시,토요일,대구광역시 중구 태평로1가,경상사고,0,0,1,0,차대차 - 측면충돌,안전운전불이행,건조,맑음,단일로 - 기타,승용,남,36세,상해없음,승용,남,54세,경상
2017060300100366,2017년 6월 3일 14시,토요일,대구광역시 수성구 성동,중상사고,0,1,0,0,차대차 - 정면충돌,안전운전불이행,건조,맑음,단일로 - 기타,승용,남,46세,상해없음,이륜,남,66세,중상
2017060300100367,2017년 6월 3일 14시,토요일,대구광역시 달서구 월암동,중상사고,0,1,0,0,차대차 - 측면충돌,신호위반,건조,맑음,교차로 - 교차로안,화물,여,42세,상해없음,승용,남,39세,중상
2017060300100400,2017년 6월 3일 15시,토요일,대구광역시 동구 신서동,경상사고,0,0,1,0,차대차 - 측면충돌,안전운전불이행,건조,맑음,교차로 - 교차로횡단보도내,승용,남,63세,상해없음,자전거,남,6세,경상
2017060300100401,2017년 6월 3일 15시,토요일,대구광역시 수성구 사월동,경상사고,0,0,3,1,차대차 - 측면충돌,신호위반,건조,맑음,교차로 - 교차로안,승용,여,61세,부상신고,승용,남,32세,경상
2017060300100402,2017년 6월 3일 15시,토요일,대구광역시 서구 비산동,중상사고,0,1,0,0,차대사람 - 횡단중,안전운전불이행,건조,맑음,단일로 - 기타,승용,남,42세,상해없음,보행자,여,72세,중상
2017060300100439,2017년 6월 3일 16시,토요일,대구광역시 동구 율하동,중상사고,0,1,0,0,차대사람 - 횡단중,안전운전불이행,건조,맑음,교차로 - 교차로횡단보도내,승용,남,51세,상해없음,보행자,여,20세,중상
2017060300100440,2017년 6월 3일 16시,토요일,대구광역시 달서구 본동,경상사고,0,0,1,0,차대사람 - 횡단중,보행자보호의무위반,건조,맑음,교차로 - 교차로안,승용,남,48세,상해없음,보행자,남,45세,경상
2017060300100441,2017년 6월 3일 16시,토요일,대구광역시 달성군 현풍면,중상사고,0,2,0,0,차대차 - 정면충돌,중앙선침범,건조,맑음,교차로 - 교차로부근,승용,여,42세,상해없음,승용,남,23세,중상
2017060300100498,2017년 6월 3일 17시,토요일,대구광역시 동구 효목동,중상사고,0,1,0,0,차대사람 - 횡단중,안전운전불이행,건조,맑음,단일로 - 기타,승용,남,54세,상해없음,보행자,여,78세,중상
2017060300100499,2017년 6월 3일 17시,토요일,대구광역시 수성구 연호동,중상사고,0,1,0,0,차대차 - 측면충돌,안전거리미확보,건조,맑음,단일로 - 기타,승용,남,36세,상해없음,이륜,남,30세,중상
2017060300100500,2017년 6월 3일 17시,토요일,대구광역시 수성구 수성동4가,경상사고,0,0,3,0,차대차 - 정면충돌,안전거리미확보,건조,맑음,단일로 - 기타,화물,남,30세,상해없음,승용,여,40세,경상
2017060300100501,2017년 6월 3일 17시,토요일,대구광역시 수성구 만촌동,경상사고,0,0,1,1,차대차 - 추돌,안전운전불이행,건조,맑음,기타 - 기타,승합,남,23세,상해없음,승용,남,32세,경상
2017060300100502,2017년 6월 3일 17시,토요일,대구광역시 달서구 이곡동,중상사고,0,2,1,0,차대차 - 측면충돌,신호위반,건조,맑음,교차로 - 교차로안,승용,여,64세,경상,승용,남,20세,중상