사고번호,사고일시,요일,시군구,사고내용,사망자수,중상자수,경상자수,부상신고자수,사고유형,법규위반,노면상태,기상상태,도로형태,가해운전자 차종,가해운전자 성별,가해운전자 연령,가해운전자 상해정도,피해운전자 차종,피해운전자 성별,피해운전자 연령,피해운전자 상해정도
2017060300100545,2017년 6월 3일 18시,토요일,대구광역시 동구 신암동,경상사고,0,0,1,0,차대사람 - 횡단중,안전운전불이행,건조,맑음,단일로 - 기타,화물,여,51세,상해없음,보행자,남,37세,경상
2017060300100546,2017년 6월 3일 18시,토요일,대구광역시 서구 내당동,경상사고,0,0,1,0,차대차 - 측면충돌,안전운전불이행,건조,맑음,단일로 - 기타,자전거,여,73세,경상,승용,여,40세,기타불명
2017060300100547,2017년 6월 3일 18시,토요일,대구광역시 북구 읍내동,경상사고,0,0,1,0,차대차 - 측면충돌,교차로운행방법위반,건조,맑음,교차로 - 교차로안,승합,남,45세,상해없음,이륜,남,25세,경상
2017060300100573,2017년 6월 3일 19시,토요일,대구광역시 달서구 상인동,경상사고,0,0,1,0,차대차 - 추돌,안전거리미확보,건조,맑음,단일로 - 기타,승용,남,48세,상해없음,승용,여,40세,경상
2017060300100574,2017년 6월 3일 19시,토요일,대구광역시 달서구 이곡동,중상사고,0,1,0,0,차대차 - 측면충돌,안전거리미확보,건조,흐림,단일로 - 기타,승용,남,42세,상해없음,이륜,남,28세,중상
2017060300100599,2017년 6월 3일 20시,토요일,대구광역시 달서구 호산동,경상사고,0,0,2,1,차대차 - 기타,신호위반,건조,맑음,교차로 - 교차로안,이륜,남,21세,부상신고,승용,남,23세,경상
2017060300100655,2017년 6월 3일 22시,토요일,대구광역시 달서구 진천동,경상사고,0,0,1,0,차대사람 - 기타,안전운전불이행,건조,맑음,단일로 - 기타,승용,남,53세,상해없음,보행자,남,46세,경상
2017060300100656,2017년 6월 3일 22시,토요일,대구광역시 중구 동성로3가,중상사고,0,1,2,0,차대차 - 추돌,안전운전불이행,건조,맑음,단일로 - 기타,승용,남,60세,상해없음,승용,남,62세,중상
2017060300100673,2017년 6월 3일 23시,토요일,대구광역시 수성구 상동,경상사고,0,0,1,0,차대차 - 정면충돌,안전운전불이행,건조,맑음,단일로 - 기타,승용,남,51세,상해없음,자전거,남,9세,경상
2017060300100674,2017년 6월 3일 23시,토요일,대구광역시 북구 관음동,경상사고,0,0,2,0,차대차 - 추돌,안전운전불이행,건조,맑음,단일로 - 기타,승용,남,36세,상해없음,이륜,남,24세,경상
2017060300100675,2017년 6월 3일 23시,토요일,대구광역시 북구 서변동,중상사고,0,1,0,0,차대차 - 측면충돌,안전운전불이행,건조,맑음,단일로 - 기타,승용,남,32세,상해없음,승용,여,47세,중상
2017060300100676,2017년 6월 3일 23시,토요일,대구광역시 북구 관음동,경상사고,0,0,1,0,차대차 - 측면충돌,안전운전불이행,건조,맑음,단일로 - 기타,승용,남,36세,상해없음,사륜오토바이(ATV),남,24세,경상
2017060400100026,2017년 6월 4일 00시,일요일,대구광역시 수성구 범어동,중상사고,0,1,2,0,차대차 - 측면충돌,차로위반,건조,맑음,단일로 - 기타,승용,남,52세,상해없음,승용,남,21세,중상
2017060400100040,2017년 6월 4일 01시,일요일,대구광역시 북구 복현동,경상사고,0,0,1,0,차대차 - 추돌,안전운전불이행,건조,맑음,교차로 - 교차로부근,승용,여,41세,상해없음,승용,여,54세,경상
2017060400100076,2017년 6월 4일 04시,일요일,대구광역시 남구 봉덕동,경상사고,0,0,1,1,차대차 - 측면충돌,신호위반,건조,맑음,교차로 - 교차로안,승용,남,24세,상해없음,승용,남,71세,경상
2017060400100077,2017년 6월 4일 04시,일요일,대구광역시 달서구 두류동,중상사고,0,2,0,0,차대차 - 측면충돌,신호위반,건조,맑음,교차로 - 교차로안,승용,남,28세,기타불명,승용,여,36세,중상
2017060400100087,2017년 6월 4일 05시,일요일,대구광역시 달서구 두류동,경상사고,0,0,2,0,차대차 - 정면충돌,중앙선침범,건조,맑음,단일로 - 기타,이륜,남,17세,경상,승용,남,43세,경상
2017060400100097,2017년 6월 4일 06시,일요일,대구광역시 북구 서변동,중상사고,0,1,0,0,차량단독 - 기타,안전운전불이행,건조,맑음,단일로 - 기타,승용,여,30세,중상,,,,
2017060400100116,2017년 6월 4일 07시,일요일,대구광역시 달서구 대천동,경상사고,0,0,1,0,차대차 - 측면충돌,교차로운행방법위반,건조,맑음,교차로 - 교차로안,승용,남,34세,상해없음,승용,남,75세,경상
2017060400100117,2017년 6월 4일 07시,일요일,대구광역시 서구 비산동,경상사고,0,0,1,0,차대차 - 후진중충돌,안전운전불이행,건조,맑음,단일로 - 기타,승용,남,55세,상해없음,화물,남,52세,기타불명
2017060400100127,2017년 6월 4일 08시,일요일,대구광역시 수성구 수성동2가,경상사고,0,0,1,0,차대차 - 정면충돌,안전운전불이행,건조,맑음,단일로 - 기타,승용,여,42세,상해없음,승용,남,65세,경상
2017060400100128,2017년 6월 4일 08시,일요일,대구광역시 수성구 파동,부상신고사고,0,0,0,1,차량단독 - 공작물충돌,안전운전불이행,건조,맑음,단일로 - 기타,승합,기타불명,미분류,기타불명,,,,
2017060400100129,2017년 6월 4일 08시,일요일,대구광역시 중구 동산동,경상사고,0,0,1,0,차대차 - 측면충돌,교차로운행방법위반,건조,맑음,교차로 - 교차로안,이륜,여,24세,경상,승용,여,55세,상해없음
2017060400100148,2017년 6월 4일 09시,일요일,대구광역시 달성군 논공읍,중상사고,0,1,1,0,차량단독 - 공작물충돌,안전운전불이행,건조,맑음,교차로 - 교차로안,승용,남,35세,경상,,,,
2017060400100249,2017년 6월 4일 13시,일요일,대구광역시 동구 봉무동,경상사고,0,0,4,0,차대차 - 측면충돌,직진우회전진행방해,건조,맑음,교차로 - 교차로안,승용,여,28세,상해없음,승용,남,41세,경상
2017060400100250,2017년 6월 4일 13시,일요일,대구광역시 달성군 현풍면,경상사고,0,0,1,0,차대차 - 기타,안전운전불이행,건조,맑음,교차로 - 교차로안,승용,남,60세,상해없음,원동기,남,43세,경상
2017060400100276,2017년 6월 4일 14시,일요일,대구광역시 중구 동산동,경상사고,0,0,1,0,차대차 - 측면충돌,안전거리미확보,건조,맑음,단일로 - 기타,승용,남,35세,상해없음,승용,여,45세,경상
2017060400100312,2017년 6월 4일 15시,일요일,대구광역시 동구 율하동,경상사고,0,0,1,0,차대차 - 측면충돌,신호위반,건조,맑음,교차로 - 교차로안,이륜,남,22세,경상,승용,여,48세,상해없음
2017060400100313,2017년 6월 4일 15시,일요일,대구광역시 수성구 황금동,중상사고,0,1,1,0,차대차 - 정면충돌,안전운전불이행,건조,맑음,단일로 - 기타,승용,남,41세,상해없음,승용,남,39세,중상
2017060400100367,2017년 6월 4일 17시,일요일,대구광역시 동구 신천동,중상사고,0,1,0,0,차대차 - 정면충돌,신호위반,건조,맑음,교차로 - 교차로안,승합,남,28세,상해없음,승용,남,57세,중상
2017060400100368,2017년 6월 4일 17시,일요일,대구광역시 달서구 본리동,경상사고,0,0,3,0,차대차 - 측면충돌,안전운전불이행,건조,맑음,단일로 - 기타,승용,여,58세,경상,승용,남,67세,경상
2017060400100402,2017년 6월 4일 18시,일요일,대구광역시 북구 노원동3가,중상사고,0,1,0,0,차대차 - 측면충돌,안전거리미확보,건조,맑음,단일로 - 터널,승용,남,58세,상해없음,승용,남,59세,중상
2017060400100447,2017년 6월 4일 20시,일요일,대구광역시 달성군 유가면,중상사고,0,1,0,0,차대사람 - 횡단중,안전운전불이행,건조,맑음,단일로 - 기타,승용,남,35세,상해없음,보행자,남,24세,중상
2017060400100448,2017년 6월 4일 20시,일요일,대구광역시 달서구 감삼동,경상사고,0,0,1,0,차대사람 - 횡단중,안전운전불이행,건조,맑음,단일로 - 기타,승용,남,59세,상해없음,보행자,남,52세,경상
2017060400100468,2017년 6월 4일 21시,일요일,대구광역시 서구 상리동,경상사고,0,0,1,0,차대차 - 추돌,안전운전불이행,건조,맑음,단일로 - 기타,승용,여,57세,상해없음,승용,여,32세,경상
2017060400100472,2017년 6월 4일 21시,일요일,대구광역시 남구 봉덕동,경상사고,0,0,2,0,차대차 - 측면충돌,신호위반,건조,맑음,교차로 - 교차로안,승용,여,50세,상해없음,승용,여,58세,경상
2017060400100473,2017년 6월 4일 21시,일요일,대구광역시 동구 신천동,중상사고,0,2,0,0,차대사람 - 횡단중,안전운전불이행,건조,맑음,단일로 - 기타,승용,남,61세,상해없음,보행자,남,64세,중상
2017060400100474,2017년 6월 4일 21시,일요일,대구광역시 북구 읍내동,경상사고,0,0,2,0,차대차 - 추돌,안전운전불이행,건조,맑음,단일로 - 기타,이륜,남,44세,경상,이륜,남,35세,경상
2017060400100493,2017년 6월 4일 22시,일요일,대구광역시 중구 봉산동,부상신고사고,0,0,0,1,차대차 - 추돌,안전운전불이행,건조,맑음,단일로 - 기타,승용,남,23세,상해없음,승용,남,28세,부상신고
2017060400100506,2017년 6월 4일 23시,일요일,대구광역시 수성구 대흥동,경상사고,0,0,2,0,차대차 - 측면충돌,안전운전불이행,건조,맑음,단일로 - 지하차도(도로)내,승용,남,39세,상해없음,화물,남,58세,경상
2017060400100507,2017년 6월 4일 23시,일요일,대구광역시 북구 칠성동2가,경상사고,0,0,1,0,차대차 - 측면충돌,신호위반,건조,맑음,교차로 - 교차로안,승용,남,32세,상해없음,승용,남,47세,경상
2017060500100028,2017년 6월 5일 00시,월요일,대구광역시 수성구 만촌동,중상사고,0,1,0,0,차대사람 - 횡단중,안전운전불이행,건조,맑음,단일로 - 기타,화물,남,43세,상해없음,보행자,여,54세,중상
2017060500100029,2017년 6월 5일 00시,월요일,대구광역시 달서구 장동,중상사고,0,1,0,0,차대차 - 추돌,안전운전불이행,건조,맑음,단일로 - 기타,승용,남,35세,상해없음,화물,남,74세,중상
2017060500100130,2017년 6월 5일 08시,월요일,대구광역시 달서구 대천동,중상사고,0,1,0,0,차대차 - 측면충돌,안전거리미확보,건조,맑음,단일로 - 기타,승용,여,27세,상해없음,이륜,여,68세,중상
2017060500100169,2017년 6월 5일 09시,월요일,대구광역시 동구 효목동,경상사고,0,0,2,1,차대차 - 추돌,안전운전불이행,건조,맑음,단일로 - 기타,승용,남,68세,상해없음,승용,남,27세,상해없음
2017060500100170,2017년 6월 5일 09시,월요일,대구광역시 서구 비산동,경상사고,0,0,1,0,차대사람 - 횡단중,안전운전불이행,건조,맑음,교차로 - 교차로안,이륜,남,77세,상해없음,보행자,여,77세,경상
2017060500100171,2017년 6월 5일 09시,월요일,대구광역시 중구 대신동,경상사고,0,0,1,0,차대차 - 측면충돌,안전운전불이행,건조,맑음,교차로 - 교차로안,화물,남,75세,상해없음,이륜,남,64세,경상
2017060500100201,2017년 6월 5일 10시,월요일,대구광역시 달서구 본동,경상사고,0,0,1,0,차대사람 - 횡단중,안전운전불이행,건조,맑음,교차로 - 교차로부근,승용,남,52세,상해없음,보행자,남,65세,경상
2017060500100202,2017년 6월 5일 10시,월요일,대구광역시 북구 복현동,경상사고,0,0,1,0,차대사람 - 횡단중,보행자보호의무위반,건조,맑음,교차로 - 교차로안,승용,남,51세,상해없음,보행자,여,48세,경상
2017060500100229,2017년 6월 5일 11시,월요일,대구광역시 달서구 송현동,중상사고,0,1,0,0,차대차 - 기타,안전거리미확보,건조,맑음,단일로 - 기타,승용,여,65세,상해없음,승용,여,59세,중상
2017060500100230,2017년 6월 5일 11시,월요일,대구광역시 달서구 본동,부상신고사고,0,0,0,1,차대차 - 기타,안전운전불이행,건조,맑음,단일로 - 기타,원동기,남,26세,부상신고,화물,남,56세,상해없음
2017060500100259,2017년 6월 5일 12시,월요일,대구광역시 수성구 중동,경상사고,0,0,1,0,차대차 - 정면충돌,안전운전불이행,건조,맑음,단일로 - 기타,승용,여,28세,상해없음,화물,남,34세,경상
2017060500100260,2017년 6월 5일 12시,월요일,대구광역시 북구 검단동,경상사고,0,0,1,0,차대사람 - 횡단중,안전운전불이행,건조,맑음,교차로 - 교차로안,승용,여,40세,상해없음,보행자,남,54세,경상
2017060500100284,2017년 6월 5일 13시,월요일,대구광역시 중구 태평로1가,경상사고,0,0,1,0,차대차 - 측면충돌,안전운전불이행,건조,맑음,단일로 - 기타,승용,남,59세,상해없음,승용,여,44세,경상
2017060500100285,2017년 6월 5일 13시,월요일,대구광역시 북구 국우동,경상사고,0,0,1,0,차대차 - 측면충돌,교차로운행방법위반,건조,맑음,교차로 - 교차로안,승용,남,36세,상해없음,자전거,남,82세,경상
2017060500100321,2017년 6월 5일 14시,월요일,대구광역시 남구 대명동,경상사고,0,0,1,0,차대사람 - 횡단중,안전운전불이행,건조,맑음,단일로 - 기타,화물,남,35세,상해없음,보행자,여,76세,경상
2017060500100322,2017년 6월 5일 14시,월요일,대구광역시 북구 읍내동,경상사고,0,0,1,0,차대차 - 기타,안전운전불이행,건조,맑음,단일로 - 기타,승용,여,57세,상해없음,승용,남,26세,경상
2017060500100346,2017년 6월 5일 15시,월요일,대구광역시 수성구 신매동,중상사고,0,1,0,0,차대사람 - 횡단중,보행자보호의무위반,건조,맑음,단일로 - 기타,승용,여,40세,상해없음,보행자,여,8세,중상
2017060500100347,2017년 6월 5일 15시,월요일,대구광역시 달성군 화원읍,경상사고,0,0,3,0,차대차 - 기타,안전거리미확보,건조,맑음,단일로 - 기타,승용,남,69세,상해없음,승용,여,37세,경상
2017060500100399,2017년 6월 5일 16시,월요일,대구광역시 남구 봉덕동,경상사고,0,0,2,0,차대차 - 측면충돌,안전거리미확보,건조,맑음,단일로 - 기타,승용,여,53세,상해없음,승용,여,50세,경상
2017060500100400,2017년 6월 5일 16시,월요일,대구광역시 달성군 옥포면,중상사고,0,1,0,0,차대차 - 측면충돌,기타,건조,맑음,교차로 - 교차로안,자전거,여,64세,중상,화물,남,60세,상해없음
2017060500100401,2017년 6월 5일 16시,월요일,대구광역시 달성군 현풍면,경상사고,0,0,1,0,차대차 - 측면충돌,안전운전불이행,건조,맑음,교차로 - 교차로횡단보도내,승용,여,38세,상해없음,자전거,남,17세,경상
2017060500100402,2017년 6월 5일 16시,월요일,대구광역시 달서구 성당동,경상사고,0,0,3,0,차대차 - 추돌,안전운전불이행,건조,맑음,단일로 - 기타,승용,여,30세,상해없음,승용,여,49세,경상
2017060500100486,2017년 6월 5일 18시,월요일,대구광역시 동구 신암동,중상사고,0,1,0,0,차대사람 - 횡단중,안전운전불이행,건조,맑음,단일로 - 기타,승용,여,41세,상해없음,보행자,남,6세,중상
2017060500100487,2017년 6월 5일 18시,월요일,대구광역시 수성구 중동,경상사고,0,0,1,0,차대차 - 측면충돌,안전운전불이행,건조,맑음,교차로 - 교차로부근,승용,여,39세,상해없음,승합,남,69세,경상
2017060500100488,2017년 6월 5일 18시,월요일,대구광역시 서구 평리동,경상사고,0,0,1,0,차대사람 - 횡단중,보행자보호의무위반,건조,맑음,교차로 - 교차로횡단보도내,승용,남,40세,상해없음,보행자,여,7세,경상
2017060500100489,2017년 6월 5일 18시,월요일,대구광역시 중구 계산동2가,경상사고,0,0,3,0,차대차 - 측면충돌,안전거리미확보,건조,맑음,단일로 - 기타,승용,남,55세,상해없음,승용,남,45세,경상
2017060500100522,2017년 6월 5일 19시,월요일,대구광역시 서구 비산동,경상사고,0,0,1,0,차대차 - 측면충돌,기타,건조,맑음,교차로 - 교차로부근,승용,남,61세,상해없음,이륜,남,39세,경상
2017060500100523,2017년 6월 5일 19시,월요일,대구광역시 달서구 파호동,경상사고,0,0,2,0,차대차 - 측면충돌,안전운전불이행,건조,맑음,단일로 - 기타,승용,여,51세,상해없음,이륜,남,18세,경상
2017060500100524,2017년 6월 5일 19시,월요일,대구광역시 달서구 감삼동,경상사고,0,0,1,0,차대차 - 추돌,안전운전불이행,건조,맑음,교차로 - 교차로부근,화물,남,52세,상해없음,원동기,남,20세,경상
2017060500100565,2017년 6월 5일 20시,월요일,대구광역시 동구 입석동,경상사고,0,0,1,0,차대차 - 측면충돌,안전운전불이행,건조,맑음,교차로 - 교차로부근,승용,남,56세,상해없음,이륜,남,41세,경상
2017060500100566,2017년 6월 5일 20시,월요일,대구광역시 달서구 상인동,경상사고,0,0,1,0,차대차 - 측면충돌,안전거리미확보,건조,맑음,단일로 - 기타,승용,남,26세,상해없음,이륜,남,17세,경상
2017060500100567,2017년 6월 5일 20시,월요일,대구광역시 북구 산격동,중상사고,0,1,0,0,차대차 - 측면충돌,안전운전불이행,건조,맑음,단일로 - 기타,승용,남,32세,상해없음,이륜,남,35세,중상
2017060500100596,2017년 6월 5일 21시,월요일,대구광역시 수성구 수성동4가,경상사고,0,0,5,0,차대차 - 측면충돌,안전운전불이행,건조,맑음,교차로 - 교차로부근,승용,남,33세,상해없음,승용,남,48세,상해없음
2017060500100620,2017년 6월 5일 22시,월요일,대구광역시 달서구 상인동,경상사고,0,0,1,0,차대사람 - 기타,안전운전불이행,건조,맑음,단일로 - 기타,승용,남,19세,상해없음,보행자,남,25세,경상
2017060500100621,2017년 6월 5일 22시,월요일,대구광역시 중구 대봉동,경상사고,0,0,1,0,차대차 - 추돌,교차로운행방법위반,건조,맑음,교차로 - 교차로안,승용,남,30세,상해없음,승용,남,69세,경상
2017060500100656,2017년 6월 5일 23시,월요일,대구광역시 남구 대명동,중상사고,0,1,0,0,차대차 - 측면충돌,신호위반,건조,맑음,교차로 - 교차로안,이륜,남,30세,중상,승용,남,36세,상해없음
2017060600100040,2017년 6월 6일 01시,화요일,대구광역시 북구 태전동,경상사고,0,0,1,0,차대차 - 측면충돌,안전운전불이행,건조,맑음,단일로 - 기타,승용,여,63세,상해없음,승용,남,31세,경상
2017060600100077,2017년 6월 6일 05시,화요일,대구광역시 남구 대명동,중상사고,0,1,3,0,차대차 - 추돌,차로위반,건조,맑음,단일로 - 기타,승용,남,27세,경상,승용,남,62세,중상
2017060600100078,2017년 6월 6일 05시,화요일,대구광역시 수성구 만촌동,부상신고사고,0,0,0,1,차대차 - 정면충돌,차로위반,건조,맑음,단일로 - 기타,이륜,남,15세,부상신고,승용,남,29세,상해없음
2017060600100079,2017년 6월 6일 05시,화요일,대구광역시 북구 산격동,경상사고,0,0,1,0,차대사람 - 보도통행중,기타,건조,맑음,단일로 - 기타,화물,남,58세,상해없음,보행자,여,56세,경상
2017060600100157,2017년 6월 6일 10시,화요일,대구광역시 남구 봉덕동,경상사고,0,0,3,0,차대차 - 추돌,안전거리미확보,건조,맑음,교차로 - 교차로안,승용,여,47세,상해없음,승용,여,45세,경상
2017060600100158,2017년 6월 6일 10시,화요일,대구광역시 북구 금호동,경상사고,0,0,2,0,차대차 - 측면충돌,안전운전불이행,건조,맑음,교차로 - 교차로부근,화물,남,62세,상해없음,승용,남,65세,경상
2017060600100175,2017년 6월 6일 11시,화요일,대구광역시 서구 평리동,중상사고,0,1,0,0,차대차 - 측면충돌,교차로운행방법위반,건조,흐림,교차로 - 교차로안,승용,남,58세,상해없음,원동기,남,51세,중상
2017060600100202,2017년 6월 6일 12시,화요일,대구광역시 동구 용계동,중상사고,0,1,1,0,차대차 - 측면충돌,안전운전불이행,건조,맑음,교차로 - 교차로안,자전거,남,74세,중상,승용,남,38세,상해없음
2017060600100231,2017년 6월 6일 13시,화요일,대구광역시 달성군 화원읍,중상사고,0,1,0,0,차대차 - 정면충돌,안전운전불이행,건조,맑음,단일로 - 기타,승용,남,47세,상해없음,이륜,남,65세,중상
2017060600100258,2017년 6월 6일 14시,화요일,대구광역시 달서구 용산동,경상사고,0,0,3,0,차대차 - 추돌,안전운전불이행,건조,맑음,교차로 - 교차로부근,승합,남,48세,상해없음,승용,남,41세,경상
2017060600100298,2017년 6월 6일 15시,화요일,대구광역시 북구 침산동,경상사고,0,0,2,0,차대차 - 측면충돌,중앙선침범,젖음/습기,비,단일로 - 기타,화물,남,54세,상해없음,화물,여,54세,경상
2017060600100320,2017년 6월 6일 16시,화요일,대구광역시 서구 내당동,중상사고,0,1,0,0,차대차 - 측면충돌,교차로운행방법위반,젖음/습기,비,교차로 - 교차로안,승용,남,68세,상해없음,이륜,남,38세,중상
2017060600100355,2017년 6월 6일 17시,화요일,대구광역시 달성군 다사읍,경상사고,0,0,1,0,차대차 - 기타,안전운전불이행,젖음/습기,비,단일로 - 기타,승용,여,32세,상해없음,원동기,여,21세,경상
2017060600100356,2017년 6월 6일 17시,화요일,대구광역시 달서구 신당동,부상신고사고,0,0,0,1,차대차 - 측면충돌,기타,젖음/습기,비,교차로 - 교차로안,화물,남,30세,상해없음,이륜,남,20세,부상신고
2017060600100385,2017년 6월 6일 18시,화요일,대구광역시 달서구 본동,경상사고,0,0,1,0,차대차 - 측면충돌,신호위반,건조,맑음,교차로 - 교차로안,승용,남,33세,상해없음,승용,여,28세,경상
2017060600100386,2017년 6월 6일 18시,화요일,대구광역시 달성군 다사읍,중상사고,0,1,0,0,차대차 - 기타,안전운전불이행,젖음/습기,비,단일로 - 기타,승용,남,63세,상해없음,원동기,남,44세,중상
2017060600100387,2017년 6월 6일 18시,화요일,대구광역시 북구 태전동,경상사고,0,0,1,0,차대차 - 측면충돌,안전운전불이행,젖음/습기,흐림,기타 - 기타,승용,남,44세,상해없음,이륜,남,23세,경상
2017060600100418,2017년 6월 6일 19시,화요일,대구광역시 중구 대봉동,경상사고,0,0,1,0,차대차 - 기타,안전거리미확보,젖음/습기,비,단일로 - 기타,승용,남,26세,상해없음,이륜,남,28세,경상
2017060600100419,2017년 6월 6일 19시,화요일,대구광역시 북구 서변동,중상사고,0,1,0,0,차량단독 - 기타,안전운전불이행,젖음/습기,비,단일로 - 기타,승용,남,65세,상해없음,,,,
2017060600100454,2017년 6월 6일 20시,화요일,대구광역시 달서구 상인동,중상사고,0,1,1,0,차대차 - 추돌,차로위반,젖음/습기,비,단일로 - 기타,승용,남,26세,상해없음,이륜,남,69세,중상
2017060600100455,2017년 6월 6일 20시,화요일,대구광역시 북구 서변동,경상사고,0,0,1,0,차대차 - 측면충돌,안전거리미확보,건조,맑음,단일로 - 기타,승용,남,58세,상해없음,승용,남,40세,경상
2017060600100490,2017년 6월 6일 21시,화요일,대구광역시 동구 봉무동,경상사고,0,0,3,0,차대차 - 추돌,안전운전불이행,젖음/습기,흐림,교차로 - 교차로부근,특수,남,31세,상해없음,승용,여,60세,경상
2017060600100491,2017년 6월 6일 21시,화요일,대구광역시 동구 신암동,경상사고,0,0,1,0,차대차 - 추돌,안전운전불이행,젖음/습기,비,단일로 - 기타,승용,남,48세,상해없음,승용,여,33세,경상
2017060600100492,2017년 6월 6일 21시,화요일,대구광역시 달서구 본동,중상사고,0,2,2,0,차대차 - 추돌,안전운전불이행,젖음/습기,비,교차로 - 교차로부근,화물,남,52세,상해없음,승용,남,27세,중상
2017060600100529,2017년 6월 6일 22시,화요일,대구광역시 동구 방촌동,경상사고,0,0,1,0,차대차 - 기타,안전운전불이행,젖음/습기,맑음,단일로 - 기타,승용,여,54세,상해없음,원동기,여,48세,경상
2017060600100530,2017년 6월 6일 22시,화요일,대구광역시 수성구 황금동,경상사고,0,0,1,0,차대차 - 측면충돌,안전운전불이행,건조,맑음,교차로 - 교차로안,승용,남,26세,상해없음,승용,여,28세,경상
2017060600100557,2017년 6월 6일 23시,화요일,대구광역시 수성구 만촌동,경상사고,0,0,1,1,차대차 - 측면충돌,안전운전불이행,건조,맑음,교차로 - 교차로부근,승용,여,65세,부상신고,승용,남,27세,경상
2017060600100558,2017년 6월 6일 23시,화요일,대구광역시 북구 구암동,중상사고,0,1,0,0,차대사람 - 횡단중,안전운전불이행,건조,맑음,교차로 - 교차로횡단보도내,승용,여,41세,상해없음,보행자,남,47세,중상
2017060700100026,2017년 6월 7일 00시,수요일,대구광역시 동구 효목동,부상신고사고,0,0,0,2,차대차 - 추돌,안전운전불이행,건조,맑음,교차로 - 교차로부근,승용,남,46세,상해없음,승용,남,56세,상해없음
2017060700100042,2017년 6월 7일 01시,수요일,대구광역시 달서구 죽전동,경상사고,0,0,1,0,차대차 - 추돌,안전운전불이행,건조,맑음,단일로 - 기타,기타불명,기타불명,미분류,기타불명,승용,남,61세,경상
2017060700100068,2017년 6월 7일 03시,수요일,대구광역시 서구 비산동,부상신고사고,0,0,0,1,차량단독 - 전도전복 - 전도,안전운전불이행,건조,맑음,교차로 - 교차로부근,이륜,남,17세,상해없음,,,,
2017060700100069,2017년 6월 7일 03시,수요일,대구광역시 북구 태전동,경상사고,0,0,2,0,차대차 - 추돌,안전거리미확보,건조,맑음,단일로 - 기타,승용,남,63세,상해없음,승용,남,36세,경상
2017060700100081,2017년 6월 7일 04시,수요일,대구광역시 수성구 파동,중상사고,0,1,1,1,차량단독 - 전도전복 - 전도,안전운전불이행,젖음/습기,비,교차로 - 교차로부근,승용,남,56세,상해없음,,,,
2017060700100122,2017년 6월 7일 07시,수요일,대구광역시 북구 구암동,경상사고,0,0,2,0,차대차 - 추돌,안전운전불이행,건조,맑음,단일로 - 기타,승용,여,44세,경상,승용,남,37세,경상
2017060700100151,2017년 6월 7일 08시,수요일,대구광역시 동구 신평동,중상사고,0,1,0,0,차대사람 - 횡단중,안전운전불이행,건조,맑음,기타 - 기타,승용,남,55세,상해없음,보행자,여,76세,중상
2017060700100183,2017년 6월 7일 09시,수요일,대구광역시 동구 평광동,경상사고,0,0,1,0,차대차 - 정면충돌,안전운전불이행,건조,맑음,단일로 - 기타,승용,여,58세,상해없음,승용,여,48세,경상
2017060700100184,2017년 6월 7일 09시,수요일,대구광역시 달서구 대천동,경상사고,0,0,2,0,차대차 - 측면충돌,안전운전불이행,건조,맑음,교차로 - 교차로안,승용,여,49세,경상,화물,남,41세,경상
2017060700100185,2017년 6월 7일 09시,수요일,대구광역시 북구 관음동,경상사고,0,0,1,0,차대차 - 측면충돌,직진우회전진행방해,건조,맑음,교차로 - 교차로안,이륜,남,23세,경상,승용,여,47세,상해없음
2017060700100206,2017년 6월 7일 10시,수요일,대구광역시 동구 봉무동,경상사고,0,0,2,0,차대차 - 측면충돌,안전거리미확보,건조,맑음,단일로 - 기타,승용,여,61세,상해없음,승용,남,68세,경상
2017060700100207,2017년 6월 7일 10시,수요일,대구광역시 달서구 이곡동,경상사고,0,0,1,0,차대차 - 추돌,신호위반,건조,맑음,교차로 - 교차로안,이륜,여,34세,상해없음,승용,남,29세,경상
2017060700100273,2017년 6월 7일 12시,수요일,대구광역시 수성구 신매동,경상사고,0,0,1,1,차대차 - 측면충돌,신호위반,건조,맑음,교차로 - 교차로안,이륜,남,35세,부상신고,승용,여,63세,경상
2017060700100274,2017년 6월 7일 12시,수요일,대구광역시 중구 동인동1가,경상사고,0,0,1,0,차대차 - 기타,안전운전불이행,건조,맑음,단일로 - 기타,승용,여,45세,상해없음,이륜,남,18세,경상
2017060700100300,2017년 6월 7일 13시,수요일,대구광역시 달서구 송현동,경상사고,0,0,1,0,차대차 - 측면충돌,안전거리미확보,건조,맑음,단일로 - 기타,승용,여,41세,상해없음,승용,남,56세,경상
2017060700100328,2017년 6월 7일 14시,수요일,대구광역시 수성구 대흥동,중상사고,0,1,0,0,차대차 - 기타,안전운전불이행,건조,맑음,교차로 - 교차로부근,농기계,남,69세,중상,승용,남,40세,상해없음
2017060700100329,2017년 6월 7일 14시,수요일,대구광역시 중구 덕산동,부상신고사고,0,0,0,1,차대차 - 기타,안전거리미확보,건조,맑음,단일로 - 기타,이륜,남,22세,부상신고,승용,남,66세,상해없음
2017060700100330,2017년 6월 7일 14시,수요일,대구광역시 북구 구암동,부상신고사고,0,0,0,1,차대차 - 측면충돌,교차로운행방법위반,건조,맑음,교차로 - 교차로안,원동기,남,21세,부상신고,승용,여,35세,상해없음
2017060700100331,2017년 6월 7일 14시,수요일,대구광역시 북구 동천동,경상사고,0,0,1,0,차대차 - 측면충돌,신호위반,건조,맑음,교차로 - 교차로안,자전거,남,73세,경상,승용,여,43세,상해없음
2017060700100365,2017년 6월 7일 15시,수요일,대구광역시 달서구 대천동,경상사고,0,0,1,0,차대차 - 측면충돌,교차로운행방법위반,건조,맑음,교차로 - 교차로부근,화물,남,43세,상해없음,이륜,남,28세,경상