사고번호,사고일시,요일,시군구,사고내용,사망자수,중상자수,경상자수,부상신고자수,사고유형,법규위반,노면상태,기상상태,도로형태,가해운전자 차종,가해운전자 성별,가해운전자 연령,가해운전자 상해정도,피해운전자 차종,피해운전자 성별,피해운전자 연령,피해운전자 상해정도
2017060700100366,2017년 6월 7일 15시,수요일,대구광역시 달서구 이곡동,경상사고,0,0,2,0,차대차 - 측면충돌,안전운전불이행,건조,맑음,교차로 - 교차로안,승용,남,36세,경상,승용,여,31세,경상
2017060700100393,2017년 6월 7일 16시,수요일,대구광역시 수성구 범어동,중상사고,0,2,2,0,차대차 - 추돌,안전운전불이행,건조,맑음,교차로 - 교차로부근,승용,남,30세,상해없음,승용,남,43세,중상
2017060700100456,2017년 6월 7일 18시,수요일,대구광역시 동구 지저동,경상사고,0,0,1,0,차대차 - 정면충돌,안전운전불이행,건조,맑음,단일로 - 기타,이륜,기타불명,미분류,기타불명,승용,여,35세,경상
2017060700100457,2017년 6월 7일 18시,수요일,대구광역시 달서구 죽전동,부상신고사고,0,0,0,1,차대사람 - 횡단중,안전운전불이행,건조,맑음,단일로 - 기타,승용,남,69세,상해없음,보행자,여,32세,부상신고
2017060700100458,2017년 6월 7일 18시,수요일,대구광역시 북구 구암동,경상사고,0,0,1,0,차대차 - 측면충돌,교차로운행방법위반,건조,맑음,교차로 - 교차로안,화물,남,48세,상해없음,이륜,남,19세,경상
2017060700100487,2017년 6월 7일 19시,수요일,대구광역시 동구 신천동,경상사고,0,0,1,0,차대차 - 측면충돌,신호위반,건조,맑음,교차로 - 교차로부근,화물,남,28세,상해없음,승용,여,47세,경상
2017060700100507,2017년 6월 7일 20시,수요일,대구광역시 동구 용계동,경상사고,0,0,2,0,차대차 - 측면충돌,안전운전불이행,건조,맑음,단일로 - 기타,이륜,남,40세,상해없음,승용,남,27세,경상
2017060700100508,2017년 6월 7일 20시,수요일,대구광역시 북구 구암동,경상사고,0,0,2,0,차대차 - 측면충돌,안전운전불이행,건조,맑음,교차로 - 교차로안,승용,여,41세,상해없음,승용,남,60세,경상
2017060700100580,2017년 6월 7일 23시,수요일,대구광역시 남구 대명동,부상신고사고,0,0,0,1,차대차 - 측면충돌,안전운전불이행,건조,맑음,단일로 - 기타,승용,남,54세,상해없음,승용,남,31세,부상신고
2017060700100581,2017년 6월 7일 23시,수요일,대구광역시 동구 신서동,사망사고,1,1,0,0,차대차 - 측면충돌,안전운전불이행,건조,맑음,단일로 - 기타,승용,남,30세,상해없음,이륜,남,16세,중상
2017060800100032,2017년 6월 8일 00시,목요일,대구광역시 남구 대명동,중상사고,0,1,0,0,차량단독 - 전도전복,안전운전불이행,건조,맑음,단일로 - 기타,승용,남,43세,중상,미분류,미분류,미분류,미분류
2017060800100033,2017년 6월 8일 00시,목요일,대구광역시 수성구 시지동,경상사고,0,0,1,0,차대차 - 정면충돌,안전운전불이행,건조,맑음,교차로 - 교차로부근,승용,남,24세,상해없음,승용,남,21세,기타불명
2017060800100079,2017년 6월 8일 05시,목요일,대구광역시 북구 학정동,부상신고사고,0,0,0,1,차대차 - 측면충돌,안전운전불이행,건조,맑음,단일로 - 기타,승용,남,44세,부상신고,화물,남,56세,상해없음
2017060800100092,2017년 6월 8일 06시,목요일,대구광역시 수성구 시지동,경상사고,0,0,2,0,차대차 - 정면충돌,중앙선침범,건조,맑음,교차로 - 교차로부근,승용,남,31세,상해없음,승용,남,52세,경상
2017060800100104,2017년 6월 8일 07시,목요일,대구광역시 달성군 논공읍,중상사고,0,2,0,0,차대차 - 정면충돌,중앙선침범,건조,맑음,단일로 - 기타,승용,남,60세,기타불명,승용,남,64세,중상
2017060800100105,2017년 6월 8일 07시,목요일,대구광역시 북구 태전동,경상사고,0,0,1,0,차대차 - 측면충돌,안전운전불이행,건조,맑음,단일로 - 기타,승용,남,27세,상해없음,승용,남,34세,경상
2017060800100129,2017년 6월 8일 08시,목요일,대구광역시 남구 대명동,중상사고,0,1,0,0,차대사람 - 횡단중,안전운전불이행,건조,맑음,단일로 - 기타,승용,남,68세,상해없음,보행자,남,46세,중상
2017060800100130,2017년 6월 8일 08시,목요일,대구광역시 동구 방촌동,경상사고,0,0,1,0,차대차 - 측면충돌,안전운전불이행,건조,맑음,기타 - 기타,승용,여,45세,상해없음,승합,남,56세,상해없음
2017060800100131,2017년 6월 8일 08시,목요일,대구광역시 북구 침산동,부상신고사고,0,0,0,1,차대차 - 기타,안전운전불이행,건조,맑음,단일로 - 기타,기타불명,기타불명,미분류,기타불명,이륜,여,45세,부상신고
2017060800100132,2017년 6월 8일 08시,목요일,대구광역시 서구 평리동,경상사고,0,0,1,0,차대사람 - 횡단중,보행자보호의무위반,건조,맑음,교차로 - 교차로횡단보도내,승용,여,70세,상해없음,보행자,여,7세,경상
2017060800100133,2017년 6월 8일 08시,목요일,대구광역시 북구 국우동,경상사고,0,0,3,0,차대차 - 추돌,안전운전불이행,건조,맑음,교차로 - 교차로부근,승용,남,26세,경상,승용,남,40세,상해없음
2017060800100164,2017년 6월 8일 09시,목요일,대구광역시 남구 대명동,경상사고,0,0,1,0,차대사람 - 길가장자리구역통행중,안전운전불이행,건조,맑음,단일로 - 기타,승용,남,54세,상해없음,보행자,남,27세,경상
2017060800100165,2017년 6월 8일 09시,목요일,대구광역시 동구 봉무동,경상사고,0,0,1,0,차대차 - 측면충돌,안전거리미확보,건조,맑음,교차로 - 교차로부근,화물,남,61세,상해없음,승용,여,27세,경상
2017060800100166,2017년 6월 8일 09시,목요일,대구광역시 수성구 범어동,경상사고,0,0,2,0,차대사람 - 횡단중,신호위반,건조,맑음,단일로 - 기타,이륜,남,75세,경상,보행자,여,67세,경상
2017060800100191,2017년 6월 8일 10시,목요일,대구광역시 수성구 범물동,경상사고,0,0,3,1,차대차 - 추돌,신호위반,건조,맑음,교차로 - 교차로안,승용,남,63세,상해없음,승용,남,35세,경상
2017060800100218,2017년 6월 8일 11시,목요일,대구광역시 수성구 수성동4가,경상사고,0,0,1,0,차대사람 - 보도통행중,기타,건조,맑음,교차로 - 교차로부근,특수,남,29세,상해없음,보행자,여,55세,경상
2017060800100219,2017년 6월 8일 11시,목요일,대구광역시 수성구 수성동3가,경상사고,0,0,3,0,차대차 - 측면충돌,교차로운행방법위반,건조,맑음,교차로 - 교차로안,승용,남,20세,경상,승용,남,25세,경상
2017060800100220,2017년 6월 8일 11시,목요일,대구광역시 달서구 용산동,경상사고,0,0,1,0,차대차 - 기타,안전거리미확보,건조,맑음,단일로 - 기타,승용,여,57세,상해없음,승합,남,56세,상해없음
2017060800100246,2017년 6월 8일 12시,목요일,대구광역시 동구 지저동,중상사고,0,2,0,0,차대차 - 정면충돌,안전거리미확보,건조,맑음,단일로 - 기타,화물,남,57세,상해없음,화물,남,64세,중상
2017060800100247,2017년 6월 8일 12시,목요일,대구광역시 수성구 지산동,부상신고사고,0,0,0,1,차대차 - 정면충돌,안전운전불이행,건조,맑음,교차로 - 교차로안,이륜,남,46세,부상신고,승용,여,61세,상해없음
2017060800100248,2017년 6월 8일 12시,목요일,대구광역시 수성구 지산동,경상사고,0,0,1,0,차대사람 - 횡단중,안전운전불이행,건조,맑음,단일로 - 기타,승용,남,46세,상해없음,보행자,여,18세,경상
2017060800100249,2017년 6월 8일 12시,목요일,대구광역시 중구 덕산동,경상사고,0,0,1,0,차대차 - 측면충돌,안전거리미확보,건조,맑음,단일로 - 기타,승용,여,35세,상해없음,승용,여,40세,경상
2017060800100279,2017년 6월 8일 13시,목요일,대구광역시 수성구 수성동1가,경상사고,0,0,1,0,차대차 - 정면충돌,안전운전불이행,건조,맑음,단일로 - 기타,승용,여,62세,상해없음,승용,남,69세,경상
2017060800100336,2017년 6월 8일 15시,목요일,대구광역시 동구 신암동,중상사고,0,1,0,0,차대차 - 기타,안전운전불이행,건조,맑음,단일로 - 기타,승용,남,69세,상해없음,자전거,남,57세,중상
2017060800100337,2017년 6월 8일 15시,목요일,대구광역시 달서구 대곡동,경상사고,0,0,1,0,차대차 - 측면충돌,안전거리미확보,건조,맑음,교차로 - 교차로부근,원동기,남,83세,경상,화물,남,71세,상해없음
2017060800100373,2017년 6월 8일 16시,목요일,대구광역시 달서구 진천동,경상사고,0,0,1,0,차대차 - 측면충돌,교차로운행방법위반,건조,맑음,교차로 - 교차로안,승용,남,66세,상해없음,승용,여,35세,경상
2017060800100374,2017년 6월 8일 16시,목요일,대구광역시 달서구 성당동,중상사고,0,1,0,0,차대차 - 측면충돌,안전운전불이행,건조,맑음,단일로 - 기타,승용,남,57세,상해없음,이륜,남,69세,중상
2017060800100417,2017년 6월 8일 17시,목요일,대구광역시 남구 대명동,부상신고사고,0,0,0,1,차대차 - 측면충돌,안전운전불이행,건조,맑음,단일로 - 기타,자전거,남,69세,부상신고,승용,여,47세,기타불명
2017060800100418,2017년 6월 8일 17시,목요일,대구광역시 달서구 도원동,경상사고,0,0,2,0,차대차 - 측면충돌,안전운전불이행,건조,맑음,교차로 - 교차로안,승용,여,51세,상해없음,승용,남,72세,경상
2017060800100419,2017년 6월 8일 17시,목요일,대구광역시 달성군 현풍면,중상사고,0,1,2,0,차대차 - 정면충돌,신호위반,건조,맑음,교차로 - 교차로안,승용,남,75세,상해없음,승용,남,47세,중상
2017060800100420,2017년 6월 8일 17시,목요일,대구광역시 달서구 호산동,중상사고,0,1,1,0,차대차 - 측면충돌,교차로운행방법위반,건조,맑음,교차로 - 교차로안,승용,남,56세,중상,화물,남,43세,상해없음
2017060800100460,2017년 6월 8일 18시,목요일,대구광역시 달서구 대곡동,경상사고,0,0,2,0,차대차 - 기타,안전거리미확보,건조,맑음,교차로 - 교차로부근,원동기,남,17세,경상,승용,남,53세,경상
2017060800100461,2017년 6월 8일 18시,목요일,대구광역시 서구 이현동,경상사고,0,0,1,0,차대차 - 측면충돌,안전거리미확보,건조,맑음,단일로 - 기타,화물,남,53세,상해없음,승용,여,57세,경상
2017060800100462,2017년 6월 8일 18시,목요일,대구광역시 달서구 두류동,중상사고,0,1,0,0,차대차 - 측면충돌,교차로운행방법위반,건조,맑음,교차로 - 교차로안,승용,남,70세,상해없음,원동기,남,69세,중상
2017060800100492,2017년 6월 8일 19시,목요일,대구광역시 수성구 수성동1가,경상사고,0,0,1,0,차대사람 - 횡단중,안전운전불이행,건조,맑음,단일로 - 기타,승용,남,66세,상해없음,보행자,여,13세,경상
2017060800100493,2017년 6월 8일 19시,목요일,대구광역시 북구 침산동,중상사고,0,1,0,0,차대사람 - 횡단중,보행자보호의무위반,건조,맑음,교차로 - 교차로횡단보도내,승용,남,26세,상해없음,보행자,남,62세,중상
2017060800100517,2017년 6월 8일 20시,목요일,대구광역시 남구 대명동,경상사고,0,0,1,0,차대사람 - 횡단중,안전운전불이행,건조,맑음,단일로 - 기타,승용,남,32세,상해없음,보행자,여,23세,경상
2017060800100518,2017년 6월 8일 20시,목요일,대구광역시 동구 율하동,경상사고,0,0,1,0,차대차 - 추돌,안전운전불이행,건조,맑음,교차로 - 교차로부근,기타불명,기타불명,미분류,기타불명,화물,여,58세,경상
2017060800100519,2017년 6월 8일 20시,목요일,대구광역시 달성군 다사읍,경상사고,0,0,1,0,차대차 - 정면충돌,신호위반,건조,맑음,교차로 - 교차로안,화물,남,28세,상해없음,이륜,남,18세,경상
2017060800100538,2017년 6월 8일 21시,목요일,대구광역시 남구 대명동,경상사고,0,0,1,0,차대차 - 측면충돌,안전거리미확보,건조,맑음,단일로 - 기타,승용,여,55세,상해없음,이륜,남,19세,상해없음
2017060800100539,2017년 6월 8일 21시,목요일,대구광역시 달서구 신당동,경상사고,0,0,1,0,차대차 - 측면충돌,안전운전불이행,건조,맑음,단일로 - 기타,승용,남,25세,상해없음,이륜,남,31세,경상
2017060800100561,2017년 6월 8일 22시,목요일,대구광역시 수성구 지산동,경상사고,0,0,1,0,차대차 - 추돌,안전거리미확보,건조,맑음,교차로 - 교차로부근,승용,남,22세,상해없음,승용,여,44세,경상
2017060800100562,2017년 6월 8일 22시,목요일,대구광역시 서구 평리동,경상사고,0,0,2,0,차대차 - 측면충돌,신호위반,건조,맑음,교차로 - 교차로부근,이륜,남,17세,경상,승합,남,54세,상해없음
2017060800100563,2017년 6월 8일 22시,목요일,대구광역시 중구 삼덕동3가,경상사고,0,0,2,0,차대차 - 추돌,안전거리미확보,건조,맑음,교차로 - 교차로안,승용,남,31세,상해없음,승용,남,56세,경상
2017060900100031,2017년 6월 9일 00시,금요일,대구광역시 북구 동천동,부상신고사고,0,0,0,1,차대차 - 측면충돌,안전운전불이행,건조,맑음,교차로 - 교차로부근,이륜,남,16세,부상신고,승용,남,41세,상해없음
2017060900100043,2017년 6월 9일 01시,금요일,대구광역시 달성군 논공읍,중상사고,0,1,1,0,차대차 - 측면충돌,안전운전불이행,건조,맑음,단일로 - 기타,승용,남,37세,상해없음,승용,남,25세,중상
2017060900100066,2017년 6월 9일 05시,금요일,대구광역시 동구 신암동,중상사고,0,1,1,0,차대차 - 추돌,안전운전불이행,건조,맑음,단일로 - 기타,이륜,남,27세,중상,승용,남,59세,경상
2017060900100102,2017년 6월 9일 07시,금요일,대구광역시 수성구 욱수동,경상사고,0,0,1,0,차대사람 - 횡단중,보행자보호의무위반,건조,맑음,단일로 - 기타,화물,남,31세,기타불명,보행자,남,16세,경상
2017060900100103,2017년 6월 9일 07시,금요일,대구광역시 북구 칠성동1가,경상사고,0,0,1,0,차대차 - 추돌,안전운전불이행,건조,맑음,단일로 - 기타,승용,남,32세,상해없음,승용,남,47세,경상
2017060900100141,2017년 6월 9일 08시,금요일,대구광역시 동구 입석동,경상사고,0,0,1,0,차대차 - 측면충돌,안전운전불이행,건조,맑음,교차로 - 교차로안,승용,여,28세,경상,승용,남,56세,기타불명
2017060900100142,2017년 6월 9일 08시,금요일,대구광역시 수성구 지산동,경상사고,0,0,1,0,차대차 - 추돌,안전운전불이행,건조,맑음,교차로 - 교차로부근,이륜,여,51세,경상,승용,남,42세,상해없음
2017060900100143,2017년 6월 9일 08시,금요일,대구광역시 달성군 구지면,중상사고,0,1,0,0,차대차 - 측면충돌,안전운전불이행,건조,맑음,교차로 - 교차로안,원동기,여,65세,중상,승용,남,32세,상해없음
2017060900100144,2017년 6월 9일 08시,금요일,대구광역시 북구 노원동2가,경상사고,0,0,1,0,차대차 - 측면충돌,안전운전불이행,건조,맑음,단일로 - 기타,화물,남,62세,상해없음,자전거,남,74세,경상
2017060900100145,2017년 6월 9일 08시,금요일,대구광역시 북구 국우동,중상사고,0,1,0,0,차대사람 - 횡단중,보행자보호의무위반,건조,맑음,교차로 - 교차로횡단보도내,승용,여,44세,상해없음,보행자,여,78세,중상
2017060900100168,2017년 6월 9일 09시,금요일,대구광역시 달서구 상인동,중상사고,0,1,0,0,차대사람 - 횡단중,안전운전불이행,건조,맑음,단일로 - 기타,특수,남,34세,상해없음,보행자,여,47세,중상
2017060900100169,2017년 6월 9일 09시,금요일,대구광역시 달서구 두류동,경상사고,0,0,1,0,차대사람 - 기타,안전운전불이행,건조,맑음,단일로 - 기타,승용,남,41세,상해없음,보행자,남,41세,경상
2017060900100195,2017년 6월 9일 10시,금요일,대구광역시 달성군 옥포면,중상사고,0,2,2,0,차대차 - 추돌,안전운전불이행,건조,맑음,단일로 - 기타,화물,남,50세,상해없음,승합,남,56세,중상
2017060900100201,2017년 6월 9일 10시,금요일,대구광역시 동구 신천동,중상사고,0,1,0,1,차대차 - 측면충돌,안전거리미확보,건조,맑음,단일로 - 기타,승용,남,59세,부상신고,승용,남,26세,중상
2017060900100202,2017년 6월 9일 10시,금요일,대구광역시 달서구 두류동,경상사고,0,0,1,0,차대차 - 기타,신호위반,건조,맑음,교차로 - 교차로안,승용,남,72세,상해없음,이륜,남,56세,경상
2017060900100222,2017년 6월 9일 11시,금요일,대구광역시 달서구 본리동,경상사고,0,0,1,0,차대차 - 추돌,안전운전불이행,건조,맑음,단일로 - 기타,승용,남,23세,상해없음,승용,남,60세,경상
2017060900100223,2017년 6월 9일 11시,금요일,대구광역시 북구 서변동,부상신고사고,0,0,0,1,차량단독 - 전도전복,안전운전불이행,건조,맑음,단일로 - 기타,이륜,남,74세,부상신고,미분류,미분류,미분류,미분류
2017060900100250,2017년 6월 9일 12시,금요일,대구광역시 중구 대신동,경상사고,0,0,1,0,차대차 - 측면충돌,안전운전불이행,건조,맑음,교차로 - 교차로안,승용,여,41세,상해없음,이륜,남,17세,경상
2017060900100273,2017년 6월 9일 13시,금요일,대구광역시 달서구 신당동,경상사고,0,0,1,0,차대차 - 측면충돌,안전운전불이행,건조,맑음,기타 - 기타,승용,남,23세,상해없음,이륜,남,29세,경상
2017060900100309,2017년 6월 9일 14시,금요일,대구광역시 달서구 이곡동,경상사고,0,0,2,0,차대차 - 측면충돌,신호위반,건조,맑음,교차로 - 교차로안,승용,여,52세,경상,화물,남,34세,경상
2017060900100341,2017년 6월 9일 15시,금요일,대구광역시 남구 봉덕동,경상사고,0,0,1,0,차대차 - 추돌,안전운전불이행,건조,맑음,교차로 - 교차로안,화물,남,50세,상해없음,이륜,남,36세,경상
2017060900100342,2017년 6월 9일 15시,금요일,대구광역시 서구 비산동,경상사고,0,0,1,0,차대사람 - 횡단중,안전운전불이행,건조,맑음,단일로 - 기타,자전거,남,55세,상해없음,보행자,남,34세,경상
2017060900100343,2017년 6월 9일 15시,금요일,대구광역시 중구 대봉동,부상신고사고,0,0,0,2,차대차 - 측면충돌,안전운전불이행,건조,맑음,단일로 - 기타,승용,남,60세,기타불명,승용,여,31세,부상신고
2017060900100344,2017년 6월 9일 15시,금요일,대구광역시 중구 동산동,경상사고,0,0,1,0,차대차 - 측면충돌,불법유턴,건조,맑음,단일로 - 기타,승용,남,25세,상해없음,승합,남,55세,경상
2017060900100345,2017년 6월 9일 15시,금요일,대구광역시 달서구 감삼동,중상사고,0,1,0,0,차대차 - 측면충돌,교차로운행방법위반,건조,맑음,교차로 - 교차로안,승용,남,63세,상해없음,이륜,여,40세,중상
2017060900100387,2017년 6월 9일 16시,금요일,대구광역시 동구 입석동,중상사고,0,1,0,0,차대차 - 추돌,안전운전불이행,건조,맑음,교차로 - 교차로부근,건설기계,남,38세,상해없음,승용,여,45세,중상
2017060900100388,2017년 6월 9일 16시,금요일,대구광역시 중구 삼덕동2가,경상사고,0,0,1,0,차량단독 - 전도전복 - 전도,안전운전불이행,건조,맑음,기타 - 기타,이륜,남,26세,경상,,,,
2017060900100437,2017년 6월 9일 17시,금요일,대구광역시 동구 방촌동,경상사고,0,0,1,0,차대차 - 측면충돌,안전운전불이행,건조,맑음,단일로 - 기타,자전거,남,7세,경상,승용,남,42세,상해없음
2017060900100438,2017년 6월 9일 17시,금요일,대구광역시 수성구 범어동,경상사고,0,0,1,0,차대차 - 측면충돌,교차로운행방법위반,건조,맑음,교차로 - 교차로부근,승용,여,69세,상해없음,자전거,남,34세,경상
2017060900100439,2017년 6월 9일 17시,금요일,대구광역시 달성군 논공읍,경상사고,0,0,1,0,차대차 - 추돌,안전운전불이행,건조,맑음,교차로 - 교차로안,승합,남,39세,상해없음,승용,여,26세,경상
2017060900100440,2017년 6월 9일 17시,금요일,대구광역시 중구 삼덕동2가,경상사고,0,0,1,0,차대차 - 측면충돌,안전운전불이행,건조,맑음,단일로 - 기타,승용,여,25세,상해없음,승용,남,33세,경상
2017060900100441,2017년 6월 9일 17시,금요일,대구광역시 북구 관음동,중상사고,0,1,0,0,차대사람 - 횡단중,보행자보호의무위반,건조,맑음,단일로 - 기타,승용,여,54세,상해없음,보행자,남,6세,중상
2017060900100479,2017년 6월 9일 18시,금요일,대구광역시 동구 신암동,경상사고,0,0,3,1,차대차 - 측면충돌,안전운전불이행,건조,맑음,단일로 - 기타,승용,남,56세,부상신고,승용,여,55세,경상
2017060900100480,2017년 6월 9일 18시,금요일,대구광역시 동구 용계동,경상사고,0,0,3,0,차대차 - 측면충돌,안전운전불이행,건조,맑음,단일로 - 기타,승용,남,39세,상해없음,특수,남,52세,상해없음
2017060900100509,2017년 6월 9일 19시,금요일,대구광역시 동구 효목동,경상사고,0,0,2,0,차대차 - 정면충돌,안전운전불이행,건조,맑음,단일로 - 기타,승용,남,53세,상해없음,승용,여,34세,경상
2017060900100510,2017년 6월 9일 19시,금요일,대구광역시 달성군 하빈면,중상사고,0,1,0,0,차대사람 - 횡단중,안전운전불이행,건조,맑음,단일로 - 기타,승용,남,50세,상해없음,보행자,여,79세,중상
2017060900100511,2017년 6월 9일 19시,금요일,대구광역시 북구 읍내동,경상사고,0,0,1,0,차대사람 - 기타,안전운전불이행,건조,맑음,단일로 - 기타,화물,남,69세,상해없음,보행자,남,52세,경상
2017060900100576,2017년 6월 9일 21시,금요일,대구광역시 달서구 월성동,부상신고사고,0,0,0,1,차대차 - 추돌,교차로운행방법위반,건조,맑음,교차로 - 교차로안,화물,남,71세,상해없음,승합,남,62세,상해없음
2017060900100577,2017년 6월 9일 21시,금요일,대구광역시 북구 관음동,경상사고,0,0,1,0,차대차 - 측면충돌,안전운전불이행,건조,맑음,단일로 - 기타,승용,남,41세,상해없음,자전거,남,10세,경상
2017060900100598,2017년 6월 9일 22시,금요일,대구광역시 달성군 다사읍,중상사고,0,1,0,0,차대사람 - 횡단중,안전운전불이행,건조,맑음,기타 - 기타,자전거,남,14세,기타불명,보행자,여,43세,중상
2017060900100599,2017년 6월 9일 22시,금요일,대구광역시 북구 태전동,중상사고,0,1,2,0,차대차 - 추돌,안전운전불이행,건조,맑음,교차로 - 교차로부근,승용,남,28세,상해없음,승용,여,41세,중상
2017061000100045,2017년 6월 10일 01시,토요일,대구광역시 달서구 상인동,중상사고,0,1,0,0,차대차 - 측면충돌,신호위반,건조,맑음,교차로 - 교차로안,이륜,남,16세,중상,승용,남,51세,상해없음
2017061000100057,2017년 6월 10일 02시,토요일,대구광역시 동구 신천동,중상사고,0,1,0,0,차대사람 - 횡단중,중앙선침범,건조,맑음,단일로 - 기타,승용,여,40세,상해없음,보행자,여,25세,중상
2017061000100058,2017년 6월 10일 02시,토요일,대구광역시 남구 대명동,경상사고,0,0,1,0,차대차 - 추돌,안전운전불이행,건조,맑음,단일로 - 기타,승용,남,18세,상해없음,승용,남,59세,경상
2017061000100083,2017년 6월 10일 04시,토요일,대구광역시 남구 대명동,중상사고,0,1,0,0,차대차 - 추돌,안전운전불이행,건조,맑음,교차로 - 교차로부근,승용,남,41세,상해없음,승용,남,26세,중상
2017061000100147,2017년 6월 10일 08시,토요일,대구광역시 북구 노원동3가,경상사고,0,0,1,0,차대사람 - 길가장자리구역통행중,안전운전불이행,건조,맑음,단일로 - 기타,자전거,남,53세,상해없음,보행자,남,45세,경상
2017061000100148,2017년 6월 10일 08시,토요일,대구광역시 달서구 감삼동,경상사고,0,0,2,0,차대차 - 측면충돌,교차로운행방법위반,건조,맑음,교차로 - 교차로안,승용,여,48세,경상,화물,남,59세,경상
2017061000100149,2017년 6월 10일 08시,토요일,대구광역시 북구 태전동,경상사고,0,0,2,1,차대차 - 추돌,안전거리미확보,건조,맑음,단일로 - 기타,승용,남,57세,부상신고,승용,남,52세,경상
2017061000100177,2017년 6월 10일 09시,토요일,대구광역시 동구 신천동,중상사고,0,1,0,0,차대차 - 후진중충돌,안전운전불이행,건조,맑음,단일로 - 기타,승용,여,34세,상해없음,자전거,여,61세,중상
2017061000100178,2017년 6월 10일 09시,토요일,대구광역시 달서구 장기동,경상사고,0,0,1,0,차대차 - 기타,안전운전불이행,건조,맑음,단일로 - 기타,화물,남,51세,상해없음,승용,여,49세,경상
2017061000100206,2017년 6월 10일 10시,토요일,대구광역시 남구 대명동,부상신고사고,0,0,0,1,차대차 - 기타,불법유턴,건조,맑음,교차로 - 교차로부근,자전거,남,74세,부상신고,승용,남,36세,상해없음
2017061000100249,2017년 6월 10일 11시,토요일,대구광역시 달서구 상인동,경상사고,0,0,1,0,차대차 - 측면충돌,안전거리미확보,건조,맑음,단일로 - 기타,승용,여,45세,상해없음,이륜,남,19세,경상
2017061000100250,2017년 6월 10일 11시,토요일,대구광역시 북구 산격동,경상사고,0,0,1,0,차대차 - 기타,안전거리미확보,건조,흐림,단일로 - 기타,이륜,남,27세,상해없음,승용,남,35세,상해없음
2017061000100251,2017년 6월 10일 11시,토요일,대구광역시 북구 읍내동,경상사고,0,0,1,0,차대차 - 추돌,안전운전불이행,건조,맑음,단일로 - 기타,승용,남,21세,상해없음,승용,남,45세,경상
2017061000100286,2017년 6월 10일 12시,토요일,대구광역시 동구 신천동,경상사고,0,0,1,0,차대차 - 정면충돌,안전운전불이행,건조,맑음,기타 - 기타,승용,남,84세,상해없음,승용,남,43세,경상
2017061000100327,2017년 6월 10일 13시,토요일,대구광역시 달서구 진천동,중상사고,0,1,3,0,차대차 - 측면충돌,교차로운행방법위반,건조,맑음,교차로 - 교차로안,승용,남,37세,상해없음,이륜,남,34세,중상
2017061000100328,2017년 6월 10일 13시,토요일,대구광역시 달서구 상인동,경상사고,0,0,1,0,차대차 - 측면충돌,교차로운행방법위반,건조,맑음,교차로 - 교차로안,승용,남,28세,상해없음,이륜,남,20세,경상
2017061000100329,2017년 6월 10일 13시,토요일,대구광역시 북구 국우동,경상사고,0,0,1,0,차대차 - 측면충돌,안전운전불이행,건조,맑음,단일로 - 기타,이륜,남,32세,경상,화물,남,34세,상해없음
2017061000100370,2017년 6월 10일 14시,토요일,대구광역시 중구 동인동2가,경상사고,0,0,1,0,차대차 - 정면충돌,중앙선침범,건조,맑음,단일로 - 기타,승용,남,26세,상해없음,이륜,남,20세,경상
2017061000100400,2017년 6월 10일 15시,토요일,대구광역시 달성군 다사읍,부상신고사고,0,0,0,1,차대사람 - 횡단중,안전운전불이행,건조,맑음,단일로 - 기타,승합,여,47세,상해없음,보행자,남,48세,부상신고
2017061000100424,2017년 6월 10일 16시,토요일,대구광역시 남구 대명동,경상사고,0,0,1,0,차대차 - 측면충돌,안전운전불이행,건조,맑음,교차로 - 교차로안,승용,여,34세,상해없음,승용,남,59세,상해없음
2017061000100425,2017년 6월 10일 16시,토요일,대구광역시 달서구 상인동,부상신고사고,0,0,0,1,차대차 - 측면충돌,안전운전불이행,건조,맑음,단일로 - 기타,이륜,남,19세,부상신고,승용,남,59세,상해없음
2017061000100426,2017년 6월 10일 16시,토요일,대구광역시 서구 이현동,중상사고,0,1,0,0,차대차 - 측면충돌,안전운전불이행,건조,맑음,단일로 - 기타,승용,남,44세,중상,승용,남,55세,상해없음
2017061000100468,2017년 6월 10일 17시,토요일,대구광역시 수성구 황금동,중상사고,0,1,0,0,차대사람 - 길가장자리구역통행중,안전운전불이행,건조,맑음,단일로 - 기타,승용,여,47세,상해없음,보행자,여,65세,중상
2017061000100469,2017년 6월 10일 17시,토요일,대구광역시 북구 태전동,부상신고사고,0,0,0,1,차대차 - 측면충돌,교차로운행방법위반,건조,맑음,교차로 - 교차로안,이륜,남,44세,부상신고,승용,남,48세,상해없음
2017061000100501,2017년 6월 10일 18시,토요일,대구광역시 남구 이천동,중상사고,0,1,0,0,차대차 - 측면충돌,안전운전불이행,건조,맑음,단일로 - 기타,승용,남,53세,상해없음,자전거,남,25세,중상
2017061000100502,2017년 6월 10일 18시,토요일,대구광역시 달서구 진천동,경상사고,0,0,1,0,차대차 - 측면충돌,직진우회전진행방해,건조,맑음,교차로 - 교차로안,이륜,남,19세,경상,승용,여,51세,기타불명
2017061000100524,2017년 6월 10일 19시,토요일,대구광역시 수성구 수성동2가,경상사고,0,0,1,0,차대차 - 측면충돌,안전운전불이행,건조,맑음,교차로 - 교차로횡단보도내,승용,여,41세,상해없음,자전거,여,39세,경상
2017061000100525,2017년 6월 10일 19시,토요일,대구광역시 북구 침산동,경상사고,0,0,1,0,차대사람 - 보도통행중,기타,건조,맑음,단일로 - 기타,자전거,남,53세,상해없음,보행자,여,34세,경상
2017061000100526,2017년 6월 10일 19시,토요일,대구광역시 서구 중리동,경상사고,0,0,1,0,차대차 - 측면충돌,안전운전불이행,건조,맑음,단일로 - 기타,승용,여,59세,상해없음,승용,남,43세,경상