사고번호,사고일시,요일,시군구,사고내용,사망자수,중상자수,경상자수,부상신고자수,사고유형,법규위반,노면상태,기상상태,도로형태,가해운전자 차종,가해운전자 성별,가해운전자 연령,가해운전자 상해정도,피해운전자 차종,피해운전자 성별,피해운전자 연령,피해운전자 상해정도
2017061000100553,2017년 6월 10일 20시,토요일,대구광역시 달서구 진천동,경상사고,0,0,1,0,차대차 - 측면충돌,교차로운행방법위반,건조,맑음,교차로 - 교차로안,승용,남,38세,상해없음,이륜,남,23세,경상
2017061000100554,2017년 6월 10일 20시,토요일,대구광역시 북구 칠성동2가,경상사고,0,0,1,0,차대차 - 추돌,안전운전불이행,건조,맑음,교차로 - 교차로안,승합,남,53세,상해없음,이륜,남,24세,경상
2017061000100586,2017년 6월 10일 21시,토요일,대구광역시 달서구 이곡동,경상사고,0,0,3,0,차대차 - 추돌,안전거리미확보,건조,맑음,단일로 - 기타,화물,남,38세,상해없음,승용,남,30세,경상
2017061000100606,2017년 6월 10일 22시,토요일,대구광역시 수성구 대흥동,경상사고,0,0,1,0,차대차 - 측면충돌,안전운전불이행,건조,맑음,단일로 - 기타,승용,남,61세,상해없음,승용,남,58세,경상
2017061000100632,2017년 6월 10일 23시,토요일,대구광역시 수성구 중동,경상사고,0,0,1,0,차대차 - 측면충돌,안전운전불이행,건조,맑음,교차로 - 교차로부근,승합,남,59세,상해없음,승용,남,52세,경상
2017061100100027,2017년 6월 11일 00시,일요일,대구광역시 달서구 상인동,중상사고,0,1,0,0,차대차 - 측면충돌,불법유턴,건조,맑음,단일로 - 기타,승용,남,26세,상해없음,이륜,남,55세,중상
2017061100100028,2017년 6월 11일 00시,일요일,대구광역시 달서구 두류동,경상사고,0,0,1,0,차대차 - 측면충돌,안전운전불이행,건조,맑음,교차로 - 교차로안,승용,남,25세,상해없음,개인형이동수단(PM),남,23세,경상
2017061100100043,2017년 6월 11일 01시,일요일,대구광역시 수성구 삼덕동,경상사고,0,0,1,0,차대차 - 측면충돌,중앙선침범,건조,맑음,교차로 - 교차로안,승용,여,52세,기타불명,승용,여,34세,경상
2017061100100062,2017년 6월 11일 02시,일요일,대구광역시 북구 읍내동,부상신고사고,0,0,0,1,차량단독 - 공작물충돌,안전운전불이행,건조,맑음,단일로 - 기타,승용,여,49세,부상신고,,,,
2017061100100109,2017년 6월 11일 06시,일요일,대구광역시 달성군 다사읍,중상사고,0,1,0,0,차대차 - 추돌,안전운전불이행,건조,맑음,교차로 - 교차로부근,승용,남,59세,상해없음,승용,남,58세,중상
2017061100100123,2017년 6월 11일 07시,일요일,대구광역시 달성군 구지면,경상사고,0,0,3,0,차대차 - 측면충돌,교차로운행방법위반,건조,맑음,교차로 - 교차로안,승용,남,66세,경상,화물,남,68세,경상
2017061100100124,2017년 6월 11일 07시,일요일,대구광역시 서구 비산동,중상사고,0,1,0,1,차대차 - 측면충돌,신호위반,건조,맑음,교차로 - 교차로안,승합,남,65세,부상신고,승용,남,57세,중상
2017061100100142,2017년 6월 11일 08시,일요일,대구광역시 동구 진인동,사망사고,1,0,0,0,차대차 - 측면충돌,안전운전불이행,건조,맑음,단일로 - 기타,승용,여,39세,상해없음,원동기,남,66세,사망
2017061100100143,2017년 6월 11일 08시,일요일,대구광역시 중구 달성동,경상사고,0,0,1,0,차대사람 - 횡단중,안전운전불이행,건조,맑음,단일로 - 기타,승용,남,46세,상해없음,보행자,남,69세,경상
2017061100100186,2017년 6월 11일 10시,일요일,대구광역시 동구 덕곡동,경상사고,0,0,1,0,차대차 - 기타,안전운전불이행,건조,맑음,단일로 - 기타,승용,남,59세,상해없음,자전거,남,77세,경상
2017061100100187,2017년 6월 11일 10시,일요일,대구광역시 서구 비산동,부상신고사고,0,0,0,1,차대사람 - 기타,기타,건조,맑음,단일로 - 기타,승용,남,57세,상해없음,보행자,남,56세,부상신고
2017061100100206,2017년 6월 11일 11시,일요일,대구광역시 동구 지저동,경상사고,0,0,1,0,차대사람 - 횡단중,안전운전불이행,건조,맑음,단일로 - 기타,승용,여,42세,상해없음,보행자,여,7세,경상
2017061100100224,2017년 6월 11일 12시,일요일,대구광역시 남구 봉덕동,경상사고,0,0,1,0,차대차 - 측면충돌,안전거리미확보,건조,맑음,단일로 - 교량,승용,여,23세,상해없음,승용,여,35세,경상
2017061100100225,2017년 6월 11일 12시,일요일,대구광역시 달서구 송현동,경상사고,0,0,1,0,차대사람 - 횡단중,안전운전불이행,건조,맑음,단일로 - 기타,승용,남,29세,상해없음,보행자,남,66세,경상
2017061100100286,2017년 6월 11일 14시,일요일,대구광역시 동구 방촌동,중상사고,0,1,0,0,차대차 - 측면충돌,안전운전불이행,건조,맑음,기타 - 기타,승용,여,43세,상해없음,이륜,남,47세,중상
2017061100100287,2017년 6월 11일 14시,일요일,대구광역시 달서구 두류동,중상사고,0,1,0,0,차대차 - 측면충돌,안전운전불이행,건조,맑음,교차로 - 교차로안,승용,남,67세,상해없음,이륜,남,26세,중상
2017061100100350,2017년 6월 11일 16시,일요일,대구광역시 남구 대명동,경상사고,0,0,1,0,차대차 - 측면충돌,직진우회전진행방해,건조,맑음,교차로 - 교차로안,승용,남,39세,상해없음,이륜,남,15세,경상
2017061100100351,2017년 6월 11일 16시,일요일,대구광역시 수성구 매호동,경상사고,0,0,1,0,차대차 - 측면충돌,안전운전불이행,건조,맑음,단일로 - 기타,승용,남,41세,상해없음,승용,남,54세,경상
2017061100100386,2017년 6월 11일 17시,일요일,대구광역시 북구 침산동,중상사고,0,2,0,0,차대차 - 측면충돌,교차로운행방법위반,건조,맑음,교차로 - 교차로안,승용,여,49세,기타불명,승용,남,51세,중상
2017061100100387,2017년 6월 11일 17시,일요일,대구광역시 서구 평리동,중상사고,0,1,0,0,차대차 - 측면충돌,안전거리미확보,건조,맑음,단일로 - 기타,승용,남,26세,상해없음,원동기,남,33세,중상
2017061100100453,2017년 6월 11일 19시,일요일,대구광역시 수성구 만촌동,부상신고사고,0,0,0,1,차대차 - 정면충돌,안전운전불이행,건조,맑음,단일로 - 기타,이륜,남,32세,부상신고,승용,남,69세,상해없음
2017061100100454,2017년 6월 11일 19시,일요일,대구광역시 중구 동인동3가,경상사고,0,0,1,1,차대차 - 측면충돌,안전운전불이행,건조,맑음,단일로 - 기타,승용,남,44세,상해없음,승용,남,65세,경상
2017061100100455,2017년 6월 11일 19시,일요일,대구광역시 북구 학정동,경상사고,0,0,1,0,차대사람 - 횡단중,보행자보호의무위반,건조,맑음,기타 - 기타,화물,남,58세,상해없음,보행자,여,44세,경상
2017061100100479,2017년 6월 11일 20시,일요일,대구광역시 수성구 상동,경상사고,0,0,1,0,차대차 - 측면충돌,교차로운행방법위반,건조,맑음,교차로 - 교차로부근,승용,여,48세,상해없음,자전거,남,64세,경상
2017061100100480,2017년 6월 11일 20시,일요일,대구광역시 달성군 구지면,중상사고,0,1,0,0,차대사람 - 횡단중,안전운전불이행,건조,맑음,단일로 - 기타,승용,남,69세,상해없음,보행자,여,67세,중상
2017061100100502,2017년 6월 11일 21시,일요일,대구광역시 달서구 성당동,경상사고,0,0,2,0,차대차 - 추돌,안전운전불이행,건조,맑음,단일로 - 기타,승용,남,48세,상해없음,승용,여,50세,경상
2017061100100503,2017년 6월 11일 21시,일요일,대구광역시 북구 태전동,경상사고,0,0,1,0,차대사람 - 횡단중,안전운전불이행,건조,맑음,단일로 - 기타,자전거,남,44세,상해없음,보행자,여,43세,경상
2017061100100518,2017년 6월 11일 22시,일요일,대구광역시 달성군 화원읍,중상사고,0,1,0,0,차대사람 - 횡단중,안전운전불이행,건조,맑음,단일로 - 기타,승용,여,54세,상해없음,보행자,남,66세,중상
2017061200100024,2017년 6월 12일 00시,월요일,대구광역시 달서구 본동,경상사고,0,0,3,0,차대차 - 측면충돌,안전운전불이행,건조,맑음,단일로 - 기타,승용,여,51세,상해없음,승용,남,18세,경상
2017061200100036,2017년 6월 12일 02시,월요일,대구광역시 수성구 범어동,중상사고,0,1,1,1,차대차 - 측면충돌,신호위반,건조,맑음,교차로 - 교차로안,승용,여,18세,부상신고,승용,남,60세,경상
2017061200100043,2017년 6월 12일 04시,월요일,대구광역시 북구 태전동,중상사고,0,1,0,0,차대사람 - 기타,안전운전불이행,건조,맑음,기타 - 기타,승용,남,57세,상해없음,보행자,남,84세,중상
2017061200100055,2017년 6월 12일 05시,월요일,대구광역시 수성구 범어동,중상사고,0,1,0,0,차대사람 - 횡단중,보행자보호의무위반,건조,맑음,교차로 - 교차로횡단보도내,화물,남,62세,상해없음,보행자,남,56세,중상
2017061200100070,2017년 6월 12일 06시,월요일,대구광역시 중구 남산동,중상사고,0,1,0,0,차대차 - 측면충돌,안전운전불이행,건조,맑음,단일로 - 기타,승용,여,51세,상해없음,자전거,남,76세,중상
2017061200100094,2017년 6월 12일 07시,월요일,대구광역시 동구 불로동,중상사고,0,1,0,0,차대차 - 측면충돌,교차로운행방법위반,건조,맑음,교차로 - 교차로안,이륜,남,79세,중상,승용,여,51세,상해없음
2017061200100095,2017년 6월 12일 07시,월요일,대구광역시 서구 내당동,경상사고,0,0,5,0,차대차 - 측면충돌,안전거리미확보,건조,맑음,단일로 - 기타,승용,남,60세,상해없음,승용,남,35세,경상
2017061200100140,2017년 6월 12일 08시,월요일,대구광역시 달서구 상인동,경상사고,0,0,1,0,차대차 - 추돌,안전운전불이행,건조,맑음,교차로 - 교차로횡단보도내,승용,여,24세,상해없음,자전거,남,16세,경상
2017061200100141,2017년 6월 12일 08시,월요일,대구광역시 달서구 감삼동,중상사고,0,1,0,0,차대사람 - 횡단중,안전운전불이행,건조,맑음,단일로 - 기타,승용,여,34세,상해없음,보행자,여,60세,중상
2017061200100173,2017년 6월 12일 09시,월요일,대구광역시 남구 대명동,경상사고,0,0,1,0,차대차 - 측면충돌,안전운전불이행,건조,맑음,단일로 - 기타,승합,여,58세,상해없음,승용,여,37세,경상
2017061200100234,2017년 6월 12일 11시,월요일,대구광역시 북구 조야동,사망사고,1,1,0,0,차대차 - 추돌,안전운전불이행,건조,맑음,단일로 - 기타,화물,남,62세,사망,화물,남,41세,중상
2017061200100236,2017년 6월 12일 11시,월요일,대구광역시 북구 태전동,중상사고,0,1,0,0,차대차 - 기타,안전거리미확보,건조,맑음,단일로 - 기타,승용,남,32세,상해없음,승합,남,46세,상해없음
2017061200100237,2017년 6월 12일 11시,월요일,대구광역시 북구 동천동,경상사고,0,0,1,1,차대차 - 측면충돌,차로위반,건조,맑음,단일로 - 기타,승용,남,69세,부상신고,이륜,남,22세,경상
2017061200100255,2017년 6월 12일 12시,월요일,대구광역시 동구 효목동,경상사고,0,0,1,0,차대사람 - 횡단중,안전운전불이행,건조,맑음,단일로 - 기타,승용,여,38세,상해없음,보행자,남,79세,경상
2017061200100256,2017년 6월 12일 12시,월요일,대구광역시 중구 대봉동,중상사고,0,1,0,0,차대차 - 측면충돌,신호위반,건조,맑음,교차로 - 교차로안,승용,남,74세,기타불명,승용,남,38세,중상
2017061200100257,2017년 6월 12일 12시,월요일,대구광역시 달서구 신당동,경상사고,0,0,2,0,차대차 - 측면충돌,교차로운행방법위반,건조,맑음,교차로 - 교차로안,승용,여,59세,경상,화물,남,31세,경상
2017061200100258,2017년 6월 12일 12시,월요일,대구광역시 북구 관음동,경상사고,0,0,1,0,차대차 - 추돌,안전운전불이행,건조,맑음,단일로 - 기타,승용,여,60세,상해없음,승용,여,48세,경상
2017061200100259,2017년 6월 12일 12시,월요일,대구광역시 북구 연경동,중상사고,0,1,1,0,차대차 - 측면충돌,안전운전불이행,건조,맑음,단일로 - 기타,승용,여,49세,상해없음,원동기,남,80세,중상
2017061200100290,2017년 6월 12일 13시,월요일,대구광역시 북구 매천동,중상사고,0,1,0,0,차대차 - 측면충돌,안전운전불이행,건조,맑음,단일로 - 기타,자전거,남,77세,중상,화물,남,63세,상해없음
2017061200100291,2017년 6월 12일 13시,월요일,대구광역시 북구 매천동,경상사고,0,0,1,0,차대차 - 기타,안전거리미확보,건조,맑음,단일로 - 기타,승용,남,41세,상해없음,승용,남,48세,경상
2017061200100327,2017년 6월 12일 14시,월요일,대구광역시 달서구 도원동,경상사고,0,0,2,0,차대차 - 측면충돌,안전운전불이행,건조,맑음,단일로 - 기타,승용,여,56세,경상,승용,여,27세,경상
2017061200100367,2017년 6월 12일 15시,월요일,대구광역시 동구 신암동,경상사고,0,0,1,0,차대차 - 추돌,안전거리미확보,건조,맑음,단일로 - 기타,승용,남,62세,상해없음,승용,남,40세,경상
2017061200100368,2017년 6월 12일 15시,월요일,대구광역시 북구 칠성동1가,경상사고,0,0,1,0,차대사람 - 횡단중,안전운전불이행,건조,맑음,단일로 - 기타,화물,남,33세,상해없음,보행자,여,67세,경상
2017061200100369,2017년 6월 12일 15시,월요일,대구광역시 북구 서변동,경상사고,0,0,1,0,차대차 - 측면충돌,안전거리미확보,건조,맑음,단일로 - 기타,화물,남,62세,상해없음,승용,남,37세,경상
2017061200100410,2017년 6월 12일 16시,월요일,대구광역시 남구 대명동,경상사고,0,0,1,0,차대사람 - 횡단중,안전운전불이행,건조,맑음,기타 - 기타,승용,남,40세,상해없음,보행자,남,50세,경상
2017061200100411,2017년 6월 12일 16시,월요일,대구광역시 달성군 현풍면,경상사고,0,0,1,0,차대사람 - 횡단중,기타,건조,맑음,기타 - 기타,승용,남,44세,상해없음,보행자,남,33세,경상
2017061200100412,2017년 6월 12일 16시,월요일,대구광역시 달서구 두류동,경상사고,0,0,1,0,차대차 - 측면충돌,안전운전불이행,건조,맑음,단일로 - 기타,원동기,남,31세,경상,승용,남,45세,상해없음
2017061200100438,2017년 6월 12일 17시,월요일,대구광역시 중구 삼덕동3가,경상사고,0,0,1,0,차대차 - 기타,안전거리미확보,건조,맑음,단일로 - 기타,승용,여,46세,상해없음,승용,여,31세,경상
2017061200100439,2017년 6월 12일 17시,월요일,대구광역시 중구 상덕동,경상사고,0,0,1,0,차대차 - 측면충돌,신호위반,건조,맑음,단일로 - 기타,자전거,남,39세,경상,이륜,남,47세,상해없음
2017061200100478,2017년 6월 12일 18시,월요일,대구광역시 북구 관음동,경상사고,0,0,1,0,차대차 - 기타,안전운전불이행,건조,맑음,단일로 - 기타,승합,남,49세,상해없음,자전거,남,26세,경상
2017061200100520,2017년 6월 12일 20시,월요일,대구광역시 수성구 만촌동,중상사고,0,1,1,0,차대차 - 추돌,안전운전불이행,건조,맑음,교차로 - 교차로부근,화물,남,53세,기타불명,화물,남,45세,경상
2017061200100521,2017년 6월 12일 20시,월요일,대구광역시 달서구 용산동,경상사고,0,0,2,0,차대차 - 측면충돌,안전운전불이행,건조,맑음,교차로 - 교차로부근,승용,여,50세,상해없음,이륜,남,20세,경상
2017061200100522,2017년 6월 12일 20시,월요일,대구광역시 달서구 신당동,경상사고,0,0,1,0,차대차 - 측면충돌,안전거리미확보,건조,맑음,단일로 - 기타,승용,남,54세,기타불명,승용,남,22세,경상
2017061200100550,2017년 6월 12일 21시,월요일,대구광역시 수성구 중동,중상사고,0,1,1,0,차대차 - 정면충돌,안전운전불이행,건조,맑음,교차로 - 교차로안,승용,남,50세,상해없음,승용,남,59세,중상
2017061200100551,2017년 6월 12일 21시,월요일,대구광역시 달서구 상인동,경상사고,0,0,1,0,차대차 - 측면충돌,안전운전불이행,건조,맑음,단일로 - 기타,승용,여,67세,상해없음,승용,여,51세,경상
2017061200100575,2017년 6월 12일 22시,월요일,대구광역시 달성군 화원읍,경상사고,0,0,2,0,차대차 - 정면충돌,신호위반,건조,맑음,교차로 - 교차로안,원동기,남,17세,상해없음,원동기,남,17세,경상
2017061200100588,2017년 6월 12일 23시,월요일,대구광역시 달서구 도원동,사망사고,1,0,0,0,차대차 - 측면충돌,과속,건조,맑음,교차로 - 교차로횡단보도내,승용,남,28세,상해없음,자전거,남,26세,사망
2017061300100032,2017년 6월 13일 01시,화요일,대구광역시 수성구 연호동,중상사고,0,1,1,0,차대차 - 추돌,안전운전불이행,건조,맑음,단일로 - 기타,승용,남,60세,상해없음,승용,남,22세,경상
2017061300100033,2017년 6월 13일 01시,화요일,대구광역시 달성군 화원읍,중상사고,0,1,0,0,차대사람 - 횡단중,신호위반,건조,맑음,단일로 - 기타,승용,남,30세,상해없음,보행자,남,75세,중상
2017061300100062,2017년 6월 13일 06시,화요일,대구광역시 북구 복현동,부상신고사고,0,0,0,1,차대차 - 정면충돌,안전운전불이행,건조,맑음,단일로 - 기타,화물,남,55세,상해없음,원동기,남,71세,부상신고
2017061300100083,2017년 6월 13일 07시,화요일,대구광역시 달서구 이곡동,중상사고,0,1,0,0,차량단독 - 기타,기타,건조,맑음,교차로 - 교차로횡단보도내,승합,남,63세,기타불명,,,,
2017061300100084,2017년 6월 13일 07시,화요일,대구광역시 북구 태전동,중상사고,0,1,0,0,차대차 - 측면충돌,불법유턴,건조,맑음,교차로 - 교차로부근,자전거,남,17세,중상,승용,여,50세,상해없음
2017061300100122,2017년 6월 13일 08시,화요일,대구광역시 수성구 시지동,경상사고,0,0,2,0,차대차 - 추돌,안전운전불이행,건조,맑음,단일로 - 기타,승용,여,42세,상해없음,승용,여,50세,경상
2017061300100123,2017년 6월 13일 08시,화요일,대구광역시 북구 검단동,중상사고,0,1,0,0,차대차 - 측면충돌,중앙선침범,건조,맑음,단일로 - 기타,자전거,남,37세,중상,승용,남,46세,상해없음
2017061300100124,2017년 6월 13일 08시,화요일,대구광역시 달서구 신당동,중상사고,0,1,0,0,차대차 - 측면충돌,안전운전불이행,건조,맑음,교차로 - 교차로횡단보도내,승용,여,26세,상해없음,자전거,남,54세,중상
2017061300100161,2017년 6월 13일 09시,화요일,대구광역시 남구 대명동,경상사고,0,0,1,0,차대차 - 측면충돌,교차로운행방법위반,건조,맑음,교차로 - 교차로안,승용,남,30세,상해없음,승용,여,44세,경상
2017061300100162,2017년 6월 13일 09시,화요일,대구광역시 수성구 범어동,중상사고,0,1,0,0,차대사람 - 횡단중,안전운전불이행,건조,맑음,교차로 - 교차로부근,기타불명,기타불명,미분류,기타불명,보행자,남,39세,중상
2017061300100163,2017년 6월 13일 09시,화요일,대구광역시 북구 복현동,중상사고,0,1,0,0,차대사람 - 횡단중,보행자보호의무위반,건조,맑음,교차로 - 교차로횡단보도내,승용,여,55세,상해없음,보행자,여,58세,중상
2017061300100164,2017년 6월 13일 09시,화요일,대구광역시 달서구 두류동,경상사고,0,0,1,0,차대차 - 기타,안전거리미확보,건조,맑음,단일로 - 기타,승용,남,29세,기타불명,승용,남,61세,경상
2017061300100188,2017년 6월 13일 10시,화요일,대구광역시 남구 대명동,경상사고,0,0,3,0,차대차 - 측면충돌,안전거리미확보,건조,맑음,단일로 - 기타,승용,여,60세,경상,승용,여,35세,상해없음
2017061300100189,2017년 6월 13일 10시,화요일,대구광역시 수성구 지산동,중상사고,0,1,0,0,차대사람 - 횡단중,안전운전불이행,건조,맑음,단일로 - 기타,승용,남,28세,상해없음,보행자,남,60세,중상
2017061300100207,2017년 6월 13일 11시,화요일,대구광역시 달서구 송현동,경상사고,0,0,1,0,차대차 - 추돌,안전운전불이행,건조,맑음,단일로 - 기타,승용,여,51세,상해없음,승용,남,59세,경상
2017061300100208,2017년 6월 13일 11시,화요일,대구광역시 서구 평리동,경상사고,0,0,1,0,차대차 - 측면충돌,안전운전불이행,건조,맑음,단일로 - 기타,자전거,남,90세 이상,경상,화물,남,61세,상해없음
2017061300100209,2017년 6월 13일 11시,화요일,대구광역시 달서구 죽전동,중상사고,0,1,1,0,차대차 - 기타,차로위반,건조,맑음,단일로 - 기타,승용,여,58세,상해없음,승합,남,59세,경상
2017061300100259,2017년 6월 13일 13시,화요일,대구광역시 수성구 사월동,중상사고,0,1,6,0,차대차 - 측면충돌,안전운전불이행,건조,맑음,단일로 - 기타,승용,남,70세,상해없음,승용,여,35세,중상
2017061300100260,2017년 6월 13일 13시,화요일,대구광역시 달서구 송현동,경상사고,0,0,1,0,차대차 - 측면충돌,교차로운행방법위반,건조,맑음,교차로 - 교차로안,승용,남,63세,상해없음,승용,남,83세,경상
2017061300100261,2017년 6월 13일 13시,화요일,대구광역시 달서구 감삼동,경상사고,0,0,1,1,차대차 - 기타,안전거리미확보,건조,맑음,단일로 - 기타,승용,남,30세,부상신고,이륜,남,24세,경상
2017061300100294,2017년 6월 13일 14시,화요일,대구광역시 수성구 두산동,중상사고,0,1,0,0,차대사람 - 횡단중,보행자보호의무위반,건조,맑음,단일로 - 기타,승용,여,51세,상해없음,보행자,남,9세,중상
2017061300100295,2017년 6월 13일 14시,화요일,대구광역시 달서구 죽전동,경상사고,0,0,1,0,차대차 - 기타,안전운전불이행,건조,맑음,단일로 - 기타,승용,남,50세,기타불명,자전거,여,25세,경상
2017061300100329,2017년 6월 13일 15시,화요일,대구광역시 북구 관음동,중상사고,0,1,0,0,차대사람 - 횡단중,보행자보호의무위반,건조,맑음,단일로 - 기타,승용,여,50세,상해없음,보행자,여,8세,중상
2017061300100415,2017년 6월 13일 17시,화요일,대구광역시 동구 용계동,중상사고,0,1,0,0,차대차 - 측면충돌,안전운전불이행,건조,맑음,단일로 - 기타,승용,남,39세,상해없음,자전거,여,60세,중상
2017061300100460,2017년 6월 13일 18시,화요일,대구광역시 달서구 본동,경상사고,0,0,1,0,차대차 - 추돌,안전거리미확보,건조,맑음,단일로 - 기타,승용,남,58세,상해없음,승용,여,28세,경상
2017061300100461,2017년 6월 13일 18시,화요일,대구광역시 달성군 화원읍,중상사고,0,1,0,0,차대차 - 측면충돌,기타,건조,맑음,교차로 - 교차로안,승용,남,59세,상해없음,이륜,남,52세,중상
2017061300100462,2017년 6월 13일 18시,화요일,대구광역시 북구 침산동,경상사고,0,0,1,0,차대차 - 측면충돌,신호위반,건조,맑음,교차로 - 교차로안,승용,남,61세,상해없음,승용,여,61세,경상
2017061300100498,2017년 6월 13일 19시,화요일,대구광역시 남구 대명동,경상사고,0,0,3,0,차대차 - 추돌,중앙선침범,건조,맑음,단일로 - 기타,기타불명,기타불명,미분류,기타불명,승용,남,61세,상해없음
2017061300100499,2017년 6월 13일 19시,화요일,대구광역시 달서구 상인동,중상사고,0,1,0,0,차대차 - 측면충돌,안전거리미확보,건조,맑음,단일로 - 기타,승용,남,33세,상해없음,이륜,남,54세,중상
2017061300100531,2017년 6월 13일 20시,화요일,대구광역시 동구 용계동,경상사고,0,0,1,0,차대차 - 측면충돌,안전운전불이행,건조,맑음,단일로 - 기타,승용,남,46세,상해없음,자전거,여,41세,경상
2017061300100566,2017년 6월 13일 21시,화요일,대구광역시 서구 비산동,경상사고,0,0,1,0,차량단독 - 공작물충돌,안전운전불이행,건조,맑음,단일로 - 터널,승용,남,47세,경상,,,,
2017061300100590,2017년 6월 13일 22시,화요일,대구광역시 달성군 옥포면,경상사고,0,0,1,0,차량단독 - 전도전복 - 전도,안전운전불이행,건조,맑음,단일로 - 기타,원동기,남,19세,경상,,,,
2017061300100591,2017년 6월 13일 22시,화요일,대구광역시 달서구 신당동,경상사고,0,0,1,0,차대차 - 기타,안전운전불이행,젖음/습기,맑음,교차로 - 교차로안,승용,남,22세,상해없음,원동기,남,42세,경상
2017061300100616,2017년 6월 13일 23시,화요일,대구광역시 북구 노곡동,사망사고,1,2,0,0,차대차 - 추돌,안전운전불이행,젖음/습기,비,단일로 - 기타,승용,남,37세,상해없음,승용,남,30세,중상
2017061300100619,2017년 6월 13일 23시,화요일,대구광역시 동구 지저동,부상신고사고,0,0,0,1,차대차 - 측면충돌,안전운전불이행,건조,맑음,단일로 - 기타,이륜,남,17세,부상신고,승용,남,61세,상해없음
2017061300100620,2017년 6월 13일 23시,화요일,대구광역시 수성구 범어동,경상사고,0,0,2,0,차대차 - 측면충돌,안전운전불이행,젖음/습기,비,단일로 - 기타,이륜,남,49세,경상,승용,남,55세,경상
2017061300100621,2017년 6월 13일 23시,화요일,대구광역시 달서구 두류동,경상사고,0,0,2,0,차대차 - 추돌,안전거리미확보,젖음/습기,비,단일로 - 기타,승용,여,45세,경상,승용,남,62세,상해없음
2017061300100622,2017년 6월 13일 23시,화요일,대구광역시 북구 구암동,중상사고,0,1,0,0,차대사람 - 횡단중,안전운전불이행,건조,흐림,교차로 - 교차로부근,승용,여,58세,상해없음,보행자,남,45세,중상
2017061400100033,2017년 6월 14일 00시,수요일,대구광역시 동구 지묘동,경상사고,0,0,1,0,차대차 - 측면충돌,안전운전불이행,젖음/습기,맑음,단일로 - 기타,승용,남,55세,상해없음,이륜,남,17세,경상
2017061400100034,2017년 6월 14일 00시,수요일,대구광역시 중구 동인동2가,중상사고,0,1,1,0,차대차 - 기타,신호위반,젖음/습기,비,교차로 - 교차로안,승용,여,37세,상해없음,승용,남,57세,중상
2017061400100035,2017년 6월 14일 00시,수요일,대구광역시 북구 구암동,중상사고,0,1,1,1,차대차 - 추돌,안전운전불이행,젖음/습기,맑음,단일로 - 기타,화물,남,54세,상해없음,승용,남,29세,부상신고
2017061400100063,2017년 6월 14일 02시,수요일,대구광역시 수성구 수성동4가,중상사고,0,1,1,0,차대차 - 측면충돌,신호위반,건조,맑음,교차로 - 교차로안,승용,남,26세,상해없음,승용,남,52세,중상
2017061400100069,2017년 6월 14일 03시,수요일,대구광역시 수성구 범어동,부상신고사고,0,0,0,1,차대차 - 측면충돌,안전운전불이행,건조,맑음,교차로 - 교차로안,자전거,여,50세,부상신고,승용,남,47세,상해없음
2017061400100097,2017년 6월 14일 06시,수요일,대구광역시 달성군 구지면,중상사고,0,3,1,0,차대차 - 측면충돌,과속,건조,맑음,교차로 - 교차로안,승합,여,35세,경상,승용,남,45세,중상
2017061400100161,2017년 6월 14일 08시,수요일,대구광역시 수성구 만촌동,경상사고,0,0,1,0,차대사람 - 횡단중,안전운전불이행,건조,맑음,단일로 - 기타,승용,남,71세,상해없음,보행자,여,12세,경상
2017061400100194,2017년 6월 14일 09시,수요일,대구광역시 동구 신암동,경상사고,0,0,1,0,차대사람 - 보도통행중,기타,건조,맑음,단일로 - 기타,승용,여,60세,상해없음,보행자,남,67세,경상
2017061400100222,2017년 6월 14일 10시,수요일,대구광역시 달성군 현풍면,경상사고,0,0,1,0,차대차 - 정면충돌,안전거리미확보,건조,맑음,단일로 - 기타,승용,남,53세,상해없음,이륜,남,53세,경상
2017061400100223,2017년 6월 14일 10시,수요일,대구광역시 서구 내당동,중상사고,0,1,0,0,차대차 - 측면충돌,안전운전불이행,건조,맑음,교차로 - 교차로횡단보도내,자전거,남,77세,중상,승합,남,59세,상해없음
2017061400100253,2017년 6월 14일 11시,수요일,대구광역시 북구 칠성동2가,경상사고,0,0,2,0,차대차 - 추돌,안전거리미확보,건조,맑음,단일로 - 기타,화물,남,49세,경상,승용,남,50세,경상
2017061400100286,2017년 6월 14일 12시,수요일,대구광역시 중구 동산동,경상사고,0,0,1,0,차대차 - 기타,안전거리미확보,건조,맑음,단일로 - 기타,승용,남,68세,상해없음,이륜,남,65세,경상
2017061400100317,2017년 6월 14일 13시,수요일,대구광역시 북구 대현동,중상사고,0,1,0,0,차대차 - 측면충돌,신호위반,건조,맑음,교차로 - 교차로안,승용,남,72세,상해없음,승용,남,49세,상해없음
2017061400100318,2017년 6월 14일 13시,수요일,대구광역시 북구 침산동,경상사고,0,0,1,0,차대차 - 측면충돌,차로위반,건조,맑음,교차로 - 교차로안,화물,남,71세,상해없음,승용,여,44세,경상
2017061400100350,2017년 6월 14일 14시,수요일,대구광역시 동구 신암동,경상사고,0,0,2,0,차대차 - 추돌,안전거리미확보,건조,맑음,단일로 - 기타,승용,남,51세,상해없음,승용,여,40세,경상
2017061400100386,2017년 6월 14일 15시,수요일,대구광역시 남구 대명동,중상사고,0,1,0,0,차대사람 - 길가장자리구역통행중,안전운전불이행,건조,맑음,단일로 - 기타,기타불명,기타불명,미분류,기타불명,보행자,남,11세,중상