사고번호,사고일시,요일,시군구,사고내용,사망자수,중상자수,경상자수,부상신고자수,사고유형,법규위반,노면상태,기상상태,도로형태,가해운전자 차종,가해운전자 성별,가해운전자 연령,가해운전자 상해정도,피해운전자 차종,피해운전자 성별,피해운전자 연령,피해운전자 상해정도
2017061700100519,2017년 6월 17일 18시,토요일,대구광역시 서구 평리동,부상신고사고,0,0,0,1,차대사람 - 차도통행중,안전운전불이행,건조,맑음,단일로 - 기타,기타불명,기타불명,미분류,기타불명,보행자,여,45세,부상신고
2017061700100561,2017년 6월 17일 19시,토요일,대구광역시 달성군 유가면,중상사고,0,1,0,0,차대차 - 정면충돌,신호위반,건조,맑음,교차로 - 교차로안,승용,남,35세,상해없음,이륜,남,39세,중상
2017061700100562,2017년 6월 17일 19시,토요일,대구광역시 서구 내당동,중상사고,0,1,0,0,차대차 - 측면충돌,안전운전불이행,건조,맑음,단일로 - 기타,화물,남,54세,상해없음,이륜,남,28세,중상
2017061700100563,2017년 6월 17일 19시,토요일,대구광역시 달서구 두류동,경상사고,0,0,4,0,차대차 - 측면충돌,안전운전불이행,건조,맑음,교차로 - 교차로안,승용,여,58세,상해없음,승용,남,21세,경상
2017061700100564,2017년 6월 17일 19시,토요일,대구광역시 북구 사수동,부상신고사고,0,0,0,1,차대차 - 기타,안전운전불이행,건조,맑음,교차로 - 교차로부근,이륜,남,17세,부상신고,승용,여,38세,상해없음
2017061700100597,2017년 6월 17일 20시,토요일,대구광역시 동구 봉무동,부상신고사고,0,0,0,1,차대차 - 측면충돌,신호위반,건조,맑음,교차로 - 교차로안,자전거,남,65세,부상신고,승용,여,46세,상해없음
2017061700100598,2017년 6월 17일 20시,토요일,대구광역시 북구 칠성동2가,경상사고,0,0,1,0,차대차 - 측면충돌,안전거리미확보,건조,맑음,단일로 - 기타,승용,남,61세,상해없음,원동기,남,32세,경상
2017061700100599,2017년 6월 17일 20시,토요일,대구광역시 달서구 호산동,경상사고,0,0,1,0,차대사람 - 길가장자리구역통행중,안전운전불이행,건조,맑음,교차로 - 교차로부근,화물,남,56세,상해없음,보행자,여,54세,경상
2017061700100632,2017년 6월 17일 21시,토요일,대구광역시 서구 이현동,중상사고,0,1,0,0,차대사람 - 횡단중,안전운전불이행,건조,맑음,단일로 - 기타,승용,남,31세,상해없음,보행자,남,60세,중상
2017061700100633,2017년 6월 17일 21시,토요일,대구광역시 중구 삼덕동1가,부상신고사고,0,0,0,1,차대사람 - 횡단중,안전운전불이행,건조,맑음,단일로 - 기타,승용,여,29세,상해없음,보행자,여,21세,부상신고
2017061700100679,2017년 6월 17일 23시,토요일,대구광역시 달서구 본동,경상사고,0,0,2,0,차대차 - 추돌,안전운전불이행,건조,맑음,교차로 - 교차로부근,승용,남,50세,상해없음,승용,남,59세,경상
2017061800100024,2017년 6월 18일 00시,일요일,대구광역시 북구 복현동,경상사고,0,0,1,0,차대차 - 측면충돌,안전운전불이행,건조,맑음,단일로 - 기타,승용,남,41세,상해없음,승용,남,29세,경상
2017061800100038,2017년 6월 18일 01시,일요일,대구광역시 북구 읍내동,중상사고,0,1,0,0,차대사람 - 횡단중,보행자보호의무위반,건조,맑음,교차로 - 교차로횡단보도내,승용,남,65세,상해없음,보행자,남,46세,중상
2017061800100051,2017년 6월 18일 02시,일요일,대구광역시 수성구 범어동,중상사고,0,1,0,0,차대차 - 측면충돌,안전거리미확보,건조,맑음,단일로 - 기타,승용,남,51세,상해없음,이륜,남,16세,중상
2017061800100060,2017년 6월 18일 03시,일요일,대구광역시 동구 신천동,중상사고,0,1,0,0,차대사람 - 횡단중,안전운전불이행,건조,맑음,단일로 - 기타,승용,남,47세,상해없음,보행자,여,18세,중상
2017061800100071,2017년 6월 18일 04시,일요일,대구광역시 수성구 상동,중상사고,0,1,0,0,차대차 - 정면충돌,안전운전불이행,건조,맑음,단일로 - 기타,승용,남,27세,상해없음,승용,여,29세,상해없음
2017061800100089,2017년 6월 18일 06시,일요일,대구광역시 동구 신천동,경상사고,0,0,1,0,차대차 - 정면충돌,안전거리미확보,건조,맑음,교차로 - 교차로부근,승용,남,28세,기타불명,화물,남,65세,경상
2017061800100097,2017년 6월 18일 07시,일요일,대구광역시 달서구 죽전동,경상사고,0,0,1,0,차대차 - 추돌,안전운전불이행,건조,맑음,교차로 - 교차로부근,승용,남,43세,상해없음,승용,남,23세,경상
2017061800100121,2017년 6월 18일 09시,일요일,대구광역시 중구 봉산동,경상사고,0,0,1,0,차대차 - 기타,안전운전불이행,건조,맑음,단일로 - 기타,승용,여,49세,상해없음,이륜,남,39세,경상
2017061800100141,2017년 6월 18일 10시,일요일,대구광역시 수성구 연호동,부상신고사고,0,0,0,1,차량단독 - 전도전복,안전운전불이행,건조,맑음,단일로 - 터널,승용,남,40세,부상신고,미분류,미분류,미분류,미분류
2017061800100163,2017년 6월 18일 11시,일요일,대구광역시 수성구 지산동,경상사고,0,0,1,1,차대사람 - 횡단중,안전운전불이행,건조,맑음,단일로 - 기타,개인형이동수단(PM),여,24세,부상신고,보행자,여,73세,경상
2017061800100185,2017년 6월 18일 12시,일요일,대구광역시 달서구 이곡동,경상사고,0,0,1,0,차대차 - 기타,안전운전불이행,건조,맑음,단일로 - 기타,승용,여,61세,상해없음,이륜,남,20세,경상
2017061800100218,2017년 6월 18일 13시,일요일,대구광역시 수성구 범어동,경상사고,0,0,2,1,차대차 - 측면충돌,차로위반,건조,맑음,단일로 - 기타,승용,여,40세,상해없음,승용,여,51세,부상신고
2017061800100247,2017년 6월 18일 14시,일요일,대구광역시 달서구 상인동,경상사고,0,0,1,0,차대사람 - 횡단중,보행자보호의무위반,건조,맑음,교차로 - 교차로안,승용,남,82세,상해없음,보행자,여,48세,경상
2017061800100274,2017년 6월 18일 15시,일요일,대구광역시 수성구 범어동,중상사고,0,1,0,0,차대차 - 정면충돌,신호위반,건조,맑음,단일로 - 기타,이륜,남,25세,상해없음,이륜,남,61세,중상
2017061800100275,2017년 6월 18일 15시,일요일,대구광역시 중구 삼덕동2가,부상신고사고,0,0,0,1,차대차 - 측면충돌,안전운전불이행,건조,맑음,단일로 - 기타,기타불명,기타불명,미분류,기타불명,자전거,남,14세,부상신고
2017061800100276,2017년 6월 18일 15시,일요일,대구광역시 달서구 죽전동,경상사고,0,0,1,0,차대차 - 추돌,안전운전불이행,건조,맑음,단일로 - 기타,승용,남,70세,상해없음,승용,남,53세,경상
2017061800100277,2017년 6월 18일 15시,일요일,대구광역시 북구 서변동,경상사고,0,0,3,0,차대차 - 추돌,안전운전불이행,건조,맑음,단일로 - 터널,승용,남,50세,상해없음,승용,남,50세,경상
2017061800100312,2017년 6월 18일 16시,일요일,대구광역시 달서구 월성동,경상사고,0,0,3,0,차대차 - 측면충돌,교차로운행방법위반,건조,맑음,교차로 - 교차로안,승용,남,63세,상해없음,승용,남,41세,경상
2017061800100340,2017년 6월 18일 17시,일요일,대구광역시 달서구 상인동,경상사고,0,0,1,0,차대차 - 기타,안전운전불이행,건조,맑음,교차로 - 교차로부근,승용,남,28세,상해없음,이륜,남,27세,경상
2017061800100341,2017년 6월 18일 17시,일요일,대구광역시 달성군 옥포면,경상사고,0,0,1,0,차대사람 - 차도통행중,안전운전불이행,건조,맑음,교차로 - 교차로부근,승용,여,63세,상해없음,보행자,여,9세,경상
2017061800100367,2017년 6월 18일 18시,일요일,대구광역시 달서구 월성동,중상사고,0,1,0,0,차량단독 - 공작물충돌,안전운전불이행,건조,맑음,단일로 - 기타,승용,남,54세,중상,,,,
2017061800100368,2017년 6월 18일 18시,일요일,대구광역시 달성군 옥포면,경상사고,0,0,2,0,차대차 - 추돌,안전운전불이행,건조,맑음,교차로 - 교차로안,화물,남,61세,상해없음,화물,남,57세,경상
2017061800100369,2017년 6월 18일 18시,일요일,대구광역시 중구 공평동,경상사고,0,0,1,0,차대사람 - 길가장자리구역통행중,안전운전불이행,건조,맑음,단일로 - 기타,승용,남,22세,상해없음,보행자,여,23세,경상
2017061800100370,2017년 6월 18일 18시,일요일,대구광역시 달서구 호산동,경상사고,0,0,1,0,차대차 - 측면충돌,안전운전불이행,건조,맑음,교차로 - 교차로안,승용,남,58세,상해없음,승용,남,51세,경상
2017061800100394,2017년 6월 18일 19시,일요일,대구광역시 남구 대명동,경상사고,0,0,2,1,차대차 - 정면충돌,교차로운행방법위반,건조,맑음,교차로 - 교차로안,승용,남,58세,부상신고,승용,여,55세,경상
2017061800100395,2017년 6월 18일 19시,일요일,대구광역시 북구 복현동,부상신고사고,0,0,0,1,차대사람 - 횡단중,안전운전불이행,건조,맑음,교차로 - 교차로안,승용,남,29세,상해없음,보행자,남,19세,부상신고
2017061800100396,2017년 6월 18일 19시,일요일,대구광역시 달서구 용산동,경상사고,0,0,2,0,차대차 - 측면충돌,안전거리미확보,건조,흐림,단일로 - 기타,승용,남,48세,상해없음,승용,남,22세,경상
2017061800100397,2017년 6월 18일 19시,일요일,대구광역시 북구 태전동,중상사고,0,1,1,0,차대사람 - 횡단중,안전운전불이행,건조,맑음,단일로 - 기타,자전거,남,16세,경상,보행자,남,69세,중상
2017061800100421,2017년 6월 18일 20시,일요일,대구광역시 북구 노원동3가,부상신고사고,0,0,0,1,차대차 - 기타,안전운전불이행,건조,맑음,단일로 - 기타,자전거,남,47세,부상신고,자전거,남,45세,상해없음
2017061800100422,2017년 6월 18일 20시,일요일,대구광역시 북구 대현동,경상사고,0,0,1,0,차대사람 - 횡단중,안전운전불이행,건조,맑음,교차로 - 교차로횡단보도내,화물,남,23세,상해없음,보행자,남,37세,경상
2017061800100453,2017년 6월 18일 21시,일요일,대구광역시 수성구 범어동,중상사고,0,1,0,0,차대차 - 측면충돌,불법유턴,건조,맑음,교차로 - 교차로횡단보도내,승용,여,43세,상해없음,원동기,남,24세,중상
2017061800100454,2017년 6월 18일 21시,일요일,대구광역시 달서구 두류동,경상사고,0,0,1,0,차대차 - 추돌,안전운전불이행,건조,맑음,단일로 - 기타,승용,남,44세,상해없음,승용,남,40세,경상
2017061800100475,2017년 6월 18일 22시,일요일,대구광역시 북구 침산동,경상사고,0,0,1,0,차대차 - 측면충돌,안전운전불이행,건조,맑음,교차로 - 교차로횡단보도내,화물,남,50세,상해없음,자전거,남,65세,경상
2017061800100489,2017년 6월 18일 23시,일요일,대구광역시 동구 불로동,경상사고,0,0,1,0,차대차 - 정면충돌,중앙선침범,건조,맑음,기타 - 기타,승용,남,32세,상해없음,승용,남,34세,경상
2017061800100490,2017년 6월 18일 23시,일요일,대구광역시 수성구 수성동3가,경상사고,0,0,1,0,차대차 - 정면충돌,신호위반,건조,맑음,교차로 - 교차로안,이륜,남,21세,상해없음,승용,남,61세,상해없음
2017061900100030,2017년 6월 19일 00시,월요일,대구광역시 북구 칠성동2가,중상사고,0,2,0,0,차량단독 - 공작물충돌,안전운전불이행,건조,맑음,교차로 - 교차로안,이륜,남,15세,중상,,,,
2017061900100046,2017년 6월 19일 01시,월요일,대구광역시 달서구 신당동,경상사고,0,0,1,0,차대사람 - 기타,안전운전불이행,건조,맑음,교차로 - 교차로안,승용,남,20세,상해없음,보행자,여,21세,경상
2017061900100056,2017년 6월 19일 03시,월요일,대구광역시 동구 효목동,경상사고,0,0,1,0,차량단독 - 전도전복 - 전도,안전운전불이행,건조,맑음,단일로 - 기타,원동기,남,17세,경상,,,,
2017061900100057,2017년 6월 19일 03시,월요일,대구광역시 서구 비산동,경상사고,0,0,2,0,차대차 - 측면충돌,신호위반,건조,맑음,교차로 - 교차로안,이륜,남,20세,경상,승용,남,35세,경상
2017061900100086,2017년 6월 19일 06시,월요일,대구광역시 북구 산격동,경상사고,0,0,1,0,차대사람 - 횡단중,안전운전불이행,건조,맑음,교차로 - 교차로안,화물,남,73세,상해없음,보행자,남,57세,경상
2017061900100087,2017년 6월 19일 06시,월요일,대구광역시 중구 남산동,경상사고,0,0,1,0,차대차 - 기타,안전운전불이행,건조,맑음,기타 - 기타,승용,남,42세,상해없음,승용,여,30세,경상
2017061900100116,2017년 6월 19일 07시,월요일,대구광역시 동구 방촌동,경상사고,0,0,1,0,차대사람 - 차도통행중,안전운전불이행,건조,맑음,단일로 - 기타,승용,여,44세,상해없음,보행자,남,24세,경상
2017061900100117,2017년 6월 19일 07시,월요일,대구광역시 수성구 연호동,경상사고,0,0,1,0,차대차 - 추돌,안전운전불이행,건조,맑음,단일로 - 기타,승용,남,58세,상해없음,승용,여,44세,경상
2017061900100118,2017년 6월 19일 07시,월요일,대구광역시 수성구 황금동,경상사고,0,0,1,0,차대차 - 추돌,안전운전불이행,건조,맑음,단일로 - 기타,승용,여,52세,상해없음,승용,남,52세,경상
2017061900100119,2017년 6월 19일 07시,월요일,대구광역시 달서구 두류동,중상사고,0,1,0,0,차대사람 - 횡단중,안전운전불이행,건조,맑음,단일로 - 기타,승용,여,52세,상해없음,보행자,남,80세,중상
2017061900100120,2017년 6월 19일 07시,월요일,대구광역시 달서구 갈산동,중상사고,0,1,0,0,차대차 - 측면충돌,직진우회전진행방해,건조,맑음,교차로 - 교차로안,승용,남,35세,상해없음,자전거,남,36세,중상
2017061900100121,2017년 6월 19일 07시,월요일,대구광역시 달서구 감삼동,중상사고,0,1,0,0,차대차 - 후진중충돌,안전운전불이행,건조,맑음,단일로 - 기타,승용,남,47세,상해없음,이륜,남,50세,상해없음
2017061900100122,2017년 6월 19일 07시,월요일,대구광역시 달서구 갈산동,부상신고사고,0,0,0,2,차대차 - 측면충돌,안전운전불이행,건조,맑음,교차로 - 교차로안,승용,남,51세,상해없음,이륜,남,25세,부상신고
2017061900100123,2017년 6월 19일 07시,월요일,대구광역시 북구 읍내동,중상사고,0,1,0,0,차대차 - 측면충돌,안전거리미확보,건조,맑음,단일로 - 기타,자전거,남,79세,중상,승용,여,40세,상해없음
2017061900100124,2017년 6월 19일 07시,월요일,대구광역시 북구 구암동,경상사고,0,0,2,0,차대차 - 측면충돌,교차로운행방법위반,건조,맑음,교차로 - 교차로안,승용,남,54세,상해없음,승용,남,62세,상해없음
2017061900100174,2017년 6월 19일 08시,월요일,대구광역시 수성구 만촌동,중상사고,0,1,0,0,차대사람 - 횡단중,보행자보호의무위반,건조,맑음,교차로 - 교차로횡단보도내,승용,여,41세,상해없음,보행자,여,65세,중상
2017061900100175,2017년 6월 19일 08시,월요일,대구광역시 달서구 대곡동,경상사고,0,0,2,0,차대차 - 측면충돌,직진우회전진행방해,건조,맑음,교차로 - 교차로안,승용,여,41세,경상,승용,여,55세,경상
2017061900100176,2017년 6월 19일 08시,월요일,대구광역시 달서구 호림동,중상사고,0,1,0,0,차대차 - 측면충돌,신호위반,건조,맑음,교차로 - 교차로안,승용,남,74세,상해없음,승용,남,34세,중상
2017061900100177,2017년 6월 19일 08시,월요일,대구광역시 달서구 신당동,경상사고,0,0,1,0,차대차 - 측면충돌,안전운전불이행,건조,맑음,단일로 - 기타,자전거,남,32세,경상,승용,여,41세,상해없음
2017061900100178,2017년 6월 19일 08시,월요일,대구광역시 북구 구암동,경상사고,0,0,3,0,차대차 - 측면충돌,안전거리미확보,건조,맑음,단일로 - 기타,승용,여,43세,경상,승용,남,57세,경상
2017061900100209,2017년 6월 19일 09시,월요일,대구광역시 달서구 월성동,경상사고,0,0,1,0,차대차 - 측면충돌,안전운전불이행,건조,맑음,교차로 - 교차로부근,이륜,남,42세,경상,승용,남,44세,상해없음
2017061900100237,2017년 6월 19일 10시,월요일,대구광역시 동구 신암동,경상사고,0,0,1,0,차대사람 - 차도통행중,안전운전불이행,건조,맑음,단일로 - 기타,승용,여,44세,상해없음,보행자,여,77세,경상
2017061900100238,2017년 6월 19일 10시,월요일,대구광역시 동구 중대동,경상사고,0,0,2,0,차대차 - 측면충돌,교차로운행방법위반,건조,맑음,교차로 - 교차로안,승용,여,57세,경상,승용,여,58세,경상
2017061900100239,2017년 6월 19일 10시,월요일,대구광역시 북구 학정동,경상사고,0,0,1,0,차대사람 - 횡단중,안전운전불이행,건조,맑음,교차로 - 교차로안,화물,남,45세,상해없음,보행자,여,29세,경상
2017061900100240,2017년 6월 19일 10시,월요일,대구광역시 북구 읍내동,경상사고,0,0,4,0,차대차 - 추돌,안전거리미확보,건조,맑음,단일로 - 기타,화물,남,27세,상해없음,승용,여,41세,경상
2017061900100270,2017년 6월 19일 11시,월요일,대구광역시 중구 상서동,경상사고,0,0,1,0,차대차 - 측면충돌,안전거리미확보,건조,맑음,단일로 - 기타,승용,남,58세,상해없음,이륜,남,31세,경상
2017061900100322,2017년 6월 19일 13시,월요일,대구광역시 수성구 상동,중상사고,0,1,0,0,차대차 - 정면충돌,신호위반,건조,맑음,교차로 - 교차로횡단보도내,기타불명,기타불명,미분류,기타불명,자전거,남,28세,중상
2017061900100353,2017년 6월 19일 14시,월요일,대구광역시 수성구 만촌동,경상사고,0,0,1,0,차대사람 - 횡단중,보행자보호의무위반,건조,맑음,단일로 - 기타,승합,남,58세,상해없음,보행자,남,8세,경상
2017061900100354,2017년 6월 19일 14시,월요일,대구광역시 달서구 상인동,경상사고,0,0,3,0,차대차 - 측면충돌,직진우회전진행방해,건조,맑음,교차로 - 교차로안,승용,여,38세,경상,승용,남,53세,경상
2017061900100404,2017년 6월 19일 15시,월요일,대구광역시 달성군 화원읍,중상사고,0,1,0,0,차대사람 - 기타,안전운전불이행,건조,맑음,교차로 - 교차로부근,개인형이동수단(PM),여,78세,상해없음,보행자,여,82세,중상
2017061900100405,2017년 6월 19일 15시,월요일,대구광역시 북구 관음동,부상신고사고,0,0,0,1,차대차 - 측면충돌,안전운전불이행,젖음/습기,흐림,단일로 - 기타,자전거,여,32세,부상신고,승용,남,30세,상해없음
2017061900100450,2017년 6월 19일 16시,월요일,대구광역시 동구 지저동,경상사고,0,0,1,0,차대사람 - 횡단중,신호위반,건조,맑음,단일로 - 기타,이륜,남,37세,상해없음,보행자,여,77세,경상
2017061900100451,2017년 6월 19일 16시,월요일,대구광역시 북구 산격동,중상사고,0,1,0,0,차대차 - 측면충돌,기타,건조,맑음,단일로 - 기타,승용,남,64세,상해없음,이륜,남,26세,중상
2017061900100452,2017년 6월 19일 16시,월요일,대구광역시 중구 남산동,중상사고,0,1,0,0,차대사람 - 횡단중,기타,건조,맑음,단일로 - 기타,승용,남,25세,상해없음,보행자,여,78세,중상
2017061900100495,2017년 6월 19일 17시,월요일,대구광역시 달서구 대천동,경상사고,0,0,1,0,차대사람 - 횡단중,안전운전불이행,건조,맑음,교차로 - 교차로안,승용,여,54세,상해없음,보행자,남,11세,경상
2017061900100496,2017년 6월 19일 17시,월요일,대구광역시 북구 대현동,경상사고,0,0,1,0,차대차 - 기타,안전운전불이행,건조,맑음,단일로 - 기타,승용,남,69세,상해없음,이륜,남,35세,경상
2017061900100497,2017년 6월 19일 17시,월요일,대구광역시 달서구 용산동,경상사고,0,0,1,0,차대차 - 측면충돌,안전운전불이행,건조,맑음,교차로 - 교차로부근,이륜,남,27세,상해없음,이륜,남,28세,경상
2017061900100559,2017년 6월 19일 19시,월요일,대구광역시 남구 대명동,중상사고,0,1,1,0,차대차 - 추돌,안전거리미확보,건조,맑음,교차로 - 교차로부근,승용,남,42세,상해없음,승용,남,66세,상해없음
2017061900100588,2017년 6월 19일 20시,월요일,대구광역시 달서구 장기동,중상사고,0,1,0,0,차대차 - 추돌,안전운전불이행,건조,흐림,단일로 - 기타,원동기,남,52세,중상,승용,남,47세,상해없음
2017061900100616,2017년 6월 19일 21시,월요일,대구광역시 달성군 화원읍,경상사고,0,0,1,0,차대사람 - 기타,안전운전불이행,건조,맑음,단일로 - 기타,승합,남,42세,상해없음,보행자,여,57세,경상
2017061900100647,2017년 6월 19일 22시,월요일,대구광역시 동구 신천동,부상신고사고,0,0,0,1,차대차 - 기타,안전운전불이행,건조,맑음,교차로 - 교차로부근,승용,남,46세,상해없음,이륜,남,39세,부상신고
2017061900100664,2017년 6월 19일 23시,월요일,대구광역시 달서구 유천동,경상사고,0,0,2,0,차대차 - 측면충돌,안전운전불이행,건조,맑음,단일로 - 기타,승용,여,43세,상해없음,승용,남,35세,경상
2017061900100665,2017년 6월 19일 23시,월요일,대구광역시 달서구 용산동,사망사고,1,2,0,0,차량단독 - 공작물충돌,안전운전불이행,건조,맑음,기타 - 기타,승용,여,21세,중상,,,,
2017062000100032,2017년 6월 20일 00시,화요일,대구광역시 달서구 용산동,중상사고,0,1,0,0,차대사람 - 횡단중,보행자보호의무위반,건조,맑음,단일로 - 기타,화물,남,58세,상해없음,보행자,여,78세,중상
2017062000100056,2017년 6월 20일 03시,화요일,대구광역시 달성군 화원읍,부상신고사고,0,0,0,1,차대차 - 정면충돌,안전운전불이행,건조,맑음,단일로 - 교량,승용,남,28세,부상신고,승용,남,35세,상해없음
2017062000100062,2017년 6월 20일 05시,화요일,대구광역시 서구 평리동,사망사고,1,0,0,0,차대사람 - 횡단중,기타,건조,맑음,교차로 - 교차로안,승용,남,57세,상해없음,보행자,남,60세,사망
2017062000100097,2017년 6월 20일 07시,화요일,대구광역시 달성군 구지면,중상사고,0,1,0,0,차대차 - 측면충돌,안전운전불이행,건조,맑음,교차로 - 교차로안,승용,남,55세,기타불명,승용,남,24세,중상
2017062000100140,2017년 6월 20일 08시,화요일,대구광역시 수성구 황금동,중상사고,0,1,1,0,차대차 - 측면충돌,안전거리미확보,건조,맑음,단일로 - 기타,승용,여,33세,경상,승용,여,40세,중상
2017062000100196,2017년 6월 20일 10시,화요일,대구광역시 달서구 월암동,중상사고,0,1,1,0,차대차 - 측면충돌,안전운전불이행,건조,맑음,단일로 - 기타,승용,여,62세,경상,이륜,남,30세,중상
2017062000100197,2017년 6월 20일 10시,화요일,대구광역시 달성군 옥포면,경상사고,0,0,1,0,차대사람 - 횡단중,안전운전불이행,건조,맑음,단일로 - 기타,자전거,여,58세,경상,보행자,남,52세,상해없음
2017062000100198,2017년 6월 20일 10시,화요일,대구광역시 서구 내당동,중상사고,0,1,0,0,차대차 - 측면충돌,신호위반,건조,맑음,단일로 - 기타,승용,남,67세,상해없음,이륜,남,73세,중상
2017062000100321,2017년 6월 20일 14시,화요일,대구광역시 동구 율암동,경상사고,0,0,1,0,차대차 - 측면충돌,안전운전불이행,건조,맑음,단일로 - 기타,승용,남,25세,상해없음,승용,여,45세,경상
2017062000100322,2017년 6월 20일 14시,화요일,대구광역시 수성구 범어동,경상사고,0,0,1,0,차대차 - 측면충돌,안전운전불이행,건조,맑음,교차로 - 교차로안,승용,남,27세,상해없음,이륜,남,28세,경상
2017062000100357,2017년 6월 20일 15시,화요일,대구광역시 수성구 수성동1가,중상사고,0,1,0,0,차대차 - 정면충돌,기타,건조,맑음,단일로 - 기타,승용,남,53세,상해없음,이륜,남,74세,중상
2017062000100358,2017년 6월 20일 15시,화요일,대구광역시 수성구 범어동,경상사고,0,0,1,0,차대차 - 정면충돌,안전운전불이행,건조,맑음,단일로 - 기타,승용,여,42세,상해없음,승용,여,56세,경상
2017062000100359,2017년 6월 20일 15시,화요일,대구광역시 중구 남산동,경상사고,0,0,1,0,차대차 - 추돌,안전운전불이행,건조,맑음,교차로 - 교차로부근,승용,남,66세,상해없음,이륜,남,35세,경상
2017062000100360,2017년 6월 20일 15시,화요일,대구광역시 북구 구암동,중상사고,0,1,4,1,차대차 - 추돌,안전운전불이행,건조,맑음,단일로 - 기타,승용,여,69세,경상,승용,남,52세,경상
2017062000100387,2017년 6월 20일 16시,화요일,대구광역시 달성군 화원읍,중상사고,0,1,0,0,차대사람 - 횡단중,신호위반,건조,맑음,교차로 - 교차로안,승용,남,33세,상해없음,보행자,여,58세,중상
2017062000100388,2017년 6월 20일 16시,화요일,대구광역시 달성군 현풍면,중상사고,0,1,1,0,차대차 - 정면충돌,안전운전불이행,건조,맑음,단일로 - 기타,화물,남,51세,상해없음,승용,남,53세,경상
2017062000100389,2017년 6월 20일 16시,화요일,대구광역시 서구 비산동,중상사고,0,1,0,0,차대차 - 측면충돌,안전운전불이행,건조,맑음,기타 - 기타,승용,남,49세,상해없음,자전거,남,68세,중상
2017062000100390,2017년 6월 20일 16시,화요일,대구광역시 중구 삼덕동3가,중상사고,0,1,0,0,차대차 - 추돌,안전운전불이행,건조,맑음,단일로 - 기타,화물,남,66세,상해없음,자전거,남,90세 이상,중상
2017062000100391,2017년 6월 20일 16시,화요일,대구광역시 북구 구암동,경상사고,0,0,1,1,차대차 - 측면충돌,교차로운행방법위반,건조,맑음,교차로 - 교차로안,승용,남,62세,부상신고,승합,남,38세,경상
2017062000100438,2017년 6월 20일 17시,화요일,대구광역시 북구 칠성동1가,경상사고,0,0,1,0,차대사람 - 횡단중,안전운전불이행,건조,맑음,단일로 - 기타,자전거,여,52세,상해없음,보행자,여,58세,경상
2017062000100439,2017년 6월 20일 17시,화요일,대구광역시 달서구 신당동,경상사고,0,0,1,0,차대차 - 기타,안전운전불이행,건조,맑음,단일로 - 기타,승용,남,41세,상해없음,원동기,남,29세,경상
2017062000100440,2017년 6월 20일 17시,화요일,대구광역시 북구 태전동,경상사고,0,0,1,0,차대차 - 측면충돌,교차로운행방법위반,건조,맑음,교차로 - 교차로안,승용,여,40세,상해없음,원동기,남,20세,경상
2017062000100477,2017년 6월 20일 18시,화요일,대구광역시 남구 대명동,중상사고,0,1,0,0,차대사람 - 횡단중,신호위반,건조,맑음,기타 - 기타,승용,여,60세,상해없음,보행자,남,7세,중상
2017062000100478,2017년 6월 20일 18시,화요일,대구광역시 동구 신암동,중상사고,0,1,0,0,차대사람 - 횡단중,안전운전불이행,건조,맑음,단일로 - 기타,승용,남,65세,상해없음,보행자,여,41세,중상
2017062000100515,2017년 6월 20일 19시,화요일,대구광역시 서구 중리동,중상사고,0,1,0,0,차대차 - 측면충돌,직진우회전진행방해,건조,맑음,교차로 - 교차로안,승용,남,53세,상해없음,승합,남,42세,상해없음
2017062000100516,2017년 6월 20일 19시,화요일,대구광역시 달서구 감삼동,경상사고,0,0,1,0,차대사람 - 횡단중,보행자보호의무위반,건조,맑음,교차로 - 교차로횡단보도내,이륜,남,26세,상해없음,보행자,남,11세,경상
2017062000100538,2017년 6월 20일 20시,화요일,대구광역시 남구 대명동,경상사고,0,0,1,0,차대차 - 정면충돌,중앙선침범,젖음/습기,맑음,단일로 - 기타,승용,남,27세,상해없음,이륜,남,32세,경상
2017062000100539,2017년 6월 20일 20시,화요일,대구광역시 달서구 진천동,부상신고사고,0,0,0,1,차대사람 - 횡단중,기타,건조,맑음,기타 - 기타,승용,남,60세,상해없음,보행자,남,54세,부상신고
2017062000100540,2017년 6월 20일 20시,화요일,대구광역시 달서구 본리동,경상사고,0,0,1,0,차대차 - 측면충돌,안전운전불이행,건조,맑음,교차로 - 교차로부근,이륜,남,21세,상해없음,이륜,남,34세,경상
2017062000100541,2017년 6월 20일 20시,화요일,대구광역시 달서구 감삼동,경상사고,0,0,1,0,차대사람 - 횡단중,안전운전불이행,적설,비,단일로 - 기타,이륜,남,18세,상해없음,보행자,남,51세,경상
2017062000100542,2017년 6월 20일 20시,화요일,대구광역시 북구 관음동,중상사고,0,1,0,0,차대차 - 측면충돌,교차로운행방법위반,젖음/습기,비,교차로 - 교차로안,승용,남,23세,상해없음,화물,남,56세,중상
2017062000100584,2017년 6월 20일 21시,화요일,대구광역시 수성구 상동,중상사고,0,2,1,0,차대차 - 추돌,안전운전불이행,젖음/습기,비,단일로 - 기타,화물,남,54세,상해없음,승용,여,40세,중상
2017062000100585,2017년 6월 20일 21시,화요일,대구광역시 달서구 용산동,경상사고,0,0,1,0,차대차 - 추돌,안전운전불이행,젖음/습기,비,단일로 - 기타,승용,여,53세,상해없음,승합,남,33세,경상
2017062000100612,2017년 6월 20일 22시,화요일,대구광역시 수성구 만촌동,중상사고,0,1,0,0,차대사람 - 횡단중,기타,젖음/습기,비,단일로 - 기타,화물,남,49세,상해없음,보행자,남,29세,중상