사고번호,사고일시,요일,시군구,사고내용,사망자수,중상자수,경상자수,부상신고자수,사고유형,법규위반,노면상태,기상상태,도로형태,가해운전자 차종,가해운전자 성별,가해운전자 연령,가해운전자 상해정도,피해운전자 차종,피해운전자 성별,피해운전자 연령,피해운전자 상해정도
2017062700100489,2017년 6월 27일 18시,화요일,대구광역시 동구 효목동,경상사고,0,0,1,0,차량단독 - 전도전복 - 전도,안전운전불이행,건조,맑음,기타 - 기타,승용,여,56세,경상,,,,
2017062700100490,2017년 6월 27일 18시,화요일,대구광역시 수성구 만촌동,경상사고,0,0,1,0,차대차 - 기타,안전운전불이행,건조,맑음,기타 - 기타,자전거,남,49세,경상,승용,여,40세,상해없음
2017062700100491,2017년 6월 27일 18시,화요일,대구광역시 수성구 두산동,경상사고,0,0,1,0,차대차 - 측면충돌,안전거리미확보,건조,맑음,단일로 - 기타,승용,남,41세,상해없음,이륜,남,21세,경상
2017062700100492,2017년 6월 27일 18시,화요일,대구광역시 달서구 송현동,중상사고,0,1,0,0,차대사람 - 횡단중,보행자보호의무위반,건조,맑음,교차로 - 교차로안,승용,여,50세,상해없음,보행자,남,60세,중상
2017062700100493,2017년 6월 27일 18시,화요일,대구광역시 달서구 용산동,경상사고,0,0,1,0,차대차 - 측면충돌,안전운전불이행,건조,맑음,단일로 - 기타,화물,남,64세,상해없음,승용,남,49세,경상
2017062700100525,2017년 6월 27일 19시,화요일,대구광역시 달서구 월성동,중상사고,0,1,0,1,차대차 - 측면충돌,차로위반,건조,맑음,단일로 - 기타,승용,남,28세,부상신고,승용,남,28세,중상
2017062700100526,2017년 6월 27일 19시,화요일,대구광역시 달서구 송현동,경상사고,0,0,1,0,차대차 - 측면충돌,신호위반,건조,맑음,교차로 - 교차로부근,이륜,남,17세,상해없음,자전거,남,15세,경상
2017062700100549,2017년 6월 27일 20시,화요일,대구광역시 달서구 신당동,경상사고,0,0,2,0,차대차 - 측면충돌,교차로운행방법위반,건조,맑음,단일로 - 기타,승용,남,41세,상해없음,이륜,남,19세,경상
2017062700100579,2017년 6월 27일 21시,화요일,대구광역시 수성구 상동,경상사고,0,0,1,0,차대차 - 정면충돌,안전운전불이행,건조,맑음,단일로 - 기타,승용,여,52세,상해없음,자전거,남,42세,경상
2017062700100603,2017년 6월 27일 22시,화요일,대구광역시 수성구 두산동,경상사고,0,0,1,0,차대차 - 정면충돌,안전운전불이행,건조,맑음,단일로 - 기타,승용,남,47세,상해없음,승용,남,58세,경상
2017062700100604,2017년 6월 27일 22시,화요일,대구광역시 달서구 죽전동,경상사고,0,0,1,0,차대차 - 측면충돌,안전운전불이행,건조,맑음,단일로 - 기타,승용,남,54세,상해없음,승용,남,61세,경상
2017062800100031,2017년 6월 28일 00시,수요일,대구광역시 서구 내당동,경상사고,0,0,1,0,차대차 - 측면충돌,신호위반,건조,맑음,교차로 - 교차로부근,승합,남,64세,상해없음,승용,여,59세,경상
2017062800100047,2017년 6월 28일 01시,수요일,대구광역시 북구 산격동,경상사고,0,0,1,0,차대차 - 기타,신호위반,건조,맑음,교차로 - 교차로안,화물,남,66세,상해없음,승용,남,43세,경상
2017062800100048,2017년 6월 28일 01시,수요일,대구광역시 달서구 용산동,경상사고,0,0,2,0,차대차 - 후진중충돌,중앙선침범,건조,맑음,단일로 - 기타,승용,남,61세,상해없음,승용,남,55세,경상
2017062800100056,2017년 6월 28일 02시,수요일,대구광역시 북구 매천동,중상사고,0,1,0,0,차대사람 - 횡단중,기타,건조,맑음,단일로 - 기타,이륜,여,44세,상해없음,보행자,남,70세,중상
2017062800100062,2017년 6월 28일 03시,수요일,대구광역시 수성구 두산동,중상사고,0,2,0,0,차대차 - 정면충돌,안전운전불이행,건조,맑음,교차로 - 교차로안,승용,남,25세,상해없음,승용,남,74세,상해없음
2017062800100063,2017년 6월 28일 03시,수요일,대구광역시 달서구 송현동,중상사고,0,1,1,0,차대차 - 측면충돌,안전운전불이행,건조,맑음,단일로 - 기타,원동기,남,18세,경상,원동기,남,17세,중상
2017062800100081,2017년 6월 28일 05시,수요일,대구광역시 동구 도동,경상사고,0,0,1,0,차대차 - 측면충돌,안전운전불이행,건조,맑음,단일로 - 기타,승용,남,34세,상해없음,화물,남,54세,경상
2017062800100110,2017년 6월 28일 07시,수요일,대구광역시 서구 비산동,경상사고,0,0,1,0,차대차 - 측면충돌,안전운전불이행,건조,맑음,단일로 - 기타,이륜,여,56세,상해없음,이륜,남,57세,경상
2017062800100144,2017년 6월 28일 08시,수요일,대구광역시 달서구 본동,중상사고,0,1,0,0,차대차 - 정면충돌,교차로운행방법위반,건조,맑음,교차로 - 교차로안,승용,남,29세,상해없음,승용,여,50세,중상
2017062800100145,2017년 6월 28일 08시,수요일,대구광역시 북구 침산동,경상사고,0,0,1,0,차대차 - 측면충돌,안전거리미확보,건조,맑음,단일로 - 기타,화물,남,45세,상해없음,승용,남,63세,상해없음
2017062800100146,2017년 6월 28일 08시,수요일,대구광역시 북구 국우동,경상사고,0,0,1,1,차대차 - 측면충돌,차로위반,건조,맑음,교차로 - 교차로부근,승용,남,21세,부상신고,승용,여,63세,경상
2017062800100147,2017년 6월 28일 08시,수요일,대구광역시 북구 읍내동,경상사고,0,0,1,0,차대차 - 측면충돌,교차로운행방법위반,건조,맑음,교차로 - 교차로안,승용,여,29세,상해없음,승용,남,59세,경상
2017062800100209,2017년 6월 28일 10시,수요일,대구광역시 북구 노원동2가,경상사고,0,0,1,0,차대차 - 추돌,안전거리미확보,건조,맑음,단일로 - 기타,기타불명,남,미분류,상해없음,승용,남,69세,경상
2017062800100248,2017년 6월 28일 12시,수요일,대구광역시 동구 신암동,경상사고,0,0,1,1,차대차 - 측면충돌,직진우회전진행방해,건조,맑음,교차로 - 교차로안,화물,남,45세,부상신고,승용,여,53세,경상
2017062800100271,2017년 6월 28일 13시,수요일,대구광역시 수성구 수성동4가,중상사고,0,1,0,0,차대사람 - 횡단중,보행자보호의무위반,건조,맑음,단일로 - 기타,승용,남,52세,상해없음,보행자,여,78세,중상
2017062800100272,2017년 6월 28일 13시,수요일,대구광역시 달서구 송현동,중상사고,0,1,0,0,차대사람 - 횡단중,안전운전불이행,건조,맑음,단일로 - 기타,승용,여,45세,상해없음,보행자,여,57세,중상
2017062800100300,2017년 6월 28일 14시,수요일,대구광역시 북구 노원동2가,중상사고,0,1,0,0,차대차 - 기타,안전운전불이행,건조,맑음,단일로 - 기타,승용,남,51세,상해없음,승합,남,53세,상해없음
2017062800100325,2017년 6월 28일 15시,수요일,대구광역시 달서구 본리동,경상사고,0,0,2,0,차대차 - 기타,직진우회전진행방해,건조,맑음,교차로 - 교차로안,원동기,남,16세,경상,승용,남,21세,경상
2017062800100351,2017년 6월 28일 16시,수요일,대구광역시 달서구 상인동,중상사고,0,1,0,0,차대차 - 측면충돌,안전운전불이행,건조,맑음,단일로 - 기타,승용,남,48세,기타불명,이륜,남,56세,중상
2017062800100352,2017년 6월 28일 16시,수요일,대구광역시 중구 대신동,부상신고사고,0,0,0,1,차대차 - 추돌,안전거리미확보,건조,맑음,단일로 - 기타,이륜,남,39세,부상신고,승용,남,73세,상해없음
2017062800100353,2017년 6월 28일 16시,수요일,대구광역시 북구 매천동,중상사고,0,1,0,0,차대차 - 측면충돌,교차로운행방법위반,건조,맑음,교차로 - 교차로안,승용,남,35세,상해없음,자전거,남,78세,중상
2017062800100396,2017년 6월 28일 17시,수요일,대구광역시 수성구 수성동4가,중상사고,0,1,0,0,차대차 - 정면충돌,안전운전불이행,건조,맑음,교차로 - 교차로부근,승용,남,24세,상해없음,승용,남,59세,중상
2017062800100397,2017년 6월 28일 17시,수요일,대구광역시 달성군 옥포면,중상사고,0,1,0,0,차대차 - 정면충돌,안전운전불이행,건조,맑음,교차로 - 교차로부근,승용,여,54세,상해없음,승용,여,38세,중상
2017062800100398,2017년 6월 28일 17시,수요일,대구광역시 달성군 다사읍,경상사고,0,0,1,1,차대차 - 측면충돌,안전거리미확보,건조,맑음,교차로 - 교차로부근,화물,여,59세,부상신고,화물,남,31세,경상
2017062800100399,2017년 6월 28일 17시,수요일,대구광역시 서구 평리동,중상사고,0,1,0,0,차대차 - 측면충돌,안전운전불이행,건조,맑음,단일로 - 기타,이륜,남,51세,중상,화물,남,54세,상해없음
2017062800100400,2017년 6월 28일 17시,수요일,대구광역시 서구 평리동,중상사고,0,1,0,0,차량단독 - 전도전복,안전운전불이행,건조,맑음,단일로 - 기타,이륜,남,16세,중상,미분류,미분류,미분류,미분류
2017062800100444,2017년 6월 28일 18시,수요일,대구광역시 남구 대명동,경상사고,0,0,1,0,차대사람 - 횡단중,안전운전불이행,건조,맑음,기타 - 기타,승용,여,46세,상해없음,보행자,여,11세,경상
2017062800100445,2017년 6월 28일 18시,수요일,대구광역시 달서구 상인동,경상사고,0,0,2,0,차대차 - 추돌,안전운전불이행,건조,맑음,단일로 - 기타,화물,남,57세,상해없음,승용,남,33세,경상
2017062800100446,2017년 6월 28일 18시,수요일,대구광역시 달서구 상인동,부상신고사고,0,0,0,1,차대차 - 측면충돌,안전운전불이행,건조,맑음,교차로 - 교차로부근,승용,남,62세,상해없음,원동기,남,53세,부상신고
2017062800100447,2017년 6월 28일 18시,수요일,대구광역시 서구 비산동,중상사고,0,1,0,0,차대사람 - 길가장자리구역통행중,안전운전불이행,건조,맑음,교차로 - 교차로안,승용,남,58세,상해없음,보행자,여,68세,중상
2017062800100448,2017년 6월 28일 18시,수요일,대구광역시 중구 동인동4가,중상사고,0,1,0,1,차대차 - 측면충돌,안전거리미확보,건조,맑음,교차로 - 교차로부근,승용,여,32세,부상신고,승용,남,23세,중상
2017062800100449,2017년 6월 28일 18시,수요일,대구광역시 북구 읍내동,경상사고,0,0,1,0,차량단독 - 기타,안전운전불이행,건조,맑음,단일로 - 기타,자전거,남,67세,경상,,,,
2017062800100488,2017년 6월 28일 19시,수요일,대구광역시 달서구 본리동,경상사고,0,0,1,0,차대차 - 측면충돌,안전운전불이행,건조,맑음,단일로 - 기타,승용,남,55세,상해없음,자전거,남,9세,경상
2017062800100514,2017년 6월 28일 20시,수요일,대구광역시 달서구 신당동,중상사고,0,1,1,0,차대사람 - 횡단중,신호위반,건조,맑음,단일로 - 기타,이륜,남,18세,경상,보행자,여,56세,중상
2017062800100574,2017년 6월 28일 22시,수요일,대구광역시 중구 시장북로,중상사고,0,1,1,0,차대차 - 측면충돌,직진우회전진행방해,건조,맑음,교차로 - 교차로안,승용,남,65세,상해없음,이륜,남,24세,중상
2017062800100593,2017년 6월 28일 23시,수요일,대구광역시 중구 삼덕동2가,중상사고,0,1,4,0,차대차 - 측면충돌,안전거리미확보,건조,맑음,교차로 - 교차로부근,승용,남,28세,상해없음,승용,남,41세,경상
2017062900100031,2017년 6월 29일 00시,목요일,대구광역시 서구 내당동,중상사고,0,1,1,0,차대차 - 측면충돌,안전거리미확보,건조,맑음,단일로 - 기타,승용,남,28세,상해없음,승용,남,54세,중상
2017062900100039,2017년 6월 29일 01시,목요일,대구광역시 북구 복현동,부상신고사고,0,0,0,2,차대차 - 기타,안전운전불이행,건조,맑음,교차로 - 교차로부근,승용,남,43세,상해없음,승용,남,50세,부상신고
2017062900100060,2017년 6월 29일 04시,목요일,대구광역시 달서구 송현동,중상사고,0,2,0,0,차대사람 - 횡단중,안전운전불이행,건조,맑음,단일로 - 기타,승용,남,55세,상해없음,보행자,남,24세,중상
2017062900100077,2017년 6월 29일 06시,목요일,대구광역시 달서구 호산동,부상신고사고,0,0,0,1,차대차 - 기타,안전운전불이행,건조,맑음,교차로 - 교차로안,이륜,남,20세,부상신고,승용,남,29세,상해없음
2017062900100127,2017년 6월 29일 08시,목요일,대구광역시 서구 상리동,중상사고,0,1,0,0,차대사람 - 횡단중,안전운전불이행,건조,맑음,단일로 - 기타,승용,남,73세,상해없음,보행자,여,49세,중상
2017062900100132,2017년 6월 29일 08시,목요일,대구광역시 중구 동인동4가,중상사고,0,1,1,0,차대차 - 측면충돌,안전운전불이행,건조,맑음,단일로 - 기타,승용,남,31세,상해없음,승용,남,64세,중상
2017062900100160,2017년 6월 29일 09시,목요일,대구광역시 수성구 두산동,경상사고,0,0,1,0,차대차 - 기타,안전거리미확보,건조,맑음,단일로 - 기타,승용,남,62세,상해없음,승합,남,47세,상해없음
2017062900100161,2017년 6월 29일 09시,목요일,대구광역시 달서구 대곡동,경상사고,0,0,1,0,차대차 - 측면충돌,차로위반,건조,맑음,단일로 - 기타,승용,남,69세,상해없음,승용,여,53세,경상
2017062900100189,2017년 6월 29일 10시,목요일,대구광역시 동구 율하동,부상신고사고,0,0,0,2,차대차 - 추돌,안전거리미확보,건조,맑음,단일로 - 기타,승용,여,23세,상해없음,승용,여,31세,부상신고
2017062900100190,2017년 6월 29일 10시,목요일,대구광역시 서구 평리동,중상사고,0,1,0,0,차대차 - 측면충돌,교차로운행방법위반,건조,맑음,교차로 - 교차로안,승용,여,36세,상해없음,자전거,남,70세,중상
2017062900100213,2017년 6월 29일 11시,목요일,대구광역시 수성구 가천동,경상사고,0,0,1,0,차대차 - 측면충돌,안전운전불이행,건조,맑음,교차로 - 교차로안,이륜,남,80세,경상,승용,남,28세,상해없음
2017062900100214,2017년 6월 29일 11시,목요일,대구광역시 수성구 수성동3가,경상사고,0,0,1,1,차대차 - 측면충돌,안전거리미확보,건조,맑음,단일로 - 기타,승용,여,67세,부상신고,승용,남,21세,경상
2017062900100288,2017년 6월 29일 14시,목요일,대구광역시 서구 비산동,중상사고,0,1,0,0,차대차 - 측면충돌,안전거리미확보,건조,맑음,단일로 - 기타,승용,여,33세,상해없음,승용,남,78세,중상
2017062900100321,2017년 6월 29일 15시,목요일,대구광역시 달서구 송현동,경상사고,0,0,1,0,차대차 - 측면충돌,안전운전불이행,건조,맑음,단일로 - 기타,승용,여,19세,상해없음,승용,여,37세,경상
2017062900100322,2017년 6월 29일 15시,목요일,대구광역시 중구 삼덕동3가,경상사고,0,0,1,0,차량단독 - 기타,안전운전불이행,건조,맑음,단일로 - 기타,승용,남,64세,상해없음,,,,
2017062900100358,2017년 6월 29일 16시,목요일,대구광역시 남구 대명동,경상사고,0,0,1,0,차대사람 - 횡단중,안전운전불이행,건조,맑음,단일로 - 기타,승용,남,66세,상해없음,보행자,여,13세,경상
2017062900100359,2017년 6월 29일 16시,목요일,대구광역시 동구 율하동,부상신고사고,0,0,0,1,차대차 - 측면충돌,안전운전불이행,건조,맑음,기타 - 기타,자전거,남,8세,부상신고,승용,여,40세,상해없음
2017062900100360,2017년 6월 29일 16시,목요일,대구광역시 달서구 상인동,경상사고,0,0,1,0,차대차 - 측면충돌,안전운전불이행,건조,맑음,교차로 - 교차로안,이륜,남,28세,상해없음,자전거,남,43세,경상
2017062900100361,2017년 6월 29일 16시,목요일,대구광역시 북구 침산동,중상사고,0,1,0,0,차대사람 - 차도통행중,신호위반,건조,맑음,교차로 - 교차로횡단보도내,승용,남,24세,상해없음,보행자,남,5세,중상
2017062900100362,2017년 6월 29일 16시,목요일,대구광역시 중구 대신동,부상신고사고,0,0,0,1,차대차 - 정면충돌,안전운전불이행,건조,맑음,단일로 - 기타,자전거,남,14세,부상신고,승용,남,34세,상해없음
2017062900100400,2017년 6월 29일 17시,목요일,대구광역시 달성군 다사읍,경상사고,0,0,1,0,차대차 - 정면충돌,차로위반,건조,맑음,교차로 - 교차로부근,건설기계,남,68세,상해없음,승용,여,34세,경상
2017062900100401,2017년 6월 29일 17시,목요일,대구광역시 서구 내당동,경상사고,0,0,2,0,차대차 - 측면충돌,직진우회전진행방해,건조,맑음,교차로 - 교차로안,승용,남,64세,상해없음,승합,남,60세,경상
2017062900100402,2017년 6월 29일 17시,목요일,대구광역시 서구 원대동1가,경상사고,0,0,1,0,차대차 - 측면충돌,차로위반,건조,맑음,교차로 - 교차로부근,승용,여,41세,상해없음,승용,남,44세,경상
2017062900100443,2017년 6월 29일 18시,목요일,대구광역시 동구 동호동,중상사고,0,1,0,0,차대차 - 측면충돌,안전운전불이행,건조,맑음,기타 - 기타,자전거,여,44세,중상,승용,여,50세,상해없음
2017062900100444,2017년 6월 29일 18시,목요일,대구광역시 동구 신기동,경상사고,0,0,2,0,차대차 - 측면충돌,안전거리미확보,건조,맑음,단일로 - 교량,승용,여,60세,경상,승용,남,63세,경상
2017062900100445,2017년 6월 29일 18시,목요일,대구광역시 동구 신천동,경상사고,0,0,1,0,차대차 - 측면충돌,안전거리미확보,건조,맑음,단일로 - 기타,승용,남,63세,상해없음,승용,남,63세,경상
2017062900100446,2017년 6월 29일 18시,목요일,대구광역시 서구 내당동,중상사고,0,1,0,0,차대사람 - 횡단중,안전운전불이행,건조,맑음,단일로 - 기타,기타불명,기타불명,미분류,기타불명,보행자,남,49세,중상
2017062900100447,2017년 6월 29일 18시,목요일,대구광역시 중구 동인동4가,부상신고사고,0,0,0,1,차대차 - 측면충돌,안전운전불이행,건조,맑음,단일로 - 기타,승용,남,23세,상해없음,승용,남,46세,상해없음
2017062900100448,2017년 6월 29일 18시,목요일,대구광역시 북구 학정동,중상사고,0,1,0,0,차대사람 - 차도통행중,안전운전불이행,건조,맑음,단일로 - 기타,승용,남,25세,상해없음,보행자,여,80세,중상
2017062900100478,2017년 6월 29일 19시,목요일,대구광역시 동구 방촌동,중상사고,0,2,0,0,차대차 - 정면충돌,안전운전불이행,건조,맑음,교차로 - 교차로안,승용,남,61세,상해없음,승용,남,40세,중상
2017062900100479,2017년 6월 29일 19시,목요일,대구광역시 수성구 상동,중상사고,0,1,0,0,차대차 - 측면충돌,안전거리미확보,건조,맑음,단일로 - 기타,승용,남,62세,상해없음,원동기,남,24세,중상
2017062900100480,2017년 6월 29일 19시,목요일,대구광역시 북구 태전동,경상사고,0,0,1,0,차대차 - 측면충돌,차로위반,건조,맑음,단일로 - 기타,승용,남,56세,상해없음,이륜,남,22세,경상
2017062900100520,2017년 6월 29일 20시,목요일,대구광역시 달성군 화원읍,경상사고,0,0,1,0,차대사람 - 횡단중,보행자보호의무위반,건조,맑음,교차로 - 교차로횡단보도내,화물,남,51세,상해없음,보행자,남,68세,경상
2017062900100521,2017년 6월 29일 20시,목요일,대구광역시 북구 침산동,중상사고,0,1,0,0,차대차 - 측면충돌,불법유턴,건조,맑음,단일로 - 기타,자전거,여,51세,중상,화물,남,65세,상해없음
2017062900100522,2017년 6월 29일 20시,목요일,대구광역시 북구 매천동,경상사고,0,0,1,0,차대차 - 측면충돌,안전운전불이행,건조,맑음,기타 - 기타,화물,남,51세,상해없음,승용,여,25세,경상
2017062900100553,2017년 6월 29일 21시,목요일,대구광역시 수성구 범어동,경상사고,0,0,1,0,차대차 - 추돌,안전거리미확보,건조,맑음,단일로 - 기타,승합,남,19세,상해없음,이륜,남,65세,경상
2017062900100581,2017년 6월 29일 22시,목요일,대구광역시 동구 신기동,경상사고,0,0,2,0,차대차 - 추돌,안전운전불이행,건조,맑음,교차로 - 교차로부근,승용,여,67세,상해없음,승용,남,30세,경상
2017063000100030,2017년 6월 30일 00시,금요일,대구광역시 수성구 범물동,경상사고,0,0,1,0,차대차 - 정면충돌,신호위반,건조,맑음,교차로 - 교차로안,승용,여,46세,상해없음,승용,남,63세,경상
2017063000100031,2017년 6월 30일 00시,금요일,대구광역시 달서구 진천동,경상사고,0,0,2,1,차대차 - 측면충돌,차로위반,젖음/습기,비,교차로 - 교차로안,승용,남,19세,경상,승용,남,52세,경상
2017063000100045,2017년 6월 30일 01시,금요일,대구광역시 수성구 두산동,중상사고,0,1,0,0,차대차 - 측면충돌,안전운전불이행,건조,맑음,교차로 - 교차로안,승용,남,46세,상해없음,이륜,남,24세,중상
2017063000100077,2017년 6월 30일 04시,금요일,대구광역시 수성구 범어동,경상사고,0,0,1,0,차대차 - 정면충돌,안전운전불이행,건조,맑음,교차로 - 교차로부근,승용,남,31세,상해없음,승용,여,35세,경상
2017063000100078,2017년 6월 30일 04시,금요일,대구광역시 동구 신천동,중상사고,0,2,2,0,차대차 - 정면충돌,신호위반,젖음/습기,흐림,교차로 - 교차로안,승용,여,59세,중상,승용,남,58세,중상
2017063000100101,2017년 6월 30일 06시,금요일,대구광역시 중구 덕산동,중상사고,0,1,0,0,차대차 - 기타,안전운전불이행,건조,맑음,교차로 - 교차로부근,승용,남,55세,상해없음,자전거,남,68세,중상
2017063000100125,2017년 6월 30일 07시,금요일,대구광역시 달성군 현풍면,중상사고,0,1,1,0,차대차 - 정면충돌,차로위반,건조,맑음,교차로 - 교차로부근,이륜,남,74세,중상,승용,여,57세,경상
2017063000100126,2017년 6월 30일 07시,금요일,대구광역시 서구 비산동,경상사고,0,0,1,0,차대차 - 기타,안전거리미확보,건조,맑음,단일로 - 기타,승용,남,69세,상해없음,승합,남,60세,상해없음
2017063000100160,2017년 6월 30일 08시,금요일,대구광역시 서구 중리동,부상신고사고,0,0,0,1,차대차 - 측면충돌,안전운전불이행,건조,맑음,교차로 - 교차로부근,자전거,남,25세,부상신고,승용,남,47세,상해없음
2017063000100184,2017년 6월 30일 09시,금요일,대구광역시 수성구 지산동,경상사고,0,0,1,0,차대차 - 추돌,안전운전불이행,건조,맑음,기타 - 기타,승용,남,45세,상해없음,승용,여,32세,경상
2017063000100185,2017년 6월 30일 09시,금요일,대구광역시 달성군 유가면,사망사고,1,2,0,0,차대차 - 측면충돌,과속,건조,맑음,교차로 - 교차로안,승용,남,41세,기타불명,화물,남,37세,중상
2017063000100186,2017년 6월 30일 09시,금요일,대구광역시 중구 삼덕동2가,경상사고,0,0,1,0,차대차 - 측면충돌,불법유턴,건조,맑음,단일로 - 기타,자전거,남,75세,경상,승용,여,37세,상해없음
2017063000100210,2017년 6월 30일 10시,금요일,대구광역시 수성구 범물동,경상사고,0,0,1,0,차대차 - 정면충돌,안전운전불이행,건조,맑음,교차로 - 교차로안,승용,여,40세,상해없음,승용,남,38세,경상
2017063000100211,2017년 6월 30일 10시,금요일,대구광역시 달서구 장기동,중상사고,0,1,0,0,차대사람 - 횡단중,중앙선침범,건조,맑음,단일로 - 기타,승용,남,53세,상해없음,보행자,여,61세,중상
2017063000100242,2017년 6월 30일 11시,금요일,대구광역시 수성구 신매동,경상사고,0,0,1,0,차대차 - 기타,차로위반,건조,맑음,교차로 - 교차로안,승용,여,58세,상해없음,승용,남,42세,경상
2017063000100276,2017년 6월 30일 12시,금요일,대구광역시 달성군 옥포면,경상사고,0,0,1,0,차대차 - 측면충돌,교차로운행방법위반,건조,맑음,교차로 - 교차로안,승용,남,47세,상해없음,화물,남,77세,경상
2017063000100277,2017년 6월 30일 12시,금요일,대구광역시 달서구 장기동,중상사고,0,1,0,0,차대차 - 기타,안전운전불이행,건조,맑음,기타 - 기타,승용,여,39세,상해없음,이륜,남,45세,중상
2017063000100308,2017년 6월 30일 13시,금요일,대구광역시 남구 봉덕동,부상신고사고,0,0,0,1,차대차 - 측면충돌,교차로운행방법위반,건조,맑음,교차로 - 교차로횡단보도내,자전거,남,66세,부상신고,승용,남,30세,상해없음
2017063000100309,2017년 6월 30일 13시,금요일,대구광역시 동구 효목동,경상사고,0,0,1,0,차대차 - 측면충돌,안전운전불이행,건조,맑음,교차로 - 교차로부근,승용,여,49세,상해없음,승용,남,50세,경상
2017063000100310,2017년 6월 30일 13시,금요일,대구광역시 서구 평리동,중상사고,0,1,0,0,차대사람 - 횡단중,보행자보호의무위반,건조,맑음,교차로 - 교차로횡단보도내,승용,여,44세,상해없음,보행자,여,51세,중상
2017063000100336,2017년 6월 30일 14시,금요일,대구광역시 수성구 황금동,경상사고,0,0,1,0,차대차 - 측면충돌,안전운전불이행,건조,맑음,단일로 - 기타,승용,여,47세,상해없음,승용,여,60세,경상
2017063000100373,2017년 6월 30일 15시,금요일,대구광역시 수성구 수성동1가,부상신고사고,0,0,0,1,차대사람 - 횡단중,기타,건조,맑음,단일로 - 기타,기타불명,기타불명,미분류,기타불명,보행자,남,7세,부상신고
2017063000100416,2017년 6월 30일 16시,금요일,대구광역시 수성구 두산동,경상사고,0,0,1,0,차대사람 - 횡단중,안전운전불이행,건조,맑음,단일로 - 기타,승용,여,66세,상해없음,보행자,여,11세,경상
2017063000100417,2017년 6월 30일 16시,금요일,대구광역시 수성구 만촌동,경상사고,0,0,1,0,차대차 - 기타,안전거리미확보,건조,맑음,단일로 - 기타,승용,남,55세,상해없음,승용,남,42세,경상
2017063000100418,2017년 6월 30일 16시,금요일,대구광역시 수성구 만촌동,경상사고,0,0,1,0,차대차 - 추돌,안전운전불이행,건조,맑음,단일로 - 기타,승용,남,27세,상해없음,승용,남,32세,경상
2017063000100419,2017년 6월 30일 16시,금요일,대구광역시 서구 비산동,경상사고,0,0,1,0,차대차 - 측면충돌,안전거리미확보,건조,맑음,단일로 - 기타,승용,남,56세,상해없음,이륜,남,53세,상해없음
2017063000100472,2017년 6월 30일 17시,금요일,대구광역시 수성구 수성동3가,경상사고,0,0,1,1,차대사람 - 횡단중,기타,건조,맑음,단일로 - 기타,이륜,남,34세,부상신고,보행자,여,3세,경상
2017063000100473,2017년 6월 30일 17시,금요일,대구광역시 북구 노원동3가,경상사고,0,0,1,0,차대차 - 측면충돌,안전거리미확보,건조,맑음,단일로 - 기타,이륜,남,24세,상해없음,이륜,남,26세,경상
2017063000100474,2017년 6월 30일 17시,금요일,대구광역시 남구 대명동,중상사고,0,1,0,0,차대사람 - 횡단중,안전운전불이행,건조,맑음,기타 - 기타,화물,남,57세,상해없음,보행자,남,55세,중상
2017063000100522,2017년 6월 30일 18시,금요일,대구광역시 수성구 신매동,중상사고,0,1,1,0,차대차 - 측면충돌,안전거리미확보,건조,맑음,교차로 - 교차로부근,승용,여,46세,상해없음,승용,남,29세,중상
2017063000100523,2017년 6월 30일 18시,금요일,대구광역시 달성군 화원읍,경상사고,0,0,1,1,차대차 - 기타,안전운전불이행,건조,맑음,기타 - 기타,자전거,남,55세,경상,자전거,남,24세,부상신고
2017063000100524,2017년 6월 30일 18시,금요일,대구광역시 북구 동변동,경상사고,0,0,2,0,차대차 - 측면충돌,안전운전불이행,건조,맑음,교차로 - 교차로안,승용,여,44세,상해없음,이륜,남,18세,경상
2017063000100550,2017년 6월 30일 19시,금요일,대구광역시 남구 대명동,중상사고,0,1,1,0,차대차 - 측면충돌,안전거리미확보,건조,맑음,단일로 - 기타,승용,남,62세,상해없음,이륜,남,17세,중상
2017063000100551,2017년 6월 30일 19시,금요일,대구광역시 서구 평리동,사망사고,1,0,0,0,차대차 - 측면충돌,안전운전불이행,건조,맑음,교차로 - 교차로부근,승용,남,45세,상해없음,이륜,남,20세,사망
2017063000100552,2017년 6월 30일 19시,금요일,대구광역시 북구 태전동,경상사고,0,0,1,0,차대차 - 기타,안전운전불이행,건조,맑음,단일로 - 기타,이륜,남,20세,상해없음,승용,여,32세,상해없음
2017063000100582,2017년 6월 30일 20시,금요일,대구광역시 남구 대명동,경상사고,0,0,1,0,차대차 - 추돌,안전거리미확보,건조,맑음,교차로 - 교차로안,승용,남,40세,상해없음,승용,남,60세,경상
2017063000100583,2017년 6월 30일 20시,금요일,대구광역시 수성구 황금동,경상사고,0,0,1,0,차대차 - 정면충돌,교차로운행방법위반,건조,맑음,교차로 - 교차로부근,화물,남,61세,상해없음,승용,남,56세,경상
2017063000100584,2017년 6월 30일 20시,금요일,대구광역시 북구 노원동1가,경상사고,0,0,1,0,차대차 - 기타,직진우회전진행방해,건조,맑음,교차로 - 교차로안,승용,남,44세,상해없음,승용,남,47세,상해없음
2017063000100585,2017년 6월 30일 20시,금요일,대구광역시 달서구 두류동,경상사고,0,0,1,1,차대차 - 추돌,안전운전불이행,건조,맑음,단일로 - 기타,이륜,남,20세,부상신고,승용,남,30세,경상
2017063000100619,2017년 6월 30일 21시,금요일,대구광역시 달성군 다사읍,부상신고사고,0,0,0,1,차대차 - 정면충돌,안전운전불이행,건조,맑음,단일로 - 기타,기타불명,남,미분류,기타불명,자전거,남,42세,부상신고