사고번호,사고일시,요일,시군구,사고내용,사망자수,중상자수,경상자수,부상신고자수,사고유형,법규위반,노면상태,기상상태,도로형태,가해운전자 차종,가해운전자 성별,가해운전자 연령,가해운전자 상해정도,피해운전자 차종,피해운전자 성별,피해운전자 연령,피해운전자 상해정도
2017071200100079,2017년 7월 12일 06시,수요일,대구광역시 서구 평리동,중상사고,0,3,2,0,차대차 - 측면충돌,안전운전불이행,건조,맑음,단일로 - 기타,승용,남,62세,중상,승용,남,56세,중상
2017071200100105,2017년 7월 12일 07시,수요일,대구광역시 달서구 송현동,경상사고,0,0,1,0,차대차 - 측면충돌,교차로운행방법위반,건조,맑음,교차로 - 교차로안,화물,남,57세,상해없음,승용,여,65세,경상
2017071200100106,2017년 7월 12일 07시,수요일,대구광역시 중구 계산동1가,경상사고,0,0,1,0,차대차 - 기타,안전운전불이행,건조,맑음,교차로 - 교차로부근,자전거,남,62세,경상,승용,여,44세,상해없음
2017071200100135,2017년 7월 12일 08시,수요일,대구광역시 남구 대명동,경상사고,0,0,1,0,차대차 - 측면충돌,직진우회전진행방해,건조,맑음,교차로 - 교차로안,이륜,남,30세,경상,승용,남,48세,상해없음
2017071200100136,2017년 7월 12일 08시,수요일,대구광역시 달성군 논공읍,부상신고사고,0,0,0,1,차대차 - 정면충돌,안전거리미확보,건조,맑음,단일로 - 기타,원동기,남,55세,부상신고,승합,남,55세,상해없음
2017071200100137,2017년 7월 12일 08시,수요일,대구광역시 북구 침산동,중상사고,0,1,1,1,차대차 - 추돌,안전운전불이행,건조,맑음,단일로 - 기타,승용,남,29세,상해없음,승용,여,32세,경상
2017071200100171,2017년 7월 12일 09시,수요일,대구광역시 달성군 다사읍,경상사고,0,0,3,0,차대차 - 측면충돌,안전운전불이행,건조,맑음,단일로 - 기타,승용,여,42세,경상,승용,여,58세,경상
2017071200100172,2017년 7월 12일 09시,수요일,대구광역시 서구 내당동,경상사고,0,0,1,0,차대사람 - 횡단중,보행자보호의무위반,건조,맑음,교차로 - 교차로안,승용,여,53세,상해없음,보행자,남,75세,경상
2017071200100197,2017년 7월 12일 10시,수요일,대구광역시 서구 중리동,중상사고,0,1,0,0,차대사람 - 횡단중,안전운전불이행,건조,맑음,교차로 - 교차로안,승용,여,60세,기타불명,보행자,여,75세,중상
2017071200100198,2017년 7월 12일 10시,수요일,대구광역시 서구 상리동,경상사고,0,0,3,0,차대차 - 측면충돌,안전거리미확보,건조,맑음,단일로 - 기타,승용,남,62세,경상,승용,남,62세,경상
2017071200100223,2017년 7월 12일 11시,수요일,대구광역시 남구 대명동,경상사고,0,0,1,0,차대차 - 측면충돌,교차로운행방법위반,건조,맑음,교차로 - 교차로안,승용,남,58세,상해없음,건설기계,남,44세,상해없음
2017071200100224,2017년 7월 12일 11시,수요일,대구광역시 수성구 두산동,중상사고,0,1,0,0,차대차 - 정면충돌,안전운전불이행,건조,맑음,단일로 - 기타,승용,여,44세,상해없음,자전거,여,61세,중상
2017071200100245,2017년 7월 12일 12시,수요일,대구광역시 남구 이천동,부상신고사고,0,0,0,1,차대차 - 측면충돌,신호위반,건조,맑음,교차로 - 교차로안,이륜,남,35세,부상신고,승용,여,40세,상해없음
2017071200100246,2017년 7월 12일 12시,수요일,대구광역시 수성구 범어동,중상사고,0,1,0,0,차대사람 - 보도통행중,안전운전불이행,건조,맑음,단일로 - 기타,승용,남,61세,상해없음,보행자,여,20세,중상
2017071200100247,2017년 7월 12일 12시,수요일,대구광역시 수성구 중동,경상사고,0,0,2,0,차대차 - 정면충돌,안전운전불이행,건조,맑음,교차로 - 교차로부근,승용,남,66세,상해없음,화물,남,36세,경상
2017071200100271,2017년 7월 12일 13시,수요일,대구광역시 북구 칠성동2가,경상사고,0,0,1,0,차대차 - 측면충돌,신호위반,건조,맑음,교차로 - 교차로안,승용,여,59세,상해없음,이륜,남,27세,경상
2017071200100300,2017년 7월 12일 14시,수요일,대구광역시 달서구 월성동,경상사고,0,0,1,0,차대차 - 추돌,안전운전불이행,건조,맑음,교차로 - 교차로안,원동기,남,46세,경상,승합,남,61세,상해없음
2017071200100301,2017년 7월 12일 14시,수요일,대구광역시 서구 내당동,경상사고,0,0,3,0,차대차 - 측면충돌,안전운전불이행,건조,맑음,교차로 - 교차로부근,승용,남,23세,상해없음,승용,남,72세,상해없음
2017071200100302,2017년 7월 12일 14시,수요일,대구광역시 중구 남산동,경상사고,0,0,1,0,차대차 - 후진중충돌,기타,건조,맑음,단일로 - 기타,승용,여,40세,상해없음,승용,여,33세,경상
2017071200100303,2017년 7월 12일 14시,수요일,대구광역시 북구 읍내동,경상사고,0,0,1,1,차대차 - 기타,안전운전불이행,건조,맑음,교차로 - 교차로안,기타불명,기타불명,미분류,기타불명,자전거,남,10세,부상신고
2017071200100336,2017년 7월 12일 15시,수요일,대구광역시 동구 각산동,중상사고,0,1,0,0,차대차 - 정면충돌,안전운전불이행,건조,맑음,기타 - 기타,승합,남,70세,상해없음,승용,여,40세,중상
2017071200100337,2017년 7월 12일 15시,수요일,대구광역시 달서구 두류동,경상사고,0,0,1,0,차대차 - 기타,안전운전불이행,건조,맑음,단일로 - 기타,이륜,남,76세,경상,승합,남,61세,상해없음
2017071200100372,2017년 7월 12일 16시,수요일,대구광역시 수성구 중동,경상사고,0,0,1,0,차대사람 - 기타,안전운전불이행,건조,맑음,주차장 - 주차장,승용,여,41세,상해없음,보행자,여,53세,경상
2017071200100373,2017년 7월 12일 16시,수요일,대구광역시 수성구 수성동2가,경상사고,0,0,3,0,차대차 - 측면충돌,안전운전불이행,건조,맑음,단일로 - 기타,승용,남,28세,상해없음,승용,남,67세,경상
2017071200100374,2017년 7월 12일 16시,수요일,대구광역시 북구 침산동,경상사고,0,0,1,0,차대차 - 측면충돌,안전운전불이행,건조,맑음,교차로 - 교차로안,승용,남,65세,상해없음,승합,남,60세,상해없음
2017071200100375,2017년 7월 12일 16시,수요일,대구광역시 서구 내당동,중상사고,0,1,0,0,차대차 - 측면충돌,안전운전불이행,건조,맑음,단일로 - 기타,승합,남,45세,상해없음,이륜,남,63세,중상
2017071200100376,2017년 7월 12일 16시,수요일,대구광역시 북구 매천동,경상사고,0,0,1,0,차대차 - 측면충돌,신호위반,건조,맑음,단일로 - 기타,승용,여,75세,상해없음,자전거,남,12세,경상
2017071200100421,2017년 7월 12일 17시,수요일,대구광역시 달서구 진천동,경상사고,0,0,1,0,차대차 - 측면충돌,안전거리미확보,건조,맑음,단일로 - 기타,이륜,남,16세,상해없음,승용,여,33세,경상
2017071200100422,2017년 7월 12일 17시,수요일,대구광역시 달서구 대곡동,중상사고,0,1,0,0,차대사람 - 횡단중,안전운전불이행,건조,맑음,교차로 - 교차로부근,승용,남,26세,상해없음,보행자,남,9세,중상
2017071200100423,2017년 7월 12일 17시,수요일,대구광역시 달성군 다사읍,경상사고,0,0,1,0,차대차 - 측면충돌,안전운전불이행,건조,맑음,단일로 - 기타,승용,여,56세,경상,승용,남,20세,상해없음
2017071200100424,2017년 7월 12일 17시,수요일,대구광역시 서구 평리동,경상사고,0,0,3,0,차대차 - 측면충돌,안전거리미확보,건조,맑음,단일로 - 기타,승용,남,63세,상해없음,승합,남,40세,경상
2017071200100475,2017년 7월 12일 18시,수요일,대구광역시 동구 입석동,중상사고,0,1,0,0,차대차 - 기타,안전운전불이행,건조,맑음,단일로 - 기타,승용,남,36세,상해없음,승용,여,62세,상해없음
2017071200100476,2017년 7월 12일 18시,수요일,대구광역시 달서구 진천동,경상사고,0,0,1,0,차대사람 - 횡단중,안전운전불이행,건조,맑음,교차로 - 교차로안,승합,여,52세,상해없음,보행자,남,36세,경상
2017071200100521,2017년 7월 12일 19시,수요일,대구광역시 동구 신천동,중상사고,0,1,0,0,차량단독 - 기타,안전운전불이행,건조,맑음,교차로 - 교차로부근,승합,남,51세,상해없음,,,,
2017071200100522,2017년 7월 12일 19시,수요일,대구광역시 수성구 중동,경상사고,0,0,1,0,차대차 - 추돌,안전거리미확보,건조,맑음,단일로 - 기타,승용,남,31세,상해없음,승용,여,48세,경상
2017071200100523,2017년 7월 12일 19시,수요일,대구광역시 달서구 대천동,중상사고,0,1,0,0,차대차 - 측면충돌,불법유턴,건조,맑음,교차로 - 교차로안,승용,남,48세,상해없음,이륜,남,20세,중상
2017071200100524,2017년 7월 12일 19시,수요일,대구광역시 달서구 송현동,경상사고,0,0,1,0,차대차 - 측면충돌,안전운전불이행,건조,맑음,단일로 - 기타,승합,남,29세,상해없음,승용,남,74세,상해없음
2017071200100525,2017년 7월 12일 19시,수요일,대구광역시 북구 구암동,경상사고,0,0,1,0,차대사람 - 횡단중,안전운전불이행,건조,맑음,단일로 - 기타,자전거,남,58세,상해없음,보행자,남,70세,경상
2017071200100551,2017년 7월 12일 20시,수요일,대구광역시 동구 신암동,경상사고,0,0,5,0,차대차 - 측면충돌,교차로운행방법위반,건조,맑음,교차로 - 교차로안,승용,남,55세,경상,승용,남,39세,경상
2017071200100576,2017년 7월 12일 21시,수요일,대구광역시 동구 신암동,중상사고,0,3,3,1,차대차 - 기타,신호위반,건조,맑음,교차로 - 교차로안,승용,남,22세,중상,승용,남,23세,중상
2017071200100605,2017년 7월 12일 22시,수요일,대구광역시 북구 침산동,경상사고,0,0,1,0,차대차 - 기타,신호위반,건조,맑음,단일로 - 기타,승용,남,35세,상해없음,자전거,여,22세,경상
2017071300100057,2017년 7월 13일 04시,목요일,대구광역시 북구 관음동,경상사고,0,0,1,0,차대차 - 측면충돌,신호위반,건조,맑음,교차로 - 교차로안,승용,남,58세,상해없음,승용,남,50세,경상
2017071300100100,2017년 7월 13일 07시,목요일,대구광역시 달서구 성당동,중상사고,0,1,0,0,차대차 - 측면충돌,안전운전불이행,건조,맑음,단일로 - 기타,승용,여,25세,기타불명,자전거,여,62세,중상
2017071300100129,2017년 7월 13일 08시,목요일,대구광역시 수성구 황금동,중상사고,0,1,0,0,차대사람 - 횡단중,안전운전불이행,건조,맑음,교차로 - 교차로부근,승용,여,36세,상해없음,보행자,여,90세 이상,중상
2017071300100130,2017년 7월 13일 08시,목요일,대구광역시 달서구 감삼동,경상사고,0,0,1,0,차대차 - 측면충돌,안전운전불이행,건조,맑음,단일로 - 기타,자전거,여,10세,경상,화물,남,42세,상해없음
2017071300100200,2017년 7월 13일 10시,목요일,대구광역시 수성구 황금동,경상사고,0,0,1,0,차대차 - 추돌,안전운전불이행,건조,맑음,교차로 - 교차로부근,승용,남,67세,상해없음,승용,여,42세,경상
2017071300100224,2017년 7월 13일 11시,목요일,대구광역시 동구 효목동,중상사고,0,2,0,0,차대차 - 측면충돌,안전운전불이행,건조,맑음,단일로 - 기타,승용,여,33세,중상,이륜,남,26세,중상
2017071300100225,2017년 7월 13일 11시,목요일,대구광역시 북구 복현동,경상사고,0,0,1,0,차대차 - 측면충돌,안전운전불이행,건조,맑음,교차로 - 교차로안,승용,여,57세,상해없음,승합,남,52세,상해없음
2017071300100226,2017년 7월 13일 11시,목요일,대구광역시 북구 읍내동,경상사고,0,0,2,0,차대차 - 측면충돌,안전거리미확보,건조,맑음,단일로 - 기타,승용,여,48세,경상,승용,남,24세,경상
2017071300100244,2017년 7월 13일 12시,목요일,대구광역시 동구 불로동,경상사고,0,0,1,0,차대차 - 추돌,안전운전불이행,건조,맑음,교차로 - 교차로안,승용,남,60세,상해없음,화물,남,48세,경상
2017071300100275,2017년 7월 13일 13시,목요일,대구광역시 수성구 황금동,경상사고,0,0,1,0,차대차 - 추돌,안전운전불이행,건조,맑음,교차로 - 교차로횡단보도내,기타불명,기타불명,미분류,기타불명,자전거,여,48세,경상
2017071300100276,2017년 7월 13일 13시,목요일,대구광역시 북구 칠성동2가,경상사고,0,0,1,0,차대차 - 측면충돌,안전운전불이행,건조,맑음,주차장 - 주차장,승용,남,54세,상해없음,승용,남,44세,경상
2017071300100277,2017년 7월 13일 13시,목요일,대구광역시 중구 남산동,부상신고사고,0,0,0,1,차량단독 - 전도전복 - 전도,안전운전불이행,건조,맑음,단일로 - 기타,이륜,남,49세,부상신고,,,,
2017071300100309,2017년 7월 13일 14시,목요일,대구광역시 동구 입석동,경상사고,0,0,1,1,차대차 - 정면충돌,안전거리미확보,건조,맑음,단일로 - 기타,승용,여,49세,부상신고,승용,남,58세,경상
2017071300100310,2017년 7월 13일 14시,목요일,대구광역시 중구 남산동,중상사고,0,1,0,0,차대차 - 후진중충돌,안전운전불이행,건조,맑음,단일로 - 기타,화물,남,25세,상해없음,이륜,남,56세,중상
2017071300100311,2017년 7월 13일 14시,목요일,대구광역시 달서구 신당동,경상사고,0,0,1,0,차대차 - 측면충돌,차로위반,건조,맑음,단일로 - 기타,승용,여,21세,상해없음,승용,여,63세,경상
2017071300100342,2017년 7월 13일 15시,목요일,대구광역시 동구 신서동,경상사고,0,0,1,0,차대차 - 측면충돌,신호위반,건조,맑음,교차로 - 교차로안,승용,여,45세,상해없음,승용,여,57세,경상
2017071300100343,2017년 7월 13일 15시,목요일,대구광역시 서구 내당동,경상사고,0,0,1,0,차대차 - 측면충돌,안전거리미확보,건조,맑음,단일로 - 기타,승용,여,53세,상해없음,승용,여,36세,경상
2017071300100344,2017년 7월 13일 15시,목요일,대구광역시 중구 대신동,경상사고,0,0,1,2,차대차 - 측면충돌,안전거리미확보,건조,맑음,단일로 - 기타,화물,남,58세,상해없음,승용,남,50세,부상신고
2017071300100371,2017년 7월 13일 16시,목요일,대구광역시 수성구 황금동,중상사고,0,1,0,0,차대차 - 정면충돌,안전운전불이행,건조,맑음,교차로 - 교차로횡단보도내,기타불명,기타불명,미분류,기타불명,자전거,여,52세,중상
2017071300100372,2017년 7월 13일 16시,목요일,대구광역시 북구 관음동,중상사고,0,1,0,0,차대차 - 측면충돌,안전운전불이행,건조,맑음,교차로 - 교차로부근,승용,남,68세,상해없음,자전거,남,25세,중상
2017071300100401,2017년 7월 13일 17시,목요일,대구광역시 중구 남산동,경상사고,0,0,2,1,차대차 - 기타,교차로운행방법위반,건조,맑음,교차로 - 교차로안,이륜,남,42세,부상신고,승용,여,47세,경상
2017071300100440,2017년 7월 13일 18시,목요일,대구광역시 동구 율하동,경상사고,0,0,1,0,차대차 - 후진중충돌,교차로운행방법위반,건조,맑음,교차로 - 교차로안,승용,여,35세,상해없음,이륜,남,22세,경상
2017071300100441,2017년 7월 13일 18시,목요일,대구광역시 수성구 욱수동,중상사고,0,3,1,0,차대차 - 측면충돌,안전운전불이행,건조,맑음,단일로 - 기타,승용,여,56세,상해없음,승용,남,49세,중상
2017071300100500,2017년 7월 13일 20시,목요일,대구광역시 수성구 범어동,경상사고,0,0,1,0,차대차 - 정면충돌,안전운전불이행,건조,맑음,교차로 - 교차로안,승용,남,71세,상해없음,자전거,여,53세,경상
2017071300100501,2017년 7월 13일 20시,목요일,대구광역시 달서구 유천동,경상사고,0,0,1,0,차대차 - 측면충돌,중앙선침범,건조,맑음,교차로 - 교차로부근,원동기,남,17세,상해없음,승용,남,35세,경상
2017071300100502,2017년 7월 13일 20시,목요일,대구광역시 북구 동천동,중상사고,0,1,0,0,차대차 - 기타,안전운전불이행,건조,맑음,단일로 - 기타,기타불명,남,미분류,기타불명,자전거,남,13세,중상
2017071300100529,2017년 7월 13일 21시,목요일,대구광역시 동구 신암동,중상사고,0,1,0,0,차대사람 - 기타,안전운전불이행,건조,맑음,주차장 - 주차장,승합,남,36세,상해없음,보행자,남,76세,중상
2017071300100530,2017년 7월 13일 21시,목요일,대구광역시 달서구 대곡동,중상사고,0,1,0,0,차대차 - 측면충돌,교차로운행방법위반,건조,맑음,교차로 - 교차로안,승합,남,59세,상해없음,이륜,남,50세,중상
2017071300100531,2017년 7월 13일 21시,목요일,대구광역시 달성군 현풍면,경상사고,0,0,1,0,차대차 - 측면충돌,안전운전불이행,건조,맑음,교차로 - 교차로안,승용,남,38세,기타불명,승용,남,44세,경상
2017071300100532,2017년 7월 13일 21시,목요일,대구광역시 달서구 이곡동,중상사고,0,1,0,0,차대사람 - 횡단중,안전운전불이행,건조,흐림,교차로 - 교차로횡단보도내,이륜,남,33세,상해없음,보행자,남,59세,중상
2017071300100533,2017년 7월 13일 21시,목요일,대구광역시 달서구 호산동,경상사고,0,0,1,0,차대차 - 측면충돌,안전운전불이행,건조,맑음,교차로 - 교차로안,승용,남,29세,상해없음,승용,남,34세,경상
2017071400100036,2017년 7월 14일 01시,금요일,대구광역시 동구 신천동,경상사고,0,0,1,0,차대차 - 후진중충돌,안전운전불이행,건조,맑음,단일로 - 기타,승용,남,35세,상해없음,승용,남,46세,경상
2017071400100037,2017년 7월 14일 01시,금요일,대구광역시 수성구 신매동,중상사고,0,1,0,0,차대차 - 측면충돌,안전거리미확보,건조,맑음,교차로 - 교차로부근,승용,남,22세,상해없음,이륜,남,34세,중상
2017071400100038,2017년 7월 14일 01시,금요일,대구광역시 수성구 황금동,중상사고,0,1,0,0,차대차 - 측면충돌,안전운전불이행,건조,맑음,교차로 - 교차로안,승용,남,31세,중상,승용,남,50세,상해없음
2017071400100039,2017년 7월 14일 01시,금요일,대구광역시 수성구 상동,경상사고,0,0,1,0,차대차 - 측면충돌,안전거리미확보,건조,맑음,교차로 - 교차로부근,승용,남,35세,상해없음,승용,남,49세,경상
2017071400100050,2017년 7월 14일 02시,금요일,대구광역시 달성군 화원읍,중상사고,0,1,0,0,차대사람 - 횡단중,보행자보호의무위반,건조,맑음,단일로 - 기타,기타불명,기타불명,미분류,기타불명,보행자,여,63세,중상
2017071400100076,2017년 7월 14일 05시,금요일,대구광역시 달성군 다사읍,중상사고,0,1,0,0,차대차 - 정면충돌,과속,건조,맑음,교차로 - 교차로안,승용,여,50세,상해없음,이륜,남,54세,중상
2017071400100077,2017년 7월 14일 05시,금요일,대구광역시 달서구 용산동,중상사고,0,2,0,0,차대사람 - 횡단중,신호위반,건조,맑음,교차로 - 교차로안,승용,남,51세,상해없음,보행자,여,35세,중상
2017071400100090,2017년 7월 14일 06시,금요일,대구광역시 서구 평리동,중상사고,0,1,0,0,차대차 - 추돌,안전운전불이행,건조,맑음,단일로 - 기타,승용,남,63세,상해없음,이륜,남,64세,중상
2017071400100108,2017년 7월 14일 07시,금요일,대구광역시 남구 봉덕동,경상사고,0,0,4,0,차대차 - 측면충돌,직진우회전진행방해,건조,맑음,교차로 - 교차로안,승용,남,28세,경상,승용,남,33세,경상
2017071400100109,2017년 7월 14일 07시,금요일,대구광역시 수성구 두산동,사망사고,1,0,0,0,차대사람 - 횡단중,보행자보호의무위반,건조,맑음,단일로 - 기타,건설기계,남,51세,상해없음,보행자,여,12세,사망
2017071400100110,2017년 7월 14일 07시,금요일,대구광역시 달서구 대천동,경상사고,0,0,1,0,차대차 - 측면충돌,신호위반,건조,맑음,교차로 - 교차로안,승용,남,45세,상해없음,자전거,남,63세,경상
2017071400100111,2017년 7월 14일 07시,금요일,대구광역시 달서구 성당동,경상사고,0,0,1,0,차대차 - 추돌,안전운전불이행,건조,맑음,교차로 - 교차로안,승용,남,27세,상해없음,이륜,남,60세,경상
2017071400100146,2017년 7월 14일 08시,금요일,대구광역시 달서구 월성동,경상사고,0,0,1,0,차대차 - 측면충돌,안전운전불이행,건조,맑음,단일로 - 기타,자전거,여,47세,경상,승용,여,36세,상해없음
2017071400100147,2017년 7월 14일 08시,금요일,대구광역시 달서구 상인동,부상신고사고,0,0,0,1,차대차 - 기타,안전운전불이행,건조,맑음,단일로 - 기타,승용,남,44세,상해없음,승용,남,64세,부상신고
2017071400100178,2017년 7월 14일 09시,금요일,대구광역시 남구 대명동,부상신고사고,0,0,0,1,차대차 - 측면충돌,안전운전불이행,건조,맑음,교차로 - 교차로부근,자전거,남,72세,부상신고,승용,남,54세,상해없음
2017071400100204,2017년 7월 14일 10시,금요일,대구광역시 달서구 상인동,경상사고,0,0,1,0,차대차 - 기타,차로위반,건조,맑음,단일로 - 기타,승용,남,70세,상해없음,승용,남,35세,경상
2017071400100251,2017년 7월 14일 12시,금요일,대구광역시 남구 대명동,중상사고,0,1,2,0,차대차 - 측면충돌,안전운전불이행,건조,맑음,기타 - 기타,승용,여,37세,상해없음,승용,여,82세,경상
2017071400100311,2017년 7월 14일 14시,금요일,대구광역시 남구 봉덕동,경상사고,0,0,1,0,차대차 - 측면충돌,교차로운행방법위반,건조,맑음,교차로 - 교차로안,화물,남,46세,상해없음,이륜,남,59세,경상
2017071400100312,2017년 7월 14일 14시,금요일,대구광역시 동구 신기동,경상사고,0,0,1,0,차대차 - 정면충돌,안전운전불이행,젖음/습기,맑음,기타 - 기타,기타불명,기타불명,미분류,기타불명,원동기,남,50세,경상
2017071400100313,2017년 7월 14일 14시,금요일,대구광역시 달서구 월성동,경상사고,0,0,1,1,차대차 - 측면충돌,교차로운행방법위반,건조,맑음,교차로 - 교차로부근,승용,여,52세,부상신고,승용,여,35세,경상
2017071400100314,2017년 7월 14일 14시,금요일,대구광역시 달성군 다사읍,경상사고,0,0,1,0,차대차 - 측면충돌,안전운전불이행,건조,맑음,교차로 - 교차로안,승용,여,31세,상해없음,승용,여,39세,경상
2017071400100315,2017년 7월 14일 14시,금요일,대구광역시 북구 노원동3가,경상사고,0,0,2,0,차대차 - 측면충돌,중앙선침범,건조,맑음,교차로 - 교차로부근,승용,여,54세,상해없음,승용,여,25세,경상
2017071400100316,2017년 7월 14일 14시,금요일,대구광역시 북구 칠성동1가,중상사고,0,1,0,0,차대사람 - 횡단중,기타,건조,맑음,단일로 - 기타,자전거,남,67세,상해없음,보행자,여,75세,중상
2017071400100317,2017년 7월 14일 14시,금요일,대구광역시 북구 동변동,중상사고,0,1,0,1,차대차 - 측면충돌,직진우회전진행방해,건조,맑음,교차로 - 교차로안,승용,여,37세,부상신고,승용,여,53세,중상
2017071400100344,2017년 7월 14일 15시,금요일,대구광역시 북구 검단동,경상사고,0,0,2,0,차대차 - 기타,안전운전불이행,건조,맑음,단일로 - 기타,기타불명,기타불명,미분류,기타불명,승용,남,34세,경상
2017071400100347,2017년 7월 14일 15시,금요일,대구광역시 남구 대명동,중상사고,0,1,0,0,차대사람 - 기타,신호위반,건조,맑음,단일로 - 기타,자전거,남,13세,상해없음,보행자,여,52세,중상
2017071400100348,2017년 7월 14일 15시,금요일,대구광역시 동구 신천동,경상사고,0,0,2,0,차대차 - 추돌,안전운전불이행,건조,맑음,기타 - 기타,승용,남,62세,상해없음,승용,여,38세,경상
2017071400100349,2017년 7월 14일 15시,금요일,대구광역시 달서구 도원동,경상사고,0,0,1,0,차대차 - 측면충돌,차로위반,건조,맑음,단일로 - 기타,승용,여,36세,상해없음,원동기,남,75세,경상
2017071400100350,2017년 7월 14일 15시,금요일,대구광역시 북구 복현동,경상사고,0,0,1,0,차대차 - 기타,안전운전불이행,건조,맑음,교차로 - 교차로안,화물,남,51세,상해없음,이륜,남,41세,경상
2017071400100351,2017년 7월 14일 15시,금요일,대구광역시 북구 복현동,경상사고,0,0,1,0,차대차 - 추돌,안전운전불이행,건조,맑음,단일로 - 기타,승용,남,57세,상해없음,승용,남,24세,경상
2017071400100385,2017년 7월 14일 16시,금요일,대구광역시 수성구 신매동,경상사고,0,0,1,0,차대차 - 측면충돌,안전운전불이행,건조,맑음,단일로 - 기타,승합,남,64세,상해없음,승용,여,68세,경상
2017071400100386,2017년 7월 14일 16시,금요일,대구광역시 서구 중리동,중상사고,0,1,0,0,차량단독 - 기타,안전운전불이행,건조,맑음,단일로 - 기타,승합,남,49세,상해없음,,,,
2017071400100464,2017년 7월 14일 18시,금요일,대구광역시 달성군 다사읍,경상사고,0,0,1,0,차대차 - 추돌,안전운전불이행,건조,맑음,단일로 - 기타,승용,남,23세,상해없음,승용,남,47세,경상
2017071400100496,2017년 7월 14일 19시,금요일,대구광역시 남구 봉덕동,경상사고,0,0,1,0,차대차 - 측면충돌,차로위반,젖음/습기,비,기타 - 기타,승용,남,23세,상해없음,승용,여,59세,경상
2017071400100497,2017년 7월 14일 19시,금요일,대구광역시 수성구 상동,경상사고,0,0,1,0,차대차 - 추돌,안전운전불이행,건조,맑음,단일로 - 기타,승용,여,55세,상해없음,승용,남,43세,경상
2017071400100498,2017년 7월 14일 19시,금요일,대구광역시 달서구 상인동,경상사고,0,0,1,0,차대차 - 기타,직진우회전진행방해,건조,맑음,교차로 - 교차로안,화물,남,51세,상해없음,이륜,남,21세,경상
2017071400100499,2017년 7월 14일 19시,금요일,대구광역시 달성군 화원읍,경상사고,0,0,1,0,차대차 - 정면충돌,안전운전불이행,젖음/습기,비,단일로 - 기타,승용,남,73세,상해없음,이륜,남,58세,경상
2017071400100500,2017년 7월 14일 19시,금요일,대구광역시 달서구 용산동,부상신고사고,0,0,0,1,차량단독 - 전도전복,안전운전불이행,젖음/습기,비,단일로 - 기타,이륜,남,58세,부상신고,미분류,미분류,미분류,미분류
2017071400100501,2017년 7월 14일 19시,금요일,대구광역시 북구 노곡동,중상사고,0,1,0,0,차대차 - 추돌,안전운전불이행,젖음/습기,비,단일로 - 기타,승용,여,61세,상해없음,자전거,남,57세,중상
2017071400100532,2017년 7월 14일 20시,금요일,대구광역시 달서구 진천동,중상사고,0,1,0,0,차대사람 - 횡단중,안전운전불이행,젖음/습기,비,단일로 - 기타,승용,여,32세,상해없음,보행자,여,24세,중상
2017071400100533,2017년 7월 14일 20시,금요일,대구광역시 달성군 논공읍,경상사고,0,0,1,0,차대차 - 정면충돌,안전운전불이행,젖음/습기,비,교차로 - 교차로안,승용,남,37세,상해없음,이륜,남,48세,경상
2017071400100534,2017년 7월 14일 20시,금요일,대구광역시 북구 산격동,경상사고,0,0,3,0,차대차 - 추돌,안전운전불이행,젖음/습기,비,단일로 - 기타,승용,남,28세,경상,승용,남,44세,경상
2017071400100535,2017년 7월 14일 20시,금요일,대구광역시 중구 태평로2가,경상사고,0,0,1,0,차대차 - 추돌,안전거리미확보,젖음/습기,비,단일로 - 기타,승용,남,68세,상해없음,승용,남,62세,상해없음
2017071400100536,2017년 7월 14일 20시,금요일,대구광역시 중구 대봉동,경상사고,0,0,4,0,차대차 - 추돌,안전운전불이행,젖음/습기,비,단일로 - 기타,승용,남,44세,상해없음,승용,남,63세,경상
2017071400100537,2017년 7월 14일 20시,금요일,대구광역시 북구 매천동,중상사고,0,1,0,0,차대차 - 측면충돌,신호위반,젖음/습기,비,교차로 - 교차로안,승용,남,67세,상해없음,원동기,남,34세,중상
2017071400100538,2017년 7월 14일 20시,금요일,대구광역시 북구 서변동,경상사고,0,0,1,0,차대차 - 측면충돌,안전운전불이행,건조,흐림,단일로 - 기타,승용,여,38세,상해없음,승용,여,57세,경상
2017071400100539,2017년 7월 14일 20시,금요일,대구광역시 북구 구암동,경상사고,0,0,1,0,차대차 - 측면충돌,안전운전불이행,건조,맑음,단일로 - 기타,승용,남,34세,경상,화물,남,46세,상해없음
2017071400100569,2017년 7월 14일 21시,금요일,대구광역시 수성구 지산동,중상사고,0,1,0,0,차대차 - 측면충돌,신호위반,건조,맑음,교차로 - 교차로안,승용,여,27세,상해없음,승용,남,50세,중상
2017071400100570,2017년 7월 14일 21시,금요일,대구광역시 달서구 이곡동,경상사고,0,0,1,0,차대차 - 측면충돌,안전거리미확보,젖음/습기,비,단일로 - 기타,승용,여,45세,상해없음,이륜,남,20세,상해없음
2017071400100625,2017년 7월 14일 23시,금요일,대구광역시 수성구 황금동,경상사고,0,0,1,0,차대사람 - 횡단중,기타,젖음/습기,흐림,단일로 - 기타,승용,남,40세,상해없음,보행자,남,54세,경상
2017071400100626,2017년 7월 14일 23시,금요일,대구광역시 북구 동천동,경상사고,0,0,1,0,차대사람 - 횡단중,안전운전불이행,건조,맑음,교차로 - 교차로부근,승용,남,32세,상해없음,보행자,남,59세,경상
2017071500100029,2017년 7월 15일 00시,토요일,대구광역시 북구 구암동,경상사고,0,0,1,0,차대차 - 측면충돌,안전운전불이행,건조,맑음,교차로 - 교차로부근,승용,남,53세,상해없음,승용,남,53세,상해없음