사고번호,사고일시,요일,시군구,사고내용,사망자수,중상자수,경상자수,부상신고자수,사고유형,법규위반,노면상태,기상상태,도로형태,가해운전자 차종,가해운전자 성별,가해운전자 연령,가해운전자 상해정도,피해운전자 차종,피해운전자 성별,피해운전자 연령,피해운전자 상해정도
2017071500100072,2017년 7월 15일 02시,토요일,대구광역시 북구 복현동,중상사고,0,1,0,0,차대차 - 측면충돌,안전거리미확보,건조,맑음,단일로 - 기타,승용,남,52세,상해없음,승용,남,59세,중상
2017071500100098,2017년 7월 15일 04시,토요일,대구광역시 남구 봉덕동,중상사고,0,1,0,0,차대사람 - 횡단중,안전운전불이행,건조,맑음,단일로 - 기타,승용,남,27세,상해없음,보행자,여,75세,중상
2017071500100117,2017년 7월 15일 05시,토요일,대구광역시 달서구 용산동,경상사고,0,0,1,0,차대차 - 정면충돌,안전운전불이행,건조,흐림,교차로 - 교차로안,승용,남,25세,상해없음,승용,여,56세,경상
2017071500100144,2017년 7월 15일 07시,토요일,대구광역시 달서구 월성동,경상사고,0,0,1,0,차대차 - 측면충돌,중앙선침범,젖음/습기,흐림,단일로 - 기타,승용,남,63세,상해없음,승용,여,46세,경상
2017071500100164,2017년 7월 15일 08시,토요일,대구광역시 서구 평리동,중상사고,0,1,0,0,차대차 - 측면충돌,직진우회전진행방해,젖음/습기,비,교차로 - 교차로안,이륜,남,57세,중상,승용,남,27세,상해없음
2017071500100180,2017년 7월 15일 09시,토요일,대구광역시 남구 대명동,중상사고,0,1,0,0,차대차 - 측면충돌,불법유턴,건조,맑음,단일로 - 기타,승용,남,41세,상해없음,승용,남,61세,상해없음
2017071500100181,2017년 7월 15일 09시,토요일,대구광역시 남구 대명동,중상사고,0,1,0,0,차대차 - 측면충돌,신호위반,건조,맑음,교차로 - 교차로안,화물,남,36세,상해없음,승용,남,64세,중상
2017071500100182,2017년 7월 15일 09시,토요일,대구광역시 수성구 황금동,중상사고,0,1,0,0,차대차 - 측면충돌,안전운전불이행,젖음/습기,흐림,단일로 - 기타,특수,남,25세,상해없음,승용,여,47세,중상
2017071500100183,2017년 7월 15일 09시,토요일,대구광역시 달서구 월암동,경상사고,0,0,2,0,차대차 - 추돌,안전거리미확보,젖음/습기,비,단일로 - 기타,화물,남,28세,상해없음,승용,남,41세,경상
2017071500100205,2017년 7월 15일 10시,토요일,대구광역시 남구 대명동,경상사고,0,0,3,0,차대차 - 측면충돌,기타,건조,맑음,교차로 - 교차로안,화물,남,37세,상해없음,승용,여,44세,경상
2017071500100206,2017년 7월 15일 10시,토요일,대구광역시 북구 칠성동2가,경상사고,0,0,1,0,차대사람 - 횡단중,안전운전불이행,건조,맑음,단일로 - 기타,승용,남,50세,상해없음,보행자,남,24세,경상
2017071500100230,2017년 7월 15일 11시,토요일,대구광역시 수성구 두산동,경상사고,0,0,1,0,차대차 - 측면충돌,교차로운행방법위반,건조,맑음,교차로 - 교차로안,승합,여,43세,기타불명,승용,여,60세,경상
2017071500100231,2017년 7월 15일 11시,토요일,대구광역시 달서구 진천동,중상사고,0,1,1,0,차대차 - 측면충돌,안전거리미확보,건조,맑음,단일로 - 기타,승용,남,24세,경상,승용,여,46세,중상
2017071500100270,2017년 7월 15일 12시,토요일,대구광역시 수성구 수성동3가,경상사고,0,0,1,0,차대차 - 측면충돌,안전운전불이행,건조,맑음,교차로 - 교차로부근,승용,남,57세,상해없음,승용,여,25세,경상
2017071500100271,2017년 7월 15일 12시,토요일,대구광역시 서구 평리동,경상사고,0,0,1,0,차대사람 - 횡단중,안전운전불이행,젖음/습기,비,교차로 - 교차로안,승용,남,73세,상해없음,보행자,남,6세,경상
2017071500100300,2017년 7월 15일 13시,토요일,대구광역시 중구 대신동,경상사고,0,0,1,0,차대차 - 측면충돌,안전운전불이행,젖음/습기,비,교차로 - 교차로안,승용,여,35세,상해없음,자전거,남,77세,경상
2017071500100301,2017년 7월 15일 13시,토요일,대구광역시 중구 동인동4가,중상사고,0,1,0,0,차대차 - 측면충돌,안전운전불이행,젖음/습기,흐림,교차로 - 교차로횡단보도내,승합,남,59세,상해없음,자전거,남,76세,중상
2017071500100302,2017년 7월 15일 13시,토요일,대구광역시 달서구 본리동,경상사고,0,0,2,0,차대차 - 추돌,안전거리미확보,젖음/습기,비,단일로 - 기타,승용,남,51세,상해없음,승용,여,47세,경상
2017071500100303,2017년 7월 15일 13시,토요일,대구광역시 북구 태전동,경상사고,0,0,3,0,차대차 - 기타,안전운전불이행,젖음/습기,비,단일로 - 기타,이륜,남,35세,기타불명,승용,남,64세,경상
2017071500100335,2017년 7월 15일 14시,토요일,대구광역시 달서구 본동,중상사고,0,1,0,0,차대차 - 측면충돌,안전운전불이행,젖음/습기,비,단일로 - 기타,승용,남,74세,상해없음,승용,남,42세,중상
2017071500100366,2017년 7월 15일 15시,토요일,대구광역시 동구 신천동,중상사고,0,1,1,0,차대차 - 추돌,안전운전불이행,젖음/습기,흐림,교차로 - 교차로부근,승용,남,26세,상해없음,승용,여,26세,중상
2017071500100399,2017년 7월 15일 16시,토요일,대구광역시 동구 효목동,중상사고,0,1,0,0,차대차 - 정면충돌,안전운전불이행,젖음/습기,흐림,단일로 - 기타,승용,남,47세,기타불명,원동기,남,28세,중상
2017071500100400,2017년 7월 15일 16시,토요일,대구광역시 북구 노원동1가,경상사고,0,0,2,0,차대차 - 추돌,안전운전불이행,건조,맑음,교차로 - 교차로안,승용,남,55세,상해없음,승용,남,31세,경상
2017071500100401,2017년 7월 15일 16시,토요일,대구광역시 중구 태평로3가,경상사고,0,0,1,0,차대차 - 측면충돌,안전거리미확보,젖음/습기,비,교차로 - 교차로안,승용,남,46세,상해없음,승용,남,64세,경상
2017071500100464,2017년 7월 15일 18시,토요일,대구광역시 동구 효목동,경상사고,0,0,6,0,차대차 - 기타,신호위반,건조,맑음,교차로 - 교차로안,승용,여,55세,경상,승용,남,30세,경상
2017071500100465,2017년 7월 15일 18시,토요일,대구광역시 달서구 상인동,경상사고,0,0,2,0,차대차 - 측면충돌,직진우회전진행방해,건조,맑음,교차로 - 교차로안,승용,여,39세,경상,이륜,남,32세,경상
2017071500100466,2017년 7월 15일 18시,토요일,대구광역시 서구 원대동1가,경상사고,0,0,2,0,차대차 - 측면충돌,차로위반,건조,맑음,단일로 - 기타,승용,남,26세,상해없음,승용,남,29세,경상
2017071500100494,2017년 7월 15일 19시,토요일,대구광역시 남구 대명동,경상사고,0,0,2,0,차대차 - 측면충돌,안전운전불이행,건조,맑음,기타 - 기타,화물,남,58세,상해없음,승용,여,51세,경상
2017071500100495,2017년 7월 15일 19시,토요일,대구광역시 달서구 성당동,중상사고,0,1,0,0,차대사람 - 횡단중,안전운전불이행,건조,맑음,단일로 - 기타,승용,남,44세,상해없음,보행자,여,71세,중상
2017071500100496,2017년 7월 15일 19시,토요일,대구광역시 북구 산격동,중상사고,0,1,0,0,차대사람 - 횡단중,안전운전불이행,건조,흐림,단일로 - 기타,원동기,남,22세,상해없음,보행자,남,71세,중상
2017071500100532,2017년 7월 15일 20시,토요일,대구광역시 동구 신암동,중상사고,0,1,0,0,차량단독 - 기타,안전운전불이행,건조,맑음,단일로 - 기타,승합,남,50세,상해없음,,,,
2017071500100533,2017년 7월 15일 20시,토요일,대구광역시 달서구 감삼동,경상사고,0,0,3,0,차대차 - 측면충돌,안전운전불이행,건조,맑음,단일로 - 기타,승용,남,67세,경상,승용,남,31세,경상
2017071500100568,2017년 7월 15일 21시,토요일,대구광역시 남구 이천동,사망사고,1,0,0,0,차대사람 - 횡단중,안전운전불이행,건조,맑음,단일로 - 기타,승용,여,35세,상해없음,보행자,여,71세,사망
2017071500100569,2017년 7월 15일 21시,토요일,대구광역시 수성구 범물동,중상사고,0,1,0,0,차대사람 - 횡단중,보행자보호의무위반,건조,맑음,교차로 - 교차로횡단보도내,승용,여,51세,상해없음,보행자,남,62세,중상
2017071500100570,2017년 7월 15일 21시,토요일,대구광역시 서구 평리동,중상사고,0,2,2,0,차대차 - 측면충돌,안전운전불이행,건조,맑음,교차로 - 교차로부근,승용,남,36세,경상,승용,남,30세,중상
2017071500100571,2017년 7월 15일 21시,토요일,대구광역시 중구 문화동,중상사고,0,2,0,3,차대차 - 추돌,안전운전불이행,건조,맑음,단일로 - 기타,승용,남,35세,중상,승용,남,21세,중상
2017071500100597,2017년 7월 15일 22시,토요일,대구광역시 수성구 두산동,중상사고,0,2,0,0,차대차 - 정면충돌,안전운전불이행,건조,맑음,교차로 - 교차로안,승용,남,62세,상해없음,승용,남,23세,중상
2017071500100598,2017년 7월 15일 22시,토요일,대구광역시 서구 비산동,중상사고,0,1,0,0,차대사람 - 차도통행중,안전운전불이행,건조,맑음,단일로 - 기타,승용,남,49세,상해없음,보행자,여,51세,중상
2017071500100620,2017년 7월 15일 23시,토요일,대구광역시 중구 삼덕동1가,경상사고,0,0,1,0,차대사람 - 길가장자리구역통행중,안전운전불이행,건조,맑음,단일로 - 기타,승용,남,19세,상해없음,보행자,여,25세,경상
2017071600100045,2017년 7월 16일 01시,일요일,대구광역시 중구 삼덕동1가,경상사고,0,0,2,0,차대차 - 추돌,안전거리미확보,건조,맑음,단일로 - 기타,승용,남,64세,상해없음,승용,남,25세,경상
2017071600100059,2017년 7월 16일 02시,일요일,대구광역시 수성구 신매동,경상사고,0,0,1,0,차대차 - 측면충돌,안전운전불이행,건조,맑음,교차로 - 교차로안,화물,남,55세,상해없음,승용,여,53세,경상
2017071600100093,2017년 7월 16일 04시,일요일,대구광역시 달성군 논공읍,사망사고,1,0,0,0,차량단독 - 공작물충돌,과속,건조,맑음,교차로 - 교차로안,승용,남,16세,사망,,,,
2017071600100122,2017년 7월 16일 07시,일요일,대구광역시 중구 달성동,경상사고,0,0,1,0,차대사람 - 기타,안전운전불이행,건조,맑음,단일로 - 기타,승용,남,40세,상해없음,보행자,남,48세,경상
2017071600100132,2017년 7월 16일 08시,일요일,대구광역시 동구 입석동,경상사고,0,0,1,0,차량단독 - 기타,안전운전불이행,건조,맑음,교차로 - 교차로부근,승합,남,58세,상해없음,,,,
2017071600100133,2017년 7월 16일 08시,일요일,대구광역시 수성구 만촌동,중상사고,0,1,0,0,차대차 - 추돌,교차로운행방법위반,건조,맑음,교차로 - 교차로부근,승용,남,55세,기타불명,자전거,남,72세,중상
2017071600100148,2017년 7월 16일 09시,일요일,대구광역시 달성군 다사읍,중상사고,0,1,0,0,차대차 - 측면충돌,안전운전불이행,건조,맑음,교차로 - 교차로안,승용,남,54세,상해없음,이륜,여,68세,중상
2017071600100187,2017년 7월 16일 11시,일요일,대구광역시 남구 대명동,중상사고,0,1,0,0,차대사람 - 횡단중,안전운전불이행,건조,맑음,단일로 - 기타,화물,남,56세,상해없음,보행자,남,14세,중상
2017071600100188,2017년 7월 16일 11시,일요일,대구광역시 동구 검사동,경상사고,0,0,3,0,차대차 - 측면충돌,안전운전불이행,건조,맑음,교차로 - 교차로안,승용,남,44세,상해없음,승용,남,23세,경상
2017071600100189,2017년 7월 16일 11시,일요일,대구광역시 서구 비산동,경상사고,0,0,6,0,차대차 - 정면충돌,교차로운행방법위반,건조,맑음,교차로 - 교차로안,승용,남,38세,상해없음,승용,여,75세,경상
2017071600100190,2017년 7월 16일 11시,일요일,대구광역시 서구 원대동3가,경상사고,0,0,1,0,차대차 - 측면충돌,안전운전불이행,건조,맑음,교차로 - 교차로부근,승용,남,61세,상해없음,자전거,남,58세,경상
2017071600100224,2017년 7월 16일 12시,일요일,대구광역시 달서구 진천동,경상사고,0,0,1,0,차대차 - 추돌,안전운전불이행,건조,맑음,단일로 - 기타,원동기,남,20세,경상,승용,여,43세,상해없음
2017071600100225,2017년 7월 16일 12시,일요일,대구광역시 달성군 가창면,경상사고,0,0,1,0,차대차 - 측면충돌,안전운전불이행,건조,맑음,교차로 - 교차로안,승용,남,74세,상해없음,승용,여,48세,경상
2017071600100276,2017년 7월 16일 14시,일요일,대구광역시 달성군 다사읍,경상사고,0,0,3,0,차대차 - 정면충돌,안전거리미확보,건조,맑음,단일로 - 기타,승용,남,32세,상해없음,승용,여,50세,경상
2017071600100277,2017년 7월 16일 14시,일요일,대구광역시 중구 남산동,중상사고,0,1,0,0,차대차 - 측면충돌,안전운전불이행,건조,맑음,기타 - 기타,이륜,남,19세,상해없음,자전거,여,17세,중상
2017071600100278,2017년 7월 16일 14시,일요일,대구광역시 달서구 신당동,부상신고사고,0,0,0,1,차대차 - 정면충돌,안전운전불이행,건조,맑음,교차로 - 교차로안,이륜,남,19세,부상신고,승용,여,44세,상해없음
2017071600100309,2017년 7월 16일 15시,일요일,대구광역시 북구 칠성동2가,경상사고,0,0,2,0,차대차 - 추돌,안전운전불이행,건조,맑음,교차로 - 교차로부근,승용,남,56세,상해없음,승용,남,41세,경상
2017071600100310,2017년 7월 16일 15시,일요일,대구광역시 북구 국우동,경상사고,0,0,3,0,차대차 - 기타,안전운전불이행,건조,맑음,단일로 - 기타,승용,남,38세,상해없음,승용,여,37세,경상
2017071600100341,2017년 7월 16일 16시,일요일,대구광역시 동구 봉무동,경상사고,0,0,2,0,차대차 - 측면충돌,안전거리미확보,건조,맑음,단일로 - 기타,승용,남,56세,상해없음,이륜,남,18세,경상
2017071600100342,2017년 7월 16일 16시,일요일,대구광역시 북구 읍내동,중상사고,0,1,3,0,차대차 - 측면충돌,안전운전불이행,건조,흐림,단일로 - 기타,승용,남,29세,상해없음,승용,남,60세,경상
2017071600100369,2017년 7월 16일 17시,일요일,대구광역시 달서구 진천동,중상사고,0,1,0,0,차대차 - 측면충돌,안전운전불이행,건조,맑음,교차로 - 교차로안,이륜,남,86세,중상,승용,남,51세,상해없음
2017071600100370,2017년 7월 16일 17시,일요일,대구광역시 달서구 월성동,경상사고,0,0,3,0,차대차 - 측면충돌,직진우회전진행방해,건조,맑음,교차로 - 교차로안,승용,남,43세,상해없음,승용,남,43세,경상
2017071600100393,2017년 7월 16일 18시,일요일,대구광역시 동구 불로동,중상사고,0,1,1,0,차대차 - 측면충돌,안전운전불이행,건조,맑음,교차로 - 교차로부근,승용,남,45세,상해없음,승용,남,48세,경상
2017071600100394,2017년 7월 16일 18시,일요일,대구광역시 수성구 두산동,경상사고,0,0,1,0,차대차 - 측면충돌,교차로운행방법위반,건조,맑음,교차로 - 교차로안,승용,남,30세,상해없음,자전거,여,31세,경상
2017071600100451,2017년 7월 16일 20시,일요일,대구광역시 북구 서변동,경상사고,0,0,1,0,차대사람 - 보도통행중,기타,건조,맑음,단일로 - 기타,자전거,남,45세,상해없음,보행자,여,62세,경상
2017071600100513,2017년 7월 16일 23시,일요일,대구광역시 중구 동인동1가,경상사고,0,0,1,0,차대차 - 측면충돌,안전거리미확보,건조,맑음,교차로 - 교차로부근,승용,남,19세,상해없음,승용,남,62세,경상
2017071700100031,2017년 7월 17일 00시,월요일,대구광역시 달서구 장기동,경상사고,0,0,1,0,차대차 - 추돌,안전운전불이행,건조,맑음,교차로 - 교차로부근,승용,남,55세,상해없음,승용,남,24세,경상
2017071700100055,2017년 7월 17일 03시,월요일,대구광역시 달서구 두류동,경상사고,0,0,1,0,차대사람 - 차도통행중,안전운전불이행,건조,맑음,단일로 - 기타,원동기,남,50세,상해없음,보행자,남,19세,경상
2017071700100059,2017년 7월 17일 04시,월요일,대구광역시 달서구 상인동,경상사고,0,0,1,0,차대차 - 추돌,중앙선침범,건조,맑음,교차로 - 교차로부근,승용,남,26세,상해없음,승용,여,35세,경상
2017071700100079,2017년 7월 17일 06시,월요일,대구광역시 달서구 월성동,경상사고,0,0,1,0,차대차 - 측면충돌,안전거리미확보,건조,맑음,단일로 - 기타,승용,남,55세,상해없음,이륜,남,66세,경상
2017071700100103,2017년 7월 17일 07시,월요일,대구광역시 달서구 대천동,경상사고,0,0,1,0,차대차 - 추돌,안전거리미확보,건조,맑음,교차로 - 교차로안,승용,남,61세,상해없음,승용,남,34세,경상
2017071700100104,2017년 7월 17일 07시,월요일,대구광역시 서구 비산동,중상사고,0,1,0,0,차대차 - 측면충돌,안전운전불이행,건조,맑음,단일로 - 기타,자전거,남,73세,상해없음,자전거,여,48세,중상
2017071700100146,2017년 7월 17일 08시,월요일,대구광역시 수성구 상동,부상신고사고,0,0,0,1,차대차 - 측면충돌,안전운전불이행,건조,맑음,단일로 - 기타,이륜,남,42세,부상신고,승용,남,51세,상해없음
2017071700100147,2017년 7월 17일 08시,월요일,대구광역시 수성구 만촌동,경상사고,0,0,1,0,차대차 - 추돌,안전운전불이행,건조,맑음,단일로 - 기타,승용,남,38세,상해없음,승용,남,28세,경상
2017071700100148,2017년 7월 17일 08시,월요일,대구광역시 서구 평리동,중상사고,0,1,2,0,차대차 - 측면충돌,안전운전불이행,건조,맑음,교차로 - 교차로안,승용,남,62세,경상,승용,남,39세,중상
2017071700100149,2017년 7월 17일 08시,월요일,대구광역시 서구 중리동,경상사고,0,0,1,0,차대차 - 측면충돌,신호위반,건조,맑음,교차로 - 교차로안,승용,남,57세,상해없음,승용,남,64세,경상
2017071700100178,2017년 7월 17일 09시,월요일,대구광역시 남구 대명동,중상사고,0,1,0,0,차대사람 - 횡단중,보행자보호의무위반,건조,맑음,교차로 - 교차로횡단보도내,승용,남,57세,상해없음,보행자,여,59세,중상
2017071700100179,2017년 7월 17일 09시,월요일,대구광역시 중구 삼덕동1가,중상사고,0,2,3,0,차대차 - 추돌,안전운전불이행,건조,맑음,단일로 - 기타,승용,남,45세,상해없음,승용,여,37세,경상
2017071700100180,2017년 7월 17일 09시,월요일,대구광역시 북구 매천동,중상사고,0,1,0,0,차대사람 - 횡단중,안전운전불이행,건조,맑음,교차로 - 교차로부근,화물,남,37세,상해없음,보행자,남,53세,중상
2017071700100206,2017년 7월 17일 10시,월요일,대구광역시 수성구 수성동2가,경상사고,0,0,1,0,차대사람 - 횡단중,안전운전불이행,건조,맑음,교차로 - 교차로부근,자전거,남,56세,기타불명,보행자,여,48세,경상
2017071700100244,2017년 7월 17일 11시,월요일,대구광역시 남구 대명동,경상사고,0,0,1,0,차대차 - 측면충돌,신호위반,건조,맑음,교차로 - 교차로안,이륜,남,32세,상해없음,이륜,남,64세,경상
2017071700100276,2017년 7월 17일 12시,월요일,대구광역시 달서구 월암동,경상사고,0,0,4,0,차대차 - 기타,불법유턴,건조,맑음,단일로 - 기타,승용,여,37세,상해없음,승용,남,28세,경상
2017071700100299,2017년 7월 17일 13시,월요일,대구광역시 수성구 노변동,경상사고,0,0,2,0,차대차 - 추돌,안전운전불이행,건조,맑음,교차로 - 교차로부근,화물,남,65세,상해없음,승용,여,38세,경상
2017071700100300,2017년 7월 17일 13시,월요일,대구광역시 달서구 이곡동,경상사고,0,0,2,0,차대차 - 추돌,안전운전불이행,건조,맑음,단일로 - 기타,화물,남,34세,상해없음,승용,남,40세,경상
2017071700100301,2017년 7월 17일 13시,월요일,대구광역시 달서구 성당동,경상사고,0,0,1,0,차대차 - 측면충돌,교차로운행방법위반,건조,맑음,교차로 - 교차로안,승용,여,31세,상해없음,이륜,남,40세,경상
2017071700100367,2017년 7월 17일 15시,월요일,대구광역시 동구 신천동,경상사고,0,0,1,0,차대차 - 측면충돌,안전거리미확보,건조,맑음,단일로 - 기타,승용,남,75세,상해없음,승용,남,55세,경상
2017071700100368,2017년 7월 17일 15시,월요일,대구광역시 수성구 범물동,경상사고,0,0,1,0,차대차 - 추돌,안전운전불이행,건조,맑음,교차로 - 교차로부근,승용,남,74세,경상,승용,남,45세,기타불명
2017071700100369,2017년 7월 17일 15시,월요일,대구광역시 수성구 신매동,중상사고,0,1,1,0,차대차 - 측면충돌,안전운전불이행,건조,맑음,단일로 - 기타,승용,남,23세,기타불명,승합,남,57세,상해없음
2017071700100370,2017년 7월 17일 15시,월요일,대구광역시 북구 노원동2가,중상사고,0,1,0,0,차대차 - 추돌,안전운전불이행,건조,흐림,단일로 - 교량,승용,남,55세,상해없음,승용,남,46세,중상
2017071700100371,2017년 7월 17일 15시,월요일,대구광역시 중구 대봉동,경상사고,0,0,1,0,차대차 - 측면충돌,안전운전불이행,건조,맑음,단일로 - 기타,화물,남,51세,상해없음,승용,여,63세,경상
2017071700100406,2017년 7월 17일 16시,월요일,대구광역시 달서구 상인동,중상사고,0,1,0,0,차대차 - 측면충돌,직진우회전진행방해,건조,맑음,교차로 - 교차로안,승용,여,46세,상해없음,원동기,남,29세,중상
2017071700100440,2017년 7월 17일 17시,월요일,대구광역시 수성구 매호동,중상사고,0,1,0,0,차대사람 - 횡단중,신호위반,건조,맑음,교차로 - 교차로횡단보도내,승용,남,43세,상해없음,보행자,여,40세,중상
2017071700100441,2017년 7월 17일 17시,월요일,대구광역시 달성군 화원읍,경상사고,0,0,1,0,차대차 - 기타,안전운전불이행,젖음/습기,비,단일로 - 기타,화물,남,30세,상해없음,화물,남,40세,경상
2017071700100480,2017년 7월 17일 18시,월요일,대구광역시 수성구 만촌동,중상사고,0,1,0,0,차대차 - 측면충돌,안전거리미확보,젖음/습기,비,단일로 - 기타,화물,남,42세,상해없음,이륜,남,54세,중상
2017071700100481,2017년 7월 17일 18시,월요일,대구광역시 북구 동천동,경상사고,0,0,1,0,차대차 - 기타,직진우회전진행방해,젖음/습기,비,교차로 - 교차로안,승용,여,34세,상해없음,이륜,남,33세,경상
2017071700100482,2017년 7월 17일 18시,월요일,대구광역시 북구 태전동,중상사고,0,1,0,0,차대차 - 측면충돌,신호위반,건조,맑음,교차로 - 교차로안,승용,여,52세,상해없음,승용,여,58세,중상
2017071700100513,2017년 7월 17일 19시,월요일,대구광역시 수성구 중동,부상신고사고,0,0,0,1,차대차 - 기타,안전운전불이행,젖음/습기,흐림,단일로 - 기타,이륜,남,45세,부상신고,승합,남,58세,상해없음
2017071700100514,2017년 7월 17일 19시,월요일,대구광역시 달서구 상인동,경상사고,0,0,2,0,차대차 - 측면충돌,안전운전불이행,젖음/습기,맑음,단일로 - 기타,승용,여,26세,상해없음,승용,여,34세,경상
2017071700100515,2017년 7월 17일 19시,월요일,대구광역시 서구 평리동,경상사고,0,0,1,1,차대차 - 측면충돌,안전운전불이행,건조,맑음,단일로 - 기타,이륜,남,37세,부상신고,승용,여,52세,경상
2017071700100516,2017년 7월 17일 19시,월요일,대구광역시 달서구 이곡동,경상사고,0,0,2,0,차대차 - 추돌,안전거리미확보,건조,맑음,단일로 - 기타,승용,남,29세,상해없음,승용,여,51세,경상
2017071700100517,2017년 7월 17일 19시,월요일,대구광역시 북구 태전동,중상사고,0,1,0,0,차대차 - 측면충돌,안전운전불이행,젖음/습기,비,교차로 - 교차로부근,승용,남,48세,상해없음,이륜,남,31세,중상
2017071700100539,2017년 7월 17일 20시,월요일,대구광역시 남구 봉덕동,경상사고,0,0,1,0,차대차 - 측면충돌,교차로운행방법위반,건조,맑음,교차로 - 교차로안,승용,남,44세,상해없음,이륜,남,18세,경상
2017071700100540,2017년 7월 17일 20시,월요일,대구광역시 동구 각산동,중상사고,0,1,0,0,차대차 - 정면충돌,신호위반,건조,맑음,교차로 - 교차로안,승용,남,52세,상해없음,이륜,남,25세,중상
2017071700100541,2017년 7월 17일 20시,월요일,대구광역시 수성구 황금동,경상사고,0,0,1,0,차대차 - 측면충돌,안전운전불이행,건조,맑음,교차로 - 교차로안,승합,여,61세,상해없음,승용,남,48세,경상
2017071700100542,2017년 7월 17일 20시,월요일,대구광역시 수성구 두산동,경상사고,0,0,1,0,차대차 - 측면충돌,안전운전불이행,건조,맑음,교차로 - 교차로안,승합,여,61세,상해없음,승용,남,48세,경상
2017071700100543,2017년 7월 17일 20시,월요일,대구광역시 달서구 장기동,경상사고,0,0,1,0,차대차 - 추돌,안전운전불이행,젖음/습기,비,단일로 - 기타,승용,남,26세,상해없음,승용,남,48세,상해없음
2017071700100544,2017년 7월 17일 20시,월요일,대구광역시 달서구 파호동,경상사고,0,0,1,0,차대사람 - 횡단중,안전운전불이행,젖음/습기,비,단일로 - 기타,승용,남,48세,상해없음,보행자,남,51세,경상
2017071800100079,2017년 7월 18일 06시,화요일,대구광역시 달서구 장기동,중상사고,0,1,0,0,차대차 - 측면충돌,안전운전불이행,건조,맑음,단일로 - 기타,승용,남,43세,상해없음,자전거,남,82세,중상
2017071800100098,2017년 7월 18일 07시,화요일,대구광역시 달서구 상인동,중상사고,0,1,2,0,차대차 - 추돌,안전운전불이행,건조,맑음,단일로 - 기타,건설기계,남,59세,상해없음,승용,여,48세,중상
2017071800100126,2017년 7월 18일 08시,화요일,대구광역시 남구 대명동,경상사고,0,0,1,0,차대사람 - 횡단중,안전운전불이행,건조,맑음,기타 - 기타,승용,남,68세,상해없음,보행자,여,37세,경상
2017071800100127,2017년 7월 18일 08시,화요일,대구광역시 수성구 범어동,경상사고,0,0,1,0,차대사람 - 횡단중,안전운전불이행,건조,맑음,기타 - 기타,승용,남,43세,상해없음,보행자,여,14세,경상
2017071800100128,2017년 7월 18일 08시,화요일,대구광역시 달성군 구지면,경상사고,0,0,2,0,차대차 - 정면충돌,안전거리미확보,건조,맑음,교차로 - 교차로부근,화물,남,43세,상해없음,화물,남,59세,경상
2017071800100152,2017년 7월 18일 09시,화요일,대구광역시 동구 지저동,경상사고,0,0,1,0,차대차 - 측면충돌,직진우회전진행방해,건조,맑음,교차로 - 교차로안,이륜,여,55세,경상,승용,남,77세,상해없음
2017071800100153,2017년 7월 18일 09시,화요일,대구광역시 중구 대신동,중상사고,0,1,0,0,차대사람 - 횡단중,안전운전불이행,건조,맑음,단일로 - 기타,승용,남,45세,상해없음,보행자,여,62세,중상
2017071800100184,2017년 7월 18일 10시,화요일,대구광역시 달서구 월성동,부상신고사고,0,0,0,1,차대차 - 기타,안전운전불이행,건조,맑음,교차로 - 교차로부근,기타불명,기타불명,미분류,기타불명,자전거,남,46세,부상신고
2017071800100205,2017년 7월 18일 11시,화요일,대구광역시 동구 효목동,경상사고,0,0,1,0,차대차 - 측면충돌,안전거리미확보,건조,맑음,단일로 - 기타,승용,남,72세,상해없음,승용,여,51세,경상
2017071800100232,2017년 7월 18일 12시,화요일,대구광역시 달서구 상인동,경상사고,0,0,1,0,차대사람 - 횡단중,안전운전불이행,건조,맑음,단일로 - 기타,승용,여,38세,상해없음,보행자,여,65세,경상
2017071800100233,2017년 7월 18일 12시,화요일,대구광역시 달서구 대천동,경상사고,0,0,1,0,차대사람 - 횡단중,안전운전불이행,건조,맑음,주차장 - 주차장,승용,여,33세,상해없음,보행자,여,35세,경상
2017071800100234,2017년 7월 18일 12시,화요일,대구광역시 달성군 화원읍,경상사고,0,0,2,0,차대차 - 측면충돌,안전운전불이행,건조,맑음,교차로 - 교차로안,화물,남,56세,상해없음,승용,여,56세,경상
2017071800100261,2017년 7월 18일 13시,화요일,대구광역시 수성구 상동,부상신고사고,0,0,0,1,차대차 - 측면충돌,안전운전불이행,건조,맑음,단일로 - 기타,승용,여,38세,상해없음,이륜,남,21세,부상신고
2017071800100284,2017년 7월 18일 14시,화요일,대구광역시 달서구 진천동,중상사고,0,1,0,0,차대차 - 기타,교차로운행방법위반,건조,맑음,교차로 - 교차로안,승용,여,30세,상해없음,원동기,남,37세,중상
2017071800100285,2017년 7월 18일 14시,화요일,대구광역시 서구 중리동,경상사고,0,0,1,0,차대차 - 측면충돌,안전운전불이행,건조,맑음,단일로 - 기타,화물,여,42세,상해없음,화물,남,38세,경상
2017071800100318,2017년 7월 18일 15시,화요일,대구광역시 북구 금호동,경상사고,0,0,6,0,차대차 - 추돌,안전운전불이행,건조,맑음,단일로 - 기타,승용,남,22세,상해없음,승합,여,54세,경상
2017071800100319,2017년 7월 18일 15시,화요일,대구광역시 동구 신천동,경상사고,0,0,1,0,차대차 - 측면충돌,기타,건조,맑음,교차로 - 교차로안,승용,남,72세,상해없음,승용,남,36세,경상