사고번호,사고일시,요일,시군구,사고내용,사망자수,중상자수,경상자수,부상신고자수,사고유형,법규위반,노면상태,기상상태,도로형태,가해운전자 차종,가해운전자 성별,가해운전자 연령,가해운전자 상해정도,피해운전자 차종,피해운전자 성별,피해운전자 연령,피해운전자 상해정도
2017072500100460,2017년 7월 25일 17시,화요일,대구광역시 수성구 범물동,경상사고,0,0,1,0,차대차 - 측면충돌,신호위반,건조,흐림,교차로 - 교차로안,승용,여,59세,상해없음,승용,남,69세,경상
2017072500100499,2017년 7월 25일 18시,화요일,대구광역시 수성구 시지동,중상사고,0,1,0,0,차대차 - 추돌,안전운전불이행,건조,맑음,단일로 - 기타,승합,남,34세,중상,화물,남,62세,상해없음
2017072500100503,2017년 7월 25일 18시,화요일,대구광역시 서구 비산동,중상사고,0,1,0,0,차대차 - 추돌,안전운전불이행,건조,맑음,단일로 - 기타,승용,여,63세,상해없음,승용,여,36세,중상
2017072500100529,2017년 7월 25일 19시,화요일,대구광역시 동구 지저동,경상사고,0,0,1,0,차대차 - 추돌,안전운전불이행,건조,맑음,교차로 - 교차로부근,승용,남,64세,상해없음,승용,남,33세,상해없음
2017072500100530,2017년 7월 25일 19시,화요일,대구광역시 달서구 진천동,경상사고,0,0,6,0,차대차 - 측면충돌,차로위반,건조,맑음,단일로 - 기타,승용,남,67세,경상,승용,남,30세,경상
2017072500100531,2017년 7월 25일 19시,화요일,대구광역시 달서구 감삼동,경상사고,0,0,1,0,차대사람 - 횡단중,안전운전불이행,건조,맑음,단일로 - 기타,승용,여,36세,상해없음,보행자,여,67세,경상
2017072500100532,2017년 7월 25일 19시,화요일,대구광역시 북구 국우동,경상사고,0,0,2,0,차대차 - 측면충돌,안전운전불이행,건조,맑음,단일로 - 기타,승용,남,47세,경상,승용,남,36세,경상
2017072500100563,2017년 7월 25일 20시,화요일,대구광역시 수성구 만촌동,경상사고,0,0,4,0,차대차 - 추돌,안전운전불이행,건조,맑음,교차로 - 교차로부근,승용,남,62세,상해없음,승용,남,27세,경상
2017072500100564,2017년 7월 25일 20시,화요일,대구광역시 북구 산격동,경상사고,0,0,1,0,차대사람 - 횡단중,보행자보호의무위반,건조,맑음,교차로 - 교차로부근,승용,남,21세,상해없음,보행자,여,42세,경상
2017072500100590,2017년 7월 25일 21시,화요일,대구광역시 동구 도동,경상사고,0,0,1,0,차대차 - 측면충돌,안전운전불이행,건조,맑음,단일로 - 기타,승용,여,51세,상해없음,승용,남,24세,경상
2017072500100592,2017년 7월 25일 21시,화요일,대구광역시 달서구 진천동,경상사고,0,0,1,0,차대차 - 측면충돌,안전거리미확보,건조,맑음,단일로 - 기타,승용,남,49세,상해없음,승용,남,51세,상해없음
2017072500100622,2017년 7월 25일 22시,화요일,대구광역시 북구 동천동,경상사고,0,0,1,0,차대사람 - 횡단중,안전운전불이행,건조,맑음,단일로 - 기타,승용,남,55세,상해없음,보행자,남,35세,경상
2017072600100048,2017년 7월 26일 02시,수요일,대구광역시 서구 평리동,경상사고,0,0,1,0,차대차 - 추돌,안전운전불이행,건조,맑음,단일로 - 기타,승용,남,23세,상해없음,승용,남,48세,경상
2017072600100066,2017년 7월 26일 04시,수요일,대구광역시 남구 봉덕동,중상사고,0,3,0,0,차대차 - 추돌,안전운전불이행,건조,맑음,단일로 - 고가도로위,승용,남,35세,상해없음,승용,남,50세,중상
2017072600100148,2017년 7월 26일 08시,수요일,대구광역시 수성구 상동,중상사고,0,1,0,0,차대사람 - 횡단중,안전운전불이행,건조,맑음,단일로 - 기타,승용,남,23세,상해없음,보행자,여,23세,중상
2017072600100149,2017년 7월 26일 08시,수요일,대구광역시 달성군 화원읍,경상사고,0,0,1,0,차대차 - 측면충돌,안전거리미확보,건조,맑음,교차로 - 교차로부근,승용,여,27세,상해없음,승용,남,44세,경상
2017072600100150,2017년 7월 26일 08시,수요일,대구광역시 서구 내당동,중상사고,0,1,0,0,차대차 - 측면충돌,안전운전불이행,건조,맑음,기타 - 기타,자전거,남,84세,중상,승용,남,40세,상해없음
2017072600100185,2017년 7월 26일 09시,수요일,대구광역시 동구 능성동,경상사고,0,0,1,0,차대차 - 측면충돌,안전운전불이행,건조,맑음,교차로 - 교차로부근,화물,남,75세,상해없음,승용,남,56세,경상
2017072600100186,2017년 7월 26일 09시,수요일,대구광역시 수성구 파동,중상사고,0,1,0,0,차대사람 - 차도통행중,과속,건조,맑음,단일로 - 기타,승용,남,63세,상해없음,보행자,남,46세,중상
2017072600100216,2017년 7월 26일 10시,수요일,대구광역시 남구 대명동,중상사고,0,1,0,0,차대사람 - 횡단중,안전운전불이행,건조,맑음,단일로 - 기타,승합,남,37세,상해없음,보행자,남,59세,중상
2017072600100217,2017년 7월 26일 10시,수요일,대구광역시 중구 동인동1가,경상사고,0,0,1,0,차대차 - 측면충돌,교차로운행방법위반,건조,맑음,교차로 - 교차로안,이륜,남,65세,상해없음,승용,남,36세,경상
2017072600100250,2017년 7월 26일 11시,수요일,대구광역시 동구 불로동,경상사고,0,0,1,0,차대차 - 추돌,안전운전불이행,건조,맑음,기타 - 기타,승용,여,31세,상해없음,화물,남,50세,기타불명
2017072600100251,2017년 7월 26일 11시,수요일,대구광역시 중구 동성로3가,중상사고,0,1,0,0,차대사람 - 횡단중,안전운전불이행,건조,맑음,단일로 - 기타,이륜,남,38세,상해없음,보행자,남,21세,중상
2017072600100252,2017년 7월 26일 11시,수요일,대구광역시 달서구 갈산동,중상사고,0,3,2,0,차대차 - 추돌,안전운전불이행,건조,맑음,단일로 - 기타,화물,남,51세,상해없음,승용,여,35세,중상
2017072600100287,2017년 7월 26일 12시,수요일,대구광역시 중구 서문로2가,중상사고,0,1,0,0,차대사람 - 횡단중,보행자보호의무위반,건조,맑음,교차로 - 교차로횡단보도내,승용,여,47세,상해없음,보행자,여,62세,중상
2017072600100288,2017년 7월 26일 12시,수요일,대구광역시 달서구 신당동,경상사고,0,0,2,0,차대차 - 추돌,안전운전불이행,건조,맑음,단일로 - 기타,승용,여,46세,경상,승용,여,44세,상해없음
2017072600100320,2017년 7월 26일 13시,수요일,대구광역시 남구 대명동,경상사고,0,0,1,0,차대차 - 후진중충돌,안전운전불이행,건조,맑음,교차로 - 교차로안,승용,여,45세,상해없음,승용,여,38세,경상
2017072600100321,2017년 7월 26일 13시,수요일,대구광역시 동구 율하동,경상사고,0,0,5,0,차대차 - 측면충돌,안전거리미확보,건조,맑음,단일로 - 기타,특수,남,39세,상해없음,승용,여,37세,경상
2017072600100322,2017년 7월 26일 13시,수요일,대구광역시 동구 동호동,중상사고,0,1,0,0,차대사람 - 횡단중,안전운전불이행,건조,맑음,단일로 - 기타,승용,남,59세,상해없음,보행자,여,48세,중상
2017072600100323,2017년 7월 26일 13시,수요일,대구광역시 수성구 범어동,중상사고,0,1,6,1,차대차 - 측면충돌,안전거리미확보,건조,맑음,교차로 - 교차로안,승용,여,46세,상해없음,승합,남,37세,상해없음
2017072600100324,2017년 7월 26일 13시,수요일,대구광역시 수성구 욱수동,중상사고,0,1,0,0,차대차 - 후진중충돌,안전운전불이행,젖음/습기,비,단일로 - 기타,승용,여,53세,상해없음,승용,남,35세,중상
2017072600100325,2017년 7월 26일 13시,수요일,대구광역시 서구 평리동,경상사고,0,0,1,0,차대차 - 측면충돌,안전운전불이행,건조,맑음,교차로 - 교차로부근,승용,여,60세,상해없음,이륜,남,22세,경상
2017072600100349,2017년 7월 26일 14시,수요일,대구광역시 달서구 감삼동,경상사고,0,0,2,0,차대차 - 추돌,안전운전불이행,건조,맑음,단일로 - 기타,승용,여,34세,상해없음,승용,여,37세,경상
2017072600100380,2017년 7월 26일 15시,수요일,대구광역시 서구 평리동,경상사고,0,0,1,0,차대차 - 측면충돌,안전운전불이행,건조,맑음,교차로 - 교차로부근,화물,남,32세,상해없음,이륜,남,26세,경상
2017072600100381,2017년 7월 26일 15시,수요일,대구광역시 서구 평리동,경상사고,0,0,1,0,차대차 - 측면충돌,안전운전불이행,건조,맑음,교차로 - 교차로안,승용,남,61세,상해없음,승용,여,46세,경상
2017072600100382,2017년 7월 26일 15시,수요일,대구광역시 달서구 호산동,경상사고,0,0,1,0,차대차 - 추돌,안전운전불이행,건조,맑음,단일로 - 기타,승용,남,59세,상해없음,승합,남,52세,경상
2017072600100383,2017년 7월 26일 15시,수요일,대구광역시 달서구 감삼동,경상사고,0,0,2,1,차대차 - 정면충돌,중앙선침범,건조,맑음,단일로 - 기타,승용,남,29세,상해없음,승용,남,33세,경상
2017072600100384,2017년 7월 26일 15시,수요일,대구광역시 달서구 본리동,경상사고,0,0,1,0,차대차 - 측면충돌,안전운전불이행,건조,맑음,단일로 - 기타,승용,남,47세,상해없음,승용,여,63세,경상
2017072600100427,2017년 7월 26일 16시,수요일,대구광역시 중구 대신동,경상사고,0,0,1,0,차대차 - 측면충돌,안전운전불이행,건조,맑음,교차로 - 교차로부근,승합,남,62세,상해없음,승용,남,56세,경상
2017072600100472,2017년 7월 26일 17시,수요일,대구광역시 동구 신암동,경상사고,0,0,1,0,차대차 - 측면충돌,교차로운행방법위반,건조,맑음,단일로 - 기타,승용,남,64세,상해없음,자전거,남,13세,경상
2017072600100473,2017년 7월 26일 17시,수요일,대구광역시 달서구 진천동,경상사고,0,0,1,0,차대차 - 기타,신호위반,건조,맑음,교차로 - 교차로횡단보도내,자전거,여,10세,경상,승용,남,25세,상해없음
2017072600100474,2017년 7월 26일 17시,수요일,대구광역시 달서구 상인동,경상사고,0,0,3,0,차대차 - 추돌,안전운전불이행,건조,맑음,단일로 - 기타,승용,남,31세,상해없음,승용,남,37세,경상
2017072600100475,2017년 7월 26일 17시,수요일,대구광역시 북구 칠성동2가,경상사고,0,0,1,0,차대차 - 측면충돌,신호위반,건조,맑음,교차로 - 교차로안,이륜,남,70세,경상,승용,여,57세,상해없음
2017072600100476,2017년 7월 26일 17시,수요일,대구광역시 서구 평리동,경상사고,0,0,1,0,차대차 - 측면충돌,안전운전불이행,건조,맑음,단일로 - 기타,승용,남,25세,상해없음,승용,남,37세,경상
2017072600100477,2017년 7월 26일 17시,수요일,대구광역시 북구 동변동,중상사고,0,1,0,0,차대사람 - 횡단중,보행자보호의무위반,건조,맑음,단일로 - 기타,승용,남,54세,상해없음,보행자,남,8세,중상
2017072600100516,2017년 7월 26일 18시,수요일,대구광역시 남구 대명동,경상사고,0,0,1,0,차대차 - 측면충돌,안전운전불이행,건조,맑음,단일로 - 기타,이륜,남,16세,상해없음,승용,여,43세,기타불명
2017072600100517,2017년 7월 26일 18시,수요일,대구광역시 수성구 두산동,경상사고,0,0,2,0,차대차 - 측면충돌,안전운전불이행,건조,맑음,교차로 - 교차로안,승용,여,25세,경상,승용,남,33세,경상
2017072600100518,2017년 7월 26일 18시,수요일,대구광역시 서구 비산동,중상사고,0,1,0,0,차대사람 - 길가장자리구역통행중,기타,건조,맑음,단일로 - 기타,승합,남,53세,상해없음,보행자,여,77세,중상
2017072600100519,2017년 7월 26일 18시,수요일,대구광역시 달서구 이곡동,경상사고,0,0,1,0,차대차 - 측면충돌,안전운전불이행,건조,맑음,단일로 - 기타,승용,여,36세,상해없음,이륜,남,18세,경상
2017072600100520,2017년 7월 26일 18시,수요일,대구광역시 북구 서변동,경상사고,0,0,1,0,차대차 - 측면충돌,안전운전불이행,건조,맑음,교차로 - 교차로안,승용,남,50세,상해없음,승용,여,50세,경상
2017072600100521,2017년 7월 26일 18시,수요일,대구광역시 북구 읍내동,경상사고,0,0,1,0,차대차 - 추돌,안전운전불이행,건조,맑음,기타 - 기타,승용,여,19세,상해없음,승용,남,44세,경상
2017072600100551,2017년 7월 26일 19시,수요일,대구광역시 동구 효목동,경상사고,0,0,1,0,차대차 - 정면충돌,안전운전불이행,건조,맑음,교차로 - 교차로안,승용,남,48세,상해없음,승용,남,30세,경상
2017072600100615,2017년 7월 26일 21시,수요일,대구광역시 중구 태평로1가,경상사고,0,0,1,0,차대차 - 측면충돌,안전운전불이행,건조,맑음,단일로 - 기타,기타불명,기타불명,미분류,기타불명,이륜,남,35세,경상
2017072600100675,2017년 7월 26일 23시,수요일,대구광역시 서구 중리동,경상사고,0,0,2,0,차량단독 - 공작물충돌,안전운전불이행,건조,맑음,단일로 - 기타,승용,남,51세,상해없음,,,,
2017072700100040,2017년 7월 27일 00시,목요일,대구광역시 달서구 두류동,부상신고사고,0,0,0,1,차대차 - 추돌,안전운전불이행,건조,맑음,단일로 - 기타,이륜,남,20세,상해없음,승용,남,63세,부상신고
2017072700100061,2017년 7월 27일 01시,목요일,대구광역시 달성군 현풍면,중상사고,0,1,3,0,차대차 - 측면충돌,안전운전불이행,건조,맑음,교차로 - 교차로안,승합,남,43세,경상,승용,남,43세,상해없음
2017072700100062,2017년 7월 27일 01시,목요일,대구광역시 중구 삼덕동2가,경상사고,0,0,1,0,차대차 - 추돌,안전거리미확보,건조,맑음,단일로 - 기타,이륜,남,21세,상해없음,승용,남,57세,경상
2017072700100075,2017년 7월 27일 03시,목요일,대구광역시 북구 태전동,경상사고,0,0,3,0,차대차 - 측면충돌,신호위반,건조,맑음,교차로 - 교차로안,원동기,남,18세,경상,승용,남,47세,경상
2017072700100159,2017년 7월 27일 08시,목요일,대구광역시 달서구 송현동,경상사고,0,0,1,0,차대사람 - 기타,안전운전불이행,건조,맑음,단일로 - 기타,승용,남,47세,상해없음,보행자,남,64세,경상
2017072700100160,2017년 7월 27일 08시,목요일,대구광역시 달서구 상인동,경상사고,0,0,1,0,차대차 - 측면충돌,안전운전불이행,건조,맑음,교차로 - 교차로부근,승용,여,48세,상해없음,승용,여,50세,경상
2017072700100161,2017년 7월 27일 08시,목요일,대구광역시 달서구 신당동,부상신고사고,0,0,0,1,차대차 - 기타,기타,건조,맑음,단일로 - 기타,화물,남,60세,상해없음,승용,남,63세,부상신고
2017072700100221,2017년 7월 27일 10시,목요일,대구광역시 남구 이천동,경상사고,0,0,1,0,차대차 - 추돌,안전운전불이행,건조,맑음,교차로 - 교차로부근,승용,남,61세,상해없음,승합,남,56세,경상
2017072700100242,2017년 7월 27일 11시,목요일,대구광역시 남구 대명동,경상사고,0,0,2,1,차대차 - 측면충돌,안전운전불이행,건조,맑음,기타 - 기타,승용,남,19세,부상신고,승용,여,64세,경상
2017072700100243,2017년 7월 27일 11시,목요일,대구광역시 동구 신암동,경상사고,0,0,1,0,차대차 - 측면충돌,안전운전불이행,건조,맑음,교차로 - 교차로부근,이륜,남,76세,경상,승용,남,61세,상해없음
2017072700100244,2017년 7월 27일 11시,목요일,대구광역시 수성구 지산동,경상사고,0,0,1,0,차대차 - 측면충돌,안전운전불이행,건조,맑음,교차로 - 교차로안,승용,남,54세,상해없음,자전거,남,14세,경상
2017072700100245,2017년 7월 27일 11시,목요일,대구광역시 중구 봉산동,중상사고,0,1,2,0,차대차 - 추돌,안전운전불이행,건조,맑음,단일로 - 기타,승용,남,57세,상해없음,승용,남,69세,경상
2017072700100246,2017년 7월 27일 11시,목요일,대구광역시 달서구 용산동,경상사고,0,0,1,0,차대차 - 추돌,안전거리미확보,건조,맑음,단일로 - 기타,승용,여,36세,상해없음,이륜,남,66세,경상
2017072700100273,2017년 7월 27일 12시,목요일,대구광역시 수성구 범어동,부상신고사고,0,0,0,1,차대차 - 후진중충돌,안전운전불이행,건조,맑음,단일로 - 기타,승용,남,76세,상해없음,승용,여,39세,상해없음
2017072700100274,2017년 7월 27일 12시,목요일,대구광역시 북구 노원동3가,경상사고,0,0,1,0,차대차 - 측면충돌,안전운전불이행,건조,맑음,단일로 - 기타,승용,여,36세,상해없음,이륜,남,55세,경상
2017072700100275,2017년 7월 27일 12시,목요일,대구광역시 북구 구암동,경상사고,0,0,1,0,차대차 - 기타,신호위반,건조,맑음,교차로 - 교차로안,승합,남,37세,상해없음,승용,남,60세,상해없음
2017072700100276,2017년 7월 27일 12시,목요일,대구광역시 북구 서변동,경상사고,0,0,2,0,차대차 - 측면충돌,안전거리미확보,건조,맑음,단일로 - 기타,승용,여,69세,경상,건설기계,남,41세,경상
2017072700100311,2017년 7월 27일 13시,목요일,대구광역시 달서구 본리동,중상사고,0,1,0,0,차대차 - 추돌,안전운전불이행,건조,맑음,교차로 - 교차로횡단보도내,승용,여,44세,상해없음,자전거,남,9세,중상
2017072700100342,2017년 7월 27일 14시,목요일,대구광역시 동구 지저동,경상사고,0,0,1,0,차대차 - 측면충돌,안전운전불이행,건조,맑음,단일로 - 기타,승용,여,58세,상해없음,승용,남,51세,경상
2017072700100343,2017년 7월 27일 14시,목요일,대구광역시 달서구 상인동,중상사고,0,1,0,0,차대차 - 측면충돌,불법유턴,건조,맑음,단일로 - 기타,이륜,남,75세,중상,승용,남,69세,상해없음
2017072700100382,2017년 7월 27일 15시,목요일,대구광역시 달서구 상인동,경상사고,0,0,1,0,차대사람 - 횡단중,안전운전불이행,건조,맑음,단일로 - 기타,이륜,남,20세,상해없음,보행자,남,17세,경상
2017072700100383,2017년 7월 27일 15시,목요일,대구광역시 서구 내당동,부상신고사고,0,0,0,1,차대차 - 측면충돌,안전거리미확보,건조,맑음,단일로 - 기타,승용,남,49세,상해없음,자전거,남,70세,부상신고
2017072700100384,2017년 7월 27일 15시,목요일,대구광역시 달서구 신당동,경상사고,0,0,1,0,차대사람 - 횡단중,안전운전불이행,건조,맑음,단일로 - 기타,승용,여,48세,기타불명,보행자,남,51세,경상
2017072700100385,2017년 7월 27일 15시,목요일,대구광역시 달서구 본리동,중상사고,0,1,0,1,차대차 - 기타,기타,건조,맑음,교차로 - 교차로안,이륜,남,67세,중상,승용,남,44세,부상신고
2017072700100421,2017년 7월 27일 16시,목요일,대구광역시 남구 대명동,경상사고,0,0,1,0,차대차 - 측면충돌,안전거리미확보,건조,맑음,교차로 - 교차로부근,승용,남,54세,상해없음,이륜,남,31세,경상
2017072700100422,2017년 7월 27일 16시,목요일,대구광역시 달서구 송현동,경상사고,0,0,1,0,차대차 - 추돌,안전운전불이행,건조,맑음,단일로 - 기타,승용,여,43세,상해없음,승용,남,48세,상해없음
2017072700100423,2017년 7월 27일 16시,목요일,대구광역시 서구 내당동,중상사고,0,1,0,0,차대차 - 측면충돌,기타,건조,맑음,교차로 - 교차로안,승용,남,61세,상해없음,이륜,여,79세,중상
2017072700100515,2017년 7월 27일 18시,목요일,대구광역시 달성군 화원읍,경상사고,0,0,1,0,차대사람 - 횡단중,보행자보호의무위반,건조,맑음,교차로 - 교차로안,화물,남,47세,상해없음,보행자,여,51세,경상
2017072700100591,2017년 7월 27일 21시,목요일,대구광역시 달서구 갈산동,중상사고,0,1,0,0,차대차 - 측면충돌,교차로운행방법위반,건조,맑음,교차로 - 교차로안,승용,남,42세,상해없음,자전거,남,49세,중상
2017072700100592,2017년 7월 27일 21시,목요일,대구광역시 달서구 두류동,경상사고,0,0,1,0,차대차 - 추돌,안전운전불이행,젖음/습기,흐림,단일로 - 기타,승용,남,21세,상해없음,승용,남,37세,상해없음
2017072700100655,2017년 7월 27일 23시,목요일,대구광역시 달서구 두류동,경상사고,0,0,3,0,차대차 - 추돌,안전거리미확보,건조,맑음,단일로 - 기타,승용,여,48세,상해없음,승용,여,28세,경상
2017072700100656,2017년 7월 27일 23시,목요일,대구광역시 달서구 용산동,경상사고,0,0,1,0,차대차 - 측면충돌,안전거리미확보,건조,맑음,단일로 - 기타,승용,남,56세,상해없음,승용,남,34세,경상
2017072800100043,2017년 7월 28일 00시,금요일,대구광역시 중구 동인동3가,경상사고,0,0,3,0,차대차 - 추돌,안전운전불이행,건조,맑음,교차로 - 교차로부근,승용,남,36세,상해없음,승용,여,33세,경상
2017072800100069,2017년 7월 28일 02시,금요일,대구광역시 수성구 만촌동,경상사고,0,0,1,0,차대차 - 측면충돌,안전운전불이행,건조,맑음,단일로 - 기타,승용,여,15세,상해없음,승합,남,35세,경상
2017072800100087,2017년 7월 28일 04시,금요일,대구광역시 서구 내당동,중상사고,0,2,0,0,차대사람 - 횡단중,안전운전불이행,건조,맑음,단일로 - 기타,승용,여,17세,상해없음,보행자,남,26세,중상
2017072800100114,2017년 7월 28일 06시,금요일,대구광역시 달서구 송현동,경상사고,0,0,2,0,차대차 - 추돌,안전운전불이행,건조,맑음,단일로 - 기타,승용,남,69세,상해없음,승용,남,41세,경상
2017072800100137,2017년 7월 28일 07시,금요일,대구광역시 달서구 월성동,경상사고,0,0,1,0,차대차 - 정면충돌,안전운전불이행,건조,맑음,단일로 - 기타,승용,남,62세,상해없음,자전거,남,19세,경상
2017072800100138,2017년 7월 28일 07시,금요일,대구광역시 북구 고성동3가,경상사고,0,0,1,0,차대차 - 추돌,안전운전불이행,건조,맑음,교차로 - 교차로부근,승용,남,51세,상해없음,승용,남,49세,경상
2017072800100229,2017년 7월 28일 10시,금요일,대구광역시 달성군 다사읍,경상사고,0,0,1,0,차대차 - 측면충돌,안전운전불이행,건조,맑음,교차로 - 교차로부근,승용,남,33세,상해없음,화물,남,30세,경상
2017072800100252,2017년 7월 28일 11시,금요일,대구광역시 남구 이천동,경상사고,0,0,1,0,차대차 - 추돌,안전거리미확보,건조,맑음,단일로 - 기타,승용,여,27세,상해없음,승용,여,28세,경상
2017072800100253,2017년 7월 28일 11시,금요일,대구광역시 달서구 상인동,경상사고,0,0,1,0,차대차 - 측면충돌,보행자보호의무위반,건조,맑음,교차로 - 교차로횡단보도내,승용,남,28세,상해없음,자전거,남,10세,경상
2017072800100254,2017년 7월 28일 11시,금요일,대구광역시 달서구 송현동,경상사고,0,0,2,0,차대차 - 추돌,안전거리미확보,건조,맑음,단일로 - 기타,승용,여,38세,상해없음,승용,남,57세,경상
2017072800100317,2017년 7월 28일 13시,금요일,대구광역시 북구 칠성동2가,경상사고,0,0,2,0,차대차 - 측면충돌,신호위반,건조,맑음,교차로 - 교차로안,승용,남,44세,상해없음,승용,남,65세,경상
2017072800100318,2017년 7월 28일 13시,금요일,대구광역시 중구 동인동4가,경상사고,0,0,1,0,차대차 - 추돌,안전운전불이행,건조,맑음,교차로 - 교차로안,승용,여,61세,상해없음,승합,남,48세,경상
2017072800100349,2017년 7월 28일 14시,금요일,대구광역시 동구 지저동,경상사고,0,0,1,0,차대차 - 측면충돌,안전거리미확보,건조,맑음,단일로 - 기타,승용,남,23세,상해없음,승용,남,48세,경상
2017072800100385,2017년 7월 28일 15시,금요일,대구광역시 남구 대명동,부상신고사고,0,0,0,1,차대차 - 측면충돌,안전운전불이행,건조,맑음,교차로 - 교차로횡단보도내,이륜,남,65세,부상신고,승용,남,49세,상해없음
2017072800100386,2017년 7월 28일 15시,금요일,대구광역시 수성구 만촌동,중상사고,0,1,0,0,차대사람 - 횡단중,기타,건조,맑음,기타 - 기타,승용,남,62세,상해없음,보행자,여,75세,중상
2017072800100387,2017년 7월 28일 15시,금요일,대구광역시 중구 대신동,중상사고,0,1,0,0,차대사람 - 길가장자리구역통행중,안전운전불이행,건조,맑음,교차로 - 교차로안,승용,남,43세,상해없음,보행자,남,56세,중상
2017072800100388,2017년 7월 28일 15시,금요일,대구광역시 북구 구암동,경상사고,0,0,1,0,차대사람 - 횡단중,안전운전불이행,건조,맑음,단일로 - 기타,승용,남,56세,상해없음,보행자,여,54세,경상
2017072800100420,2017년 7월 28일 16시,금요일,대구광역시 동구 효목동,경상사고,0,0,1,0,차대차 - 측면충돌,기타,건조,맑음,단일로 - 기타,기타불명,기타불명,미분류,기타불명,자전거,여,16세,경상
2017072800100421,2017년 7월 28일 16시,금요일,대구광역시 수성구 만촌동,경상사고,0,0,1,0,차대차 - 정면충돌,중앙선침범,건조,맑음,교차로 - 교차로부근,승용,여,65세,상해없음,승용,남,47세,경상
2017072800100422,2017년 7월 28일 16시,금요일,대구광역시 달서구 월성동,경상사고,0,0,1,0,차대차 - 정면충돌,교차로운행방법위반,건조,맑음,교차로 - 교차로안,승용,남,55세,상해없음,화물,남,59세,상해없음
2017072800100460,2017년 7월 28일 17시,금요일,대구광역시 서구 비산동,부상신고사고,0,0,0,1,차대차 - 측면충돌,교차로운행방법위반,건조,맑음,교차로 - 교차로안,자전거,여,60세,부상신고,승용,남,34세,상해없음
2017072800100461,2017년 7월 28일 17시,금요일,대구광역시 북구 관음동,경상사고,0,0,1,0,차대차 - 기타,안전운전불이행,건조,맑음,단일로 - 기타,승용,여,50세,경상,화물,남,43세,상해없음
2017072800100491,2017년 7월 28일 18시,금요일,대구광역시 동구 신암동,부상신고사고,0,0,0,1,차대차 - 측면충돌,안전거리미확보,건조,맑음,단일로 - 기타,이륜,남,26세,부상신고,승용,남,67세,상해없음
2017072800100492,2017년 7월 28일 18시,금요일,대구광역시 동구 신천동,중상사고,0,1,0,0,차량단독 - 기타,안전운전불이행,건조,맑음,교차로 - 교차로부근,승합,남,55세,상해없음,,,,
2017072800100493,2017년 7월 28일 18시,금요일,대구광역시 달서구 대곡동,경상사고,0,0,1,0,차대차 - 측면충돌,안전운전불이행,건조,맑음,단일로 - 기타,승용,여,61세,상해없음,승용,남,18세,경상
2017072800100494,2017년 7월 28일 18시,금요일,대구광역시 달성군 다사읍,경상사고,0,0,1,0,차대차 - 추돌,안전운전불이행,건조,맑음,단일로 - 기타,승용,남,70세,상해없음,승용,여,26세,경상
2017072800100495,2017년 7월 28일 18시,금요일,대구광역시 서구 평리동,경상사고,0,0,4,0,차대차 - 측면충돌,안전운전불이행,건조,맑음,교차로 - 교차로부근,승용,남,55세,상해없음,승용,남,47세,경상
2017072800100531,2017년 7월 28일 19시,금요일,대구광역시 달서구 갈산동,경상사고,0,0,1,0,차대차 - 추돌,안전거리미확보,건조,맑음,단일로 - 기타,화물,남,47세,상해없음,승용,여,44세,경상
2017072800100566,2017년 7월 28일 20시,금요일,대구광역시 동구 검사동,경상사고,0,0,3,0,차대차 - 측면충돌,안전운전불이행,건조,맑음,교차로 - 교차로부근,이륜,남,17세,상해없음,승용,남,59세,경상
2017072800100567,2017년 7월 28일 20시,금요일,대구광역시 수성구 만촌동,경상사고,0,0,1,0,차대사람 - 횡단중,기타,건조,맑음,단일로 - 기타,승용,남,56세,상해없음,보행자,여,46세,경상
2017072800100568,2017년 7월 28일 20시,금요일,대구광역시 달성군 화원읍,경상사고,0,0,1,0,차대차 - 기타,안전운전불이행,건조,맑음,단일로 - 기타,승합,남,66세,상해없음,원동기,남,16세,경상
2017072800100569,2017년 7월 28일 20시,금요일,대구광역시 서구 이현동,경상사고,0,0,1,0,차대차 - 추돌,안전거리미확보,건조,흐림,교차로 - 교차로부근,화물,남,57세,상해없음,승용,여,48세,경상
2017072800100570,2017년 7월 28일 20시,금요일,대구광역시 달서구 감삼동,경상사고,0,0,1,0,차대차 - 기타,안전운전불이행,건조,맑음,단일로 - 기타,승용,남,65세,상해없음,특수,남,19세,상해없음
2017072800100613,2017년 7월 28일 21시,금요일,대구광역시 수성구 만촌동,경상사고,0,0,1,0,차대차 - 측면충돌,안전운전불이행,건조,맑음,기타 - 기타,승용,남,67세,상해없음,승용,남,42세,상해없음
2017072800100614,2017년 7월 28일 21시,금요일,대구광역시 북구 침산동,경상사고,0,0,1,0,차대차 - 측면충돌,신호위반,건조,맑음,교차로 - 교차로안,승용,남,38세,상해없음,승용,남,27세,경상
2017072800100615,2017년 7월 28일 21시,금요일,대구광역시 서구 상리동,중상사고,0,1,0,0,차대차 - 측면충돌,안전거리미확보,건조,맑음,단일로 - 기타,승용,남,39세,상해없음,승용,여,48세,중상
2017072800100616,2017년 7월 28일 21시,금요일,대구광역시 북구 동호동,경상사고,0,0,1,0,차대차 - 추돌,안전운전불이행,건조,맑음,단일로 - 기타,승용,남,58세,상해없음,승용,여,43세,경상
2017072800100646,2017년 7월 28일 22시,금요일,대구광역시 서구 비산동,부상신고사고,0,0,0,1,차대차 - 측면충돌,안전운전불이행,건조,맑음,단일로 - 기타,이륜,남,18세,부상신고,승용,남,34세,상해없음