사고번호,사고일시,요일,시군구,사고내용,사망자수,중상자수,경상자수,부상신고자수,사고유형,법규위반,노면상태,기상상태,도로형태,가해운전자 차종,가해운전자 성별,가해운전자 연령,가해운전자 상해정도,피해운전자 차종,피해운전자 성별,피해운전자 연령,피해운전자 상해정도
2017072800100674,2017년 7월 28일 23시,금요일,대구광역시 달서구 상인동,경상사고,0,0,1,0,차대차 - 추돌,안전운전불이행,젖음/습기,비,단일로 - 기타,승용,남,19세,상해없음,승용,남,30세,경상
2017072900100052,2017년 7월 29일 01시,토요일,대구광역시 달서구 월암동,중상사고,0,1,5,0,차대차 - 기타,직진우회전진행방해,젖음/습기,비,교차로 - 교차로안,승용,남,68세,경상,승용,남,45세,중상
2017072900100053,2017년 7월 29일 01시,토요일,대구광역시 서구 내당동,중상사고,0,1,0,0,차대사람 - 횡단중,안전운전불이행,젖음/습기,비,교차로 - 교차로부근,승용,남,57세,상해없음,보행자,남,26세,중상
2017072900100070,2017년 7월 29일 02시,토요일,대구광역시 달성군 화원읍,경상사고,0,0,2,0,차대차 - 추돌,기타,건조,맑음,단일로 - 기타,승용,남,24세,상해없음,승용,남,35세,경상
2017072900100089,2017년 7월 29일 03시,토요일,대구광역시 동구 신서동,중상사고,0,1,0,1,차량단독 - 공작물충돌,과속,젖음/습기,비,교차로 - 교차로부근,승용,남,43세,부상신고,,,,
2017072900100090,2017년 7월 29일 03시,토요일,대구광역시 서구 비산동,중상사고,0,1,0,0,차대사람 - 횡단중,안전운전불이행,젖음/습기,비,단일로 - 기타,승용,남,52세,상해없음,보행자,남,61세,중상
2017072900100106,2017년 7월 29일 04시,토요일,대구광역시 동구 검사동,경상사고,0,0,1,0,차대사람 - 횡단중,안전운전불이행,젖음/습기,비,단일로 - 기타,기타불명,기타불명,미분류,기타불명,보행자,남,52세,경상
2017072900100151,2017년 7월 29일 07시,토요일,대구광역시 북구 팔달동,경상사고,0,0,3,0,차대차 - 측면충돌,교차로운행방법위반,젖음/습기,비,교차로 - 교차로안,승용,남,52세,경상,승용,여,44세,경상
2017072900100174,2017년 7월 29일 08시,토요일,대구광역시 수성구 지산동,경상사고,0,0,1,0,차대차 - 측면충돌,신호위반,건조,맑음,교차로 - 교차로안,승용,남,66세,상해없음,승용,남,37세,경상
2017072900100175,2017년 7월 29일 08시,토요일,대구광역시 달서구 송현동,경상사고,0,0,1,0,차대차 - 추돌,안전거리미확보,젖음/습기,비,교차로 - 교차로부근,승용,남,44세,상해없음,승용,여,58세,경상
2017072900100176,2017년 7월 29일 08시,토요일,대구광역시 북구 칠성동2가,중상사고,0,1,0,0,차대사람 - 횡단중,안전운전불이행,젖음/습기,흐림,단일로 - 기타,이륜,남,52세,상해없음,보행자,여,82세,중상
2017072900100199,2017년 7월 29일 09시,토요일,대구광역시 동구 지저동,경상사고,0,0,1,0,차대차 - 측면충돌,기타,건조,맑음,단일로 - 기타,승용,여,57세,상해없음,이륜,남,57세,경상
2017072900100200,2017년 7월 29일 09시,토요일,대구광역시 북구 국우동,경상사고,0,0,2,0,차대차 - 측면충돌,안전운전불이행,건조,맑음,단일로 - 기타,화물,남,36세,상해없음,승용,남,31세,경상
2017072900100224,2017년 7월 29일 10시,토요일,대구광역시 수성구 시지동,중상사고,0,1,0,0,차대차 - 측면충돌,교차로운행방법위반,건조,맑음,교차로 - 교차로횡단보도내,특수,남,46세,상해없음,이륜,남,81세,중상
2017072900100225,2017년 7월 29일 10시,토요일,대구광역시 달성군 다사읍,경상사고,0,0,1,0,차대차 - 기타,차로위반,건조,맑음,교차로 - 교차로안,화물,남,40세,상해없음,승용,남,26세,경상
2017072900100285,2017년 7월 29일 12시,토요일,대구광역시 동구 지묘동,경상사고,0,0,1,0,차대차 - 측면충돌,안전운전불이행,젖음/습기,비,단일로 - 기타,승용,여,38세,상해없음,이륜,남,70세,경상
2017072900100286,2017년 7월 29일 12시,토요일,대구광역시 달서구 상인동,중상사고,0,1,0,0,차대차 - 기타,안전운전불이행,건조,맑음,교차로 - 교차로안,화물,남,68세,상해없음,자전거,여,54세,중상
2017072900100287,2017년 7월 29일 12시,토요일,대구광역시 달성군 화원읍,경상사고,0,0,1,0,차대차 - 정면충돌,안전운전불이행,건조,맑음,단일로 - 기타,화물,남,47세,상해없음,승용,남,25세,경상
2017072900100288,2017년 7월 29일 12시,토요일,대구광역시 북구 산격동,경상사고,0,0,1,0,차대차 - 측면충돌,안전거리미확보,젖음/습기,흐림,단일로 - 기타,승용,남,43세,상해없음,이륜,남,23세,경상
2017072900100289,2017년 7월 29일 12시,토요일,대구광역시 달서구 감삼동,경상사고,0,0,1,0,차대차 - 측면충돌,안전운전불이행,건조,맑음,단일로 - 기타,승용,여,54세,상해없음,승용,여,53세,경상
2017072900100326,2017년 7월 29일 13시,토요일,대구광역시 수성구 범어동,경상사고,0,0,1,0,차대차 - 측면충돌,기타,건조,맑음,기타 - 기타,승용,남,62세,상해없음,자전거,남,38세,경상
2017072900100327,2017년 7월 29일 13시,토요일,대구광역시 북구 침산동,중상사고,0,1,0,0,차대차 - 측면충돌,안전운전불이행,젖음/습기,흐림,단일로 - 기타,승용,남,27세,상해없음,자전거,남,21세,중상
2017072900100328,2017년 7월 29일 13시,토요일,대구광역시 서구 내당동,경상사고,0,0,1,0,차대차 - 추돌,안전운전불이행,젖음/습기,흐림,단일로 - 기타,승용,남,46세,상해없음,승용,여,34세,경상
2017072900100359,2017년 7월 29일 14시,토요일,대구광역시 중구 계산동2가,중상사고,0,1,1,0,차대차 - 측면충돌,교차로운행방법위반,젖음/습기,비,교차로 - 교차로부근,승용,남,69세,상해없음,승용,남,44세,경상
2017072900100360,2017년 7월 29일 14시,토요일,대구광역시 북구 동천동,경상사고,0,0,1,0,차대사람 - 횡단중,안전운전불이행,건조,흐림,단일로 - 기타,승용,남,36세,상해없음,보행자,남,12세,경상
2017072900100385,2017년 7월 29일 15시,토요일,대구광역시 서구 상리동,중상사고,0,1,0,0,차량단독 - 공작물충돌,안전운전불이행,젖음/습기,비,단일로 - 기타,승용,남,21세,상해없음,,,,
2017072900100388,2017년 7월 29일 15시,토요일,대구광역시 수성구 신매동,부상신고사고,0,0,0,1,차대차 - 측면충돌,안전운전불이행,젖음/습기,비,교차로 - 교차로부근,기타불명,기타불명,미분류,기타불명,이륜,남,25세,부상신고
2017072900100389,2017년 7월 29일 15시,토요일,대구광역시 서구 평리동,경상사고,0,0,2,0,차대차 - 추돌,안전운전불이행,젖음/습기,비,단일로 - 기타,화물,남,54세,상해없음,승용,여,31세,경상
2017072900100390,2017년 7월 29일 15시,토요일,대구광역시 서구 상리동,중상사고,0,1,0,1,차량단독 - 공작물충돌,안전운전불이행,젖음/습기,비,단일로 - 기타,승용,남,21세,부상신고,,,,
2017072900100391,2017년 7월 29일 15시,토요일,대구광역시 달서구 두류동,경상사고,0,0,1,0,차대차 - 추돌,안전운전불이행,젖음/습기,비,단일로 - 기타,승용,남,53세,상해없음,승용,여,59세,경상
2017072900100430,2017년 7월 29일 16시,토요일,대구광역시 수성구 연호동,중상사고,0,3,0,0,차량단독 - 전도전복,안전운전불이행,젖음/습기,비,단일로 - 기타,승용,남,66세,중상,미분류,미분류,미분류,미분류
2017072900100431,2017년 7월 29일 16시,토요일,대구광역시 수성구 가천동,경상사고,0,0,1,0,차대차 - 추돌,안전운전불이행,건조,맑음,교차로 - 교차로부근,승용,남,64세,상해없음,승용,여,58세,경상
2017072900100463,2017년 7월 29일 17시,토요일,대구광역시 달서구 상인동,중상사고,0,1,0,0,차대차 - 측면충돌,신호위반,건조,맑음,단일로 - 기타,승용,남,56세,상해없음,이륜,남,32세,중상
2017072900100502,2017년 7월 29일 18시,토요일,대구광역시 수성구 수성동4가,경상사고,0,0,1,0,차대차 - 추돌,안전거리미확보,건조,맑음,교차로 - 교차로부근,승용,남,31세,상해없음,승용,여,71세,경상
2017072900100503,2017년 7월 29일 18시,토요일,대구광역시 수성구 만촌동,경상사고,0,0,1,0,차대사람 - 횡단중,안전운전불이행,젖음/습기,맑음,단일로 - 기타,승용,남,68세,상해없음,보행자,남,29세,경상
2017072900100539,2017년 7월 29일 19시,토요일,대구광역시 북구 금호동,경상사고,0,0,1,0,차대차 - 추돌,안전거리미확보,건조,맑음,단일로 - 기타,승용,남,65세,상해없음,화물,남,38세,경상
2017072900100540,2017년 7월 29일 19시,토요일,대구광역시 달성군 유가면,경상사고,0,0,1,0,차대사람 - 횡단중,안전운전불이행,젖음/습기,비,교차로 - 교차로부근,이륜,남,30세,상해없음,보행자,여,17세,경상
2017072900100558,2017년 7월 29일 20시,토요일,대구광역시 북구 태전동,경상사고,0,0,1,0,차대사람 - 횡단중,안전운전불이행,건조,맑음,단일로 - 기타,승용,여,26세,상해없음,보행자,남,47세,경상
2017072900100585,2017년 7월 29일 21시,토요일,대구광역시 서구 비산동,경상사고,0,0,1,0,차량단독 - 기타,안전운전불이행,건조,맑음,단일로 - 기타,승용,남,55세,상해없음,,,,
2017072900100586,2017년 7월 29일 21시,토요일,대구광역시 달서구 신당동,경상사고,0,0,1,0,차대차 - 추돌,안전운전불이행,건조,맑음,교차로 - 교차로부근,승용,남,50세,상해없음,승용,남,26세,상해없음
2017072900100621,2017년 7월 29일 23시,토요일,대구광역시 남구 대명동,중상사고,0,1,1,0,차량단독 - 공작물충돌,안전운전불이행,젖음/습기,비,단일로 - 기타,승용,남,63세,상해없음,,,,
2017072900100622,2017년 7월 29일 23시,토요일,대구광역시 북구 관음동,경상사고,0,0,3,0,차대차 - 측면충돌,안전운전불이행,건조,맑음,단일로 - 기타,승용,남,29세,상해없음,승용,여,29세,경상
2017073000100033,2017년 7월 30일 00시,일요일,대구광역시 남구 대명동,경상사고,0,0,1,0,차대차 - 추돌,안전거리미확보,젖음/습기,비,단일로 - 기타,승용,남,54세,상해없음,승용,남,34세,경상
2017073000100034,2017년 7월 30일 00시,일요일,대구광역시 동구 신암동,중상사고,0,1,0,0,차대사람 - 횡단중,안전운전불이행,건조,맑음,단일로 - 기타,승용,남,31세,상해없음,보행자,남,58세,중상
2017073000100050,2017년 7월 30일 01시,일요일,대구광역시 남구 봉덕동,중상사고,0,1,0,0,차대사람 - 보도통행중,기타,건조,맑음,교차로 - 교차로부근,승용,남,17세,상해없음,보행자,여,17세,중상
2017073000100100,2017년 7월 30일 06시,일요일,대구광역시 달성군 논공읍,경상사고,0,0,1,0,차량단독 - 전도전복,기타,건조,맑음,교차로 - 교차로안,기타불명,남,24세,기타불명,미분류,미분류,미분류,미분류
2017073000100164,2017년 7월 30일 10시,일요일,대구광역시 달서구 송현동,경상사고,0,0,1,0,차량단독 - 전도전복 - 전도,안전운전불이행,건조,맑음,단일로 - 기타,승합,남,57세,상해없음,,,,
2017073000100241,2017년 7월 30일 14시,일요일,대구광역시 수성구 매호동,경상사고,0,0,1,0,차대사람 - 횡단중,보행자보호의무위반,건조,맑음,교차로 - 교차로횡단보도내,이륜,남,56세,상해없음,보행자,여,77세,경상
2017073000100266,2017년 7월 30일 15시,일요일,대구광역시 달성군 다사읍,경상사고,0,0,1,0,차대차 - 기타,중앙선침범,건조,맑음,단일로 - 기타,자전거,남,35세,경상,기타불명,기타불명,미분류,기타불명
2017073000100317,2017년 7월 30일 17시,일요일,대구광역시 남구 대명동,중상사고,0,1,3,1,차대차 - 측면충돌,안전운전불이행,건조,맑음,단일로 - 기타,승용,여,51세,경상,승용,남,35세,중상
2017073000100343,2017년 7월 30일 18시,일요일,대구광역시 동구 지묘동,중상사고,0,1,1,0,차대차 - 측면충돌,신호위반,건조,맑음,교차로 - 교차로안,승용,여,35세,상해없음,화물,남,57세,경상
2017073000100344,2017년 7월 30일 18시,일요일,대구광역시 수성구 지산동,경상사고,0,0,1,0,차대사람 - 횡단중,신호위반,건조,맑음,단일로 - 기타,승용,남,49세,상해없음,보행자,여,13세,경상
2017073000100397,2017년 7월 30일 20시,일요일,대구광역시 달서구 두류동,부상신고사고,0,0,0,1,차대차 - 측면충돌,안전운전불이행,건조,맑음,단일로 - 기타,승용,남,64세,상해없음,원동기,남,20세,부상신고
2017073100100037,2017년 7월 31일 01시,월요일,대구광역시 달서구 성당동,경상사고,0,0,1,0,차대차 - 추돌,안전거리미확보,건조,맑음,교차로 - 교차로부근,승용,남,61세,상해없음,승용,남,25세,경상
2017073100100058,2017년 7월 31일 05시,월요일,대구광역시 서구 비산동,경상사고,0,0,1,0,차대차 - 추돌,안전운전불이행,건조,맑음,단일로 - 기타,승용,남,22세,상해없음,승용,남,28세,경상
2017073100100086,2017년 7월 31일 07시,월요일,대구광역시 달서구 월성동,경상사고,0,0,1,0,차대차 - 측면충돌,안전운전불이행,건조,맑음,교차로 - 교차로횡단보도내,승용,남,65세,상해없음,자전거,여,48세,경상
2017073100100108,2017년 7월 31일 08시,월요일,대구광역시 북구 칠성동2가,부상신고사고,0,0,0,1,차대차 - 기타,안전거리미확보,건조,맑음,단일로 - 기타,이륜,여,55세,부상신고,승용,남,32세,상해없음
2017073100100109,2017년 7월 31일 08시,월요일,대구광역시 북구 칠성동2가,경상사고,0,0,1,0,차대차 - 측면충돌,신호위반,건조,맑음,교차로 - 교차로안,승합,남,47세,상해없음,자전거,여,68세,경상
2017073100100168,2017년 7월 31일 10시,월요일,대구광역시 서구 중리동,경상사고,0,0,1,2,차대차 - 추돌,안전거리미확보,젖음/습기,비,단일로 - 기타,승용,여,43세,상해없음,승용,남,54세,부상신고
2017073100100209,2017년 7월 31일 11시,월요일,대구광역시 남구 이천동,중상사고,0,1,0,0,차대차 - 측면충돌,신호위반,젖음/습기,비,단일로 - 기타,승용,남,26세,상해없음,원동기,여,50세,중상
2017073100100210,2017년 7월 31일 11시,월요일,대구광역시 북구 관음동,경상사고,0,0,3,0,차대차 - 측면충돌,교차로운행방법위반,건조,맑음,교차로 - 교차로안,이륜,남,17세,상해없음,승용,여,25세,경상
2017073100100249,2017년 7월 31일 12시,월요일,대구광역시 수성구 지산동,부상신고사고,0,0,0,1,차대차 - 측면충돌,안전운전불이행,젖음/습기,비,단일로 - 기타,승용,여,39세,상해없음,이륜,남,21세,부상신고
2017073100100250,2017년 7월 31일 12시,월요일,대구광역시 달성군 논공읍,경상사고,0,0,1,0,차대차 - 기타,안전운전불이행,젖음/습기,비,교차로 - 교차로안,승용,여,51세,상해없음,이륜,남,43세,경상
2017073100100270,2017년 7월 31일 13시,월요일,대구광역시 수성구 범물동,중상사고,0,1,1,0,차대차 - 추돌,교차로운행방법위반,젖음/습기,비,교차로 - 교차로안,승용,여,60세,경상,이륜,남,41세,중상
2017073100100271,2017년 7월 31일 13시,월요일,대구광역시 달서구 상인동,경상사고,0,0,2,0,차대차 - 측면충돌,직진우회전진행방해,젖음/습기,비,교차로 - 교차로안,승용,여,39세,경상,승용,여,38세,경상
2017073100100272,2017년 7월 31일 13시,월요일,대구광역시 서구 내당동,중상사고,0,1,0,0,차대사람 - 횡단중,안전운전불이행,젖음/습기,비,단일로 - 기타,이륜,남,17세,상해없음,보행자,남,75세,중상
2017073100100273,2017년 7월 31일 13시,월요일,대구광역시 중구 태평로3가,중상사고,0,2,1,0,차대차 - 정면충돌,중앙선침범,젖음/습기,비,교차로 - 교차로부근,승용,남,32세,상해없음,승용,남,57세,경상
2017073100100303,2017년 7월 31일 14시,월요일,대구광역시 남구 대명동,경상사고,0,0,1,0,차대차 - 측면충돌,안전운전불이행,젖음/습기,비,단일로 - 기타,승용,남,49세,상해없음,승용,여,35세,경상
2017073100100304,2017년 7월 31일 14시,월요일,대구광역시 동구 지저동,경상사고,0,0,2,0,차대차 - 측면충돌,안전거리미확보,젖음/습기,비,단일로 - 교량,승용,남,47세,상해없음,승용,남,29세,경상
2017073100100305,2017년 7월 31일 14시,월요일,대구광역시 수성구 만촌동,경상사고,0,0,1,0,차대차 - 측면충돌,안전거리미확보,젖음/습기,비,단일로 - 고가도로위,승용,남,52세,상해없음,승용,남,55세,경상
2017073100100306,2017년 7월 31일 14시,월요일,대구광역시 달서구 감삼동,경상사고,0,0,1,0,차대차 - 추돌,안전운전불이행,젖음/습기,비,단일로 - 기타,승용,여,57세,상해없음,승용,여,45세,경상
2017073100100307,2017년 7월 31일 14시,월요일,대구광역시 달서구 이곡동,경상사고,0,0,1,0,차대차 - 추돌,안전운전불이행,건조,맑음,교차로 - 교차로부근,승용,여,38세,기타불명,승용,남,60세,경상
2017073100100344,2017년 7월 31일 15시,월요일,대구광역시 서구 내당동,중상사고,0,1,1,0,차대차 - 추돌,안전운전불이행,젖음/습기,비,단일로 - 기타,기타불명,기타불명,미분류,기타불명,승용,남,25세,중상
2017073100100372,2017년 7월 31일 16시,월요일,대구광역시 동구 부동,중상사고,0,2,4,0,차대차 - 추돌,안전거리미확보,젖음/습기,비,단일로 - 기타,승용,남,31세,경상,화물,남,48세,경상
2017073100100376,2017년 7월 31일 16시,월요일,대구광역시 북구 노원동2가,경상사고,0,0,1,0,차대차 - 기타,안전운전불이행,건조,맑음,단일로 - 기타,승합,남,55세,상해없음,승용,남,62세,경상
2017073100100377,2017년 7월 31일 16시,월요일,대구광역시 서구 비산동,경상사고,0,0,2,0,차대차 - 측면충돌,안전운전불이행,젖음/습기,비,교차로 - 교차로부근,화물,남,50세,상해없음,승용,남,31세,경상
2017073100100378,2017년 7월 31일 16시,월요일,대구광역시 북구 동천동,경상사고,0,0,1,1,차대차 - 기타,안전거리미확보,젖음/습기,흐림,단일로 - 기타,승용,남,49세,경상,이륜,남,17세,부상신고
2017073100100412,2017년 7월 31일 17시,월요일,대구광역시 수성구 상동,경상사고,0,0,1,0,차대차 - 측면충돌,안전운전불이행,건조,맑음,교차로 - 교차로안,승용,여,52세,상해없음,승용,여,48세,경상
2017073100100413,2017년 7월 31일 17시,월요일,대구광역시 달서구 도원동,경상사고,0,0,1,0,차대차 - 측면충돌,안전운전불이행,젖음/습기,흐림,교차로 - 교차로안,승용,남,62세,상해없음,자전거,남,9세,경상
2017073100100414,2017년 7월 31일 17시,월요일,대구광역시 달서구 감삼동,중상사고,0,1,6,0,차대차 - 측면충돌,안전거리미확보,건조,맑음,단일로 - 기타,승용,여,36세,상해없음,승용,여,47세,중상
2017073100100446,2017년 7월 31일 18시,월요일,대구광역시 북구 읍내동,경상사고,0,0,1,0,차대차 - 후진중충돌,안전운전불이행,건조,맑음,단일로 - 기타,승용,남,56세,상해없음,승용,남,27세,경상
2017073100100474,2017년 7월 31일 19시,월요일,대구광역시 동구 효목동,경상사고,0,0,1,0,차대차 - 측면충돌,안전운전불이행,건조,맑음,단일로 - 기타,승용,남,60세,상해없음,승합,남,44세,상해없음
2017073100100475,2017년 7월 31일 19시,월요일,대구광역시 수성구 수성동1가,중상사고,0,1,0,0,차대차 - 측면충돌,안전거리미확보,젖음/습기,비,단일로 - 기타,승용,남,30세,상해없음,자전거,남,71세,중상
2017073100100476,2017년 7월 31일 19시,월요일,대구광역시 서구 내당동,경상사고,0,0,1,0,차대차 - 측면충돌,신호위반,젖음/습기,비,교차로 - 교차로안,승용,남,55세,상해없음,이륜,남,29세,경상
2017073100100477,2017년 7월 31일 19시,월요일,대구광역시 중구 남성로,경상사고,0,0,2,0,차대차 - 측면충돌,교차로운행방법위반,젖음/습기,비,교차로 - 교차로안,승용,남,63세,상해없음,승용,남,23세,경상
2017073100100517,2017년 7월 31일 20시,월요일,대구광역시 수성구 신매동,중상사고,0,1,1,0,차대차 - 측면충돌,안전거리미확보,젖음/습기,비,단일로 - 기타,승용,남,49세,상해없음,승용,여,28세,중상
2017073100100541,2017년 7월 31일 21시,월요일,대구광역시 남구 이천동,사망사고,1,0,0,0,차대사람 - 횡단중,안전운전불이행,젖음/습기,비,교차로 - 교차로안,승용,남,40세,상해없음,보행자,남,73세,사망
2017073100100542,2017년 7월 31일 21시,월요일,대구광역시 수성구 상동,중상사고,0,1,0,0,차대차 - 측면충돌,안전운전불이행,젖음/습기,흐림,교차로 - 교차로부근,승용,남,35세,상해없음,승용,남,70세,중상
2017073100100543,2017년 7월 31일 21시,월요일,대구광역시 중구 삼덕동3가,경상사고,0,0,2,0,차대차 - 측면충돌,안전거리미확보,건조,맑음,단일로 - 기타,승용,여,23세,상해없음,승용,남,62세,상해없음
2017073100100544,2017년 7월 31일 21시,월요일,대구광역시 중구 태평로1가,경상사고,0,0,2,0,차대차 - 측면충돌,안전거리미확보,건조,맑음,단일로 - 기타,승용,남,68세,상해없음,승용,남,23세,경상
2017073100100545,2017년 7월 31일 21시,월요일,대구광역시 북구 동천동,경상사고,0,0,1,0,차대차 - 기타,안전운전불이행,젖음/습기,비,단일로 - 기타,승용,여,37세,상해없음,이륜,남,27세,경상
2017073100100572,2017년 7월 31일 22시,월요일,대구광역시 서구 이현동,경상사고,0,0,1,0,차대차 - 측면충돌,안전운전불이행,젖음/습기,흐림,교차로 - 교차로부근,승용,남,50세,상해없음,승용,남,30세,경상
2017073100100573,2017년 7월 31일 22시,월요일,대구광역시 북구 동천동,경상사고,0,0,3,0,차대차 - 측면충돌,교차로운행방법위반,건조,맑음,교차로 - 교차로부근,승용,여,26세,상해없음,승용,여,40세,경상
2017073100100602,2017년 7월 31일 23시,월요일,대구광역시 동구 신천동,경상사고,0,0,1,0,차대차 - 정면충돌,안전운전불이행,건조,맑음,교차로 - 교차로안,승용,여,42세,경상,승용,남,43세,상해없음
2017080100100033,2017년 8월 1일 00시,화요일,대구광역시 북구 침산동,중상사고,0,1,2,0,차대차 - 측면충돌,신호위반,건조,맑음,교차로 - 교차로안,승용,남,29세,상해없음,승용,남,38세,경상
2017080100100049,2017년 8월 1일 01시,화요일,대구광역시 달서구 유천동,중상사고,0,1,1,0,차대차 - 추돌,안전운전불이행,건조,맑음,단일로 - 기타,승용,남,22세,경상,승합,남,50세,상해없음
2017080100100078,2017년 8월 1일 04시,화요일,대구광역시 북구 서변동,중상사고,0,1,0,0,차량단독 - 전도전복,안전운전불이행,젖음/습기,맑음,단일로 - 지하차도(도로)내,승용,여,30세,중상,미분류,미분류,미분류,미분류
2017080100100089,2017년 8월 1일 05시,화요일,대구광역시 동구 신암동,경상사고,0,0,3,0,차대차 - 기타,안전거리미확보,건조,맑음,단일로 - 기타,화물,남,67세,상해없음,승용,남,43세,경상
2017080100100099,2017년 8월 1일 06시,화요일,대구광역시 동구 동호동,경상사고,0,0,1,0,차대차 - 기타,안전거리미확보,건조,맑음,교차로 - 교차로부근,승용,남,26세,상해없음,승합,남,39세,상해없음
2017080100100113,2017년 8월 1일 07시,화요일,대구광역시 수성구 황금동,경상사고,0,0,1,0,차대차 - 측면충돌,안전운전불이행,건조,맑음,단일로 - 기타,승용,남,30세,상해없음,승용,남,52세,경상
2017080100100166,2017년 8월 1일 09시,화요일,대구광역시 동구 입석동,경상사고,0,0,3,0,차대차 - 측면충돌,교차로운행방법위반,젖음/습기,맑음,교차로 - 교차로안,화물,남,63세,상해없음,승용,남,36세,경상
2017080100100167,2017년 8월 1일 09시,화요일,대구광역시 수성구 만촌동,중상사고,0,1,0,0,차대사람 - 횡단중,안전운전불이행,젖음/습기,흐림,교차로 - 교차로횡단보도내,승합,남,52세,상해없음,보행자,남,90세 이상,중상
2017080100100168,2017년 8월 1일 09시,화요일,대구광역시 달성군 구지면,부상신고사고,0,0,0,1,차대사람 - 기타,기타,건조,맑음,단일로 - 지하차도(도로)내,기타불명,기타불명,미분류,기타불명,보행자,남,90세 이상,부상신고
2017080100100195,2017년 8월 1일 10시,화요일,대구광역시 수성구 매호동,경상사고,0,0,1,0,차대차 - 정면충돌,안전운전불이행,건조,맑음,단일로 - 기타,화물,남,48세,상해없음,승용,여,39세,경상
2017080100100196,2017년 8월 1일 10시,화요일,대구광역시 북구 노원동3가,중상사고,0,1,0,0,차대차 - 측면충돌,직진우회전진행방해,젖음/습기,비,교차로 - 교차로안,화물,남,58세,상해없음,승용,남,57세,중상
2017080100100223,2017년 8월 1일 11시,화요일,대구광역시 서구 평리동,부상신고사고,0,0,0,1,차대차 - 기타,기타,건조,맑음,교차로 - 교차로부근,이륜,남,16세,부상신고,기타불명,기타불명,미분류,기타불명
2017080100100224,2017년 8월 1일 11시,화요일,대구광역시 북구 서변동,사망사고,1,0,1,0,차대차 - 측면충돌,안전운전불이행,건조,맑음,단일로 - 기타,승합,남,72세,경상,화물,남,49세,상해없음
2017080100100225,2017년 8월 1일 11시,화요일,대구광역시 북구 서변동,경상사고,0,0,2,0,차대차 - 측면충돌,안전운전불이행,건조,맑음,단일로 - 기타,승용,남,46세,상해없음,이륜,남,17세,경상
2017080100100254,2017년 8월 1일 12시,화요일,대구광역시 동구 율하동,경상사고,0,0,1,0,차대차 - 측면충돌,안전운전불이행,건조,맑음,교차로 - 교차로안,화물,남,39세,상해없음,자전거,남,53세,경상
2017080100100255,2017년 8월 1일 12시,화요일,대구광역시 북구 노원동2가,경상사고,0,0,1,1,차대차 - 측면충돌,차로위반,건조,맑음,단일로 - 기타,승용,남,63세,부상신고,승용,남,34세,경상
2017080100100256,2017년 8월 1일 12시,화요일,대구광역시 중구 삼덕동3가,경상사고,0,0,1,0,차대차 - 측면충돌,안전운전불이행,건조,맑음,단일로 - 기타,승용,남,61세,상해없음,승용,남,42세,경상
2017080100100257,2017년 8월 1일 12시,화요일,대구광역시 중구 삼덕동1가,경상사고,0,0,1,0,차대차 - 측면충돌,안전운전불이행,건조,맑음,단일로 - 기타,승용,남,23세,상해없음,승용,남,28세,경상
2017080100100273,2017년 8월 1일 13시,화요일,대구광역시 동구 신서동,경상사고,0,0,1,0,차대차 - 측면충돌,안전운전불이행,건조,맑음,단일로 - 기타,승용,여,33세,상해없음,승용,남,24세,경상
2017080100100274,2017년 8월 1일 13시,화요일,대구광역시 수성구 범어동,경상사고,0,0,1,0,차대차 - 추돌,안전운전불이행,건조,맑음,교차로 - 교차로부근,승용,남,58세,상해없음,승용,여,41세,경상
2017080100100275,2017년 8월 1일 13시,화요일,대구광역시 수성구 만촌동,중상사고,0,1,0,0,차대차 - 정면충돌,직진우회전진행방해,건조,맑음,단일로 - 기타,승용,남,65세,상해없음,이륜,남,40세,중상
2017080100100276,2017년 8월 1일 13시,화요일,대구광역시 서구 이현동,경상사고,0,0,1,0,차대차 - 추돌,안전거리미확보,건조,맑음,단일로 - 기타,이륜,남,45세,경상,승용,남,42세,상해없음
2017080100100314,2017년 8월 1일 14시,화요일,대구광역시 동구 불로동,경상사고,0,0,1,0,차대차 - 측면충돌,안전거리미확보,건조,맑음,교차로 - 교차로부근,승용,여,66세,상해없음,승용,여,31세,상해없음
2017080100100315,2017년 8월 1일 14시,화요일,대구광역시 달서구 본동,경상사고,0,0,1,0,차대차 - 추돌,안전거리미확보,건조,맑음,교차로 - 교차로안,승용,남,27세,상해없음,승용,남,61세,경상
2017080100100316,2017년 8월 1일 14시,화요일,대구광역시 서구 내당동,경상사고,0,0,2,1,차대차 - 측면충돌,안전거리미확보,건조,맑음,단일로 - 기타,승용,남,49세,부상신고,승용,남,70세,경상
2017080100100347,2017년 8월 1일 15시,화요일,대구광역시 남구 봉덕동,경상사고,0,0,1,0,차대차 - 측면충돌,안전거리미확보,건조,맑음,단일로 - 기타,승용,남,66세,상해없음,화물,남,36세,상해없음
2017080100100348,2017년 8월 1일 15시,화요일,대구광역시 북구 서변동,중상사고,0,1,2,0,차대차 - 추돌,안전운전불이행,건조,맑음,교차로 - 교차로부근,승용,남,54세,상해없음,승용,남,57세,상해없음
2017080100100424,2017년 8월 1일 17시,화요일,대구광역시 동구 율하동,경상사고,0,0,1,0,차대사람 - 횡단중,안전운전불이행,건조,맑음,교차로 - 교차로안,승용,여,21세,상해없음,보행자,남,4세,경상
2017080100100425,2017년 8월 1일 17시,화요일,대구광역시 서구 비산동,경상사고,0,0,1,0,차대차 - 기타,불법유턴,건조,맑음,단일로 - 기타,승용,여,63세,상해없음,자전거,남,61세,경상