사고번호,사고일시,요일,시군구,사고내용,사망자수,중상자수,경상자수,부상신고자수,사고유형,법규위반,노면상태,기상상태,도로형태,가해운전자 차종,가해운전자 성별,가해운전자 연령,가해운전자 상해정도,피해운전자 차종,피해운전자 성별,피해운전자 연령,피해운전자 상해정도
2017080900100213,2017년 8월 9일 10시,수요일,대구광역시 북구 노원동3가,중상사고,0,1,0,0,차대차 - 측면충돌,안전운전불이행,건조,맑음,단일로 - 기타,승용,남,65세,상해없음,이륜,남,51세,중상
2017080900100239,2017년 8월 9일 11시,수요일,대구광역시 동구 효목동,경상사고,0,0,1,0,차대차 - 추돌,안전운전불이행,건조,맑음,단일로 - 기타,화물,남,68세,상해없음,승용,여,30세,경상
2017080900100240,2017년 8월 9일 11시,수요일,대구광역시 수성구 만촌동,경상사고,0,0,1,1,차대차 - 정면충돌,교차로운행방법위반,건조,맑음,교차로 - 교차로부근,이륜,남,21세,부상신고,승용,남,56세,경상
2017080900100241,2017년 8월 9일 11시,수요일,대구광역시 수성구 황금동,중상사고,0,1,0,0,차대차 - 정면충돌,안전운전불이행,건조,맑음,교차로 - 교차로안,화물,남,57세,상해없음,자전거,남,34세,중상
2017080900100242,2017년 8월 9일 11시,수요일,대구광역시 서구 비산동,중상사고,0,1,0,0,차대차 - 측면충돌,안전운전불이행,건조,맑음,단일로 - 기타,화물,남,41세,상해없음,이륜,남,60세,중상
2017080900100243,2017년 8월 9일 11시,수요일,대구광역시 중구 태평로1가,경상사고,0,0,2,0,차대차 - 측면충돌,안전거리미확보,건조,맑음,단일로 - 기타,승용,남,77세,경상,승합,남,38세,경상
2017080900100282,2017년 8월 9일 12시,수요일,대구광역시 달서구 용산동,중상사고,0,1,1,0,차대사람 - 횡단중,중앙선침범,건조,맑음,교차로 - 교차로횡단보도내,이륜,남,26세,경상,보행자,남,83세,중상
2017080900100311,2017년 8월 9일 13시,수요일,대구광역시 수성구 황금동,경상사고,0,0,1,0,차대사람 - 횡단중,안전운전불이행,건조,맑음,단일로 - 기타,기타불명,기타불명,미분류,기타불명,보행자,남,9세,경상
2017080900100312,2017년 8월 9일 13시,수요일,대구광역시 달서구 대천동,경상사고,0,0,1,0,차대사람 - 횡단중,안전운전불이행,건조,맑음,교차로 - 교차로안,승용,여,42세,상해없음,보행자,여,50세,경상
2017080900100340,2017년 8월 9일 14시,수요일,대구광역시 달서구 감삼동,경상사고,0,0,1,0,차대차 - 측면충돌,안전운전불이행,건조,맑음,기타 - 기타,승용,남,29세,상해없음,화물,남,53세,경상
2017080900100373,2017년 8월 9일 15시,수요일,대구광역시 수성구 수성동1가,경상사고,0,0,1,0,차대차 - 측면충돌,안전운전불이행,건조,맑음,교차로 - 교차로안,자전거,남,87세,경상,화물,남,51세,상해없음
2017080900100374,2017년 8월 9일 15시,수요일,대구광역시 수성구 시지동,경상사고,0,0,1,0,차대차 - 정면충돌,안전거리미확보,건조,맑음,단일로 - 기타,화물,남,65세,상해없음,승용,여,70세,경상
2017080900100375,2017년 8월 9일 15시,수요일,대구광역시 달서구 월성동,경상사고,0,0,1,0,차대사람 - 횡단중,안전운전불이행,건조,맑음,교차로 - 교차로안,승용,남,51세,상해없음,보행자,여,16세,경상
2017080900100407,2017년 8월 9일 16시,수요일,대구광역시 수성구 지산동,경상사고,0,0,1,0,차대사람 - 횡단중,보행자보호의무위반,건조,맑음,교차로 - 교차로부근,승용,남,64세,상해없음,보행자,여,22세,경상
2017080900100408,2017년 8월 9일 16시,수요일,대구광역시 북구 읍내동,부상신고사고,0,0,0,1,차대차 - 측면충돌,안전운전불이행,건조,흐림,단일로 - 기타,승용,남,41세,상해없음,자전거,여,44세,부상신고
2017080900100442,2017년 8월 9일 17시,수요일,대구광역시 수성구 만촌동,중상사고,0,1,0,0,차대사람 - 횡단중,안전운전불이행,건조,맑음,교차로 - 교차로부근,기타불명,기타불명,미분류,기타불명,보행자,여,44세,중상
2017080900100443,2017년 8월 9일 17시,수요일,대구광역시 달서구 감삼동,경상사고,0,0,3,0,차대차 - 추돌,안전운전불이행,젖음/습기,비,단일로 - 기타,승용,여,42세,상해없음,승용,남,38세,경상
2017080900100473,2017년 8월 9일 18시,수요일,대구광역시 남구 이천동,부상신고사고,0,0,0,1,차대차 - 측면충돌,기타,건조,맑음,단일로 - 기타,이륜,남,20세,부상신고,승용,남,28세,상해없음
2017080900100474,2017년 8월 9일 18시,수요일,대구광역시 동구 지묘동,경상사고,0,0,1,0,차대차 - 추돌,안전운전불이행,건조,맑음,단일로 - 기타,승합,남,60세,상해없음,자전거,남,54세,경상
2017080900100475,2017년 8월 9일 18시,수요일,대구광역시 동구 신천동,경상사고,0,0,1,0,차대차 - 기타,중앙선침범,건조,맑음,교차로 - 교차로부근,기타불명,기타불명,미분류,기타불명,이륜,남,38세,경상
2017080900100476,2017년 8월 9일 18시,수요일,대구광역시 수성구 두산동,중상사고,0,1,0,0,차대사람 - 횡단중,보행자보호의무위반,건조,맑음,교차로 - 교차로부근,승용,남,57세,상해없음,보행자,여,63세,중상
2017080900100477,2017년 8월 9일 18시,수요일,대구광역시 달성군 다사읍,중상사고,0,1,0,0,차대차 - 기타,직진우회전진행방해,건조,맑음,교차로 - 교차로안,승용,남,37세,중상,승용,남,58세,상해없음
2017080900100478,2017년 8월 9일 18시,수요일,대구광역시 북구 팔달동,경상사고,0,0,3,1,차대차 - 기타,안전거리미확보,젖음/습기,흐림,단일로 - 기타,승용,남,48세,상해없음,승합,남,48세,상해없음
2017080900100550,2017년 8월 9일 20시,수요일,대구광역시 동구 신천동,경상사고,0,0,2,0,차대차 - 기타,안전거리미확보,젖음/습기,비,단일로 - 기타,승용,여,34세,상해없음,승용,남,49세,경상
2017080900100551,2017년 8월 9일 20시,수요일,대구광역시 동구 신기동,중상사고,0,1,0,0,차대차 - 기타,안전거리미확보,건조,맑음,단일로 - 기타,승합,남,53세,상해없음,승용,남,27세,중상
2017080900100552,2017년 8월 9일 20시,수요일,대구광역시 달성군 현풍면,중상사고,0,1,0,0,차량단독 - 전도전복 - 전도,안전운전불이행,건조,흐림,교차로 - 교차로부근,자전거,남,71세,중상,,,,
2017080900100553,2017년 8월 9일 20시,수요일,대구광역시 서구 비산동,경상사고,0,0,1,0,차대차 - 후진중충돌,안전운전불이행,젖음/습기,흐림,단일로 - 기타,화물,남,58세,상해없음,이륜,남,44세,경상
2017080900100587,2017년 8월 9일 21시,수요일,대구광역시 달성군 다사읍,경상사고,0,0,1,1,차대차 - 추돌,안전운전불이행,젖음/습기,비,교차로 - 교차로부근,화물,남,46세,상해없음,승용,남,29세,경상
2017080900100588,2017년 8월 9일 21시,수요일,대구광역시 서구 내당동,경상사고,0,0,4,0,차대차 - 측면충돌,안전운전불이행,건조,맑음,교차로 - 교차로부근,승용,남,52세,상해없음,승용,남,21세,경상
2017080900100627,2017년 8월 9일 22시,수요일,대구광역시 수성구 시지동,경상사고,0,0,2,0,차대차 - 측면충돌,안전운전불이행,건조,맑음,교차로 - 교차로부근,승용,남,24세,상해없음,승용,여,57세,경상
2017080900100663,2017년 8월 9일 23시,수요일,대구광역시 동구 신암동,중상사고,0,1,0,0,차대사람 - 횡단중,안전운전불이행,젖음/습기,비,단일로 - 기타,승용,여,39세,상해없음,보행자,여,62세,중상
2017080900100664,2017년 8월 9일 23시,수요일,대구광역시 수성구 범물동,경상사고,0,0,1,0,차대차 - 측면충돌,신호위반,젖음/습기,비,교차로 - 교차로안,승용,남,52세,상해없음,승용,남,64세,경상
2017080900100665,2017년 8월 9일 23시,수요일,대구광역시 달서구 상인동,경상사고,0,0,3,0,차대차 - 추돌,안전운전불이행,건조,맑음,교차로 - 교차로부근,승용,남,42세,상해없음,승용,남,64세,경상
2017080900100666,2017년 8월 9일 23시,수요일,대구광역시 북구 복현동,경상사고,0,0,1,0,차대사람 - 횡단중,안전운전불이행,젖음/습기,맑음,교차로 - 교차로부근,승용,남,40세,상해없음,보행자,남,48세,경상
2017081000100074,2017년 8월 10일 03시,목요일,대구광역시 동구 효목동,경상사고,0,0,2,0,차대차 - 추돌,안전운전불이행,젖음/습기,비,교차로 - 교차로부근,승용,남,28세,상해없음,화물,여,47세,경상
2017081000100078,2017년 8월 10일 04시,목요일,대구광역시 서구 상리동,중상사고,0,1,0,0,차량단독 - 전도전복,안전운전불이행,젖음/습기,비,단일로 - 기타,승용,남,65세,상해없음,미분류,미분류,미분류,미분류
2017081000100107,2017년 8월 10일 06시,목요일,대구광역시 수성구 만촌동,중상사고,0,1,0,0,차대사람 - 길가장자리구역통행중,안전운전불이행,젖음/습기,맑음,단일로 - 기타,승합,남,56세,상해없음,보행자,남,68세,중상
2017081000100161,2017년 8월 10일 08시,목요일,대구광역시 동구 신암동,경상사고,0,0,1,0,차대사람 - 횡단중,안전운전불이행,젖음/습기,비,단일로 - 기타,승용,여,52세,기타불명,보행자,여,28세,경상
2017081000100162,2017년 8월 10일 08시,목요일,대구광역시 수성구 두산동,부상신고사고,0,0,0,1,차대차 - 측면충돌,안전운전불이행,젖음/습기,비,단일로 - 기타,화물,남,66세,상해없음,승용,여,25세,부상신고
2017081000100163,2017년 8월 10일 08시,목요일,대구광역시 서구 비산동,경상사고,0,0,1,0,차대차 - 추돌,안전운전불이행,젖음/습기,비,교차로 - 교차로부근,승용,남,60세,상해없음,승용,남,32세,경상
2017081000100205,2017년 8월 10일 09시,목요일,대구광역시 동구 방촌동,경상사고,0,0,1,0,차대차 - 측면충돌,안전운전불이행,건조,맑음,단일로 - 기타,승용,남,73세,기타불명,자전거,남,69세,경상
2017081000100206,2017년 8월 10일 09시,목요일,대구광역시 수성구 범어동,중상사고,0,1,1,0,차대차 - 추돌,안전거리미확보,젖음/습기,비,교차로 - 교차로부근,화물,남,32세,상해없음,승용,남,52세,중상
2017081000100238,2017년 8월 10일 10시,목요일,대구광역시 달서구 두류동,경상사고,0,0,2,0,차대차 - 측면충돌,안전운전불이행,기타,맑음,단일로 - 기타,승용,남,59세,상해없음,승용,여,40세,경상
2017081000100291,2017년 8월 10일 12시,목요일,대구광역시 달서구 월성동,경상사고,0,0,1,0,차대차 - 추돌,안전운전불이행,젖음/습기,비,단일로 - 기타,화물,남,58세,상해없음,승용,여,51세,경상
2017081000100292,2017년 8월 10일 12시,목요일,대구광역시 서구 중리동,경상사고,0,0,2,0,차대차 - 추돌,안전운전불이행,젖음/습기,비,교차로 - 교차로횡단보도내,승용,남,34세,상해없음,승용,남,37세,경상
2017081000100355,2017년 8월 10일 14시,목요일,대구광역시 수성구 만촌동,경상사고,0,0,1,0,차대차 - 추돌,안전운전불이행,건조,맑음,단일로 - 기타,승용,여,58세,상해없음,승용,여,56세,경상
2017081000100388,2017년 8월 10일 15시,목요일,대구광역시 달서구 송현동,경상사고,0,0,1,0,차대차 - 기타,교차로운행방법위반,젖음/습기,비,교차로 - 교차로안,승용,남,46세,상해없음,이륜,남,46세,경상
2017081000100389,2017년 8월 10일 15시,목요일,대구광역시 달서구 장기동,경상사고,0,0,1,0,차대차 - 측면충돌,안전거리미확보,건조,흐림,단일로 - 기타,특수,남,54세,상해없음,승용,여,35세,경상
2017081000100390,2017년 8월 10일 15시,목요일,대구광역시 달서구 감삼동,경상사고,0,0,1,0,차대차 - 추돌,안전운전불이행,건조,맑음,단일로 - 기타,화물,남,59세,상해없음,승용,남,29세,경상
2017081000100431,2017년 8월 10일 16시,목요일,대구광역시 동구 입석동,경상사고,0,0,1,0,차대차 - 측면충돌,안전운전불이행,젖음/습기,흐림,교차로 - 교차로부근,이륜,남,16세,경상,승용,남,46세,상해없음
2017081000100432,2017년 8월 10일 16시,목요일,대구광역시 달성군 다사읍,경상사고,0,0,1,0,차대차 - 측면충돌,직진우회전진행방해,건조,맑음,교차로 - 교차로안,승용,남,24세,상해없음,승합,남,52세,경상
2017081000100433,2017년 8월 10일 16시,목요일,대구광역시 서구 비산동,중상사고,0,1,0,0,차대차 - 측면충돌,교차로운행방법위반,건조,맑음,교차로 - 교차로안,화물,남,35세,상해없음,자전거,남,53세,중상
2017081000100474,2017년 8월 10일 17시,목요일,대구광역시 달서구 용산동,경상사고,0,0,2,0,차대사람 - 횡단중,안전운전불이행,건조,맑음,단일로 - 기타,승용,여,54세,상해없음,보행자,남,14세,경상
2017081000100541,2017년 8월 10일 19시,목요일,대구광역시 남구 대명동,경상사고,0,0,1,0,차대차 - 추돌,안전운전불이행,건조,맑음,단일로 - 기타,승용,남,42세,기타불명,승용,남,65세,경상
2017081000100542,2017년 8월 10일 19시,목요일,대구광역시 수성구 두산동,경상사고,0,0,2,0,차대차 - 측면충돌,중앙선침범,건조,맑음,단일로 - 기타,승용,여,49세,상해없음,승용,여,69세,경상
2017081000100543,2017년 8월 10일 19시,목요일,대구광역시 수성구 만촌동,경상사고,0,0,1,0,차대차 - 측면충돌,직진우회전진행방해,건조,맑음,교차로 - 교차로안,이륜,남,22세,경상,승용,남,48세,상해없음
2017081000100577,2017년 8월 10일 20시,목요일,대구광역시 수성구 두산동,경상사고,0,0,1,0,차대차 - 측면충돌,안전운전불이행,건조,맑음,단일로 - 기타,승용,남,57세,상해없음,이륜,남,19세,경상
2017081000100578,2017년 8월 10일 20시,목요일,대구광역시 북구 산격동,경상사고,0,0,2,0,차대차 - 후진중충돌,안전운전불이행,건조,맑음,단일로 - 기타,승용,남,29세,상해없음,승용,남,55세,경상
2017081000100606,2017년 8월 10일 21시,목요일,대구광역시 수성구 중동,경상사고,0,0,1,0,차대사람 - 길가장자리구역통행중,안전운전불이행,건조,맑음,단일로 - 기타,승용,여,60세,상해없음,보행자,남,46세,경상
2017081000100607,2017년 8월 10일 21시,목요일,대구광역시 달성군 화원읍,중상사고,0,1,1,0,차대차 - 정면충돌,교차로운행방법위반,건조,맑음,교차로 - 교차로안,승용,남,37세,상해없음,화물,남,62세,경상
2017081000100608,2017년 8월 10일 21시,목요일,대구광역시 달성군 화원읍,경상사고,0,0,1,0,차대차 - 정면충돌,중앙선침범,건조,맑음,단일로 - 기타,승용,남,21세,기타불명,승용,남,27세,경상
2017081000100646,2017년 8월 10일 22시,목요일,대구광역시 달서구 대천동,부상신고사고,0,0,0,1,차대차 - 측면충돌,신호위반,건조,맑음,교차로 - 교차로횡단보도내,기타불명,기타불명,미분류,기타불명,자전거,남,13세,부상신고
2017081000100681,2017년 8월 10일 23시,목요일,대구광역시 수성구 중동,경상사고,0,0,2,0,차대차 - 추돌,안전운전불이행,건조,맑음,교차로 - 교차로부근,승용,남,36세,상해없음,승용,남,25세,경상
2017081000100682,2017년 8월 10일 23시,목요일,대구광역시 달성군 유가면,중상사고,0,1,0,0,차대차 - 측면충돌,중앙선침범,건조,맑음,단일로 - 기타,화물,남,35세,상해없음,승용,남,48세,중상
2017081100100035,2017년 8월 11일 00시,금요일,대구광역시 달서구 상인동,경상사고,0,0,1,0,차대차 - 측면충돌,직진우회전진행방해,건조,맑음,교차로 - 교차로안,승용,여,35세,상해없음,승용,남,37세,경상
2017081100100036,2017년 8월 11일 00시,금요일,대구광역시 달서구 성당동,경상사고,0,0,1,0,차량단독 - 전도전복 - 전도,안전운전불이행,기타,맑음,단일로 - 기타,이륜,남,37세,경상,,,,
2017081100100051,2017년 8월 11일 01시,금요일,대구광역시 남구 봉덕동,중상사고,0,1,0,1,차대차 - 측면충돌,안전운전불이행,건조,맑음,단일로 - 기타,이륜,남,18세,부상신고,승용,남,23세,상해없음
2017081100100060,2017년 8월 11일 02시,금요일,대구광역시 북구 침산동,중상사고,0,1,0,0,차대차 - 정면충돌,중앙선침범,건조,맑음,교차로 - 교차로부근,이륜,여,71세,중상,승용,여,43세,상해없음
2017081100100071,2017년 8월 11일 03시,금요일,대구광역시 서구 상리동,중상사고,0,1,0,1,차대차 - 측면충돌,안전운전불이행,건조,맑음,단일로 - 기타,화물,남,28세,부상신고,화물,남,52세,중상
2017081100100080,2017년 8월 11일 04시,금요일,대구광역시 수성구 지산동,경상사고,0,0,1,0,차대차 - 기타,차로위반,건조,맑음,교차로 - 교차로부근,승용,남,48세,상해없음,승용,남,58세,상해없음
2017081100100088,2017년 8월 11일 05시,금요일,대구광역시 수성구 중동,경상사고,0,0,1,0,차대차 - 추돌,안전운전불이행,건조,맑음,교차로 - 교차로부근,승용,남,38세,상해없음,승용,남,55세,경상
2017081100100116,2017년 8월 11일 07시,금요일,대구광역시 달서구 본리동,경상사고,0,0,1,0,차대차 - 측면충돌,교차로운행방법위반,건조,맑음,교차로 - 교차로안,승용,남,51세,기타불명,승용,남,38세,경상
2017081100100117,2017년 8월 11일 07시,금요일,대구광역시 달서구 호산동,경상사고,0,0,1,0,차대차 - 기타,안전운전불이행,건조,맑음,기타 - 기타,승용,남,35세,상해없음,자전거,남,28세,경상
2017081100100147,2017년 8월 11일 08시,금요일,대구광역시 수성구 만촌동,경상사고,0,0,1,0,차대차 - 추돌,안전거리미확보,건조,맑음,단일로 - 기타,승용,여,63세,상해없음,승용,남,65세,상해없음
2017081100100148,2017년 8월 11일 08시,금요일,대구광역시 북구 산격동,중상사고,0,1,0,0,차대차 - 측면충돌,신호위반,건조,맑음,단일로 - 기타,승용,남,42세,상해없음,이륜,남,60세,중상
2017081100100176,2017년 8월 11일 09시,금요일,대구광역시 달서구 용산동,경상사고,0,0,1,0,차대차 - 측면충돌,안전운전불이행,건조,맑음,단일로 - 기타,승용,남,70세,상해없음,이륜,남,33세,경상
2017081100100208,2017년 8월 11일 10시,금요일,대구광역시 달서구 본동,경상사고,0,0,1,0,차대차 - 측면충돌,차로위반,건조,맑음,단일로 - 기타,승합,남,36세,상해없음,승용,여,72세,경상
2017081100100209,2017년 8월 11일 10시,금요일,대구광역시 북구 대현동,중상사고,0,1,0,0,차대차 - 측면충돌,안전운전불이행,건조,맑음,단일로 - 기타,자전거,남,73세,중상,승합,여,70세,상해없음
2017081100100210,2017년 8월 11일 10시,금요일,대구광역시 서구 비산동,중상사고,0,1,0,0,차대사람 - 횡단중,보행자보호의무위반,건조,맑음,교차로 - 교차로부근,이륜,남,86세,상해없음,보행자,여,81세,중상
2017081100100211,2017년 8월 11일 10시,금요일,대구광역시 중구 대봉동,경상사고,0,0,1,0,차대차 - 측면충돌,직진우회전진행방해,건조,맑음,교차로 - 교차로안,승용,남,56세,상해없음,승용,남,78세,상해없음
2017081100100238,2017년 8월 11일 11시,금요일,대구광역시 수성구 중동,경상사고,0,0,1,0,차량단독 - 기타,안전운전불이행,건조,흐림,단일로 - 기타,승합,남,36세,상해없음,,,,
2017081100100284,2017년 8월 11일 12시,금요일,대구광역시 수성구 범물동,경상사고,0,0,2,0,차대차 - 측면충돌,교차로운행방법위반,건조,맑음,교차로 - 교차로안,승용,남,58세,경상,승용,여,46세,경상
2017081100100285,2017년 8월 11일 12시,금요일,대구광역시 달서구 본동,경상사고,0,0,1,0,차대사람 - 횡단중,신호위반,건조,맑음,교차로 - 교차로횡단보도내,승용,남,56세,상해없음,보행자,남,44세,경상
2017081100100286,2017년 8월 11일 12시,금요일,대구광역시 북구 고성동2가,부상신고사고,0,0,0,1,차대차 - 측면충돌,안전운전불이행,건조,맑음,기타 - 기타,화물,남,60세,상해없음,자전거,남,77세,부상신고
2017081100100318,2017년 8월 11일 13시,금요일,대구광역시 북구 사수동,경상사고,0,0,2,0,차대차 - 추돌,안전운전불이행,건조,맑음,단일로 - 기타,화물,남,23세,상해없음,화물,남,56세,경상
2017081100100360,2017년 8월 11일 14시,금요일,대구광역시 동구 신기동,중상사고,0,1,0,0,차대사람 - 횡단중,보행자보호의무위반,건조,맑음,단일로 - 기타,승용,여,54세,상해없음,보행자,여,78세,중상
2017081100100361,2017년 8월 11일 14시,금요일,대구광역시 수성구 파동,중상사고,0,1,0,0,차대차 - 정면충돌,안전운전불이행,건조,맑음,교차로 - 교차로안,승용,여,53세,상해없음,이륜,남,50세,중상
2017081100100398,2017년 8월 11일 15시,금요일,대구광역시 서구 평리동,경상사고,0,0,1,0,차대차 - 측면충돌,안전운전불이행,건조,맑음,단일로 - 기타,승용,여,37세,상해없음,승용,남,43세,경상
2017081100100399,2017년 8월 11일 15시,금요일,대구광역시 북구 동천동,경상사고,0,0,1,0,차대사람 - 횡단중,안전운전불이행,건조,맑음,단일로 - 기타,승용,남,54세,상해없음,보행자,남,7세,경상
2017081100100449,2017년 8월 11일 16시,금요일,대구광역시 수성구 범어동,경상사고,0,0,1,0,차대차 - 측면충돌,안전거리미확보,건조,맑음,단일로 - 기타,승용,남,24세,상해없음,이륜,남,24세,경상
2017081100100450,2017년 8월 11일 16시,금요일,대구광역시 북구 산격동,중상사고,0,1,1,0,차대차 - 추돌,안전거리미확보,건조,맑음,단일로 - 기타,승용,남,48세,상해없음,승용,여,53세,중상
2017081100100451,2017년 8월 11일 16시,금요일,대구광역시 중구 대봉동,중상사고,0,1,0,0,차대사람 - 횡단중,안전운전불이행,건조,맑음,단일로 - 기타,화물,남,36세,상해없음,보행자,남,53세,중상
2017081100100495,2017년 8월 11일 17시,금요일,대구광역시 중구 남산동,경상사고,0,0,1,0,차대차 - 추돌,안전운전불이행,건조,맑음,단일로 - 기타,이륜,남,78세,상해없음,승용,남,50세,경상
2017081100100538,2017년 8월 11일 18시,금요일,대구광역시 동구 입석동,경상사고,0,0,1,0,차대차 - 추돌,안전운전불이행,건조,맑음,기타 - 기타,화물,남,49세,기타불명,승용,남,42세,경상
2017081100100539,2017년 8월 11일 18시,금요일,대구광역시 달서구 송현동,경상사고,0,0,1,0,차대사람 - 횡단중,안전운전불이행,건조,맑음,단일로 - 기타,승용,여,65세,상해없음,보행자,남,60세,경상
2017081100100581,2017년 8월 11일 19시,금요일,대구광역시 북구 복현동,중상사고,0,1,1,0,차대차 - 기타,신호위반,건조,맑음,교차로 - 교차로안,원동기,남,20세,경상,원동기,남,27세,중상
2017081100100582,2017년 8월 11일 19시,금요일,대구광역시 서구 비산동,중상사고,0,1,0,0,차대차 - 측면충돌,안전운전불이행,건조,흐림,단일로 - 기타,승용,남,46세,상해없음,이륜,남,49세,중상
2017081100100583,2017년 8월 11일 19시,금요일,대구광역시 서구 평리동,부상신고사고,0,0,0,2,차대차 - 측면충돌,안전운전불이행,건조,맑음,교차로 - 교차로안,기타불명,기타불명,미분류,기타불명,승용,여,47세,부상신고
2017081100100584,2017년 8월 11일 19시,금요일,대구광역시 달서구 호산동,경상사고,0,0,1,0,차대사람 - 횡단중,안전운전불이행,건조,맑음,단일로 - 기타,자전거,남,55세,상해없음,보행자,여,53세,경상
2017081100100585,2017년 8월 11일 19시,금요일,대구광역시 달서구 호림동,경상사고,0,0,2,0,차대차 - 추돌,안전운전불이행,건조,맑음,교차로 - 교차로부근,승용,남,43세,상해없음,승용,남,55세,경상
2017081100100629,2017년 8월 11일 20시,금요일,대구광역시 달서구 장기동,경상사고,0,0,1,0,차대차 - 측면충돌,안전운전불이행,건조,맑음,단일로 - 기타,승용,남,19세,상해없음,승용,남,40세,경상
2017081100100665,2017년 8월 11일 21시,금요일,대구광역시 달서구 진천동,부상신고사고,0,0,0,2,차대차 - 측면충돌,안전운전불이행,건조,맑음,교차로 - 교차로부근,이륜,남,31세,부상신고,승용,여,47세,부상신고
2017081100100666,2017년 8월 11일 21시,금요일,대구광역시 달서구 죽전동,중상사고,0,1,0,0,차대차 - 측면충돌,중앙선침범,건조,맑음,단일로 - 기타,이륜,남,41세,중상,승용,남,49세,상해없음
2017081100100667,2017년 8월 11일 21시,금요일,대구광역시 달서구 호산동,중상사고,0,1,0,1,차대사람 - 횡단중,신호위반,건조,맑음,교차로 - 교차로횡단보도내,이륜,남,19세,상해없음,보행자,여,12세,중상
2017081100100716,2017년 8월 11일 23시,금요일,대구광역시 남구 대명동,중상사고,0,1,0,0,차대차 - 기타,안전운전불이행,건조,맑음,단일로 - 기타,승용,남,29세,상해없음,이륜,남,24세,중상
2017081100100717,2017년 8월 11일 23시,금요일,대구광역시 동구 방촌동,경상사고,0,0,1,0,차대차 - 측면충돌,교차로운행방법위반,건조,맑음,교차로 - 교차로안,이륜,남,38세,경상,승용,여,49세,상해없음
2017081100100718,2017년 8월 11일 23시,금요일,대구광역시 수성구 시지동,경상사고,0,0,1,0,차대차 - 측면충돌,안전운전불이행,건조,맑음,단일로 - 기타,승용,남,49세,상해없음,승용,남,46세,경상
2017081100100719,2017년 8월 11일 23시,금요일,대구광역시 서구 내당동,중상사고,0,1,0,0,차대사람 - 횡단중,안전운전불이행,건조,맑음,단일로 - 기타,승용,남,65세,상해없음,보행자,남,52세,중상
2017081200100059,2017년 8월 12일 01시,토요일,대구광역시 북구 구암동,경상사고,0,0,2,0,차대차 - 추돌,교차로운행방법위반,건조,맑음,교차로 - 교차로안,승용,여,54세,경상,승용,남,46세,경상
2017081200100073,2017년 8월 12일 02시,토요일,대구광역시 수성구 노변동,경상사고,0,0,2,0,차대차 - 기타,안전운전불이행,건조,맑음,단일로 - 기타,화물,남,36세,상해없음,승용,남,24세,상해없음
2017081200100074,2017년 8월 12일 02시,토요일,대구광역시 중구 교동,부상신고사고,0,0,0,1,차대차 - 측면충돌,신호위반,건조,맑음,교차로 - 교차로안,이륜,남,15세,부상신고,승용,남,56세,상해없음
2017081200100075,2017년 8월 12일 02시,토요일,대구광역시 달서구 용산동,경상사고,0,0,2,0,차대차 - 측면충돌,교차로운행방법위반,건조,맑음,교차로 - 교차로안,승용,여,53세,경상,승용,남,60세,경상
2017081200100145,2017년 8월 12일 07시,토요일,대구광역시 북구 노원동2가,경상사고,0,0,1,0,차량단독 - 기타,안전운전불이행,건조,맑음,단일로 - 기타,승용,남,71세,상해없음,,,,
2017081200100146,2017년 8월 12일 07시,토요일,대구광역시 북구 서변동,경상사고,0,0,1,0,차대차 - 측면충돌,교차로운행방법위반,건조,맑음,교차로 - 교차로안,화물,남,39세,상해없음,화물,남,44세,경상
2017081200100172,2017년 8월 12일 08시,토요일,대구광역시 남구 대명동,중상사고,0,1,2,0,차대차 - 추돌,안전거리미확보,건조,맑음,교차로 - 교차로부근,승용,남,63세,경상,승용,여,48세,중상
2017081200100173,2017년 8월 12일 08시,토요일,대구광역시 달서구 용산동,중상사고,0,1,0,0,차대차 - 측면충돌,기타,건조,맑음,단일로 - 기타,자전거,남,75세,중상,승용,남,49세,상해없음
2017081200100197,2017년 8월 12일 09시,토요일,대구광역시 동구 방촌동,경상사고,0,0,1,0,차대차 - 측면충돌,안전운전불이행,건조,맑음,교차로 - 교차로부근,승용,남,20세,상해없음,승용,남,48세,경상
2017081200100229,2017년 8월 12일 10시,토요일,대구광역시 중구 동성로3가,경상사고,0,0,1,0,차대차 - 측면충돌,중앙선침범,건조,맑음,단일로 - 기타,화물,남,36세,상해없음,이륜,남,68세,경상
2017081200100256,2017년 8월 12일 11시,토요일,대구광역시 달성군 가창면,경상사고,0,0,1,0,차대차 - 추돌,안전운전불이행,건조,맑음,기타 - 기타,승용,남,67세,상해없음,승용,여,45세,경상
2017081200100257,2017년 8월 12일 11시,토요일,대구광역시 북구 고성동2가,경상사고,0,0,1,0,차대차 - 측면충돌,안전운전불이행,건조,맑음,교차로 - 교차로안,승용,여,64세,상해없음,승용,남,32세,경상
2017081200100258,2017년 8월 12일 11시,토요일,대구광역시 북구 서변동,경상사고,0,0,1,0,차대차 - 후진중충돌,안전운전불이행,건조,맑음,단일로 - 기타,승용,남,65세,상해없음,승용,남,43세,경상
2017081200100259,2017년 8월 12일 11시,토요일,대구광역시 북구 팔달동,경상사고,0,0,1,0,차대차 - 기타,안전운전불이행,건조,맑음,단일로 - 기타,승용,여,44세,경상,화물,남,41세,상해없음
2017081200100291,2017년 8월 12일 12시,토요일,대구광역시 남구 대명동,경상사고,0,0,1,0,차대차 - 기타,안전운전불이행,건조,맑음,단일로 - 기타,이륜,여,49세,경상,승용,남,36세,상해없음