사고번호,사고일시,요일,시군구,사고내용,사망자수,중상자수,경상자수,부상신고자수,사고유형,법규위반,노면상태,기상상태,도로형태,가해운전자 차종,가해운전자 성별,가해운전자 연령,가해운전자 상해정도,피해운전자 차종,피해운전자 성별,피해운전자 연령,피해운전자 상해정도
2017081200100292,2017년 8월 12일 12시,토요일,대구광역시 서구 내당동,경상사고,0,0,1,0,차대차 - 측면충돌,안전운전불이행,건조,맑음,단일로 - 기타,이륜,여,31세,상해없음,자전거,남,13세,경상
2017081200100330,2017년 8월 12일 13시,토요일,대구광역시 수성구 신매동,부상신고사고,0,0,0,1,차대차 - 측면충돌,안전운전불이행,건조,맑음,기타 - 기타,승용,남,52세,상해없음,자전거,남,82세,부상신고
2017081200100389,2017년 8월 12일 15시,토요일,대구광역시 동구 불로동,경상사고,0,0,1,0,차대차 - 측면충돌,안전거리미확보,건조,맑음,교차로 - 교차로부근,승용,남,25세,상해없음,이륜,남,16세,경상
2017081200100390,2017년 8월 12일 15시,토요일,대구광역시 달서구 송현동,경상사고,0,0,1,0,차대차 - 측면충돌,안전운전불이행,건조,맑음,단일로 - 기타,승용,남,59세,상해없음,사륜오토바이(ATV),남,46세,경상
2017081200100438,2017년 8월 12일 17시,토요일,대구광역시 수성구 수성동4가,경상사고,0,0,1,0,차대차 - 측면충돌,안전운전불이행,건조,맑음,단일로 - 기타,이륜,남,23세,경상,승용,여,27세,상해없음
2017081200100473,2017년 8월 12일 18시,토요일,대구광역시 달서구 용산동,경상사고,0,0,4,0,차대사람 - 기타,안전운전불이행,건조,맑음,기타 - 기타,승용,남,49세,상해없음,보행자,남,46세,경상
2017081200100496,2017년 8월 12일 19시,토요일,대구광역시 동구 동호동,경상사고,0,0,1,0,차대차 - 측면충돌,안전운전불이행,건조,맑음,단일로 - 기타,승용,여,37세,상해없음,이륜,남,48세,경상
2017081200100497,2017년 8월 12일 19시,토요일,대구광역시 북구 칠성동1가,경상사고,0,0,1,0,차대차 - 후진중충돌,안전운전불이행,건조,맑음,단일로 - 기타,승용,남,72세,상해없음,이륜,남,59세,경상
2017081200100498,2017년 8월 12일 19시,토요일,대구광역시 달서구 두류동,경상사고,0,0,1,0,차대차 - 추돌,안전운전불이행,건조,맑음,단일로 - 기타,승용,남,48세,상해없음,승용,남,35세,경상
2017081200100526,2017년 8월 12일 20시,토요일,대구광역시 남구 봉덕동,중상사고,0,1,0,0,차량단독 - 공작물충돌,기타,건조,맑음,단일로 - 기타,승합,남,52세,기타불명,,,,
2017081200100527,2017년 8월 12일 20시,토요일,대구광역시 달성군 하빈면,경상사고,0,0,1,0,차대차 - 추돌,안전운전불이행,건조,맑음,단일로 - 기타,승용,남,30세,상해없음,자전거,남,75세,경상
2017081200100558,2017년 8월 12일 21시,토요일,대구광역시 동구 신서동,경상사고,0,0,1,0,차대차 - 측면충돌,안전운전불이행,건조,맑음,단일로 - 기타,승용,남,44세,상해없음,자전거,남,51세,경상
2017081200100559,2017년 8월 12일 21시,토요일,대구광역시 달서구 감삼동,경상사고,0,0,1,0,차대차 - 측면충돌,안전운전불이행,건조,맑음,단일로 - 기타,승용,남,62세,상해없음,승용,남,63세,경상
2017081200100577,2017년 8월 12일 22시,토요일,대구광역시 달서구 이곡동,경상사고,0,0,1,0,차대사람 - 기타,안전운전불이행,건조,맑음,단일로 - 기타,자전거,남,55세,상해없음,보행자,여,72세,경상
2017081300100035,2017년 8월 13일 01시,일요일,대구광역시 달성군 다사읍,경상사고,0,0,1,0,차대차 - 정면충돌,안전운전불이행,건조,맑음,단일로 - 기타,승용,남,21세,상해없음,승용,남,29세,경상
2017081300100036,2017년 8월 13일 01시,일요일,대구광역시 중구 남일동,경상사고,0,0,1,0,차대차 - 측면충돌,안전운전불이행,건조,맑음,단일로 - 기타,승용,남,31세,상해없음,자전거,남,69세,경상
2017081300100068,2017년 8월 13일 03시,일요일,대구광역시 남구 대명동,중상사고,0,2,0,0,차대사람 - 횡단중,안전운전불이행,건조,맑음,교차로 - 교차로부근,원동기,남,50세,상해없음,보행자,여,34세,중상
2017081300100106,2017년 8월 13일 08시,일요일,대구광역시 달성군 화원읍,경상사고,0,0,1,0,차대사람 - 차도통행중,안전운전불이행,건조,맑음,단일로 - 기타,승용,여,56세,상해없음,보행자,여,58세,경상
2017081300100107,2017년 8월 13일 08시,일요일,대구광역시 북구 학정동,중상사고,0,1,1,0,차대차 - 측면충돌,안전운전불이행,건조,맑음,단일로 - 기타,승용,남,62세,경상,승용,남,57세,중상
2017081300100108,2017년 8월 13일 08시,일요일,대구광역시 북구 매천동,경상사고,0,0,1,0,차대차 - 측면충돌,안전거리미확보,건조,맑음,단일로 - 기타,승용,여,63세,상해없음,승용,남,42세,경상
2017081300100125,2017년 8월 13일 09시,일요일,대구광역시 달서구 상인동,경상사고,0,0,1,0,차대차 - 측면충돌,안전운전불이행,건조,맑음,교차로 - 교차로부근,승용,여,49세,상해없음,승용,남,27세,경상
2017081300100149,2017년 8월 13일 10시,일요일,대구광역시 북구 팔달동,중상사고,0,1,2,1,차대차 - 측면충돌,신호위반,건조,맑음,교차로 - 교차로안,승용,여,67세,부상신고,승용,남,50세,경상
2017081300100171,2017년 8월 13일 11시,일요일,대구광역시 달성군 화원읍,중상사고,0,1,0,0,차대사람 - 횡단중,안전운전불이행,건조,맑음,단일로 - 기타,승용,남,27세,상해없음,보행자,남,77세,중상
2017081300100210,2017년 8월 13일 13시,일요일,대구광역시 서구 평리동,경상사고,0,0,2,0,차대차 - 추돌,안전운전불이행,건조,맑음,단일로 - 기타,승용,남,57세,상해없음,승용,남,39세,경상
2017081300100238,2017년 8월 13일 14시,일요일,대구광역시 달서구 본동,중상사고,0,2,0,0,차대차 - 추돌,안전거리미확보,건조,맑음,단일로 - 기타,원동기,남,18세,중상,원동기,남,34세,중상
2017081300100239,2017년 8월 13일 14시,일요일,대구광역시 서구 내당동,경상사고,0,0,1,0,차대차 - 추돌,안전운전불이행,건조,맑음,단일로 - 기타,승용,여,30세,상해없음,이륜,남,17세,경상
2017081300100261,2017년 8월 13일 15시,일요일,대구광역시 북구 대현동,경상사고,0,0,1,0,차대차 - 추돌,안전운전불이행,건조,맑음,교차로 - 교차로횡단보도내,승용,남,59세,상해없음,승용,남,23세,경상
2017081300100283,2017년 8월 13일 16시,일요일,대구광역시 달서구 상인동,중상사고,0,1,6,0,차대차 - 기타,기타,건조,맑음,교차로 - 교차로안,승용,여,55세,경상,화물,여,54세,경상
2017081300100332,2017년 8월 13일 18시,일요일,대구광역시 서구 평리동,경상사고,0,0,3,0,차대차 - 측면충돌,안전거리미확보,건조,맑음,단일로 - 기타,승용,남,66세,상해없음,승용,남,24세,경상
2017081300100362,2017년 8월 13일 19시,일요일,대구광역시 남구 봉덕동,경상사고,0,0,2,0,차대차 - 측면충돌,기타,건조,맑음,교차로 - 교차로안,화물,남,59세,상해없음,승용,남,28세,경상
2017081300100363,2017년 8월 13일 19시,일요일,대구광역시 동구 서호동,경상사고,0,0,1,0,차대차 - 정면충돌,교차로운행방법위반,건조,맑음,교차로 - 교차로안,승용,남,41세,상해없음,승용,여,57세,경상
2017081300100364,2017년 8월 13일 19시,일요일,대구광역시 북구 읍내동,중상사고,0,1,0,0,차대차 - 측면충돌,안전운전불이행,건조,맑음,기타 - 기타,이륜,남,23세,기타불명,승용,남,53세,중상
2017081300100390,2017년 8월 13일 20시,일요일,대구광역시 달성군 유가면,중상사고,0,1,2,0,차대차 - 추돌,안전운전불이행,건조,맑음,단일로 - 기타,원동기,남,37세,중상,승용,여,59세,경상
2017081300100391,2017년 8월 13일 20시,일요일,대구광역시 북구 고성동2가,경상사고,0,0,4,0,차대차 - 측면충돌,안전운전불이행,건조,맑음,교차로 - 교차로안,승용,남,25세,경상,승용,남,74세,경상
2017081300100463,2017년 8월 13일 23시,일요일,대구광역시 달서구 송현동,경상사고,0,0,2,0,차대차 - 추돌,안전거리미확보,건조,맑음,단일로 - 기타,승용,여,28세,상해없음,승용,남,56세,경상
2017081400100060,2017년 8월 14일 04시,월요일,대구광역시 동구 율암동,중상사고,0,1,0,0,차대사람 - 횡단중,안전운전불이행,젖음/습기,비,단일로 - 기타,기타불명,기타불명,미분류,기타불명,보행자,여,18세,중상
2017081400100072,2017년 8월 14일 05시,월요일,대구광역시 북구 대현동,중상사고,0,1,0,0,차대차 - 추돌,안전운전불이행,젖음/습기,비,교차로 - 교차로부근,이륜,남,68세,상해없음,승용,남,66세,상해없음
2017081400100073,2017년 8월 14일 05시,월요일,대구광역시 서구 내당동,경상사고,0,0,1,0,차대차 - 기타,불법유턴,젖음/습기,흐림,단일로 - 기타,승용,남,55세,상해없음,이륜,남,38세,경상
2017081400100074,2017년 8월 14일 05시,월요일,대구광역시 중구 덕산동,경상사고,0,0,1,0,차대차 - 측면충돌,신호위반,젖음/습기,비,교차로 - 교차로안,승용,남,38세,상해없음,승용,남,69세,경상
2017081400100085,2017년 8월 14일 06시,월요일,대구광역시 중구 봉산동,경상사고,0,0,1,1,차대차 - 측면충돌,안전운전불이행,젖음/습기,비,단일로 - 기타,화물,여,36세,부상신고,승용,남,28세,경상
2017081400100106,2017년 8월 14일 07시,월요일,대구광역시 달서구 대곡동,경상사고,0,0,1,1,차대차 - 측면충돌,안전운전불이행,건조,맑음,교차로 - 교차로안,승용,여,51세,부상신고,승용,여,39세,경상
2017081400100139,2017년 8월 14일 08시,월요일,대구광역시 북구 산격동,경상사고,0,0,1,0,차대차 - 측면충돌,중앙선침범,건조,맑음,단일로 - 기타,화물,남,49세,상해없음,화물,남,40세,상해없음
2017081400100140,2017년 8월 14일 08시,월요일,대구광역시 중구 삼덕동1가,경상사고,0,0,1,0,차대차 - 추돌,안전거리미확보,젖음/습기,비,단일로 - 기타,화물,남,33세,상해없음,승용,남,51세,경상
2017081400100167,2017년 8월 14일 09시,월요일,대구광역시 수성구 상동,경상사고,0,0,2,0,차대차 - 측면충돌,안전운전불이행,건조,맑음,교차로 - 교차로안,화물,남,63세,경상,승용,남,37세,경상
2017081400100194,2017년 8월 14일 10시,월요일,대구광역시 남구 대명동,경상사고,0,0,3,0,차대차 - 측면충돌,안전거리미확보,젖음/습기,비,단일로 - 기타,승용,남,34세,경상,승용,남,66세,경상
2017081400100195,2017년 8월 14일 10시,월요일,대구광역시 달서구 송현동,중상사고,0,1,1,1,차대차 - 측면충돌,차로위반,젖음/습기,비,단일로 - 기타,화물,남,56세,부상신고,승용,남,60세,중상
2017081400100240,2017년 8월 14일 11시,월요일,대구광역시 남구 이천동,경상사고,0,0,4,0,차대차 - 측면충돌,안전운전불이행,젖음/습기,비,교차로 - 교차로부근,승용,여,59세,상해없음,승용,남,20세,경상
2017081400100241,2017년 8월 14일 11시,월요일,대구광역시 서구 원대동3가,경상사고,0,0,1,0,차대차 - 측면충돌,안전운전불이행,젖음/습기,비,교차로 - 교차로안,승용,남,53세,상해없음,자전거,남,11세,경상
2017081400100242,2017년 8월 14일 11시,월요일,대구광역시 서구 평리동,경상사고,0,0,1,0,차대차 - 측면충돌,교차로운행방법위반,건조,맑음,교차로 - 교차로안,승용,남,65세,상해없음,승용,여,34세,경상
2017081400100243,2017년 8월 14일 11시,월요일,대구광역시 북구 매천동,경상사고,0,0,1,0,차대차 - 측면충돌,안전운전불이행,젖음/습기,비,단일로 - 기타,화물,남,55세,상해없음,자전거,남,46세,경상
2017081400100282,2017년 8월 14일 12시,월요일,대구광역시 서구 상리동,경상사고,0,0,1,0,차대차 - 측면충돌,안전거리미확보,젖음/습기,비,단일로 - 기타,화물,남,68세,상해없음,승용,여,41세,경상
2017081400100283,2017년 8월 14일 12시,월요일,대구광역시 달서구 이곡동,중상사고,0,1,0,0,차대차 - 추돌,안전거리미확보,젖음/습기,비,교차로 - 교차로부근,승용,여,30세,상해없음,승용,남,65세,중상
2017081400100330,2017년 8월 14일 13시,월요일,대구광역시 달서구 월성동,경상사고,0,0,1,0,차대차 - 측면충돌,신호위반,건조,맑음,단일로 - 기타,승용,남,42세,상해없음,원동기,남,35세,경상
2017081400100331,2017년 8월 14일 13시,월요일,대구광역시 북구 태전동,중상사고,0,1,0,0,차대차 - 기타,중앙선침범,건조,맑음,단일로 - 기타,자전거,남,77세,중상,승용,남,43세,상해없음
2017081400100332,2017년 8월 14일 13시,월요일,대구광역시 북구 매천동,중상사고,0,1,0,0,차대사람 - 횡단중,보행자보호의무위반,건조,맑음,교차로 - 교차로횡단보도내,승용,남,48세,상해없음,보행자,여,53세,중상
2017081400100333,2017년 8월 14일 13시,월요일,대구광역시 북구 관음동,경상사고,0,0,1,0,차대차 - 정면충돌,교차로운행방법위반,젖음/습기,흐림,교차로 - 교차로안,승용,남,34세,상해없음,승용,남,42세,경상
2017081400100374,2017년 8월 14일 14시,월요일,대구광역시 동구 신천동,경상사고,0,0,1,0,차대차 - 측면충돌,안전거리미확보,건조,맑음,단일로 - 기타,승용,남,48세,상해없음,승용,남,50세,경상
2017081400100375,2017년 8월 14일 14시,월요일,대구광역시 북구 노원동2가,경상사고,0,0,1,0,차대사람 - 기타,안전운전불이행,건조,맑음,교차로 - 교차로안,기타불명,기타불명,미분류,기타불명,보행자,남,76세,경상
2017081400100417,2017년 8월 14일 15시,월요일,대구광역시 남구 대명동,경상사고,0,0,1,0,차대차 - 측면충돌,신호위반,젖음/습기,비,교차로 - 교차로안,승용,남,57세,상해없음,승용,여,44세,경상
2017081400100443,2017년 8월 14일 16시,월요일,대구광역시 동구 신암동,경상사고,0,0,1,0,차대사람 - 기타,안전운전불이행,젖음/습기,흐림,단일로 - 기타,승용,남,52세,상해없음,보행자,남,46세,경상
2017081400100444,2017년 8월 14일 16시,월요일,대구광역시 달서구 송현동,중상사고,0,1,0,0,차대사람 - 기타,기타,건조,맑음,단일로 - 기타,승합,남,48세,상해없음,보행자,여,65세,중상
2017081400100445,2017년 8월 14일 16시,월요일,대구광역시 달성군 다사읍,부상신고사고,0,0,0,1,차대차 - 측면충돌,신호위반,건조,맑음,교차로 - 교차로안,승용,여,54세,부상신고,화물,남,27세,상해없음
2017081400100446,2017년 8월 14일 16시,월요일,대구광역시 북구 서변동,경상사고,0,0,1,0,차대차 - 측면충돌,직진우회전진행방해,건조,맑음,교차로 - 교차로안,승용,남,63세,상해없음,승용,여,57세,경상
2017081400100490,2017년 8월 14일 17시,월요일,대구광역시 달서구 용산동,경상사고,0,0,1,0,차대차 - 측면충돌,직진우회전진행방해,건조,맑음,교차로 - 교차로안,승용,남,44세,상해없음,승용,여,40세,경상
2017081400100527,2017년 8월 14일 18시,월요일,대구광역시 동구 신천동,경상사고,0,0,1,0,차대사람 - 기타,안전운전불이행,건조,맑음,단일로 - 기타,화물,남,34세,상해없음,보행자,여,83세,경상
2017081400100528,2017년 8월 14일 18시,월요일,대구광역시 동구 신천동,중상사고,0,1,0,0,차대차 - 측면충돌,안전운전불이행,건조,맑음,단일로 - 기타,승용,남,65세,상해없음,이륜,남,29세,중상
2017081400100529,2017년 8월 14일 18시,월요일,대구광역시 달서구 송현동,경상사고,0,0,5,0,차대차 - 추돌,안전운전불이행,젖음/습기,비,단일로 - 기타,승용,남,50세,상해없음,승용,남,43세,경상
2017081400100530,2017년 8월 14일 18시,월요일,대구광역시 서구 평리동,중상사고,0,1,0,0,차대차 - 측면충돌,교차로운행방법위반,건조,흐림,교차로 - 교차로안,승용,여,46세,상해없음,승용,남,55세,중상
2017081400100531,2017년 8월 14일 18시,월요일,대구광역시 달서구 장동,경상사고,0,0,2,0,차대차 - 측면충돌,교차로운행방법위반,기타,비,교차로 - 교차로안,승용,남,56세,상해없음,승용,남,57세,경상
2017081400100570,2017년 8월 14일 19시,월요일,대구광역시 수성구 범어동,중상사고,0,1,0,0,차대차 - 추돌,안전운전불이행,건조,맑음,교차로 - 교차로부근,승용,남,41세,상해없음,승용,여,44세,중상
2017081400100571,2017년 8월 14일 19시,월요일,대구광역시 달서구 신당동,부상신고사고,0,0,0,1,차대차 - 기타,안전운전불이행,건조,맑음,단일로 - 기타,승용,남,68세,상해없음,이륜,여,26세,부상신고
2017081400100572,2017년 8월 14일 19시,월요일,대구광역시 달서구 용산동,경상사고,0,0,6,0,차대차 - 추돌,안전거리미확보,젖음/습기,비,단일로 - 기타,승용,남,61세,상해없음,승용,남,43세,경상
2017081400100573,2017년 8월 14일 19시,월요일,대구광역시 달서구 용산동,중상사고,0,1,0,0,차대차 - 추돌,안전운전불이행,젖음/습기,흐림,단일로 - 기타,승용,남,25세,상해없음,이륜,남,27세,중상
2017081400100574,2017년 8월 14일 19시,월요일,대구광역시 북구 구암동,경상사고,0,0,2,0,차대차 - 측면충돌,직진우회전진행방해,건조,맑음,단일로 - 기타,승용,여,53세,경상,승용,여,36세,경상
2017081400100620,2017년 8월 14일 20시,월요일,대구광역시 중구 봉산동,부상신고사고,0,0,0,1,차대차 - 추돌,안전거리미확보,젖음/습기,비,단일로 - 기타,기타불명,기타불명,미분류,기타불명,승용,남,66세,상해없음
2017081400100659,2017년 8월 14일 21시,월요일,대구광역시 동구 방촌동,경상사고,0,0,1,0,차대차 - 측면충돌,안전운전불이행,젖음/습기,비,단일로 - 기타,승용,남,42세,상해없음,자전거,남,60세,경상
2017081400100689,2017년 8월 14일 22시,월요일,대구광역시 수성구 지산동,경상사고,0,0,8,0,차대차 - 정면충돌,안전운전불이행,젖음/습기,비,단일로 - 기타,승합,남,51세,상해없음,승합,남,65세,상해없음
2017081400100690,2017년 8월 14일 22시,월요일,대구광역시 달서구 장기동,중상사고,0,1,1,0,차대사람 - 횡단중,보행자보호의무위반,건조,맑음,교차로 - 교차로횡단보도내,승용,남,32세,상해없음,보행자,남,44세,경상
2017081400100717,2017년 8월 14일 23시,월요일,대구광역시 수성구 만촌동,중상사고,0,1,0,0,차대사람 - 횡단중,보행자보호의무위반,젖음/습기,비,교차로 - 교차로횡단보도내,화물,남,33세,상해없음,보행자,남,51세,중상
2017081400100718,2017년 8월 14일 23시,월요일,대구광역시 북구 산격동,경상사고,0,0,5,0,차대차 - 추돌,안전운전불이행,젖음/습기,비,단일로 - 기타,승용,남,49세,상해없음,승용,여,47세,경상
2017081500100029,2017년 8월 15일 00시,화요일,대구광역시 수성구 신매동,중상사고,0,1,0,0,차대차 - 기타,신호위반,젖음/습기,비,교차로 - 교차로안,기타불명,기타불명,미분류,기타불명,승용,남,49세,상해없음
2017081500100030,2017년 8월 15일 00시,화요일,대구광역시 중구 삼덕동2가,경상사고,0,0,3,0,차대차 - 측면충돌,안전운전불이행,젖음/습기,비,단일로 - 기타,승용,남,61세,상해없음,승용,남,59세,경상
2017081500100031,2017년 8월 15일 00시,화요일,대구광역시 중구 삼덕동1가,경상사고,0,0,1,0,차대사람 - 횡단중,안전운전불이행,건조,맑음,단일로 - 기타,승용,남,29세,상해없음,보행자,남,24세,경상
2017081500100095,2017년 8월 15일 04시,화요일,대구광역시 중구 삼덕동2가,중상사고,0,1,1,0,차대차 - 측면충돌,안전거리미확보,젖음/습기,비,단일로 - 기타,승용,남,48세,중상,승용,남,38세,상해없음
2017081500100096,2017년 8월 15일 04시,화요일,대구광역시 중구 삼덕동2가,부상신고사고,0,0,0,1,차대사람 - 기타,안전운전불이행,젖음/습기,비,단일로 - 기타,기타불명,기타불명,미분류,기타불명,보행자,남,23세,부상신고
2017081500100117,2017년 8월 15일 05시,화요일,대구광역시 남구 대명동,경상사고,0,0,2,0,차대차 - 추돌,안전운전불이행,건조,맑음,단일로 - 기타,승용,남,37세,상해없음,승용,남,55세,경상
2017081500100118,2017년 8월 15일 05시,화요일,대구광역시 북구 노원동3가,경상사고,0,0,1,0,차대차 - 기타,안전운전불이행,젖음/습기,비,단일로 - 기타,승용,여,57세,경상,승용,남,46세,상해없음
2017081500100138,2017년 8월 15일 07시,화요일,대구광역시 수성구 만촌동,부상신고사고,0,0,0,1,차량단독 - 공작물충돌,안전운전불이행,건조,맑음,단일로 - 교량,승용,남,29세,부상신고,,,,
2017081500100188,2017년 8월 15일 11시,화요일,대구광역시 수성구 두산동,경상사고,0,0,1,0,차대차 - 정면충돌,안전운전불이행,건조,맑음,교차로 - 교차로안,화물,남,59세,상해없음,이륜,남,46세,경상
2017081500100189,2017년 8월 15일 11시,화요일,대구광역시 북구 산격동,중상사고,0,1,2,0,차대차 - 측면충돌,안전운전불이행,젖음/습기,비,교차로 - 교차로부근,승합,남,45세,상해없음,승용,여,30세,경상
2017081500100213,2017년 8월 15일 12시,화요일,대구광역시 중구 대봉동,중상사고,0,1,0,0,차대차 - 측면충돌,신호위반,젖음/습기,비,교차로 - 교차로안,승용,남,48세,상해없음,이륜,남,76세,중상
2017081500100232,2017년 8월 15일 13시,화요일,대구광역시 동구 신암동,경상사고,0,0,2,0,차대차 - 추돌,안전운전불이행,젖음/습기,비,단일로 - 기타,화물,남,41세,상해없음,승용,남,28세,경상
2017081500100233,2017년 8월 15일 13시,화요일,대구광역시 수성구 중동,경상사고,0,0,1,0,차대차 - 측면충돌,안전운전불이행,젖음/습기,비,교차로 - 교차로안,이륜,남,23세,경상,승용,남,24세,상해없음
2017081500100234,2017년 8월 15일 13시,화요일,대구광역시 달서구 성당동,중상사고,0,1,1,0,차대차 - 추돌,안전운전불이행,젖음/습기,맑음,단일로 - 기타,승용,남,23세,상해없음,승용,남,58세,경상
2017081500100264,2017년 8월 15일 14시,화요일,대구광역시 서구 평리동,경상사고,0,0,1,0,차대사람 - 횡단중,안전운전불이행,젖음/습기,비,교차로 - 교차로안,승용,남,67세,상해없음,보행자,남,53세,경상
2017081500100265,2017년 8월 15일 14시,화요일,대구광역시 서구 원대동3가,경상사고,0,0,1,0,차대차 - 측면충돌,안전운전불이행,젖음/습기,비,단일로 - 기타,이륜,남,71세,경상,승용,남,42세,상해없음
2017081500100266,2017년 8월 15일 14시,화요일,대구광역시 서구 평리동,중상사고,0,1,0,0,차대차 - 측면충돌,기타,젖음/습기,흐림,단일로 - 기타,승합,남,50세,상해없음,승용,남,75세,상해없음
2017081500100292,2017년 8월 15일 15시,화요일,대구광역시 달서구 대천동,경상사고,0,0,1,0,차대차 - 측면충돌,중앙선침범,건조,맑음,단일로 - 기타,승용,남,28세,상해없음,승용,여,25세,경상
2017081500100293,2017년 8월 15일 15시,화요일,대구광역시 달서구 신당동,경상사고,0,0,1,0,차대차 - 기타,안전거리미확보,젖음/습기,흐림,단일로 - 기타,승용,남,50세,상해없음,원동기,남,26세,경상
2017081500100316,2017년 8월 15일 16시,화요일,대구광역시 북구 칠성동2가,경상사고,0,0,1,0,차대차 - 기타,안전거리미확보,젖음/습기,비,단일로 - 기타,원동기,남,45세,경상,승용,남,26세,상해없음
2017081500100338,2017년 8월 15일 17시,화요일,대구광역시 동구 동호동,중상사고,0,2,1,0,차대차 - 측면충돌,신호위반,건조,맑음,교차로 - 교차로안,승용,남,57세,상해없음,승용,남,42세,중상
2017081500100339,2017년 8월 15일 17시,화요일,대구광역시 서구 평리동,경상사고,0,0,1,0,차대차 - 측면충돌,안전운전불이행,젖음/습기,맑음,교차로 - 교차로안,승용,남,69세,상해없음,이륜,남,21세,경상
2017081500100371,2017년 8월 15일 18시,화요일,대구광역시 동구 불로동,부상신고사고,0,0,0,1,차량단독 - 전도전복 - 전도,안전운전불이행,젖음/습기,비,기타 - 기타,승용,남,24세,부상신고,,,,
2017081500100446,2017년 8월 15일 20시,화요일,대구광역시 수성구 범물동,경상사고,0,0,2,0,차대차 - 추돌,안전운전불이행,건조,맑음,교차로 - 교차로부근,승용,여,50세,경상,승용,남,48세,경상
2017081500100447,2017년 8월 15일 20시,화요일,대구광역시 수성구 범어동,경상사고,0,0,2,0,차대차 - 측면충돌,안전운전불이행,건조,맑음,단일로 - 기타,승용,남,31세,경상,승용,남,22세,경상
2017081500100448,2017년 8월 15일 20시,화요일,대구광역시 북구 관음동,중상사고,0,1,0,0,차대사람 - 횡단중,안전운전불이행,건조,맑음,단일로 - 기타,승용,남,58세,상해없음,보행자,남,48세,중상
2017081500100477,2017년 8월 15일 21시,화요일,대구광역시 달서구 송현동,경상사고,0,0,4,0,차대차 - 측면충돌,교차로운행방법위반,젖음/습기,비,교차로 - 교차로안,승용,남,66세,상해없음,화물,남,22세,경상
2017081500100478,2017년 8월 15일 21시,화요일,대구광역시 달서구 월성동,경상사고,0,0,1,0,차대차 - 기타,교차로운행방법위반,젖음/습기,흐림,교차로 - 교차로안,이륜,남,17세,상해없음,이륜,남,18세,경상
2017081500100528,2017년 8월 15일 23시,화요일,대구광역시 북구 관음동,경상사고,0,0,1,0,차대차 - 추돌,안전운전불이행,건조,맑음,단일로 - 기타,승용,남,69세,상해없음,승용,남,41세,경상
2017081600100090,2017년 8월 16일 05시,수요일,대구광역시 북구 구암동,중상사고,0,1,0,0,차대사람 - 횡단중,보행자보호의무위반,젖음/습기,흐림,교차로 - 교차로횡단보도내,승용,남,45세,상해없음,보행자,여,78세,중상
2017081600100098,2017년 8월 16일 06시,수요일,대구광역시 동구 효목동,중상사고,0,1,1,0,차대차 - 정면충돌,교차로운행방법위반,젖음/습기,비,교차로 - 교차로안,승용,남,67세,상해없음,승용,남,52세,경상
2017081600100114,2017년 8월 16일 07시,수요일,대구광역시 수성구 수성동3가,경상사고,0,0,1,0,차대차 - 기타,안전운전불이행,젖음/습기,흐림,단일로 - 기타,승용,여,56세,상해없음,이륜,남,63세,경상
2017081600100115,2017년 8월 16일 07시,수요일,대구광역시 서구 이현동,경상사고,0,0,1,0,차대차 - 추돌,안전거리미확보,건조,맑음,교차로 - 교차로부근,승용,남,54세,상해없음,승용,남,34세,경상
2017081600100145,2017년 8월 16일 08시,수요일,대구광역시 동구 지묘동,경상사고,0,0,1,0,차대사람 - 횡단중,안전운전불이행,건조,맑음,교차로 - 교차로횡단보도내,승용,여,46세,상해없음,보행자,여,61세,경상
2017081600100203,2017년 8월 16일 10시,수요일,대구광역시 서구 비산동,경상사고,0,0,2,0,차대차 - 측면충돌,안전거리미확보,건조,맑음,단일로 - 기타,화물,남,43세,상해없음,승용,남,58세,경상
2017081600100204,2017년 8월 16일 10시,수요일,대구광역시 서구 내당동,중상사고,0,1,0,0,차대차 - 측면충돌,안전운전불이행,건조,맑음,단일로 - 기타,승용,남,26세,상해없음,자전거,남,74세,중상
2017081600100205,2017년 8월 16일 10시,수요일,대구광역시 중구 삼덕동3가,경상사고,0,0,1,0,차대차 - 측면충돌,신호위반,건조,맑음,단일로 - 기타,승용,남,67세,상해없음,이륜,남,65세,경상
2017081600100232,2017년 8월 16일 11시,수요일,대구광역시 북구 읍내동,부상신고사고,0,0,0,1,차대차 - 측면충돌,안전운전불이행,건조,맑음,단일로 - 기타,자전거,남,9세,부상신고,승합,남,48세,상해없음
2017081600100260,2017년 8월 16일 12시,수요일,대구광역시 수성구 만촌동,중상사고,0,1,0,0,차대차 - 기타,안전거리미확보,건조,맑음,단일로 - 기타,화물,남,45세,중상,승용,남,66세,상해없음
2017081600100261,2017년 8월 16일 12시,수요일,대구광역시 달서구 감삼동,경상사고,0,0,1,0,차대차 - 추돌,안전거리미확보,건조,맑음,교차로 - 교차로부근,승용,남,64세,상해없음,승용,남,48세,경상
2017081600100262,2017년 8월 16일 12시,수요일,대구광역시 북구 사수동,경상사고,0,0,1,0,차대차 - 측면충돌,교차로운행방법위반,건조,맑음,단일로 - 기타,화물,남,57세,상해없음,승용,남,36세,경상
2017081600100283,2017년 8월 16일 13시,수요일,대구광역시 달서구 상인동,중상사고,0,1,0,0,차대사람 - 횡단중,안전운전불이행,건조,맑음,교차로 - 교차로안,승용,남,77세,상해없음,보행자,남,79세,중상
2017081600100311,2017년 8월 16일 14시,수요일,대구광역시 수성구 만촌동,경상사고,0,0,2,0,차대차 - 정면충돌,안전거리미확보,건조,맑음,단일로 - 기타,승용,남,37세,상해없음,승용,남,35세,경상