사고번호,사고일시,요일,시군구,사고내용,사망자수,중상자수,경상자수,부상신고자수,사고유형,법규위반,노면상태,기상상태,도로형태,가해운전자 차종,가해운전자 성별,가해운전자 연령,가해운전자 상해정도,피해운전자 차종,피해운전자 성별,피해운전자 연령,피해운전자 상해정도
2017090600100276,2017년 9월 6일 13시,수요일,대구광역시 북구 태전동,경상사고,0,0,2,2,차대차 - 측면충돌,안전거리미확보,건조,맑음,단일로 - 기타,승용,여,27세,상해없음,승용,남,61세,경상
2017090600100309,2017년 9월 6일 14시,수요일,대구광역시 달서구 상인동,중상사고,0,1,0,0,차대차 - 측면충돌,안전운전불이행,건조,맑음,단일로 - 기타,승용,남,38세,상해없음,자전거,남,64세,중상
2017090600100350,2017년 9월 6일 15시,수요일,대구광역시 달서구 갈산동,경상사고,0,0,1,0,차대차 - 측면충돌,신호위반,건조,맑음,교차로 - 교차로안,승용,남,50세,상해없음,승용,남,34세,경상
2017090600100377,2017년 9월 6일 16시,수요일,대구광역시 동구 신천동,부상신고사고,0,0,0,1,차대사람 - 기타,안전운전불이행,건조,맑음,단일로 - 기타,승합,남,56세,상해없음,보행자,여,80세,부상신고
2017090600100378,2017년 9월 6일 16시,수요일,대구광역시 달성군 다사읍,중상사고,0,1,1,0,차대차 - 측면충돌,신호위반,건조,맑음,교차로 - 교차로안,원동기,남,58세,중상,승용,여,33세,경상
2017090600100379,2017년 9월 6일 16시,수요일,대구광역시 중구 봉산동,경상사고,0,0,1,0,차대사람 - 길가장자리구역통행중,안전운전불이행,건조,맑음,단일로 - 기타,승용,여,49세,기타불명,보행자,여,25세,경상
2017090600100417,2017년 9월 6일 17시,수요일,대구광역시 동구 효목동,경상사고,0,0,1,0,차대사람 - 횡단중,보행자보호의무위반,젖음/습기,비,교차로 - 교차로횡단보도내,승용,남,58세,상해없음,보행자,남,53세,경상
2017090600100418,2017년 9월 6일 17시,수요일,대구광역시 동구 방촌동,경상사고,0,0,1,1,차대차 - 측면충돌,교차로운행방법위반,건조,맑음,교차로 - 교차로안,승용,여,51세,부상신고,승용,남,58세,경상
2017090600100419,2017년 9월 6일 17시,수요일,대구광역시 수성구 만촌동,경상사고,0,0,1,0,차대차 - 측면충돌,교차로운행방법위반,젖음/습기,비,교차로 - 교차로안,이륜,남,19세,경상,승용,여,48세,상해없음
2017090600100420,2017년 9월 6일 17시,수요일,대구광역시 수성구 수성동1가,경상사고,0,0,1,0,차대차 - 측면충돌,신호위반,젖음/습기,비,교차로 - 교차로안,승용,여,28세,경상,승용,남,55세,상해없음
2017090600100421,2017년 9월 6일 17시,수요일,대구광역시 달서구 대곡동,중상사고,0,1,0,0,차대차 - 측면충돌,안전거리미확보,건조,맑음,단일로 - 기타,화물,남,63세,상해없음,승용,남,54세,중상
2017090600100470,2017년 9월 6일 18시,수요일,대구광역시 수성구 매호동,경상사고,0,0,2,0,차대차 - 정면충돌,기타,젖음/습기,비,단일로 - 기타,승용,여,51세,상해없음,이륜,남,23세,경상
2017090600100471,2017년 9월 6일 18시,수요일,대구광역시 서구 평리동,경상사고,0,0,1,0,차대사람 - 횡단중,보행자보호의무위반,젖음/습기,비,교차로 - 교차로안,승용,여,63세,상해없음,보행자,여,6세,경상
2017090600100520,2017년 9월 6일 19시,수요일,대구광역시 남구 대명동,경상사고,0,0,2,0,차대차 - 측면충돌,안전운전불이행,젖음/습기,비,교차로 - 교차로부근,화물,남,72세,상해없음,승용,여,27세,경상
2017090600100521,2017년 9월 6일 19시,수요일,대구광역시 동구 신천동,중상사고,0,1,0,0,차대사람 - 차도통행중,안전운전불이행,젖음/습기,비,단일로 - 기타,승용,남,53세,상해없음,보행자,여,78세,중상
2017090600100522,2017년 9월 6일 19시,수요일,대구광역시 동구 효목동,중상사고,0,1,0,0,차대사람 - 횡단중,보행자보호의무위반,젖음/습기,비,교차로 - 교차로횡단보도내,승용,남,76세,상해없음,보행자,여,45세,중상
2017090600100523,2017년 9월 6일 19시,수요일,대구광역시 수성구 수성동3가,경상사고,0,0,1,0,차대차 - 기타,안전운전불이행,젖음/습기,비,단일로 - 기타,화물,남,72세,상해없음,이륜,남,16세,경상
2017090600100524,2017년 9월 6일 19시,수요일,대구광역시 수성구 만촌동,중상사고,0,1,0,0,차대차 - 측면충돌,안전거리미확보,건조,맑음,단일로 - 기타,승용,남,39세,상해없음,승용,남,34세,중상
2017090600100525,2017년 9월 6일 19시,수요일,대구광역시 수성구 신매동,경상사고,0,0,2,1,차대차 - 측면충돌,안전운전불이행,젖음/습기,비,단일로 - 기타,승용,남,38세,부상신고,승용,남,31세,경상
2017090600100526,2017년 9월 6일 19시,수요일,대구광역시 달성군 유가면,경상사고,0,0,1,0,차대차 - 추돌,안전거리미확보,젖음/습기,비,교차로 - 교차로부근,승용,남,47세,상해없음,승용,남,32세,경상
2017090600100527,2017년 9월 6일 19시,수요일,대구광역시 북구 산격동,경상사고,0,0,1,0,차대차 - 추돌,안전운전불이행,젖음/습기,비,단일로 - 기타,승용,남,58세,상해없음,자전거,남,68세,경상
2017090600100528,2017년 9월 6일 19시,수요일,대구광역시 달서구 용산동,경상사고,0,0,1,0,차대사람 - 기타,안전운전불이행,젖음/습기,비,교차로 - 교차로안,화물,남,54세,상해없음,보행자,여,56세,경상
2017090600100567,2017년 9월 6일 20시,수요일,대구광역시 동구 신천동,경상사고,0,0,1,0,차대사람 - 횡단중,보행자보호의무위반,건조,맑음,기타 - 기타,승용,남,60세,상해없음,보행자,여,24세,경상
2017090600100568,2017년 9월 6일 20시,수요일,대구광역시 수성구 범어동,경상사고,0,0,1,0,차대차 - 정면충돌,기타,젖음/습기,비,교차로 - 교차로부근,승용,남,48세,상해없음,자전거,남,13세,경상
2017090600100569,2017년 9월 6일 20시,수요일,대구광역시 달서구 대천동,경상사고,0,0,1,0,차대차 - 측면충돌,안전거리미확보,젖음/습기,비,교차로 - 교차로안,화물,남,49세,상해없음,승용,남,27세,경상
2017090600100599,2017년 9월 6일 21시,수요일,대구광역시 서구 비산동,중상사고,0,1,0,0,차대사람 - 횡단중,보행자보호의무위반,젖음/습기,흐림,교차로 - 교차로횡단보도내,승합,남,57세,상해없음,보행자,여,48세,중상
2017090600100600,2017년 9월 6일 21시,수요일,대구광역시 중구 공평동,경상사고,0,0,1,0,차대사람 - 차도통행중,안전운전불이행,건조,맑음,단일로 - 기타,승용,남,27세,기타불명,보행자,여,19세,경상
2017090600100601,2017년 9월 6일 21시,수요일,대구광역시 달서구 용산동,경상사고,0,0,1,0,차대차 - 추돌,안전운전불이행,건조,맑음,단일로 - 기타,승용,여,60세,상해없음,승용,남,32세,경상
2017090600100633,2017년 9월 6일 22시,수요일,대구광역시 달서구 두류동,경상사고,0,0,1,0,차대사람 - 길가장자리구역통행중,안전운전불이행,젖음/습기,비,단일로 - 기타,승용,남,27세,상해없음,보행자,남,20세,경상
2017090700100031,2017년 9월 7일 00시,목요일,대구광역시 달성군 현풍면,중상사고,0,1,0,0,차대차 - 기타,안전운전불이행,젖음/습기,비,교차로 - 교차로안,승용,남,31세,상해없음,원동기,남,49세,중상
2017090700100032,2017년 9월 7일 00시,목요일,대구광역시 북구 읍내동,경상사고,0,0,1,0,차대차 - 측면충돌,안전운전불이행,젖음/습기,비,교차로 - 교차로안,승용,남,59세,상해없음,이륜,남,66세,경상
2017090700100046,2017년 9월 7일 01시,목요일,대구광역시 달서구 상인동,경상사고,0,0,1,0,차대차 - 추돌,안전운전불이행,젖음/습기,비,단일로 - 기타,승용,남,32세,상해없음,승용,남,24세,경상
2017090700100054,2017년 9월 7일 02시,목요일,대구광역시 남구 대명동,경상사고,0,0,2,1,차대차 - 측면충돌,교차로운행방법위반,젖음/습기,비,교차로 - 교차로안,승용,남,63세,부상신고,화물,남,53세,경상
2017090700100055,2017년 9월 7일 02시,목요일,대구광역시 수성구 범어동,경상사고,0,0,1,0,차대사람 - 길가장자리구역통행중,안전운전불이행,건조,맑음,주차장 - 주차장,승용,남,27세,상해없음,보행자,여,37세,경상
2017090700100056,2017년 9월 7일 02시,목요일,대구광역시 중구 대봉동,중상사고,0,1,0,0,차대차 - 추돌,안전운전불이행,건조,맑음,단일로 - 기타,승용,여,49세,상해없음,승용,남,29세,중상
2017090700100063,2017년 9월 7일 03시,목요일,대구광역시 동구 입석동,경상사고,0,0,2,0,차대차 - 측면충돌,안전운전불이행,건조,맑음,교차로 - 교차로부근,승용,남,34세,기타불명,승용,남,66세,경상
2017090700100152,2017년 9월 7일 08시,목요일,대구광역시 중구 수동,중상사고,0,1,0,0,차대사람 - 기타,안전운전불이행,건조,맑음,교차로 - 교차로안,승용,남,50세,상해없음,보행자,여,60세,중상
2017090700100180,2017년 9월 7일 09시,목요일,대구광역시 동구 신천동,경상사고,0,0,2,0,차대차 - 측면충돌,안전거리미확보,건조,맑음,단일로 - 기타,승용,남,65세,상해없음,승용,여,29세,경상
2017090700100181,2017년 9월 7일 09시,목요일,대구광역시 달서구 도원동,경상사고,0,0,2,0,차대차 - 추돌,안전거리미확보,건조,맑음,교차로 - 교차로부근,승용,남,42세,상해없음,화물,남,40세,경상
2017090700100182,2017년 9월 7일 09시,목요일,대구광역시 달서구 월암동,경상사고,0,0,2,0,차대차 - 측면충돌,교차로운행방법위반,건조,맑음,교차로 - 교차로안,승용,남,54세,경상,승용,남,41세,경상
2017090700100183,2017년 9월 7일 09시,목요일,대구광역시 달서구 신당동,중상사고,0,1,0,0,차대사람 - 기타,안전운전불이행,건조,맑음,단일로 - 기타,승용,남,64세,상해없음,보행자,남,24세,중상
2017090700100225,2017년 9월 7일 11시,목요일,대구광역시 달서구 대천동,중상사고,0,1,1,1,차대차 - 측면충돌,안전운전불이행,건조,맑음,교차로 - 교차로안,승용,여,24세,중상,화물,남,56세,부상신고
2017090700100226,2017년 9월 7일 11시,목요일,대구광역시 달서구 용산동,경상사고,0,0,1,0,차대사람 - 횡단중,안전운전불이행,건조,맑음,단일로 - 기타,승용,여,52세,상해없음,보행자,여,37세,경상
2017090700100246,2017년 9월 7일 12시,목요일,대구광역시 달서구 상인동,경상사고,0,0,1,0,차대차 - 측면충돌,신호위반,건조,맑음,교차로 - 교차로안,승용,남,60세,상해없음,승용,남,43세,경상
2017090700100247,2017년 9월 7일 12시,목요일,대구광역시 서구 중리동,중상사고,0,1,0,0,차대사람 - 차도통행중,안전운전불이행,건조,맑음,주차장 - 주차장,승합,남,56세,상해없음,보행자,남,68세,중상
2017090700100248,2017년 9월 7일 12시,목요일,대구광역시 북구 서변동,경상사고,0,0,2,0,차대차 - 추돌,안전운전불이행,건조,맑음,교차로 - 교차로횡단보도내,화물,남,60세,상해없음,승용,여,31세,경상
2017090700100276,2017년 9월 7일 13시,목요일,대구광역시 남구 봉덕동,경상사고,0,0,1,0,차대차 - 측면충돌,신호위반,건조,맑음,기타 - 기타,승용,남,60세,상해없음,자전거,남,78세,경상
2017090700100277,2017년 9월 7일 13시,목요일,대구광역시 북구 침산동,경상사고,0,0,1,0,차대차 - 기타,안전운전불이행,건조,맑음,기타 - 기타,승용,여,34세,상해없음,자전거,여,68세,경상
2017090700100278,2017년 9월 7일 13시,목요일,대구광역시 중구 대신동,경상사고,0,0,1,0,차대차 - 측면충돌,기타,건조,맑음,단일로 - 기타,승용,남,74세,상해없음,이륜,남,41세,경상
2017090700100316,2017년 9월 7일 14시,목요일,대구광역시 동구 신서동,경상사고,0,0,2,0,차대차 - 측면충돌,중앙선침범,건조,맑음,단일로 - 기타,승용,남,61세,상해없음,승용,여,42세,경상
2017090700100346,2017년 9월 7일 15시,목요일,대구광역시 북구 산격동,경상사고,0,0,6,0,차대차 - 추돌,안전운전불이행,건조,맑음,단일로 - 기타,승용,여,32세,상해없음,승용,여,64세,경상
2017090700100347,2017년 9월 7일 15시,목요일,대구광역시 중구 동문동,중상사고,0,1,0,0,차대차 - 측면충돌,신호위반,건조,맑음,교차로 - 교차로안,이륜,남,71세,중상,승용,여,49세,상해없음
2017090700100348,2017년 9월 7일 15시,목요일,대구광역시 달서구 신당동,경상사고,0,0,1,0,차대차 - 기타,안전운전불이행,건조,맑음,단일로 - 기타,승용,남,43세,상해없음,승용,여,44세,경상
2017090700100349,2017년 9월 7일 15시,목요일,대구광역시 달서구 장기동,경상사고,0,0,1,0,차대차 - 추돌,안전운전불이행,건조,맑음,단일로 - 기타,화물,남,78세,상해없음,승용,남,48세,경상
2017090700100384,2017년 9월 7일 16시,목요일,대구광역시 수성구 신매동,부상신고사고,0,0,0,1,차대차 - 정면충돌,안전운전불이행,건조,맑음,교차로 - 교차로안,이륜,여,54세,부상신고,승용,여,41세,상해없음
2017090700100385,2017년 9월 7일 16시,목요일,대구광역시 달서구 상인동,경상사고,0,0,1,0,차대차 - 측면충돌,직진우회전진행방해,건조,맑음,교차로 - 교차로안,승용,남,61세,상해없음,자전거,남,14세,경상
2017090700100386,2017년 9월 7일 16시,목요일,대구광역시 북구 산격동,중상사고,0,1,0,0,차대차 - 측면충돌,기타,건조,맑음,단일로 - 기타,승용,여,34세,상해없음,이륜,남,55세,중상
2017090700100424,2017년 9월 7일 17시,목요일,대구광역시 수성구 범어동,경상사고,0,0,1,0,차대차 - 측면충돌,신호위반,건조,맑음,교차로 - 교차로안,승용,남,72세,상해없음,승용,남,77세,경상
2017090700100425,2017년 9월 7일 17시,목요일,대구광역시 달성군 유가면,부상신고사고,0,0,0,1,차대차 - 정면충돌,신호위반,건조,맑음,교차로 - 교차로부근,이륜,남,18세,부상신고,승용,남,65세,상해없음
2017090700100426,2017년 9월 7일 17시,목요일,대구광역시 중구 동인동1가,경상사고,0,0,1,0,차대차 - 측면충돌,안전운전불이행,건조,맑음,교차로 - 교차로안,승용,남,52세,상해없음,승용,남,62세,경상
2017090700100427,2017년 9월 7일 17시,목요일,대구광역시 달서구 두류동,경상사고,0,0,1,0,차대사람 - 횡단중,보행자보호의무위반,건조,맑음,단일로 - 기타,승용,남,36세,상해없음,보행자,남,5세,경상
2017090700100464,2017년 9월 7일 18시,목요일,대구광역시 동구 지저동,경상사고,0,0,1,0,차대차 - 기타,안전거리미확보,건조,맑음,단일로 - 기타,승용,남,63세,상해없음,승용,남,30세,경상
2017090700100465,2017년 9월 7일 18시,목요일,대구광역시 수성구 지산동,경상사고,0,0,1,0,차대차 - 측면충돌,안전거리미확보,건조,맑음,단일로 - 기타,승용,여,43세,상해없음,승용,여,42세,경상
2017090700100466,2017년 9월 7일 18시,목요일,대구광역시 북구 대현동,경상사고,0,0,4,0,차대차 - 측면충돌,안전운전불이행,건조,맑음,교차로 - 교차로횡단보도내,승용,남,55세,상해없음,승용,남,49세,경상
2017090700100467,2017년 9월 7일 18시,목요일,대구광역시 북구 검단동,경상사고,0,0,1,0,차대차 - 측면충돌,안전운전불이행,건조,맑음,단일로 - 기타,승용,남,60세,상해없음,자전거,남,51세,경상
2017090700100468,2017년 9월 7일 18시,목요일,대구광역시 서구 중리동,경상사고,0,0,1,0,차대차 - 추돌,안전운전불이행,건조,맑음,단일로 - 기타,승용,남,43세,상해없음,승용,여,45세,경상
2017090700100502,2017년 9월 7일 19시,목요일,대구광역시 달성군 다사읍,경상사고,0,0,1,0,차대차 - 정면충돌,안전운전불이행,건조,맑음,단일로 - 기타,승용,남,57세,상해없음,승용,남,40세,경상
2017090700100503,2017년 9월 7일 19시,목요일,대구광역시 북구 침산동,중상사고,0,1,0,0,차대차 - 측면충돌,교차로운행방법위반,건조,맑음,교차로 - 교차로안,원동기,남,77세,중상,승용,남,54세,상해없음
2017090700100504,2017년 9월 7일 19시,목요일,대구광역시 북구 구암동,중상사고,0,1,0,0,차대차 - 측면충돌,안전운전불이행,건조,맑음,단일로 - 기타,승용,남,37세,상해없음,이륜,남,47세,중상
2017090700100535,2017년 9월 7일 20시,목요일,대구광역시 동구 봉무동,중상사고,0,3,0,0,차대차 - 추돌,안전운전불이행,건조,맑음,단일로 - 기타,화물,남,26세,상해없음,승용,남,37세,중상
2017090700100540,2017년 9월 7일 20시,목요일,대구광역시 동구 신천동,경상사고,0,0,1,0,차대차 - 추돌,신호위반,건조,맑음,교차로 - 교차로안,이륜,남,29세,상해없음,이륜,남,73세,경상
2017090700100541,2017년 9월 7일 20시,목요일,대구광역시 수성구 황금동,경상사고,0,0,1,0,차대차 - 정면충돌,신호위반,건조,맑음,단일로 - 기타,이륜,여,61세,상해없음,자전거,남,55세,경상
2017090700100542,2017년 9월 7일 20시,목요일,대구광역시 수성구 만촌동,중상사고,0,1,0,0,차대사람 - 기타,안전운전불이행,건조,맑음,교차로 - 교차로부근,승용,여,54세,상해없음,보행자,남,58세,중상
2017090700100543,2017년 9월 7일 20시,목요일,대구광역시 달서구 대곡동,경상사고,0,0,1,0,차대차 - 추돌,안전거리미확보,건조,맑음,단일로 - 기타,승용,남,51세,상해없음,승용,남,35세,경상
2017090700100570,2017년 9월 7일 21시,목요일,대구광역시 달성군 다사읍,경상사고,0,0,1,0,차대차 - 후진중충돌,안전운전불이행,건조,맑음,교차로 - 교차로부근,승용,남,71세,상해없음,승합,남,48세,경상
2017090700100571,2017년 9월 7일 21시,목요일,대구광역시 서구 원대동3가,경상사고,0,0,1,0,차대차 - 측면충돌,기타,건조,맑음,단일로 - 기타,승용,여,52세,상해없음,자전거,남,67세,경상
2017090700100572,2017년 9월 7일 21시,목요일,대구광역시 북구 매천동,중상사고,0,1,1,0,차대차 - 측면충돌,안전운전불이행,건조,맑음,교차로 - 교차로안,승용,여,55세,중상,승용,남,48세,경상
2017090700100615,2017년 9월 7일 23시,목요일,대구광역시 북구 금호동,중상사고,0,2,4,0,차대차 - 추돌,안전운전불이행,건조,맑음,교차로 - 교차로안,승용,남,23세,경상,승용,여,35세,중상
2017090800100027,2017년 9월 8일 00시,금요일,대구광역시 북구 태전동,경상사고,0,0,1,0,차대차 - 측면충돌,안전운전불이행,건조,맑음,교차로 - 교차로안,승용,남,55세,상해없음,승용,여,42세,경상
2017090800100080,2017년 9월 8일 05시,금요일,대구광역시 서구 평리동,경상사고,0,0,2,0,차대차 - 측면충돌,안전운전불이행,건조,맑음,단일로 - 기타,승합,남,60세,상해없음,이륜,남,18세,경상
2017090800100087,2017년 9월 8일 06시,금요일,대구광역시 달성군 다사읍,중상사고,0,1,0,0,차대사람 - 횡단중,안전운전불이행,건조,맑음,단일로 - 기타,화물,남,44세,상해없음,보행자,남,24세,중상
2017090800100113,2017년 9월 8일 07시,금요일,대구광역시 중구 덕산동,부상신고사고,0,0,0,1,차대차 - 기타,안전운전불이행,건조,맑음,교차로 - 교차로부근,기타불명,기타불명,미분류,기타불명,자전거,남,13세,부상신고
2017090800100158,2017년 9월 8일 08시,금요일,대구광역시 동구 신암동,중상사고,0,1,0,0,차대사람 - 기타,안전운전불이행,건조,맑음,단일로 - 기타,승용,여,35세,상해없음,보행자,여,60세,중상
2017090800100159,2017년 9월 8일 08시,금요일,대구광역시 동구 율하동,경상사고,0,0,1,1,차대차 - 측면충돌,직진우회전진행방해,건조,맑음,교차로 - 교차로안,승용,여,56세,부상신고,승용,남,39세,경상
2017090800100160,2017년 9월 8일 08시,금요일,대구광역시 수성구 만촌동,경상사고,0,0,1,0,차대차 - 측면충돌,안전운전불이행,건조,맑음,단일로 - 기타,승용,남,58세,상해없음,자전거,남,47세,경상
2017090800100161,2017년 9월 8일 08시,금요일,대구광역시 수성구 만촌동,중상사고,0,1,1,0,차대차 - 정면충돌,신호위반,건조,맑음,단일로 - 기타,승용,남,74세,상해없음,승용,여,62세,중상
2017090800100162,2017년 9월 8일 08시,금요일,대구광역시 달성군 다사읍,부상신고사고,0,0,0,1,차대차 - 정면충돌,안전운전불이행,건조,맑음,단일로 - 기타,기타불명,기타불명,미분류,기타불명,자전거,여,56세,부상신고
2017090800100190,2017년 9월 8일 09시,금요일,대구광역시 중구 남산동,경상사고,0,0,2,0,차대차 - 측면충돌,기타,건조,맑음,단일로 - 기타,승용,남,53세,상해없음,이륜,남,24세,경상
2017090800100191,2017년 9월 8일 09시,금요일,대구광역시 중구 공평동,중상사고,0,1,0,0,차대차 - 측면충돌,안전운전불이행,건조,맑음,단일로 - 기타,승용,여,15세,상해없음,건설기계,남,42세,중상
2017090800100222,2017년 9월 8일 10시,금요일,대구광역시 동구 사복동,경상사고,0,0,1,0,차대차 - 추돌,안전거리미확보,건조,맑음,교차로 - 교차로부근,승용,남,73세,상해없음,승용,남,42세,경상
2017090800100223,2017년 9월 8일 10시,금요일,대구광역시 수성구 황금동,중상사고,0,1,0,0,차대차 - 측면충돌,안전운전불이행,건조,맑음,단일로 - 기타,자전거,남,54세,중상,화물,남,49세,기타불명
2017090800100224,2017년 9월 8일 10시,금요일,대구광역시 중구 수창동,부상신고사고,0,0,0,1,차대차 - 측면충돌,안전운전불이행,건조,맑음,교차로 - 교차로안,이륜,남,53세,부상신고,승용,남,76세,상해없음
2017090800100225,2017년 9월 8일 10시,금요일,대구광역시 북구 읍내동,중상사고,0,1,3,1,차대차 - 기타,안전거리미확보,건조,맑음,교차로 - 교차로부근,화물,남,53세,부상신고,화물,남,51세,경상
2017090800100289,2017년 9월 8일 12시,금요일,대구광역시 달서구 본리동,중상사고,0,1,0,0,차대차 - 추돌,안전운전불이행,건조,맑음,단일로 - 기타,승용,남,38세,상해없음,승용,여,55세,중상
2017090800100311,2017년 9월 8일 13시,금요일,대구광역시 동구 신천동,중상사고,0,1,0,0,차대사람 - 횡단중,안전운전불이행,건조,맑음,단일로 - 기타,기타불명,기타불명,미분류,기타불명,보행자,남,73세,중상
2017090800100312,2017년 9월 8일 13시,금요일,대구광역시 달서구 월암동,중상사고,0,1,0,0,차대차 - 기타,교차로운행방법위반,건조,맑음,교차로 - 교차로안,화물,남,49세,상해없음,이륜,남,31세,중상
2017090800100313,2017년 9월 8일 13시,금요일,대구광역시 북구 복현동,중상사고,0,1,0,0,차대차 - 측면충돌,안전거리미확보,건조,맑음,교차로 - 교차로부근,승용,남,57세,상해없음,자전거,남,80세,중상
2017090800100314,2017년 9월 8일 13시,금요일,대구광역시 북구 침산동,중상사고,0,1,0,0,차대차 - 측면충돌,중앙선침범,건조,맑음,단일로 - 기타,이륜,남,30세,상해없음,이륜,남,40세,중상
2017090800100315,2017년 9월 8일 13시,금요일,대구광역시 달서구 두류동,경상사고,0,0,1,0,차대차 - 측면충돌,안전운전불이행,건조,맑음,단일로 - 기타,승용,남,65세,상해없음,이륜,남,42세,경상
2017090800100351,2017년 9월 8일 14시,금요일,대구광역시 남구 대명동,중상사고,0,1,0,0,차량단독 - 기타,안전운전불이행,건조,맑음,기타 - 기타,승합,남,46세,상해없음,,,,
2017090800100352,2017년 9월 8일 14시,금요일,대구광역시 북구 칠성동1가,중상사고,0,1,0,0,차대사람 - 길가장자리구역통행중,안전운전불이행,건조,맑음,교차로 - 교차로안,승용,남,33세,상해없음,보행자,남,78세,중상
2017090800100388,2017년 9월 8일 15시,금요일,대구광역시 동구 신암동,경상사고,0,0,1,0,차대차 - 기타,안전거리미확보,건조,맑음,단일로 - 기타,화물,남,62세,상해없음,승용,여,57세,경상
2017090800100433,2017년 9월 8일 16시,금요일,대구광역시 동구 용계동,경상사고,0,0,1,0,차대차 - 측면충돌,신호위반,건조,맑음,교차로 - 교차로안,승용,여,70세,상해없음,승용,여,33세,경상
2017090800100434,2017년 9월 8일 16시,금요일,대구광역시 달서구 진천동,경상사고,0,0,1,1,차대차 - 측면충돌,안전운전불이행,건조,맑음,단일로 - 기타,승용,남,49세,상해없음,이륜,남,17세,경상
2017090800100435,2017년 9월 8일 16시,금요일,대구광역시 서구 비산동,중상사고,0,1,0,0,차대사람 - 보도통행중,보행자보호의무위반,건조,맑음,교차로 - 교차로횡단보도내,화물,남,53세,상해없음,보행자,남,70세,중상
2017090800100436,2017년 9월 8일 16시,금요일,대구광역시 중구 삼덕동2가,경상사고,0,0,1,0,차대차 - 측면충돌,안전운전불이행,건조,맑음,교차로 - 교차로안,이륜,여,21세,경상,화물,남,63세,상해없음
2017090800100437,2017년 9월 8일 16시,금요일,대구광역시 북구 동천동,경상사고,0,0,2,0,차대차 - 측면충돌,불법유턴,건조,맑음,교차로 - 교차로부근,기타불명,기타불명,미분류,기타불명,승용,남,32세,경상
2017090800100523,2017년 9월 8일 18시,금요일,대구광역시 수성구 수성동4가,부상신고사고,0,0,0,1,차대차 - 정면충돌,안전운전불이행,건조,맑음,교차로 - 교차로횡단보도내,기타불명,기타불명,미분류,기타불명,자전거,남,11세,부상신고
2017090800100524,2017년 9월 8일 18시,금요일,대구광역시 북구 산격동,경상사고,0,0,1,0,차대차 - 추돌,안전거리미확보,건조,맑음,단일로 - 기타,승용,여,56세,상해없음,승용,여,27세,경상
2017090800100525,2017년 9월 8일 18시,금요일,대구광역시 서구 상리동,경상사고,0,0,1,0,차대차 - 측면충돌,안전거리미확보,건조,맑음,단일로 - 고가도로위,승용,남,49세,상해없음,승용,남,42세,경상
2017090800100526,2017년 9월 8일 18시,금요일,대구광역시 북구 태전동,경상사고,0,0,1,0,차대차 - 측면충돌,안전거리미확보,건조,맑음,교차로 - 교차로안,승용,여,46세,상해없음,승용,남,21세,경상
2017090800100573,2017년 9월 8일 19시,금요일,대구광역시 동구 효목동,중상사고,0,1,0,1,차대차 - 측면충돌,안전운전불이행,건조,맑음,교차로 - 교차로부근,승용,남,76세,부상신고,승용,남,58세,중상
2017090800100574,2017년 9월 8일 19시,금요일,대구광역시 수성구 수성동2가,중상사고,0,1,0,0,차대차 - 측면충돌,안전운전불이행,건조,맑음,교차로 - 교차로안,승용,남,56세,상해없음,이륜,남,41세,중상
2017090800100575,2017년 9월 8일 19시,금요일,대구광역시 중구 태평로3가,부상신고사고,0,0,0,1,차대차 - 측면충돌,안전운전불이행,건조,맑음,교차로 - 교차로부근,승용,남,39세,상해없음,자전거,남,43세,부상신고
2017090800100655,2017년 9월 8일 21시,금요일,대구광역시 수성구 범어동,경상사고,0,0,1,0,차대사람 - 보도통행중,기타,건조,맑음,단일로 - 기타,승용,여,44세,상해없음,보행자,남,24세,경상
2017090800100656,2017년 9월 8일 21시,금요일,대구광역시 수성구 매호동,중상사고,0,1,0,0,차대사람 - 횡단중,안전운전불이행,건조,맑음,교차로 - 교차로안,승용,남,35세,상해없음,보행자,여,72세,중상
2017090800100696,2017년 9월 8일 22시,금요일,대구광역시 남구 대명동,경상사고,0,0,1,0,차대차 - 정면충돌,신호위반,건조,맑음,교차로 - 교차로안,자전거,남,15세,경상,승용,남,50세,상해없음
2017090800100718,2017년 9월 8일 23시,금요일,대구광역시 달서구 상인동,경상사고,0,0,2,1,차대차 - 측면충돌,중앙선침범,건조,맑음,단일로 - 기타,승용,남,42세,상해없음,화물,남,56세,경상
2017090900100029,2017년 9월 9일 00시,토요일,대구광역시 달서구 본리동,경상사고,0,0,1,0,차대차 - 기타,신호위반,건조,맑음,교차로 - 교차로안,이륜,남,17세,상해없음,이륜,남,55세,경상
2017090900100054,2017년 9월 9일 02시,토요일,대구광역시 수성구 범어동,부상신고사고,0,0,0,1,차대차 - 정면충돌,안전운전불이행,건조,맑음,단일로 - 기타,이륜,남,25세,상해없음,승용,남,22세,부상신고
2017090900100055,2017년 9월 9일 02시,토요일,대구광역시 서구 중리동,경상사고,0,0,3,0,차대차 - 측면충돌,교차로운행방법위반,건조,흐림,교차로 - 교차로안,승용,남,56세,상해없음,승용,남,67세,경상
2017090900100056,2017년 9월 9일 02시,토요일,대구광역시 북구 관음동,경상사고,0,0,3,0,차대차 - 측면충돌,직진우회전진행방해,건조,맑음,교차로 - 교차로안,승용,남,49세,상해없음,승용,남,54세,경상
2017090900100066,2017년 9월 9일 03시,토요일,대구광역시 달서구 월암동,경상사고,0,0,1,0,차량단독 - 도로외이탈 - 추락,안전운전불이행,건조,맑음,단일로 - 기타,승용,남,37세,경상,,,,
2017090900100108,2017년 9월 9일 05시,토요일,대구광역시 수성구 신매동,중상사고,0,7,3,1,차대차 - 측면충돌,과속,건조,맑음,교차로 - 교차로안,승용,남,25세,부상신고,승용,남,24세,중상