사고번호,사고일시,요일,시군구,사고내용,사망자수,중상자수,경상자수,부상신고자수,사고유형,법규위반,노면상태,기상상태,도로형태,가해운전자 차종,가해운전자 성별,가해운전자 연령,가해운전자 상해정도,피해운전자 차종,피해운전자 성별,피해운전자 연령,피해운전자 상해정도
2017090900100140,2017년 9월 9일 07시,토요일,대구광역시 북구 침산동,경상사고,0,0,1,0,차대차 - 측면충돌,안전운전불이행,건조,맑음,단일로 - 기타,승용,남,68세,상해없음,화물,남,38세,상해없음
2017090900100162,2017년 9월 9일 08시,토요일,대구광역시 북구 금호동,중상사고,0,1,1,0,차대차 - 기타,안전운전불이행,건조,맑음,단일로 - 기타,승용,여,31세,상해없음,승용,남,39세,경상
2017090900100164,2017년 9월 9일 08시,토요일,대구광역시 수성구 연호동,중상사고,0,1,0,0,차대차 - 측면충돌,안전운전불이행,건조,맑음,교차로 - 교차로안,화물,남,67세,상해없음,자전거,남,38세,중상
2017090900100224,2017년 9월 9일 10시,토요일,대구광역시 수성구 범어동,경상사고,0,0,1,0,차대차 - 추돌,안전운전불이행,건조,맑음,주차장 - 주차장,승용,남,67세,상해없음,승용,여,36세,경상
2017090900100225,2017년 9월 9일 10시,토요일,대구광역시 북구 매천동,중상사고,0,1,0,0,차대차 - 측면충돌,안전운전불이행,건조,맑음,단일로 - 기타,승용,남,54세,상해없음,이륜,남,52세,중상
2017090900100246,2017년 9월 9일 11시,토요일,대구광역시 동구 신암동,경상사고,0,0,1,0,차대차 - 측면충돌,교차로운행방법위반,건조,맑음,교차로 - 교차로안,승용,여,54세,상해없음,승용,여,53세,경상
2017090900100247,2017년 9월 9일 11시,토요일,대구광역시 북구 노원동3가,경상사고,0,0,1,0,차대차 - 측면충돌,안전운전불이행,건조,맑음,기타 - 기타,승용,여,25세,상해없음,자전거,남,40세,경상
2017090900100285,2017년 9월 9일 12시,토요일,대구광역시 동구 불로동,부상신고사고,0,0,0,1,차대차 - 측면충돌,안전거리미확보,건조,맑음,단일로 - 기타,승용,남,21세,상해없음,승용,여,51세,상해없음
2017090900100286,2017년 9월 9일 12시,토요일,대구광역시 서구 이현동,경상사고,0,0,2,0,차대차 - 측면충돌,안전거리미확보,건조,맑음,교차로 - 교차로부근,승용,남,48세,상해없음,승용,남,29세,경상
2017090900100323,2017년 9월 9일 13시,토요일,대구광역시 북구 산격동,경상사고,0,0,1,0,차대차 - 측면충돌,안전운전불이행,건조,맑음,단일로 - 기타,승용,남,56세,상해없음,승용,남,28세,경상
2017090900100324,2017년 9월 9일 13시,토요일,대구광역시 서구 원대동3가,경상사고,0,0,1,0,차대사람 - 길가장자리구역통행중,안전운전불이행,건조,맑음,단일로 - 기타,승용,남,81세,상해없음,보행자,여,71세,경상
2017090900100368,2017년 9월 9일 14시,토요일,대구광역시 동구 효목동,경상사고,0,0,1,0,차대차 - 추돌,안전운전불이행,건조,맑음,단일로 - 기타,승용,여,45세,상해없음,화물,남,39세,경상
2017090900100369,2017년 9월 9일 14시,토요일,대구광역시 동구 지저동,경상사고,0,0,2,0,차대차 - 기타,안전운전불이행,건조,맑음,단일로 - 기타,승용,여,45세,상해없음,승용,여,49세,경상
2017090900100370,2017년 9월 9일 14시,토요일,대구광역시 달서구 감삼동,경상사고,0,0,1,0,차대차 - 추돌,안전거리미확보,건조,맑음,단일로 - 기타,승용,남,34세,상해없음,승용,남,62세,경상
2017090900100371,2017년 9월 9일 14시,토요일,대구광역시 달서구 용산동,경상사고,0,0,3,0,차대차 - 측면충돌,신호위반,건조,맑음,교차로 - 교차로안,승용,여,58세,경상,승용,여,52세,경상
2017090900100407,2017년 9월 9일 15시,토요일,대구광역시 북구 동천동,중상사고,0,1,0,0,차대사람 - 기타,안전운전불이행,건조,맑음,단일로 - 기타,승용,남,31세,상해없음,보행자,남,13세,중상
2017090900100436,2017년 9월 9일 16시,토요일,대구광역시 동구 용계동,중상사고,0,1,0,0,차대차 - 기타,안전운전불이행,건조,맑음,단일로 - 기타,자전거,여,35세,중상,승용,남,74세,상해없음
2017090900100437,2017년 9월 9일 16시,토요일,대구광역시 달성군 화원읍,경상사고,0,0,1,0,차대차 - 정면충돌,중앙선침범,건조,맑음,교차로 - 교차로부근,화물,남,55세,상해없음,화물,남,57세,경상
2017090900100475,2017년 9월 9일 17시,토요일,대구광역시 서구 상리동,경상사고,0,0,1,0,차대차 - 측면충돌,안전거리미확보,건조,맑음,단일로 - 기타,승용,남,26세,경상,화물,남,38세,상해없음
2017090900100480,2017년 9월 9일 17시,토요일,대구광역시 북구 사수동,경상사고,0,0,5,0,차대차 - 측면충돌,직진우회전진행방해,건조,맑음,교차로 - 교차로안,승용,남,39세,경상,승용,여,34세,경상
2017090900100585,2017년 9월 9일 20시,토요일,대구광역시 달서구 도원동,중상사고,0,1,0,0,차대차 - 측면충돌,안전운전불이행,건조,맑음,단일로 - 기타,승용,남,63세,상해없음,자전거,남,42세,중상
2017090900100627,2017년 9월 9일 21시,토요일,대구광역시 수성구 만촌동,경상사고,0,0,3,0,차대차 - 정면충돌,안전거리미확보,건조,맑음,교차로 - 교차로부근,승용,남,30세,상해없음,승용,남,20세,경상
2017090900100628,2017년 9월 9일 21시,토요일,대구광역시 달서구 상인동,경상사고,0,0,1,0,차대차 - 측면충돌,안전거리미확보,건조,맑음,단일로 - 기타,승용,남,65세,상해없음,승용,남,39세,경상
2017090900100643,2017년 9월 9일 22시,토요일,대구광역시 남구 대명동,중상사고,0,1,1,0,차대차 - 추돌,안전운전불이행,건조,맑음,교차로 - 교차로부근,승용,남,57세,상해없음,승용,남,54세,경상
2017090900100671,2017년 9월 9일 23시,토요일,대구광역시 동구 동호동,경상사고,0,0,1,0,차대차 - 추돌,안전운전불이행,건조,맑음,단일로 - 기타,승용,남,25세,상해없음,승용,여,36세,경상
2017090900100672,2017년 9월 9일 23시,토요일,대구광역시 수성구 범물동,경상사고,0,0,1,0,차대사람 - 횡단중,보행자보호의무위반,건조,맑음,교차로 - 교차로안,기타불명,남,60세,상해없음,보행자,남,58세,경상
2017091000100030,2017년 9월 10일 00시,일요일,대구광역시 동구 방촌동,경상사고,0,0,1,0,차량단독 - 기타,안전운전불이행,건조,맑음,교차로 - 교차로부근,승용,남,64세,상해없음,,,,
2017091000100044,2017년 9월 10일 01시,일요일,대구광역시 수성구 성동,경상사고,0,0,1,0,차대차 - 추돌,안전거리미확보,건조,맑음,단일로 - 기타,승용,남,25세,기타불명,승용,여,46세,경상
2017091000100060,2017년 9월 10일 02시,일요일,대구광역시 북구 노원동1가,경상사고,0,0,1,0,차대차 - 측면충돌,불법유턴,건조,맑음,단일로 - 기타,자전거,남,73세,경상,승용,남,64세,상해없음
2017091000100073,2017년 9월 10일 03시,일요일,대구광역시 중구 삼덕동1가,경상사고,0,0,1,0,차대사람 - 기타,안전운전불이행,건조,맑음,단일로 - 기타,승용,여,23세,상해없음,보행자,여,20세,경상
2017091000100074,2017년 9월 10일 03시,일요일,대구광역시 달서구 감삼동,경상사고,0,0,1,0,차대차 - 측면충돌,안전운전불이행,건조,맑음,단일로 - 기타,승용,여,54세,기타불명,화물,남,24세,경상
2017091000100089,2017년 9월 10일 04시,일요일,대구광역시 수성구 두산동,중상사고,0,1,1,0,차대차 - 측면충돌,교차로운행방법위반,건조,맑음,교차로 - 교차로안,승용,남,53세,중상,승용,남,21세,경상
2017091000100090,2017년 9월 10일 04시,일요일,대구광역시 달서구 두류동,부상신고사고,0,0,0,1,차대사람 - 길가장자리구역통행중,안전운전불이행,건조,맑음,교차로 - 교차로부근,승용,남,20세,상해없음,보행자,남,20세,부상신고
2017091000100137,2017년 9월 10일 08시,일요일,대구광역시 동구 신천동,중상사고,0,1,0,0,차량단독 - 기타,안전운전불이행,건조,맑음,단일로 - 기타,개인형이동수단(PM),남,49세,중상,,,,
2017091000100138,2017년 9월 10일 08시,일요일,대구광역시 수성구 성동,중상사고,0,1,0,1,차대차 - 정면충돌,안전운전불이행,건조,맑음,단일로 - 기타,자전거,남,44세,부상신고,자전거,남,58세,중상
2017091000100139,2017년 9월 10일 08시,일요일,대구광역시 달성군 현풍면,경상사고,0,0,1,0,차대차 - 측면충돌,안전운전불이행,건조,맑음,교차로 - 교차로부근,건설기계,남,52세,상해없음,승용,남,41세,경상
2017091000100140,2017년 9월 10일 08시,일요일,대구광역시 달서구 두류동,중상사고,0,1,0,0,차대차 - 정면충돌,안전운전불이행,건조,맑음,단일로 - 기타,이륜,남,27세,중상,화물,기타불명,미분류,기타불명
2017091000100157,2017년 9월 10일 09시,일요일,대구광역시 북구 태전동,경상사고,0,0,1,0,차대차 - 추돌,교차로운행방법위반,건조,맑음,교차로 - 교차로안,승용,여,62세,상해없음,승용,남,38세,경상
2017091000100214,2017년 9월 10일 12시,일요일,대구광역시 동구 도학동,중상사고,0,1,0,0,차대사람 - 횡단중,안전운전불이행,건조,맑음,교차로 - 교차로부근,승용,남,39세,상해없음,보행자,남,76세,중상
2017091000100215,2017년 9월 10일 12시,일요일,대구광역시 달서구 월성동,부상신고사고,0,0,0,4,차대차 - 추돌,안전운전불이행,건조,맑음,단일로 - 기타,화물,남,46세,상해없음,승용,남,49세,부상신고
2017091000100216,2017년 9월 10일 12시,일요일,대구광역시 중구 삼덕동3가,경상사고,0,0,1,0,차대차 - 측면충돌,안전거리미확보,건조,맑음,단일로 - 기타,승용,남,74세,기타불명,승용,남,40세,경상
2017091000100217,2017년 9월 10일 12시,일요일,대구광역시 달서구 죽전동,경상사고,0,0,1,0,차대차 - 기타,안전운전불이행,건조,맑음,기타 - 기타,승용,남,45세,상해없음,승용,남,36세,경상
2017091000100244,2017년 9월 10일 13시,일요일,대구광역시 달서구 월성동,경상사고,0,0,1,0,차대차 - 측면충돌,안전운전불이행,건조,맑음,단일로 - 기타,승용,남,30세,상해없음,승용,남,40세,경상
2017091000100245,2017년 9월 10일 13시,일요일,대구광역시 북구 매천동,경상사고,0,0,1,1,차대차 - 측면충돌,직진우회전진행방해,건조,맑음,교차로 - 교차로안,이륜,남,29세,부상신고,승용,여,39세,경상
2017091000100276,2017년 9월 10일 14시,일요일,대구광역시 수성구 황금동,경상사고,0,0,1,0,차량단독 - 기타,안전운전불이행,건조,맑음,단일로 - 기타,승합,남,58세,상해없음,,,,
2017091000100277,2017년 9월 10일 14시,일요일,대구광역시 북구 칠성동1가,중상사고,0,1,0,0,차대차 - 측면충돌,안전운전불이행,건조,맑음,단일로 - 기타,승용,남,35세,상해없음,원동기,남,33세,중상
2017091000100278,2017년 9월 10일 14시,일요일,대구광역시 북구 산격동,중상사고,0,1,0,0,차대차 - 측면충돌,안전거리미확보,건조,맑음,단일로 - 기타,승용,남,52세,상해없음,이륜,남,22세,중상
2017091000100377,2017년 9월 10일 17시,일요일,대구광역시 남구 대명동,경상사고,0,0,1,0,차대차 - 측면충돌,교차로운행방법위반,건조,맑음,교차로 - 교차로부근,승용,남,42세,상해없음,이륜,남,25세,경상
2017091000100401,2017년 9월 10일 18시,일요일,대구광역시 동구 율하동,경상사고,0,0,1,0,차대차 - 측면충돌,교차로운행방법위반,건조,맑음,교차로 - 교차로안,승용,남,22세,상해없음,이륜,남,32세,경상
2017091000100402,2017년 9월 10일 18시,일요일,대구광역시 달서구 성당동,경상사고,0,0,1,0,차대사람 - 횡단중,안전운전불이행,건조,맑음,단일로 - 기타,승용,남,36세,기타불명,보행자,남,62세,경상
2017091000100403,2017년 9월 10일 18시,일요일,대구광역시 북구 구암동,경상사고,0,0,1,0,차대차 - 측면충돌,직진우회전진행방해,건조,맑음,교차로 - 교차로안,승합,남,55세,상해없음,승용,여,34세,경상
2017091000100442,2017년 9월 10일 19시,일요일,대구광역시 서구 원대동3가,경상사고,0,0,1,0,차대사람 - 기타,안전운전불이행,건조,맑음,교차로 - 교차로안,승용,남,65세,상해없음,보행자,여,49세,경상
2017091000100443,2017년 9월 10일 19시,일요일,대구광역시 서구 평리동,경상사고,0,0,1,0,차대차 - 추돌,안전거리미확보,건조,맑음,교차로 - 교차로부근,승용,여,47세,상해없음,승용,남,37세,경상
2017091000100444,2017년 9월 10일 19시,일요일,대구광역시 북구 동천동,경상사고,0,0,1,0,차대차 - 측면충돌,안전운전불이행,건조,맑음,교차로 - 교차로안,이륜,남,31세,경상,승용,여,52세,상해없음
2017091000100470,2017년 9월 10일 20시,일요일,대구광역시 동구 신암동,중상사고,0,2,4,0,차대차 - 측면충돌,안전운전불이행,건조,맑음,기타 - 기타,승용,여,53세,상해없음,승합,남,44세,중상
2017091000100471,2017년 9월 10일 20시,일요일,대구광역시 달서구 도원동,경상사고,0,0,4,0,차대차 - 기타,불법유턴,건조,흐림,교차로 - 교차로부근,승용,남,63세,경상,승용,남,53세,경상
2017091000100494,2017년 9월 10일 21시,일요일,대구광역시 달서구 신당동,경상사고,0,0,1,0,차대차 - 측면충돌,불법유턴,건조,흐림,교차로 - 교차로부근,승용,여,56세,상해없음,이륜,남,23세,경상
2017091000100519,2017년 9월 10일 22시,일요일,대구광역시 수성구 상동,경상사고,0,0,5,0,차대차 - 추돌,안전운전불이행,건조,맑음,교차로 - 교차로부근,승용,남,39세,상해없음,승용,남,54세,경상
2017091000100520,2017년 9월 10일 22시,일요일,대구광역시 수성구 지산동,부상신고사고,0,0,0,1,차대차 - 측면충돌,신호위반,건조,맑음,교차로 - 교차로안,원동기,남,36세,부상신고,승용,남,40세,상해없음
2017091000100535,2017년 9월 10일 23시,일요일,대구광역시 동구 용계동,사망사고,1,0,1,0,차대차 - 측면충돌,안전운전불이행,건조,맑음,단일로 - 기타,승용,남,29세,상해없음,승용,남,32세,경상
2017091000100537,2017년 9월 10일 23시,일요일,대구광역시 동구 신암동,경상사고,0,0,1,0,차대차 - 기타,안전운전불이행,건조,맑음,단일로 - 기타,승용,남,22세,상해없음,승용,남,50세,경상
2017091000100538,2017년 9월 10일 23시,일요일,대구광역시 수성구 범어동,중상사고,0,1,0,0,차대사람 - 길가장자리구역통행중,안전운전불이행,건조,맑음,단일로 - 기타,승용,남,47세,상해없음,보행자,남,54세,중상
2017091000100539,2017년 9월 10일 23시,일요일,대구광역시 수성구 수성동1가,경상사고,0,0,1,0,차대사람 - 차도통행중,안전운전불이행,건조,맑음,단일로 - 교량,승용,남,44세,상해없음,보행자,남,16세,경상
2017091100100117,2017년 9월 11일 06시,월요일,대구광역시 동구 신암동,경상사고,0,0,1,0,차대차 - 추돌,안전운전불이행,건조,맑음,단일로 - 기타,승용,남,21세,상해없음,승용,남,26세,경상
2017091100100190,2017년 9월 11일 08시,월요일,대구광역시 북구 금호동,경상사고,0,0,1,0,차대차 - 추돌,안전운전불이행,기타,비,단일로 - 기타,기타불명,기타불명,미분류,기타불명,승용,여,27세,경상
2017091100100193,2017년 9월 11일 08시,월요일,대구광역시 수성구 지산동,중상사고,0,1,1,0,차대차 - 추돌,안전거리미확보,젖음/습기,비,단일로 - 기타,승용,여,27세,상해없음,승용,남,52세,중상
2017091100100194,2017년 9월 11일 08시,월요일,대구광역시 수성구 황금동,경상사고,0,0,1,0,차대차 - 측면충돌,안전운전불이행,젖음/습기,비,단일로 - 기타,승용,여,53세,상해없음,승용,남,41세,경상
2017091100100195,2017년 9월 11일 08시,월요일,대구광역시 수성구 범물동,경상사고,0,0,1,0,차대차 - 추돌,안전운전불이행,젖음/습기,비,단일로 - 기타,승용,남,25세,상해없음,승용,여,42세,경상
2017091100100196,2017년 9월 11일 08시,월요일,대구광역시 북구 서변동,경상사고,0,0,1,0,차대차 - 추돌,안전거리미확보,젖음/습기,맑음,단일로 - 기타,화물,남,36세,상해없음,승용,남,61세,경상
2017091100100238,2017년 9월 11일 09시,월요일,대구광역시 달서구 상인동,경상사고,0,0,1,0,차대차 - 측면충돌,안전거리미확보,건조,맑음,교차로 - 교차로부근,승용,남,61세,상해없음,승용,남,30세,경상
2017091100100239,2017년 9월 11일 09시,월요일,대구광역시 달성군 다사읍,경상사고,0,0,1,0,차대차 - 측면충돌,안전운전불이행,젖음/습기,비,교차로 - 교차로안,승용,남,73세,상해없음,승용,여,30세,경상
2017091100100277,2017년 9월 11일 10시,월요일,대구광역시 수성구 범어동,경상사고,0,0,1,0,차대차 - 추돌,안전거리미확보,젖음/습기,비,단일로 - 기타,승용,남,73세,상해없음,화물,남,34세,경상
2017091100100278,2017년 9월 11일 10시,월요일,대구광역시 달서구 이곡동,중상사고,0,2,0,0,차량단독 - 기타,안전운전불이행,적설,비,교차로 - 교차로부근,승용,남,20세,상해없음,,,,
2017091100100312,2017년 9월 11일 11시,월요일,대구광역시 남구 대명동,경상사고,0,0,1,0,차대차 - 추돌,안전운전불이행,건조,맑음,교차로 - 교차로안,승용,남,34세,상해없음,승용,남,57세,경상
2017091100100313,2017년 9월 11일 11시,월요일,대구광역시 북구 칠성동2가,중상사고,0,1,1,0,차량단독 - 공작물충돌,과속,젖음/습기,비,단일로 - 기타,승용,남,53세,중상,,,,
2017091100100336,2017년 9월 11일 12시,월요일,대구광역시 달성군 현풍면,중상사고,0,1,0,0,차대차 - 측면충돌,안전운전불이행,건조,맑음,교차로 - 교차로안,승합,여,63세,중상,건설기계,남,57세,상해없음
2017091100100337,2017년 9월 11일 12시,월요일,대구광역시 달서구 감삼동,경상사고,0,0,1,0,차대차 - 측면충돌,안전거리미확보,건조,맑음,단일로 - 기타,승용,여,68세,상해없음,화물,남,63세,경상
2017091100100361,2017년 9월 11일 13시,월요일,대구광역시 서구 이현동,경상사고,0,0,2,0,차대차 - 측면충돌,안전운전불이행,건조,맑음,교차로 - 교차로부근,화물,남,52세,상해없음,승용,남,55세,경상
2017091100100393,2017년 9월 11일 14시,월요일,대구광역시 달서구 송현동,중상사고,0,1,0,0,차대차 - 측면충돌,안전운전불이행,건조,맑음,교차로 - 교차로안,승용,여,44세,상해없음,원동기,남,77세,중상
2017091100100416,2017년 9월 11일 15시,월요일,대구광역시 수성구 파동,경상사고,0,0,1,0,차대사람 - 길가장자리구역통행중,보행자보호의무위반,젖음/습기,흐림,단일로 - 기타,승용,여,38세,상해없음,보행자,여,80세,경상
2017091100100417,2017년 9월 11일 15시,월요일,대구광역시 중구 대신동,경상사고,0,0,2,0,차대차 - 추돌,안전운전불이행,건조,맑음,단일로 - 기타,승용,남,67세,상해없음,화물,남,33세,경상
2017091100100452,2017년 9월 11일 16시,월요일,대구광역시 수성구 범어동,경상사고,0,0,1,0,차대차 - 추돌,교차로운행방법위반,건조,맑음,교차로 - 교차로부근,승용,여,36세,기타불명,승합,남,53세,기타불명
2017091100100453,2017년 9월 11일 16시,월요일,대구광역시 달서구 송현동,중상사고,0,1,0,0,차대사람 - 기타,안전운전불이행,건조,맑음,단일로 - 기타,승합,남,26세,상해없음,보행자,남,61세,중상
2017091100100454,2017년 9월 11일 16시,월요일,대구광역시 달서구 감삼동,부상신고사고,0,0,0,1,차대사람 - 기타,안전운전불이행,건조,맑음,단일로 - 기타,승용,여,43세,상해없음,보행자,남,53세,부상신고
2017091100100480,2017년 9월 11일 17시,월요일,대구광역시 달서구 월성동,중상사고,0,1,0,0,차대사람 - 횡단중,보행자보호의무위반,건조,맑음,단일로 - 기타,승용,남,49세,상해없음,보행자,남,78세,중상
2017091100100481,2017년 9월 11일 17시,월요일,대구광역시 달서구 신당동,경상사고,0,0,1,0,차대차 - 측면충돌,교차로운행방법위반,건조,맑음,교차로 - 교차로안,승용,남,28세,상해없음,이륜,남,44세,경상
2017091100100515,2017년 9월 11일 18시,월요일,대구광역시 수성구 파동,경상사고,0,0,1,0,차량단독 - 기타,기타,건조,맑음,단일로 - 기타,승합,남,60세,상해없음,,,,
2017091100100516,2017년 9월 11일 18시,월요일,대구광역시 북구 사수동,경상사고,0,0,3,0,차대차 - 측면충돌,직진우회전진행방해,건조,맑음,교차로 - 교차로안,승용,남,76세,경상,승용,남,39세,경상
2017091100100555,2017년 9월 11일 19시,월요일,대구광역시 동구 신암동,경상사고,0,0,1,0,차대차 - 측면충돌,교차로운행방법위반,건조,맑음,교차로 - 교차로안,이륜,남,19세,상해없음,승용,남,51세,상해없음
2017091100100556,2017년 9월 11일 19시,월요일,대구광역시 동구 지묘동,중상사고,0,1,2,1,차대차 - 추돌,안전운전불이행,건조,맑음,교차로 - 교차로부근,승용,여,39세,상해없음,승용,여,35세,중상
2017091100100557,2017년 9월 11일 19시,월요일,대구광역시 달성군 화원읍,경상사고,0,0,1,0,차대차 - 측면충돌,안전운전불이행,건조,맑음,교차로 - 교차로안,승용,남,54세,상해없음,이륜,남,21세,경상
2017091100100615,2017년 9월 11일 21시,월요일,대구광역시 달서구 상인동,경상사고,0,0,1,0,차대차 - 측면충돌,안전거리미확보,건조,맑음,단일로 - 기타,기타불명,기타불명,미분류,기타불명,승용,남,61세,경상
2017091100100643,2017년 9월 11일 22시,월요일,대구광역시 북구 검단동,중상사고,0,1,0,0,차대차 - 기타,안전운전불이행,건조,맑음,단일로 - 기타,승용,남,42세,상해없음,승용,여,32세,중상
2017091100100646,2017년 9월 11일 22시,월요일,대구광역시 동구 검사동,경상사고,0,0,1,0,차대차 - 측면충돌,안전운전불이행,건조,맑음,단일로 - 기타,이륜,남,16세,기타불명,승용,남,47세,경상
2017091100100647,2017년 9월 11일 22시,월요일,대구광역시 달성군 다사읍,중상사고,0,1,1,0,차대차 - 추돌,안전운전불이행,건조,맑음,교차로 - 교차로부근,승용,남,57세,상해없음,승용,여,28세,중상
2017091100100648,2017년 9월 11일 22시,월요일,대구광역시 중구 동인동1가,중상사고,0,1,0,0,차대사람 - 횡단중,안전운전불이행,건조,맑음,교차로 - 교차로횡단보도내,승용,남,65세,상해없음,보행자,남,40세,중상
2017091200100050,2017년 9월 12일 02시,화요일,대구광역시 동구 효목동,경상사고,0,0,1,0,차대차 - 추돌,안전운전불이행,건조,맑음,단일로 - 기타,승용,남,33세,상해없음,승용,여,46세,경상
2017091200100083,2017년 9월 12일 06시,화요일,대구광역시 달서구 상인동,중상사고,0,1,0,0,차대차 - 정면충돌,안전운전불이행,건조,맑음,교차로 - 교차로안,이륜,남,56세,상해없음,승용,남,74세,중상
2017091200100112,2017년 9월 12일 07시,화요일,대구광역시 동구 신천동,중상사고,0,1,0,0,차대차 - 측면충돌,안전운전불이행,건조,맑음,단일로 - 기타,화물,남,58세,상해없음,자전거,남,62세,중상
2017091200100113,2017년 9월 12일 07시,화요일,대구광역시 달성군 다사읍,경상사고,0,0,1,0,차대차 - 기타,안전운전불이행,건조,맑음,교차로 - 교차로안,승용,남,26세,상해없음,자전거,남,16세,경상
2017091200100114,2017년 9월 12일 07시,화요일,대구광역시 서구 비산동,부상신고사고,0,0,0,1,차대차 - 측면충돌,안전운전불이행,건조,맑음,교차로 - 교차로부근,승용,남,49세,상해없음,자전거,여,58세,부상신고
2017091200100115,2017년 9월 12일 07시,화요일,대구광역시 달서구 용산동,중상사고,0,2,1,0,차대차 - 측면충돌,교차로운행방법위반,건조,맑음,교차로 - 교차로안,승용,남,43세,경상,승용,여,46세,중상
2017091200100116,2017년 9월 12일 07시,화요일,대구광역시 달서구 장기동,중상사고,0,1,0,0,차대사람 - 횡단중,안전운전불이행,건조,맑음,단일로 - 기타,승용,여,24세,상해없음,보행자,남,54세,중상
2017091200100151,2017년 9월 12일 08시,화요일,대구광역시 남구 봉덕동,중상사고,0,1,0,1,차대차 - 정면충돌,안전운전불이행,건조,맑음,단일로 - 기타,승합,남,64세,상해없음,이륜,남,36세,중상
2017091200100152,2017년 9월 12일 08시,화요일,대구광역시 동구 불로동,부상신고사고,0,0,0,1,차대차 - 기타,안전운전불이행,건조,맑음,단일로 - 기타,자전거,여,49세,부상신고,화물,남,36세,상해없음
2017091200100153,2017년 9월 12일 08시,화요일,대구광역시 달서구 송현동,경상사고,0,0,1,0,차대차 - 측면충돌,교차로운행방법위반,건조,맑음,교차로 - 교차로안,승용,여,34세,상해없음,승용,남,42세,상해없음
2017091200100154,2017년 9월 12일 08시,화요일,대구광역시 달성군 하빈면,중상사고,0,1,0,0,차대사람 - 횡단중,신호위반,건조,맑음,교차로 - 교차로안,승용,여,43세,상해없음,보행자,여,79세,중상
2017091200100155,2017년 9월 12일 08시,화요일,대구광역시 달서구 신당동,경상사고,0,0,1,1,차대차 - 측면충돌,안전운전불이행,건조,맑음,단일로 - 기타,승용,남,52세,상해없음,이륜,남,18세,경상
2017091200100190,2017년 9월 12일 09시,화요일,대구광역시 동구 신천동,경상사고,0,0,1,0,차대차 - 기타,안전운전불이행,건조,맑음,단일로 - 기타,화물,남,44세,상해없음,자전거,여,59세,경상
2017091200100191,2017년 9월 12일 09시,화요일,대구광역시 수성구 지산동,경상사고,0,0,1,0,차대사람 - 횡단중,안전운전불이행,건조,맑음,교차로 - 교차로안,승합,남,63세,상해없음,보행자,남,64세,경상
2017091200100192,2017년 9월 12일 09시,화요일,대구광역시 달서구 진천동,경상사고,0,0,1,0,차대사람 - 기타,안전운전불이행,건조,맑음,단일로 - 기타,승용,여,66세,상해없음,보행자,여,47세,경상
2017091200100219,2017년 9월 12일 10시,화요일,대구광역시 수성구 상동,경상사고,0,0,1,0,차대차 - 측면충돌,안전운전불이행,건조,맑음,교차로 - 교차로안,승용,여,50세,상해없음,승용,남,63세,경상
2017091200100220,2017년 9월 12일 10시,화요일,대구광역시 달서구 장동,중상사고,0,1,0,0,차대차 - 측면충돌,신호위반,건조,맑음,교차로 - 교차로안,화물,남,40세,상해없음,이륜,여,43세,중상
2017091200100251,2017년 9월 12일 11시,화요일,대구광역시 북구 노원동3가,중상사고,0,1,0,0,차대차 - 측면충돌,안전운전불이행,건조,맑음,단일로 - 기타,화물,남,64세,상해없음,승용,여,46세,중상
2017091200100252,2017년 9월 12일 11시,화요일,대구광역시 서구 이현동,경상사고,0,0,1,0,차대차 - 측면충돌,안전운전불이행,건조,맑음,단일로 - 기타,승용,여,46세,상해없음,자전거,남,56세,경상
2017091200100297,2017년 9월 12일 13시,화요일,대구광역시 달서구 상인동,중상사고,0,1,1,0,차대차 - 측면충돌,안전거리미확보,건조,맑음,단일로 - 기타,승용,남,59세,경상,승용,여,58세,중상
2017091200100324,2017년 9월 12일 14시,화요일,대구광역시 남구 대명동,경상사고,0,0,1,0,차대차 - 측면충돌,안전운전불이행,건조,맑음,단일로 - 기타,승용,여,31세,상해없음,이륜,남,59세,경상
2017091200100325,2017년 9월 12일 14시,화요일,대구광역시 북구 산격동,중상사고,0,1,0,0,차대차 - 측면충돌,안전운전불이행,건조,맑음,교차로 - 교차로안,승용,남,61세,상해없음,개인형이동수단(PM),남,36세,중상
2017091200100357,2017년 9월 12일 15시,화요일,대구광역시 수성구 만촌동,중상사고,0,1,0,0,차대차 - 추돌,안전운전불이행,건조,맑음,단일로 - 기타,승용,남,36세,상해없음,승용,여,51세,상해없음
2017091200100358,2017년 9월 12일 15시,화요일,대구광역시 달서구 상인동,중상사고,0,1,0,0,차대사람 - 기타,안전운전불이행,건조,맑음,교차로 - 교차로부근,화물,남,59세,상해없음,보행자,여,52세,중상
2017091200100397,2017년 9월 12일 16시,화요일,대구광역시 수성구 만촌동,경상사고,0,0,1,0,차대차 - 추돌,안전운전불이행,건조,맑음,교차로 - 교차로부근,승용,여,56세,상해없음,승용,남,34세,경상
2017091200100434,2017년 9월 12일 17시,화요일,대구광역시 동구 방촌동,경상사고,0,0,1,0,차대차 - 기타,안전운전불이행,건조,맑음,교차로 - 교차로안,기타불명,기타불명,미분류,기타불명,자전거,남,55세,경상
2017091200100435,2017년 9월 12일 17시,화요일,대구광역시 수성구 욱수동,경상사고,0,0,1,0,차대사람 - 길가장자리구역통행중,안전운전불이행,건조,맑음,단일로 - 기타,승용,남,66세,상해없음,보행자,남,46세,경상