사고번호,사고일시,요일,시군구,사고내용,사망자수,중상자수,경상자수,부상신고자수,사고유형,법규위반,노면상태,기상상태,도로형태,가해운전자 차종,가해운전자 성별,가해운전자 연령,가해운전자 상해정도,피해운전자 차종,피해운전자 성별,피해운전자 연령,피해운전자 상해정도
2017091200100436,2017년 9월 12일 17시,화요일,대구광역시 북구 복현동,중상사고,0,1,0,0,차량단독 - 기타,안전운전불이행,건조,맑음,단일로 - 기타,승합,남,52세,상해없음,,,,
2017091200100437,2017년 9월 12일 17시,화요일,대구광역시 서구 비산동,중상사고,0,1,0,0,차대차 - 측면충돌,신호위반,건조,맑음,교차로 - 교차로부근,승용,남,59세,상해없음,이륜,남,25세,중상
2017091200100438,2017년 9월 12일 17시,화요일,대구광역시 중구 동산동,경상사고,0,0,1,0,차대차 - 후진중충돌,안전운전불이행,건조,맑음,단일로 - 기타,승용,여,40세,상해없음,승용,남,33세,경상
2017091200100475,2017년 9월 12일 18시,화요일,대구광역시 동구 신천동,경상사고,0,0,1,0,차대차 - 후진중충돌,안전운전불이행,건조,맑음,단일로 - 기타,승용,여,45세,상해없음,승용,남,60세,경상
2017091200100517,2017년 9월 12일 19시,화요일,대구광역시 수성구 수성동1가,경상사고,0,0,1,0,차대차 - 측면충돌,차로위반,건조,맑음,단일로 - 기타,승용,여,43세,경상,승용,남,59세,상해없음
2017091200100518,2017년 9월 12일 19시,화요일,대구광역시 달서구 본동,경상사고,0,0,1,0,차대차 - 기타,안전운전불이행,건조,맑음,단일로 - 기타,이륜,남,37세,상해없음,자전거,여,22세,경상
2017091200100547,2017년 9월 12일 20시,화요일,대구광역시 동구 효목동,경상사고,0,0,1,0,차대차 - 측면충돌,안전운전불이행,건조,맑음,단일로 - 기타,승용,남,66세,상해없음,이륜,남,17세,경상
2017091200100548,2017년 9월 12일 20시,화요일,대구광역시 서구 내당동,경상사고,0,0,1,0,차대차 - 측면충돌,안전거리미확보,건조,맑음,단일로 - 기타,승용,남,27세,상해없음,원동기,남,17세,경상
2017091200100549,2017년 9월 12일 20시,화요일,대구광역시 서구 원대동3가,경상사고,0,0,1,0,차대차 - 기타,안전운전불이행,건조,맑음,교차로 - 교차로부근,기타불명,기타불명,미분류,기타불명,자전거,남,13세,경상
2017091200100550,2017년 9월 12일 20시,화요일,대구광역시 달서구 죽전동,경상사고,0,0,2,0,차대차 - 측면충돌,안전거리미확보,건조,맑음,단일로 - 기타,승용,남,33세,상해없음,승용,남,55세,경상
2017091200100571,2017년 9월 12일 21시,화요일,대구광역시 달서구 본동,경상사고,0,0,1,0,차대차 - 측면충돌,안전운전불이행,건조,맑음,단일로 - 기타,승용,남,55세,상해없음,승용,여,38세,경상
2017091200100594,2017년 9월 12일 22시,화요일,대구광역시 북구 복현동,경상사고,0,0,2,0,차대차 - 측면충돌,신호위반,건조,맑음,교차로 - 교차로안,이륜,남,16세,경상,승용,여,29세,경상
2017091200100595,2017년 9월 12일 22시,화요일,대구광역시 서구 비산동,부상신고사고,0,0,0,1,차대사람 - 횡단중,안전운전불이행,건조,맑음,단일로 - 기타,승용,여,26세,상해없음,보행자,남,35세,부상신고
2017091200100606,2017년 9월 12일 23시,화요일,대구광역시 달서구 유천동,중상사고,0,1,0,0,차대차 - 추돌,안전운전불이행,건조,맑음,단일로 - 기타,승용,남,28세,상해없음,승용,남,46세,중상
2017091300100033,2017년 9월 13일 00시,수요일,대구광역시 중구 남산동,중상사고,0,1,0,0,차대차 - 추돌,안전운전불이행,건조,맑음,단일로 - 기타,승용,남,38세,상해없음,승용,남,30세,중상
2017091300100042,2017년 9월 13일 01시,수요일,대구광역시 중구 삼덕동1가,경상사고,0,0,1,0,차대사람 - 기타,안전운전불이행,건조,맑음,단일로 - 기타,승용,여,25세,상해없음,보행자,남,27세,경상
2017091300100043,2017년 9월 13일 01시,수요일,대구광역시 중구 남산동,경상사고,0,0,2,0,차대차 - 추돌,안전운전불이행,건조,맑음,교차로 - 교차로부근,승용,남,25세,상해없음,승용,남,53세,경상
2017091300100055,2017년 9월 13일 03시,수요일,대구광역시 서구 중리동,중상사고,0,2,0,0,차대차 - 추돌,안전운전불이행,건조,맑음,단일로 - 기타,승용,남,29세,상해없음,승용,남,64세,중상
2017091300100059,2017년 9월 13일 04시,수요일,대구광역시 달성군 옥포면,사망사고,1,0,0,0,차대차 - 추돌,안전운전불이행,건조,맑음,단일로 - 기타,화물,남,67세,사망,화물,남,47세,상해없음
2017091300100060,2017년 9월 13일 04시,수요일,대구광역시 수성구 범어동,경상사고,0,0,1,0,차대사람 - 횡단중,안전운전불이행,건조,맑음,교차로 - 교차로부근,승용,남,56세,상해없음,보행자,남,47세,경상
2017091300100061,2017년 9월 13일 04시,수요일,대구광역시 서구 평리동,중상사고,0,2,0,0,차대차 - 추돌,안전운전불이행,건조,맑음,단일로 - 기타,이륜,남,49세,중상,이륜,남,61세,중상
2017091300100077,2017년 9월 13일 06시,수요일,대구광역시 남구 대명동,경상사고,0,0,1,0,차대차 - 측면충돌,교차로운행방법위반,건조,맑음,교차로 - 교차로안,승용,남,68세,상해없음,승용,여,24세,경상
2017091300100078,2017년 9월 13일 06시,수요일,대구광역시 동구 숙천동,사망사고,1,0,0,0,차대사람 - 횡단중,안전운전불이행,건조,맑음,단일로 - 기타,화물,남,50세,상해없음,보행자,여,73세,사망
2017091300100079,2017년 9월 13일 06시,수요일,대구광역시 중구 삼덕동1가,중상사고,0,1,0,0,차대차 - 측면충돌,안전운전불이행,건조,맑음,단일로 - 기타,승용,남,19세,상해없음,승용,남,68세,중상
2017091300100113,2017년 9월 13일 07시,수요일,대구광역시 동구 방촌동,중상사고,0,1,0,0,차대사람 - 기타,안전운전불이행,건조,맑음,기타 - 기타,승용,남,43세,상해없음,보행자,여,76세,중상
2017091300100147,2017년 9월 13일 08시,수요일,대구광역시 수성구 신매동,경상사고,0,0,1,0,차대차 - 추돌,안전운전불이행,건조,맑음,교차로 - 교차로부근,승용,여,47세,상해없음,승용,남,21세,경상
2017091300100148,2017년 9월 13일 08시,수요일,대구광역시 수성구 지산동,경상사고,0,0,2,0,차대차 - 정면충돌,교차로운행방법위반,건조,맑음,교차로 - 교차로안,승용,여,50세,경상,승용,여,45세,경상
2017091300100149,2017년 9월 13일 08시,수요일,대구광역시 달서구 상인동,경상사고,0,0,2,0,차대차 - 측면충돌,안전운전불이행,건조,맑음,단일로 - 기타,승합,남,59세,상해없음,화물,여,45세,상해없음
2017091300100150,2017년 9월 13일 08시,수요일,대구광역시 달서구 이곡동,경상사고,0,0,1,0,차대사람 - 기타,안전운전불이행,건조,맑음,단일로 - 기타,승용,남,61세,기타불명,보행자,남,18세,경상
2017091300100188,2017년 9월 13일 09시,수요일,대구광역시 남구 대명동,경상사고,0,0,3,0,차대차 - 측면충돌,기타,건조,맑음,교차로 - 교차로안,승용,여,56세,경상,승용,남,66세,경상
2017091300100189,2017년 9월 13일 09시,수요일,대구광역시 남구 대명동,중상사고,0,1,0,0,차대사람 - 횡단중,보행자보호의무위반,건조,맑음,기타 - 기타,승용,여,55세,상해없음,보행자,여,77세,중상
2017091300100190,2017년 9월 13일 09시,수요일,대구광역시 북구 산격동,경상사고,0,0,1,0,차대차 - 추돌,안전거리미확보,건조,맑음,교차로 - 교차로안,승용,남,58세,상해없음,승용,여,45세,경상
2017091300100224,2017년 9월 13일 10시,수요일,대구광역시 중구 달성동,경상사고,0,0,1,0,차대차 - 측면충돌,신호위반,건조,맑음,단일로 - 기타,승용,남,57세,상해없음,이륜,남,46세,경상
2017091300100252,2017년 9월 13일 11시,수요일,대구광역시 동구 신평동,경상사고,0,0,1,0,차대차 - 기타,안전운전불이행,건조,맑음,단일로 - 기타,화물,남,26세,상해없음,승용,여,54세,경상
2017091300100291,2017년 9월 13일 12시,수요일,대구광역시 북구 동천동,중상사고,0,1,1,0,차대차 - 기타,안전운전불이행,건조,맑음,단일로 - 기타,승합,남,60세,상해없음,승용,여,26세,중상
2017091300100326,2017년 9월 13일 13시,수요일,대구광역시 수성구 매호동,중상사고,0,1,0,0,차대차 - 측면충돌,교차로운행방법위반,건조,맑음,교차로 - 교차로안,승용,남,32세,상해없음,자전거,여,66세,중상
2017091300100327,2017년 9월 13일 13시,수요일,대구광역시 달서구 본리동,경상사고,0,0,1,0,차대사람 - 차도통행중,안전운전불이행,건조,맑음,교차로 - 교차로부근,승용,여,62세,상해없음,보행자,남,70세,경상
2017091300100372,2017년 9월 13일 14시,수요일,대구광역시 달서구 성당동,경상사고,0,0,1,0,차대차 - 측면충돌,교차로운행방법위반,건조,맑음,교차로 - 교차로부근,승용,남,48세,상해없음,자전거,남,68세,경상
2017091300100402,2017년 9월 13일 15시,수요일,대구광역시 동구 봉무동,경상사고,0,0,1,0,차대차 - 측면충돌,교차로운행방법위반,건조,맑음,교차로 - 교차로안,화물,남,52세,상해없음,승용,남,37세,경상
2017091300100403,2017년 9월 13일 15시,수요일,대구광역시 중구 남산동,경상사고,0,0,1,0,차대차 - 측면충돌,안전운전불이행,건조,맑음,단일로 - 기타,승용,남,65세,상해없음,이륜,남,63세,경상
2017091300100404,2017년 9월 13일 15시,수요일,대구광역시 중구 동성로2가,부상신고사고,0,0,0,1,차대차 - 측면충돌,안전운전불이행,건조,맑음,단일로 - 기타,이륜,여,16세,부상신고,승용,남,19세,상해없음
2017091300100405,2017년 9월 13일 15시,수요일,대구광역시 중구 동인동4가,경상사고,0,0,1,0,차대차 - 측면충돌,안전운전불이행,건조,맑음,단일로 - 기타,자전거,남,42세,경상,승용,남,23세,상해없음
2017091300100406,2017년 9월 13일 15시,수요일,대구광역시 북구 관음동,부상신고사고,0,0,0,1,차대차 - 측면충돌,안전운전불이행,건조,맑음,단일로 - 기타,기타불명,기타불명,미분류,기타불명,자전거,남,81세,부상신고
2017091300100435,2017년 9월 13일 16시,수요일,대구광역시 달서구 월성동,중상사고,0,1,1,0,차대차 - 측면충돌,직진우회전진행방해,건조,맑음,교차로 - 교차로안,화물,남,55세,경상,화물,남,46세,중상
2017091300100490,2017년 9월 13일 17시,수요일,대구광역시 달서구 이곡동,경상사고,0,0,1,0,차대차 - 측면충돌,교차로운행방법위반,건조,맑음,교차로 - 교차로안,승용,남,60세,상해없음,승용,여,39세,경상
2017091300100540,2017년 9월 13일 18시,수요일,대구광역시 남구 대명동,경상사고,0,0,1,0,차대차 - 측면충돌,교차로운행방법위반,건조,맑음,교차로 - 교차로안,승용,여,57세,상해없음,승용,남,32세,경상
2017091300100541,2017년 9월 13일 18시,수요일,대구광역시 달성군 다사읍,중상사고,0,1,0,0,차대차 - 측면충돌,직진우회전진행방해,건조,맑음,교차로 - 교차로안,승용,남,56세,상해없음,이륜,남,17세,중상
2017091300100585,2017년 9월 13일 19시,수요일,대구광역시 중구 남산동,경상사고,0,0,1,0,차대차 - 측면충돌,안전운전불이행,건조,맑음,단일로 - 기타,기타불명,기타불명,미분류,기타불명,승용,남,59세,경상
2017091300100586,2017년 9월 13일 19시,수요일,대구광역시 동구 효목동,중상사고,0,1,0,0,차대차 - 측면충돌,안전운전불이행,건조,맑음,단일로 - 기타,승용,남,31세,상해없음,승용,남,67세,중상
2017091300100587,2017년 9월 13일 19시,수요일,대구광역시 수성구 상동,경상사고,0,0,2,0,차대차 - 추돌,안전거리미확보,건조,맑음,교차로 - 교차로안,승용,여,70세,상해없음,승용,여,23세,경상
2017091300100588,2017년 9월 13일 19시,수요일,대구광역시 북구 산격동,경상사고,0,0,1,0,차대차 - 추돌,안전운전불이행,건조,맑음,단일로 - 기타,승용,여,34세,상해없음,승용,여,28세,경상
2017091300100589,2017년 9월 13일 19시,수요일,대구광역시 북구 팔달동,중상사고,0,2,0,0,차대차 - 측면충돌,중앙선침범,건조,맑음,단일로 - 기타,승용,남,49세,중상,승용,남,49세,중상
2017091300100590,2017년 9월 13일 19시,수요일,대구광역시 북구 읍내동,경상사고,0,0,2,0,차대차 - 추돌,안전운전불이행,건조,맑음,단일로 - 기타,승용,여,57세,상해없음,승용,여,28세,경상
2017091300100617,2017년 9월 13일 20시,수요일,대구광역시 달성군 유가면,부상신고사고,0,0,0,1,차대차 - 측면충돌,안전운전불이행,건조,맑음,단일로 - 기타,기타불명,기타불명,미분류,기타불명,이륜,여,32세,부상신고
2017091300100618,2017년 9월 13일 20시,수요일,대구광역시 북구 태전동,부상신고사고,0,0,0,1,차대차 - 측면충돌,중앙선침범,건조,맑음,단일로 - 기타,자전거,남,41세,부상신고,승용,남,31세,상해없음
2017091300100619,2017년 9월 13일 20시,수요일,대구광역시 북구 태전동,경상사고,0,0,2,0,차대차 - 기타,불법유턴,건조,맑음,단일로 - 기타,이륜,남,20세,상해없음,이륜,남,20세,경상
2017091300100648,2017년 9월 13일 21시,수요일,대구광역시 수성구 만촌동,경상사고,0,0,1,0,차대차 - 측면충돌,안전운전불이행,건조,맑음,단일로 - 기타,승용,남,23세,기타불명,승합,남,32세,상해없음
2017091300100649,2017년 9월 13일 21시,수요일,대구광역시 수성구 지산동,중상사고,0,1,0,0,차대사람 - 길가장자리구역통행중,보행자보호의무위반,건조,맑음,단일로 - 기타,승용,남,29세,상해없음,보행자,여,57세,중상
2017091300100650,2017년 9월 13일 21시,수요일,대구광역시 달서구 월성동,경상사고,0,0,1,0,차대차 - 기타,신호위반,건조,맑음,교차로 - 교차로안,원동기,남,19세,상해없음,승용,여,56세,경상
2017091300100674,2017년 9월 13일 22시,수요일,대구광역시 달서구 월성동,중상사고,0,2,0,0,차대차 - 기타,안전운전불이행,건조,맑음,단일로 - 기타,승용,남,45세,상해없음,승용,남,44세,중상
2017091300100675,2017년 9월 13일 22시,수요일,대구광역시 중구 동산동,경상사고,0,0,1,0,차대차 - 기타,차로위반,건조,맑음,단일로 - 기타,승용,남,26세,기타불명,승용,남,67세,경상
2017091300100691,2017년 9월 13일 23시,수요일,대구광역시 동구 율하동,중상사고,0,1,0,0,차대사람 - 횡단중,안전운전불이행,건조,맑음,교차로 - 교차로부근,승용,남,49세,상해없음,보행자,남,56세,중상
2017091400100031,2017년 9월 14일 00시,목요일,대구광역시 서구 평리동,경상사고,0,0,1,0,차대차 - 추돌,안전운전불이행,건조,맑음,단일로 - 기타,승용,남,54세,상해없음,승용,남,60세,경상
2017091400100047,2017년 9월 14일 01시,목요일,대구광역시 수성구 상동,경상사고,0,0,1,0,차량단독 - 기타,안전운전불이행,건조,맑음,단일로 - 기타,승용,남,55세,상해없음,,,,
2017091400100050,2017년 9월 14일 02시,목요일,대구광역시 중구 덕산동,경상사고,0,0,1,0,차대차 - 기타,안전운전불이행,건조,맑음,교차로 - 교차로부근,승용,남,59세,상해없음,승용,남,64세,상해없음
2017091400100068,2017년 9월 14일 05시,목요일,대구광역시 달서구 감삼동,경상사고,0,0,1,0,차대차 - 측면충돌,신호위반,건조,맑음,교차로 - 교차로안,승용,여,52세,상해없음,승용,여,46세,경상
2017091400100083,2017년 9월 14일 06시,목요일,대구광역시 서구 비산동,중상사고,0,1,2,0,차대차 - 추돌,안전운전불이행,건조,맑음,교차로 - 교차로부근,화물,남,63세,상해없음,승용,남,39세,중상
2017091400100130,2017년 9월 14일 07시,목요일,대구광역시 동구 신암동,경상사고,0,0,1,0,차대차 - 측면충돌,안전운전불이행,건조,맑음,교차로 - 교차로부근,승용,남,36세,상해없음,자전거,남,54세,경상
2017091400100131,2017년 9월 14일 07시,목요일,대구광역시 달성군 화원읍,경상사고,0,0,1,0,차대차 - 기타,신호위반,건조,맑음,교차로 - 교차로안,승용,남,53세,상해없음,승용,남,33세,경상
2017091400100132,2017년 9월 14일 07시,목요일,대구광역시 중구 봉산동,경상사고,0,0,1,0,차대차 - 측면충돌,신호위반,건조,맑음,교차로 - 교차로안,승용,여,56세,상해없음,이륜,남,72세,경상
2017091400100133,2017년 9월 14일 07시,목요일,대구광역시 달서구 성당동,경상사고,0,0,1,0,차대사람 - 길가장자리구역통행중,안전운전불이행,건조,맑음,단일로 - 기타,승합,남,50세,상해없음,보행자,여,39세,경상
2017091400100175,2017년 9월 14일 08시,목요일,대구광역시 남구 봉덕동,경상사고,0,0,1,0,차대차 - 측면충돌,안전거리미확보,건조,맑음,단일로 - 기타,승용,남,64세,상해없음,승용,남,21세,경상
2017091400100176,2017년 9월 14일 08시,목요일,대구광역시 동구 방촌동,경상사고,0,0,1,0,차대차 - 측면충돌,안전운전불이행,건조,맑음,단일로 - 기타,화물,남,48세,상해없음,승용,남,41세,경상
2017091400100177,2017년 9월 14일 08시,목요일,대구광역시 수성구 범어동,경상사고,0,0,1,0,차대차 - 추돌,안전운전불이행,건조,맑음,단일로 - 기타,승용,남,24세,상해없음,승용,남,58세,경상
2017091400100178,2017년 9월 14일 08시,목요일,대구광역시 수성구 지산동,경상사고,0,0,1,0,차대차 - 추돌,안전거리미확보,건조,맑음,단일로 - 기타,승용,남,53세,상해없음,승용,여,25세,경상
2017091400100179,2017년 9월 14일 08시,목요일,대구광역시 달서구 본동,중상사고,0,1,0,0,차대사람 - 횡단중,안전운전불이행,건조,맑음,교차로 - 교차로안,화물,남,58세,상해없음,보행자,여,79세,중상
2017091400100180,2017년 9월 14일 08시,목요일,대구광역시 달서구 월성동,중상사고,0,1,0,0,차대차 - 측면충돌,안전거리미확보,건조,맑음,단일로 - 기타,승용,여,48세,상해없음,승용,남,19세,중상
2017091400100181,2017년 9월 14일 08시,목요일,대구광역시 달성군 가창면,경상사고,0,0,2,0,차대차 - 기타,중앙선침범,건조,맑음,교차로 - 교차로안,화물,남,69세,상해없음,승용,남,56세,경상
2017091400100228,2017년 9월 14일 09시,목요일,대구광역시 북구 노원동2가,경상사고,0,0,1,0,차대사람 - 횡단중,안전운전불이행,건조,맑음,교차로 - 교차로부근,화물,남,62세,상해없음,보행자,여,37세,상해없음
2017091400100229,2017년 9월 14일 09시,목요일,대구광역시 서구 내당동,경상사고,0,0,2,0,차대차 - 측면충돌,기타,건조,맑음,단일로 - 기타,승용,남,27세,경상,승용,남,66세,상해없음
2017091400100257,2017년 9월 14일 10시,목요일,대구광역시 수성구 만촌동,중상사고,0,1,0,1,차대차 - 추돌,안전거리미확보,건조,맑음,교차로 - 교차로부근,승용,남,18세,부상신고,승용,여,30세,중상
2017091400100258,2017년 9월 14일 10시,목요일,대구광역시 북구 고성동3가,중상사고,0,1,0,0,차대사람 - 기타,기타,건조,맑음,단일로 - 기타,자전거,여,44세,상해없음,보행자,여,77세,중상
2017091400100282,2017년 9월 14일 11시,목요일,대구광역시 달서구 대천동,중상사고,0,1,0,0,차대차 - 측면충돌,중앙선침범,건조,맑음,단일로 - 기타,자전거,남,70세,중상,건설기계,남,51세,상해없음
2017091400100322,2017년 9월 14일 12시,목요일,대구광역시 달서구 감삼동,중상사고,0,1,0,0,차대사람 - 기타,안전운전불이행,건조,맑음,단일로 - 기타,승용,남,29세,상해없음,보행자,여,49세,중상
2017091400100352,2017년 9월 14일 13시,목요일,대구광역시 달서구 본리동,중상사고,0,3,0,0,차대차 - 측면충돌,안전운전불이행,건조,맑음,교차로 - 교차로안,화물,남,42세,상해없음,승용,남,37세,중상
2017091400100395,2017년 9월 14일 14시,목요일,대구광역시 달서구 용산동,경상사고,0,0,1,0,차대차 - 측면충돌,안전거리미확보,건조,맑음,단일로 - 기타,승용,여,44세,상해없음,이륜,남,26세,경상
2017091400100423,2017년 9월 14일 15시,목요일,대구광역시 중구 동성로2가,경상사고,0,0,1,0,차대사람 - 보도통행중,안전운전불이행,건조,맑음,단일로 - 기타,이륜,남,41세,기타불명,보행자,여,22세,경상
2017091400100424,2017년 9월 14일 15시,목요일,대구광역시 달서구 신당동,경상사고,0,0,1,0,차대차 - 측면충돌,안전운전불이행,건조,맑음,기타 - 기타,승용,남,53세,상해없음,자전거,여,59세,경상
2017091400100467,2017년 9월 14일 16시,목요일,대구광역시 동구 서호동,중상사고,0,1,0,0,차대사람 - 횡단중,안전운전불이행,건조,맑음,단일로 - 기타,화물,여,60세,상해없음,보행자,남,7세,중상
2017091400100468,2017년 9월 14일 16시,목요일,대구광역시 동구 지묘동,중상사고,0,1,0,0,차대차 - 측면충돌,안전운전불이행,건조,맑음,단일로 - 기타,특수,남,51세,상해없음,자전거,남,54세,중상
2017091400100469,2017년 9월 14일 16시,목요일,대구광역시 북구 노원동2가,경상사고,0,0,1,0,차대사람 - 기타,안전운전불이행,건조,맑음,단일로 - 기타,승용,남,28세,상해없음,보행자,여,59세,경상
2017091400100524,2017년 9월 14일 17시,목요일,대구광역시 달서구 신당동,중상사고,0,1,0,0,차대차 - 기타,안전운전불이행,건조,맑음,단일로 - 기타,이륜,남,27세,상해없음,이륜,남,27세,중상
2017091400100575,2017년 9월 14일 18시,목요일,대구광역시 동구 신암동,중상사고,0,1,0,0,차대사람 - 보도통행중,중앙선침범,건조,맑음,단일로 - 기타,승용,남,44세,상해없음,보행자,여,79세,중상
2017091400100576,2017년 9월 14일 18시,목요일,대구광역시 달서구 상인동,경상사고,0,0,1,0,차대차 - 추돌,안전거리미확보,건조,맑음,단일로 - 기타,승용,남,68세,상해없음,승용,남,37세,경상
2017091400100577,2017년 9월 14일 18시,목요일,대구광역시 달성군 현풍면,경상사고,0,0,1,0,차대차 - 기타,안전운전불이행,건조,맑음,교차로 - 교차로부근,승용,여,28세,상해없음,승용,남,32세,경상
2017091400100578,2017년 9월 14일 18시,목요일,대구광역시 서구 비산동,경상사고,0,0,1,1,차대차 - 측면충돌,안전운전불이행,건조,맑음,단일로 - 기타,이륜,남,27세,부상신고,승용,여,34세,경상
2017091400100626,2017년 9월 14일 19시,목요일,대구광역시 달서구 신당동,경상사고,0,0,5,0,차대차 - 측면충돌,불법유턴,건조,맑음,교차로 - 교차로부근,화물,남,50세,상해없음,승용,여,36세,경상
2017091400100657,2017년 9월 14일 20시,목요일,대구광역시 수성구 두산동,경상사고,0,0,3,1,차대차 - 측면충돌,신호위반,건조,맑음,교차로 - 교차로안,승용,여,50세,부상신고,승용,남,54세,경상
2017091400100658,2017년 9월 14일 20시,목요일,대구광역시 달서구 이곡동,경상사고,0,0,1,0,차대차 - 측면충돌,안전거리미확보,건조,맑음,교차로 - 교차로안,승용,여,50세,상해없음,승용,남,26세,경상
2017091400100659,2017년 9월 14일 20시,목요일,대구광역시 북구 구암동,경상사고,0,0,1,0,차대차 - 측면충돌,안전운전불이행,건조,맑음,기타 - 기타,승용,남,40세,상해없음,자전거,남,24세,경상
2017091400100660,2017년 9월 14일 20시,목요일,대구광역시 북구 동천동,경상사고,0,0,1,0,차대차 - 기타,안전운전불이행,건조,맑음,단일로 - 기타,승용,여,23세,상해없음,이륜,남,17세,경상
2017091400100734,2017년 9월 14일 23시,목요일,대구광역시 서구 내당동,중상사고,0,1,0,0,차대차 - 측면충돌,안전운전불이행,건조,맑음,단일로 - 기타,자전거,남,31세,중상,승용,남,25세,상해없음
2017091400100735,2017년 9월 14일 23시,목요일,대구광역시 달서구 장기동,경상사고,0,0,1,0,차대차 - 측면충돌,안전운전불이행,건조,맑음,단일로 - 기타,승용,남,50세,상해없음,승용,남,28세,경상
2017091400100736,2017년 9월 14일 23시,목요일,대구광역시 북구 관음동,경상사고,0,0,2,0,차대차 - 후진중충돌,안전운전불이행,건조,맑음,단일로 - 기타,화물,남,52세,상해없음,승용,여,46세,경상
2017091500100025,2017년 9월 15일 00시,금요일,대구광역시 서구 비산동,경상사고,0,0,1,0,차대차 - 측면충돌,안전운전불이행,건조,맑음,교차로 - 교차로안,승용,남,23세,경상,승용,남,33세,상해없음
2017091500100033,2017년 9월 15일 01시,금요일,대구광역시 동구 각산동,경상사고,0,0,1,0,차대차 - 측면충돌,안전운전불이행,건조,맑음,교차로 - 교차로부근,승용,남,22세,상해없음,승합,여,43세,경상
2017091500100053,2017년 9월 15일 04시,금요일,대구광역시 중구 삼덕동1가,중상사고,0,1,1,1,차대차 - 측면충돌,차로위반,건조,맑음,단일로 - 기타,승용,남,29세,부상신고,승용,남,20세,중상
2017091500100069,2017년 9월 15일 05시,금요일,대구광역시 남구 대명동,경상사고,0,0,1,0,차량단독 - 기타,안전운전불이행,건조,맑음,교차로 - 교차로부근,승용,남,61세,상해없음,,,,
2017091500100096,2017년 9월 15일 07시,금요일,대구광역시 남구 대명동,경상사고,0,0,1,0,차대차 - 측면충돌,교차로운행방법위반,건조,맑음,교차로 - 교차로부근,화물,남,56세,상해없음,자전거,남,16세,경상
2017091500100097,2017년 9월 15일 07시,금요일,대구광역시 수성구 범어동,경상사고,0,0,1,0,차대사람 - 횡단중,안전운전불이행,건조,맑음,단일로 - 기타,승용,여,54세,상해없음,보행자,여,80세,경상
2017091500100098,2017년 9월 15일 07시,금요일,대구광역시 달서구 진천동,중상사고,0,1,0,0,차대차 - 기타,중앙선침범,건조,맑음,교차로 - 교차로부근,자전거,남,76세,중상,승용,여,45세,상해없음
2017091500100099,2017년 9월 15일 07시,금요일,대구광역시 달서구 신당동,부상신고사고,0,0,0,1,차대차 - 측면충돌,안전운전불이행,건조,맑음,단일로 - 기타,승용,남,50세,상해없음,자전거,남,53세,부상신고
2017091500100146,2017년 9월 15일 08시,금요일,대구광역시 동구 입석동,경상사고,0,0,1,0,차대차 - 기타,중앙선침범,건조,맑음,기타 - 기타,이륜,남,80세,경상,승용,여,40세,상해없음
2017091500100147,2017년 9월 15일 08시,금요일,대구광역시 중구 대신동,부상신고사고,0,0,0,1,차대차 - 측면충돌,안전운전불이행,건조,맑음,교차로 - 교차로부근,이륜,남,63세,부상신고,승합,여,22세,상해없음
2017091500100148,2017년 9월 15일 08시,금요일,대구광역시 달서구 두류동,경상사고,0,0,1,0,차대차 - 측면충돌,안전운전불이행,건조,맑음,단일로 - 기타,승용,남,23세,상해없음,자전거,여,26세,경상
2017091500100212,2017년 9월 15일 10시,금요일,대구광역시 북구 노원동3가,중상사고,0,1,0,0,차대사람 - 길가장자리구역통행중,안전운전불이행,건조,맑음,단일로 - 기타,화물,남,50세,상해없음,보행자,남,61세,중상
2017091500100213,2017년 9월 15일 10시,금요일,대구광역시 북구 산격동,경상사고,0,0,1,0,차대사람 - 길가장자리구역통행중,안전운전불이행,건조,맑음,단일로 - 기타,승용,여,61세,상해없음,보행자,여,21세,경상
2017091500100214,2017년 9월 15일 10시,금요일,대구광역시 달서구 본리동,중상사고,0,1,0,0,차대사람 - 횡단중,보행자보호의무위반,건조,맑음,교차로 - 교차로횡단보도내,승용,남,70세,상해없음,보행자,남,72세,중상
2017091500100272,2017년 9월 15일 12시,금요일,대구광역시 수성구 상동,경상사고,0,0,1,0,차대사람 - 기타,기타,건조,맑음,단일로 - 기타,화물,남,64세,상해없음,보행자,여,75세,경상
2017091500100273,2017년 9월 15일 12시,금요일,대구광역시 서구 이현동,경상사고,0,0,1,0,차대사람 - 길가장자리구역통행중,안전운전불이행,건조,맑음,단일로 - 기타,승용,여,44세,상해없음,보행자,여,51세,경상
2017091500100335,2017년 9월 15일 14시,금요일,대구광역시 남구 봉덕동,경상사고,0,0,1,0,차대차 - 기타,신호위반,건조,맑음,교차로 - 교차로안,승용,여,42세,상해없음,승합,남,51세,상해없음
2017091500100336,2017년 9월 15일 14시,금요일,대구광역시 달성군 유가면,경상사고,0,0,1,0,차대차 - 기타,안전운전불이행,건조,맑음,단일로 - 기타,승용,남,28세,상해없음,승용,남,32세,경상
2017091500100381,2017년 9월 15일 15시,금요일,대구광역시 동구 동호동,경상사고,0,0,2,0,차대차 - 추돌,안전운전불이행,건조,맑음,교차로 - 교차로부근,승용,여,64세,상해없음,승용,여,30세,경상
2017091500100382,2017년 9월 15일 15시,금요일,대구광역시 중구 대신동,경상사고,0,0,1,0,차대사람 - 차도통행중,중앙선침범,건조,맑음,단일로 - 기타,승용,여,52세,상해없음,보행자,여,48세,경상