사고번호,사고일시,요일,시군구,사고내용,사망자수,중상자수,경상자수,부상신고자수,사고유형,법규위반,노면상태,기상상태,도로형태,가해운전자 차종,가해운전자 성별,가해운전자 연령,가해운전자 상해정도,피해운전자 차종,피해운전자 성별,피해운전자 연령,피해운전자 상해정도
2017091500100434,2017년 9월 15일 16시,금요일,대구광역시 수성구 신매동,중상사고,0,1,0,0,차대사람 - 차도통행중,보행자보호의무위반,건조,맑음,단일로 - 기타,승용,여,49세,상해없음,보행자,남,8세,중상
2017091500100435,2017년 9월 15일 16시,금요일,대구광역시 달서구 파호동,경상사고,0,0,1,0,차대차 - 측면충돌,안전운전불이행,건조,맑음,교차로 - 교차로안,승용,여,40세,상해없음,이륜,남,19세,경상
2017091500100487,2017년 9월 15일 17시,금요일,대구광역시 달성군 현풍면,경상사고,0,0,1,0,차대차 - 기타,안전운전불이행,건조,맑음,단일로 - 기타,승용,남,38세,상해없음,자전거,여,10세,경상
2017091500100488,2017년 9월 15일 17시,금요일,대구광역시 서구 중리동,경상사고,0,0,1,0,차대차 - 측면충돌,교차로운행방법위반,건조,맑음,교차로 - 교차로안,화물,남,44세,상해없음,이륜,남,17세,경상
2017091500100530,2017년 9월 15일 18시,금요일,대구광역시 달서구 본동,부상신고사고,0,0,0,1,차대차 - 측면충돌,신호위반,건조,맑음,교차로 - 교차로안,승용,남,55세,상해없음,이륜,남,16세,부상신고
2017091500100531,2017년 9월 15일 18시,금요일,대구광역시 북구 고성동3가,중상사고,0,1,2,0,차대차 - 추돌,안전거리미확보,건조,맑음,단일로 - 기타,화물,남,65세,상해없음,승용,남,89세,상해없음
2017091500100532,2017년 9월 15일 18시,금요일,대구광역시 중구 남일동,부상신고사고,0,0,0,1,차대차 - 기타,안전거리미확보,건조,맑음,교차로 - 교차로안,승용,여,69세,부상신고,승용,남,60세,상해없음
2017091500100590,2017년 9월 15일 19시,금요일,대구광역시 달서구 상인동,경상사고,0,0,1,0,차대차 - 측면충돌,안전운전불이행,건조,맑음,교차로 - 교차로부근,승용,남,61세,상해없음,화물,남,63세,상해없음
2017091500100591,2017년 9월 15일 19시,금요일,대구광역시 달서구 월성동,경상사고,0,0,2,0,차대차 - 측면충돌,교차로운행방법위반,젖음/습기,흐림,교차로 - 교차로안,승용,남,54세,상해없음,화물,남,39세,경상
2017091500100592,2017년 9월 15일 19시,금요일,대구광역시 달서구 월성동,경상사고,0,0,1,2,차대차 - 측면충돌,안전거리미확보,건조,맑음,단일로 - 기타,승용,남,34세,상해없음,승용,여,19세,경상
2017091500100593,2017년 9월 15일 19시,금요일,대구광역시 북구 칠성동2가,경상사고,0,0,1,0,차대차 - 측면충돌,직진우회전진행방해,건조,맑음,교차로 - 교차로안,승용,남,33세,상해없음,이륜,남,27세,경상
2017091500100594,2017년 9월 15일 19시,금요일,대구광역시 중구 대봉동,중상사고,0,2,0,0,차대차 - 기타,안전운전불이행,건조,맑음,단일로 - 기타,승용,남,52세,상해없음,승용,남,45세,중상
2017091500100595,2017년 9월 15일 19시,금요일,대구광역시 북구 동변동,중상사고,0,1,0,0,차대차 - 기타,안전운전불이행,건조,맑음,기타 - 기타,승용,여,43세,기타불명,자전거,남,68세,중상
2017091500100645,2017년 9월 15일 20시,금요일,대구광역시 동구 신기동,중상사고,0,1,1,0,차대차 - 추돌,안전운전불이행,건조,맑음,단일로 - 기타,승용,남,51세,상해없음,이륜,남,35세,중상
2017091500100673,2017년 9월 15일 21시,금요일,대구광역시 달서구 상인동,경상사고,0,0,1,0,차대사람 - 횡단중,안전운전불이행,건조,맑음,단일로 - 기타,승용,남,46세,상해없음,보행자,남,21세,경상
2017091500100674,2017년 9월 15일 21시,금요일,대구광역시 북구 칠성동2가,경상사고,0,0,1,0,차대차 - 측면충돌,안전거리미확보,건조,맑음,단일로 - 기타,승용,남,61세,상해없음,승용,남,54세,경상
2017091500100711,2017년 9월 15일 22시,금요일,대구광역시 수성구 지산동,중상사고,0,1,0,0,차대사람 - 횡단중,보행자보호의무위반,건조,맑음,단일로 - 기타,승용,여,45세,상해없음,보행자,여,29세,중상
2017091500100729,2017년 9월 15일 23시,금요일,대구광역시 동구 신암동,중상사고,0,1,0,0,차대차 - 추돌,안전거리미확보,건조,맑음,단일로 - 기타,승용,남,64세,상해없음,이륜,남,16세,상해없음
2017091600100029,2017년 9월 16일 00시,토요일,대구광역시 서구 평리동,경상사고,0,0,2,0,차대차 - 측면충돌,안전운전불이행,건조,맑음,단일로 - 기타,승용,남,53세,상해없음,승용,남,30세,경상
2017091600100078,2017년 9월 16일 04시,토요일,대구광역시 동구 신암동,중상사고,0,1,0,0,차량단독 - 주/정차차량 충돌,안전운전불이행,건조,맑음,단일로 - 기타,이륜,남,45세,중상,,,,
2017091600100079,2017년 9월 16일 04시,토요일,대구광역시 동구 검사동,부상신고사고,0,0,0,1,차대차 - 측면충돌,안전운전불이행,건조,맑음,단일로 - 기타,화물,남,49세,상해없음,기타불명,여,51세,부상신고
2017091600100128,2017년 9월 16일 07시,토요일,대구광역시 수성구 범어동,사망사고,1,0,0,0,차량단독 - 공작물충돌,기타,건조,맑음,단일로 - 기타,화물,남,67세,사망,,,,
2017091600100183,2017년 9월 16일 09시,토요일,대구광역시 동구 검사동,중상사고,0,1,0,0,차량단독 - 기타,안전운전불이행,건조,맑음,교차로 - 교차로부근,승용,남,71세,상해없음,,,,
2017091600100217,2017년 9월 16일 10시,토요일,대구광역시 중구 남산동,중상사고,0,1,0,0,차대차 - 기타,안전운전불이행,건조,맑음,단일로 - 기타,이륜,남,60세,중상,화물,남,53세,상해없음
2017091600100258,2017년 9월 16일 11시,토요일,대구광역시 달성군 구지면,경상사고,0,0,2,0,차대차 - 기타,중앙선침범,건조,맑음,단일로 - 기타,건설기계,남,54세,상해없음,승용,여,33세,상해없음
2017091600100259,2017년 9월 16일 11시,토요일,대구광역시 북구 복현동,경상사고,0,0,1,0,차대차 - 추돌,안전거리미확보,건조,맑음,단일로 - 기타,승용,여,65세,상해없음,승용,여,52세,경상
2017091600100260,2017년 9월 16일 11시,토요일,대구광역시 달서구 용산동,중상사고,0,1,1,0,차대차 - 측면충돌,안전운전불이행,건조,맑음,단일로 - 기타,건설기계,남,59세,상해없음,승용,남,41세,경상
2017091600100261,2017년 9월 16일 11시,토요일,대구광역시 남구 대명동,중상사고,0,1,1,0,차대차 - 측면충돌,안전운전불이행,건조,맑음,단일로 - 기타,승용,여,51세,상해없음,이륜,남,75세,경상
2017091600100295,2017년 9월 16일 12시,토요일,대구광역시 수성구 두산동,중상사고,0,1,0,1,차대사람 - 횡단중,안전운전불이행,건조,맑음,단일로 - 기타,승용,남,54세,상해없음,보행자,여,30세,중상
2017091600100330,2017년 9월 16일 13시,토요일,대구광역시 달서구 월성동,경상사고,0,0,1,0,차대사람 - 기타,중앙선침범,건조,맑음,단일로 - 기타,승용,여,44세,상해없음,보행자,여,33세,경상
2017091600100331,2017년 9월 16일 13시,토요일,대구광역시 북구 관음동,부상신고사고,0,0,0,1,차대차 - 측면충돌,안전운전불이행,건조,맑음,교차로 - 교차로부근,자전거,남,13세,부상신고,이륜,남,50세,상해없음
2017091600100400,2017년 9월 16일 15시,토요일,대구광역시 북구 태전동,경상사고,0,0,2,0,차대차 - 추돌,안전거리미확보,건조,맑음,교차로 - 교차로부근,승용,남,43세,상해없음,승용,여,44세,경상
2017091600100428,2017년 9월 16일 16시,토요일,대구광역시 남구 대명동,경상사고,0,0,1,0,차대차 - 측면충돌,안전운전불이행,건조,맑음,단일로 - 기타,자전거,여,61세,경상,승용,남,56세,상해없음
2017091600100429,2017년 9월 16일 16시,토요일,대구광역시 달서구 성당동,부상신고사고,0,0,0,1,차대사람 - 기타,안전운전불이행,건조,맑음,기타 - 기타,기타불명,기타불명,미분류,기타불명,보행자,남,61세,부상신고
2017091600100467,2017년 9월 16일 17시,토요일,대구광역시 수성구 황금동,부상신고사고,0,0,0,1,차대사람 - 기타,안전운전불이행,건조,맑음,기타 - 기타,승합,남,45세,상해없음,보행자,여,13세,부상신고
2017091600100468,2017년 9월 16일 17시,토요일,대구광역시 서구 비산동,중상사고,0,1,0,0,차대차 - 측면충돌,안전운전불이행,건조,맑음,단일로 - 기타,승용,남,43세,상해없음,승합,남,60세,상해없음
2017091600100469,2017년 9월 16일 17시,토요일,대구광역시 중구 태평로3가,경상사고,0,0,1,0,차대차 - 기타,기타,건조,맑음,교차로 - 교차로부근,승용,남,57세,상해없음,이륜,남,39세,경상
2017091600100508,2017년 9월 16일 18시,토요일,대구광역시 동구 신암동,부상신고사고,0,0,0,1,차대차 - 기타,안전운전불이행,건조,맑음,단일로 - 기타,자전거,남,55세,부상신고,승용,여,31세,상해없음
2017091600100535,2017년 9월 16일 19시,토요일,대구광역시 달서구 본동,경상사고,0,0,2,1,차대차 - 측면충돌,안전거리미확보,건조,맑음,단일로 - 기타,승용,남,23세,상해없음,승용,여,32세,경상
2017091600100567,2017년 9월 16일 20시,토요일,대구광역시 달서구 상인동,부상신고사고,0,0,0,1,차대차 - 후진중충돌,안전운전불이행,건조,맑음,단일로 - 기타,승용,남,54세,상해없음,승용,남,26세,부상신고
2017091600100591,2017년 9월 16일 21시,토요일,대구광역시 달서구 월성동,부상신고사고,0,0,0,1,차대차 - 측면충돌,신호위반,건조,맑음,교차로 - 교차로안,이륜,남,21세,부상신고,승용,여,51세,상해없음
2017091600100592,2017년 9월 16일 21시,토요일,대구광역시 중구 남산동,경상사고,0,0,1,0,차대차 - 기타,안전거리미확보,건조,맑음,단일로 - 기타,승용,남,49세,상해없음,이륜,남,34세,경상
2017091600100640,2017년 9월 16일 23시,토요일,대구광역시 북구 침산동,중상사고,0,1,3,1,차대차 - 측면충돌,신호위반,건조,맑음,교차로 - 교차로안,승용,남,45세,부상신고,승용,남,62세,경상
2017091600100641,2017년 9월 16일 23시,토요일,대구광역시 달서구 감삼동,중상사고,0,1,0,0,차대사람 - 기타,안전운전불이행,건조,맑음,단일로 - 기타,승용,남,70세,상해없음,보행자,남,22세,중상
2017091700100024,2017년 9월 17일 00시,일요일,대구광역시 서구 비산동,경상사고,0,0,1,0,차대사람 - 차도통행중,안전운전불이행,건조,맑음,단일로 - 기타,승용,남,24세,상해없음,보행자,남,52세,경상
2017091700100025,2017년 9월 17일 00시,일요일,대구광역시 북구 동천동,경상사고,0,0,2,0,차대차 - 측면충돌,신호위반,건조,맑음,교차로 - 교차로안,승용,남,64세,상해없음,승용,남,54세,상해없음
2017091700100026,2017년 9월 17일 00시,일요일,대구광역시 북구 국우동,경상사고,0,0,2,0,차대차 - 측면충돌,안전운전불이행,건조,맑음,단일로 - 기타,승용,남,51세,상해없음,승용,남,25세,경상
2017091700100054,2017년 9월 17일 03시,일요일,대구광역시 남구 대명동,중상사고,0,1,0,0,차대사람 - 횡단중,안전운전불이행,건조,맑음,단일로 - 기타,승용,남,65세,상해없음,보행자,남,37세,중상
2017091700100055,2017년 9월 17일 03시,일요일,대구광역시 중구 남산동,경상사고,0,0,3,0,차대차 - 추돌,안전운전불이행,건조,맑음,교차로 - 교차로부근,승용,남,29세,상해없음,승용,남,25세,경상
2017091700100063,2017년 9월 17일 04시,일요일,대구광역시 중구 동인동2가,경상사고,0,0,1,0,차대사람 - 길가장자리구역통행중,안전운전불이행,건조,맑음,단일로 - 기타,승용,남,24세,기타불명,보행자,남,33세,경상
2017091700100080,2017년 9월 17일 06시,일요일,대구광역시 동구 신암동,중상사고,0,1,1,0,차대차 - 측면충돌,신호위반,건조,맑음,교차로 - 교차로안,승용,남,55세,기타불명,승용,남,55세,경상
2017091700100126,2017년 9월 17일 09시,일요일,대구광역시 수성구 수성동4가,경상사고,0,0,2,1,차대차 - 측면충돌,기타,건조,맑음,단일로 - 기타,승용,여,38세,상해없음,승용,여,75세,경상
2017091700100147,2017년 9월 17일 10시,일요일,대구광역시 수성구 범어동,경상사고,0,0,2,0,차대차 - 측면충돌,안전운전불이행,건조,맑음,교차로 - 교차로부근,승용,남,47세,경상,승용,남,50세,경상
2017091700100148,2017년 9월 17일 10시,일요일,대구광역시 서구 내당동,경상사고,0,0,1,0,차대사람 - 차도통행중,안전운전불이행,건조,맑음,단일로 - 기타,승용,남,69세,상해없음,보행자,남,55세,경상
2017091700100212,2017년 9월 17일 12시,일요일,대구광역시 북구 동변동,부상신고사고,0,0,0,1,차대사람 - 기타,안전운전불이행,건조,맑음,단일로 - 기타,승용,남,48세,상해없음,보행자,남,5세,부상신고
2017091700100263,2017년 9월 17일 14시,일요일,대구광역시 동구 지묘동,경상사고,0,0,3,0,차대차 - 측면충돌,안전운전불이행,건조,맑음,단일로 - 기타,화물,남,63세,상해없음,승용,여,40세,경상
2017091700100339,2017년 9월 17일 16시,일요일,대구광역시 서구 내당동,부상신고사고,0,0,0,1,차대차 - 측면충돌,안전운전불이행,건조,맑음,교차로 - 교차로안,이륜,남,18세,부상신고,승용,여,36세,상해없음
2017091700100371,2017년 9월 17일 17시,일요일,대구광역시 남구 대명동,중상사고,0,1,0,0,차대차 - 측면충돌,불법유턴,건조,맑음,교차로 - 교차로부근,승용,여,46세,상해없음,이륜,남,58세,중상
2017091700100372,2017년 9월 17일 17시,일요일,대구광역시 동구 입석동,경상사고,0,0,1,0,차대차 - 측면충돌,중앙선침범,건조,맑음,교차로 - 교차로부근,승용,여,49세,상해없음,이륜,남,17세,경상
2017091700100373,2017년 9월 17일 17시,일요일,대구광역시 달서구 상인동,중상사고,0,1,0,0,차대차 - 측면충돌,안전운전불이행,건조,맑음,교차로 - 교차로횡단보도내,승용,남,55세,상해없음,자전거,남,73세,중상
2017091700100407,2017년 9월 17일 18시,일요일,대구광역시 남구 대명동,경상사고,0,0,2,0,차대차 - 추돌,과속,건조,맑음,교차로 - 교차로부근,승용,남,29세,경상,승용,남,60세,경상
2017091700100408,2017년 9월 17일 18시,일요일,대구광역시 동구 신암동,경상사고,0,0,2,0,차대차 - 측면충돌,교차로운행방법위반,건조,맑음,기타 - 기타,이륜,남,22세,경상,이륜,남,22세,경상
2017091700100409,2017년 9월 17일 18시,일요일,대구광역시 달서구 송현동,경상사고,0,0,1,0,차대사람 - 차도통행중,안전운전불이행,건조,맑음,단일로 - 기타,화물,남,54세,상해없음,보행자,여,53세,경상
2017091700100410,2017년 9월 17일 18시,일요일,대구광역시 달성군 현풍면,경상사고,0,0,3,0,차대차 - 측면충돌,교차로운행방법위반,건조,맑음,교차로 - 교차로안,승용,여,51세,상해없음,승용,여,62세,경상
2017091700100411,2017년 9월 17일 18시,일요일,대구광역시 달성군 다사읍,경상사고,0,0,1,0,차대차 - 후진중충돌,안전운전불이행,건조,맑음,교차로 - 교차로부근,승용,남,41세,상해없음,승용,남,30세,상해없음
2017091700100438,2017년 9월 17일 19시,일요일,대구광역시 달성군 화원읍,경상사고,0,0,4,0,차대차 - 측면충돌,안전운전불이행,건조,맑음,교차로 - 교차로안,승용,남,62세,상해없음,승용,여,22세,경상
2017091700100439,2017년 9월 17일 19시,일요일,대구광역시 북구 학정동,경상사고,0,0,1,0,차대차 - 추돌,안전운전불이행,건조,흐림,교차로 - 교차로부근,이륜,남,16세,경상,승용,남,42세,상해없음
2017091700100526,2017년 9월 17일 22시,일요일,대구광역시 북구 동천동,중상사고,0,1,1,0,차대차 - 추돌,안전거리미확보,건조,맑음,교차로 - 교차로부근,승용,남,40세,상해없음,이륜,남,22세,경상
2017091700100536,2017년 9월 17일 23시,일요일,대구광역시 달서구 상인동,경상사고,0,0,2,0,차대차 - 측면충돌,중앙선침범,건조,맑음,단일로 - 기타,승용,남,48세,상해없음,승용,남,48세,경상
2017091800100037,2017년 9월 18일 01시,월요일,대구광역시 남구 대명동,경상사고,0,0,2,0,차대차 - 측면충돌,안전운전불이행,건조,맑음,기타 - 기타,승용,남,19세,상해없음,승용,남,33세,경상
2017091800100044,2017년 9월 18일 02시,월요일,대구광역시 남구 대명동,중상사고,0,1,1,0,차대차 - 추돌,안전운전불이행,건조,맑음,단일로 - 기타,승용,남,35세,상해없음,승용,남,28세,경상
2017091800100052,2017년 9월 18일 04시,월요일,대구광역시 남구 대명동,중상사고,0,1,2,0,차대차 - 추돌,안전운전불이행,건조,맑음,교차로 - 교차로부근,화물,남,31세,상해없음,승용,여,39세,경상
2017091800100062,2017년 9월 18일 05시,월요일,대구광역시 동구 신암동,경상사고,0,0,1,1,차대차 - 측면충돌,신호위반,건조,맑음,교차로 - 교차로안,승용,남,69세,상해없음,승용,남,63세,경상
2017091800100063,2017년 9월 18일 05시,월요일,대구광역시 달서구 두류동,경상사고,0,0,1,0,차대차 - 측면충돌,안전운전불이행,건조,맑음,단일로 - 기타,승용,남,33세,상해없음,승용,남,54세,경상
2017091800100064,2017년 9월 18일 05시,월요일,대구광역시 달서구 신당동,중상사고,0,1,0,0,차대차 - 측면충돌,안전운전불이행,건조,맑음,단일로 - 기타,승용,남,63세,상해없음,이륜,남,26세,중상
2017091800100154,2017년 9월 18일 08시,월요일,대구광역시 달서구 송현동,경상사고,0,0,1,0,차대차 - 측면충돌,안전운전불이행,건조,맑음,단일로 - 기타,화물,남,58세,상해없음,승용,여,22세,경상
2017091800100155,2017년 9월 18일 08시,월요일,대구광역시 북구 매천동,경상사고,0,0,1,0,차대차 - 측면충돌,안전운전불이행,건조,맑음,단일로 - 기타,승용,여,31세,상해없음,화물,남,50세,경상
2017091800100204,2017년 9월 18일 09시,월요일,대구광역시 수성구 신매동,중상사고,0,1,0,0,차대사람 - 횡단중,안전운전불이행,건조,맑음,교차로 - 교차로안,승용,여,49세,상해없음,보행자,여,72세,중상
2017091800100205,2017년 9월 18일 09시,월요일,대구광역시 북구 복현동,경상사고,0,0,1,0,차대차 - 측면충돌,차로위반,건조,맑음,교차로 - 교차로부근,이륜,남,45세,경상,승용,남,65세,상해없음
2017091800100206,2017년 9월 18일 09시,월요일,대구광역시 달서구 두류동,경상사고,0,0,1,0,차대차 - 측면충돌,안전운전불이행,건조,맑음,교차로 - 교차로횡단보도내,승용,여,26세,상해없음,자전거,남,63세,경상
2017091800100243,2017년 9월 18일 10시,월요일,대구광역시 동구 지묘동,중상사고,0,1,0,0,차대차 - 기타,안전운전불이행,건조,맑음,단일로 - 기타,승용,여,82세,상해없음,승용,남,34세,상해없음
2017091800100244,2017년 9월 18일 10시,월요일,대구광역시 달서구 두류동,경상사고,0,0,1,0,차대사람 - 보도통행중,신호위반,건조,맑음,기타 - 기타,이륜,남,17세,상해없음,보행자,여,33세,경상
2017091800100282,2017년 9월 18일 11시,월요일,대구광역시 남구 대명동,중상사고,0,1,0,0,차대차 - 측면충돌,신호위반,건조,맑음,교차로 - 교차로안,승용,남,45세,상해없음,이륜,남,35세,중상
2017091800100283,2017년 9월 18일 11시,월요일,대구광역시 동구 방촌동,중상사고,0,1,0,0,차대사람 - 횡단중,안전운전불이행,건조,맑음,기타 - 기타,승용,여,32세,기타불명,보행자,여,77세,중상
2017091800100284,2017년 9월 18일 11시,월요일,대구광역시 수성구 만촌동,경상사고,0,0,3,0,차대차 - 추돌,안전운전불이행,건조,맑음,단일로 - 기타,승합,남,45세,상해없음,화물,남,44세,경상
2017091800100285,2017년 9월 18일 11시,월요일,대구광역시 중구 계산동1가,경상사고,0,0,1,0,차대차 - 측면충돌,안전운전불이행,건조,맑음,단일로 - 기타,승용,남,31세,상해없음,승용,남,66세,상해없음
2017091800100316,2017년 9월 18일 12시,월요일,대구광역시 달성군 논공읍,경상사고,0,0,1,0,차대차 - 기타,중앙선침범,건조,맑음,단일로 - 기타,화물,남,56세,상해없음,승용,남,43세,경상
2017091800100346,2017년 9월 18일 13시,월요일,대구광역시 북구 태전동,경상사고,0,0,2,0,차대차 - 측면충돌,안전운전불이행,건조,맑음,단일로 - 기타,승용,남,43세,상해없음,승용,남,22세,경상
2017091800100378,2017년 9월 18일 14시,월요일,대구광역시 달서구 진천동,부상신고사고,0,0,0,2,차대차 - 추돌,안전운전불이행,건조,맑음,단일로 - 기타,승용,여,67세,상해없음,승용,남,47세,부상신고
2017091800100379,2017년 9월 18일 14시,월요일,대구광역시 서구 내당동,경상사고,0,0,2,0,차대차 - 측면충돌,안전거리미확보,건조,맑음,단일로 - 기타,승용,여,57세,상해없음,승용,여,21세,경상
2017091800100380,2017년 9월 18일 14시,월요일,대구광역시 중구 태평로1가,경상사고,0,0,1,0,차대차 - 기타,신호위반,건조,맑음,교차로 - 교차로안,화물,남,58세,상해없음,화물,남,41세,경상
2017091800100381,2017년 9월 18일 14시,월요일,대구광역시 달서구 용산동,경상사고,0,0,1,0,차대차 - 기타,안전운전불이행,건조,맑음,단일로 - 기타,승용,여,48세,상해없음,승용,남,47세,경상
2017091800100428,2017년 9월 18일 15시,월요일,대구광역시 수성구 상동,부상신고사고,0,0,0,1,차대차 - 측면충돌,안전운전불이행,건조,맑음,단일로 - 기타,이륜,남,41세,부상신고,화물,남,73세,상해없음
2017091800100473,2017년 9월 18일 16시,월요일,대구광역시 달성군 가창면,경상사고,0,0,2,0,차량단독 - 공작물충돌,안전운전불이행,건조,맑음,단일로 - 기타,승용,여,39세,상해없음,,,,
2017091800100474,2017년 9월 18일 16시,월요일,대구광역시 서구 평리동,경상사고,0,0,1,0,차대차 - 기타,교차로운행방법위반,건조,맑음,교차로 - 교차로안,이륜,남,59세,상해없음,이륜,여,65세,경상
2017091800100527,2017년 9월 18일 17시,월요일,대구광역시 중구 동성로3가,경상사고,0,0,1,0,차대사람 - 보도통행중,보행자보호의무위반,건조,맑음,단일로 - 기타,자전거,여,49세,상해없음,보행자,여,22세,경상
2017091800100528,2017년 9월 18일 17시,월요일,대구광역시 달서구 신당동,중상사고,0,1,0,0,차대차 - 측면충돌,안전운전불이행,건조,맑음,기타 - 기타,승용,여,52세,상해없음,자전거,남,45세,중상
2017091800100579,2017년 9월 18일 18시,월요일,대구광역시 서구 이현동,중상사고,0,1,0,0,차대차 - 측면충돌,교차로운행방법위반,건조,맑음,교차로 - 교차로안,화물,남,57세,상해없음,원동기,남,42세,중상
2017091800100580,2017년 9월 18일 18시,월요일,대구광역시 서구 평리동,중상사고,0,1,0,0,차대차 - 측면충돌,교차로운행방법위반,건조,맑음,교차로 - 교차로안,승용,남,56세,상해없음,자전거,남,13세,중상
2017091800100581,2017년 9월 18일 18시,월요일,대구광역시 달서구 신당동,중상사고,0,2,0,0,차대차 - 측면충돌,안전거리미확보,건조,맑음,단일로 - 기타,승용,여,60세,상해없음,승용,여,27세,중상
2017091800100625,2017년 9월 18일 19시,월요일,대구광역시 수성구 만촌동,중상사고,0,1,6,0,차대차 - 측면충돌,기타,건조,맑음,단일로 - 기타,화물,남,38세,상해없음,승합,남,41세,중상
2017091800100626,2017년 9월 18일 19시,월요일,대구광역시 서구 중리동,경상사고,0,0,1,0,차대사람 - 차도통행중,안전운전불이행,건조,맑음,단일로 - 기타,화물,남,43세,상해없음,보행자,남,59세,경상
2017091800100627,2017년 9월 18일 19시,월요일,대구광역시 달서구 죽전동,경상사고,0,0,1,1,차대차 - 측면충돌,안전거리미확보,건조,맑음,단일로 - 기타,승용,남,57세,상해없음,이륜,남,17세,경상
2017091800100664,2017년 9월 18일 20시,월요일,대구광역시 달서구 이곡동,경상사고,0,0,1,1,차대차 - 기타,안전거리미확보,건조,맑음,교차로 - 교차로부근,승용,남,65세,상해없음,원동기,남,19세,부상신고
2017091800100665,2017년 9월 18일 20시,월요일,대구광역시 달서구 호산동,경상사고,0,0,4,0,차대차 - 측면충돌,교차로운행방법위반,건조,맑음,교차로 - 교차로안,승용,남,26세,경상,승용,남,30세,경상
2017091800100692,2017년 9월 18일 21시,월요일,대구광역시 달서구 월성동,경상사고,0,0,1,0,차대차 - 측면충돌,교차로운행방법위반,건조,맑음,교차로 - 교차로안,승용,남,40세,상해없음,승용,남,47세,기타불명
2017091800100693,2017년 9월 18일 21시,월요일,대구광역시 서구 평리동,경상사고,0,0,1,0,차대사람 - 길가장자리구역통행중,안전운전불이행,건조,맑음,교차로 - 교차로안,승용,남,61세,상해없음,보행자,남,65세,경상
2017091900100025,2017년 9월 19일 00시,화요일,대구광역시 동구 입석동,경상사고,0,0,1,0,차대차 - 측면충돌,안전운전불이행,건조,맑음,단일로 - 기타,승용,남,25세,상해없음,원동기,남,20세,경상
2017091900100041,2017년 9월 19일 02시,화요일,대구광역시 중구 태평로1가,경상사고,0,0,1,0,차대차 - 측면충돌,안전운전불이행,건조,맑음,단일로 - 기타,이륜,남,17세,경상,승용,남,60세,상해없음
2017091900100083,2017년 9월 19일 06시,화요일,대구광역시 달서구 용산동,경상사고,0,0,2,0,차대차 - 추돌,안전운전불이행,건조,맑음,교차로 - 교차로횡단보도내,승용,여,39세,상해없음,승용,남,64세,경상
2017091900100101,2017년 9월 19일 07시,화요일,대구광역시 달성군 논공읍,중상사고,0,1,1,0,차대차 - 기타,직진우회전진행방해,건조,맑음,교차로 - 교차로안,승용,남,55세,경상,특수,남,51세,중상
2017091900100102,2017년 9월 19일 07시,화요일,대구광역시 북구 산격동,중상사고,0,1,0,0,차대사람 - 횡단중,안전운전불이행,건조,맑음,교차로 - 교차로안,승용,남,57세,상해없음,보행자,남,17세,중상
2017091900100103,2017년 9월 19일 07시,화요일,대구광역시 서구 평리동,경상사고,0,0,1,0,차대사람 - 차도통행중,안전운전불이행,건조,맑음,단일로 - 기타,승합,여,64세,상해없음,보행자,남,66세,경상
2017091900100104,2017년 9월 19일 07시,화요일,대구광역시 달서구 용산동,경상사고,0,0,1,0,차대차 - 기타,안전운전불이행,건조,맑음,단일로 - 기타,승용,남,38세,상해없음,승용,여,44세,경상
2017091900100156,2017년 9월 19일 08시,화요일,대구광역시 동구 율하동,경상사고,0,0,1,0,차대차 - 기타,안전운전불이행,건조,맑음,단일로 - 기타,이륜,남,16세,상해없음,승용,여,57세,상해없음
2017091900100157,2017년 9월 19일 08시,화요일,대구광역시 달서구 월성동,경상사고,0,0,1,0,차대차 - 추돌,안전운전불이행,건조,맑음,단일로 - 기타,승용,여,59세,상해없음,승용,여,42세,경상
2017091900100158,2017년 9월 19일 08시,화요일,대구광역시 중구 시장북로,중상사고,0,1,0,0,차대차 - 측면충돌,신호위반,건조,맑음,교차로 - 교차로안,승용,여,38세,상해없음,이륜,여,63세,중상
2017091900100159,2017년 9월 19일 08시,화요일,대구광역시 북구 매천동,경상사고,0,0,2,0,차대차 - 기타,안전운전불이행,건조,맑음,단일로 - 기타,승용,남,24세,경상,승용,여,50세,경상
2017091900100190,2017년 9월 19일 09시,화요일,대구광역시 동구 동호동,중상사고,0,1,0,0,차대사람 - 기타,안전운전불이행,건조,맑음,교차로 - 교차로부근,승용,남,29세,상해없음,보행자,남,59세,중상
2017091900100191,2017년 9월 19일 09시,화요일,대구광역시 수성구 만촌동,중상사고,0,1,0,0,차대사람 - 횡단중,보행자보호의무위반,건조,맑음,교차로 - 교차로횡단보도내,승용,남,68세,상해없음,보행자,남,59세,중상
2017091900100192,2017년 9월 19일 09시,화요일,대구광역시 달서구 송현동,중상사고,0,1,0,0,차대차 - 추돌,안전운전불이행,건조,맑음,단일로 - 기타,원동기,남,17세,상해없음,기타불명,기타불명,미분류,기타불명
2017091900100193,2017년 9월 19일 09시,화요일,대구광역시 북구 검단동,경상사고,0,0,1,0,차대사람 - 기타,기타,건조,맑음,교차로 - 교차로부근,승합,남,55세,상해없음,보행자,여,79세,경상
2017091900100218,2017년 9월 19일 10시,화요일,대구광역시 동구 신암동,중상사고,0,2,0,0,차대차 - 기타,신호위반,건조,맑음,교차로 - 교차로부근,승용,여,60세,상해없음,원동기,남,67세,중상
2017091900100262,2017년 9월 19일 12시,화요일,대구광역시 달서구 장기동,중상사고,0,1,0,0,차대사람 - 횡단중,보행자보호의무위반,건조,맑음,교차로 - 교차로횡단보도내,승용,여,35세,상해없음,보행자,여,64세,중상