사고번호,사고일시,요일,시군구,사고내용,사망자수,중상자수,경상자수,부상신고자수,사고유형,법규위반,노면상태,기상상태,도로형태,가해운전자 차종,가해운전자 성별,가해운전자 연령,가해운전자 상해정도,피해운전자 차종,피해운전자 성별,피해운전자 연령,피해운전자 상해정도
2017092400100548,2017년 9월 24일 22시,일요일,대구광역시 달서구 용산동,경상사고,0,0,1,0,차대사람 - 횡단중,안전운전불이행,건조,맑음,교차로 - 교차로부근,화물,남,44세,상해없음,보행자,남,16세,경상
2017092500100039,2017년 9월 25일 01시,월요일,대구광역시 수성구 황금동,경상사고,0,0,1,0,차대차 - 측면충돌,안전운전불이행,건조,맑음,단일로 - 기타,승용,여,52세,상해없음,이륜,남,59세,경상
2017092500100040,2017년 9월 25일 01시,월요일,대구광역시 달서구 상인동,경상사고,0,0,1,0,차량단독 - 공작물충돌,안전운전불이행,건조,맑음,교차로 - 교차로부근,승용,남,50세,경상,,,,
2017092500100041,2017년 9월 25일 01시,월요일,대구광역시 서구 평리동,경상사고,0,0,1,0,차대차 - 측면충돌,교차로운행방법위반,건조,맑음,교차로 - 교차로안,승용,남,54세,상해없음,이륜,남,24세,경상
2017092500100057,2017년 9월 25일 04시,월요일,대구광역시 남구 대명동,경상사고,0,0,1,0,차대사람 - 보도통행중,기타,건조,맑음,단일로 - 기타,화물,남,63세,상해없음,보행자,남,32세,경상
2017092500100148,2017년 9월 25일 08시,월요일,대구광역시 동구 신서동,부상신고사고,0,0,0,1,차대차 - 측면충돌,불법유턴,건조,맑음,교차로 - 교차로횡단보도내,자전거,남,15세,부상신고,승용,남,65세,상해없음
2017092500100149,2017년 9월 25일 08시,월요일,대구광역시 수성구 만촌동,경상사고,0,0,1,0,차대차 - 측면충돌,교차로운행방법위반,건조,맑음,기타 - 기타,승용,남,59세,상해없음,자전거,남,41세,경상
2017092500100150,2017년 9월 25일 08시,월요일,대구광역시 서구 내당동,중상사고,0,1,0,0,차대사람 - 횡단중,보행자보호의무위반,건조,맑음,교차로 - 교차로횡단보도내,승용,남,32세,상해없음,보행자,여,15세,중상
2017092500100187,2017년 9월 25일 09시,월요일,대구광역시 동구 용계동,경상사고,0,0,3,0,차대차 - 측면충돌,안전운전불이행,건조,맑음,단일로 - 기타,승용,남,64세,경상,승용,여,64세,경상
2017092500100188,2017년 9월 25일 09시,월요일,대구광역시 수성구 파동,경상사고,0,0,3,0,차대차 - 추돌,안전운전불이행,건조,맑음,단일로 - 기타,승용,남,41세,경상,승용,남,63세,경상
2017092500100189,2017년 9월 25일 09시,월요일,대구광역시 달서구 대천동,경상사고,0,0,1,0,차대차 - 측면충돌,안전운전불이행,건조,맑음,교차로 - 교차로횡단보도내,승용,남,56세,상해없음,자전거,남,14세,경상
2017092500100222,2017년 9월 25일 10시,월요일,대구광역시 수성구 고모동,경상사고,0,0,1,0,차대차 - 추돌,안전거리미확보,건조,맑음,단일로 - 기타,건설기계,남,58세,상해없음,승용,여,46세,경상
2017092500100223,2017년 9월 25일 10시,월요일,대구광역시 달성군 현풍면,중상사고,0,2,1,0,차대차 - 기타,중앙선침범,건조,맑음,교차로 - 교차로부근,화물,남,54세,중상,화물,남,49세,경상
2017092500100265,2017년 9월 25일 11시,월요일,대구광역시 북구 침산동,중상사고,0,1,0,0,차대차 - 측면충돌,교차로운행방법위반,건조,맑음,교차로 - 교차로안,승용,남,41세,상해없음,원동기,남,76세,중상
2017092500100292,2017년 9월 25일 12시,월요일,대구광역시 동구 각산동,중상사고,0,1,0,0,차대차 - 측면충돌,직진우회전진행방해,건조,맑음,교차로 - 교차로안,이륜,남,33세,중상,승용,남,64세,상해없음
2017092500100319,2017년 9월 25일 13시,월요일,대구광역시 북구 동천동,경상사고,0,0,1,0,차대차 - 측면충돌,안전운전불이행,건조,맑음,교차로 - 교차로부근,화물,남,27세,상해없음,자전거,남,66세,경상
2017092500100349,2017년 9월 25일 14시,월요일,대구광역시 중구 달성동,경상사고,0,0,1,0,차대차 - 측면충돌,안전거리미확보,건조,맑음,단일로 - 기타,자전거,남,74세,경상,승용,여,60세,상해없음
2017092500100394,2017년 9월 25일 15시,월요일,대구광역시 수성구 신매동,중상사고,0,1,0,0,차대차 - 측면충돌,안전운전불이행,건조,맑음,단일로 - 기타,승용,여,60세,상해없음,자전거,남,9세,중상
2017092500100395,2017년 9월 25일 15시,월요일,대구광역시 서구 상리동,경상사고,0,0,1,0,차대차 - 추돌,안전운전불이행,건조,맑음,교차로 - 교차로부근,화물,여,50세,상해없음,화물,남,56세,경상
2017092500100440,2017년 9월 25일 16시,월요일,대구광역시 중구 동인동4가,중상사고,0,1,0,0,차대차 - 기타,기타,건조,맑음,단일로 - 기타,승용,남,56세,상해없음,이륜,남,65세,중상
2017092500100441,2017년 9월 25일 16시,월요일,대구광역시 달서구 장기동,경상사고,0,0,1,0,차대차 - 측면충돌,안전운전불이행,건조,맑음,단일로 - 기타,승용,여,45세,상해없음,승용,여,58세,경상
2017092500100490,2017년 9월 25일 17시,월요일,대구광역시 북구 산격동,경상사고,0,0,1,0,차대사람 - 길가장자리구역통행중,안전운전불이행,건조,맑음,단일로 - 기타,승용,남,30세,상해없음,보행자,남,16세,경상
2017092500100491,2017년 9월 25일 17시,월요일,대구광역시 서구 비산동,중상사고,0,1,0,0,차대차 - 측면충돌,교차로운행방법위반,건조,흐림,교차로 - 교차로안,승용,남,30세,상해없음,이륜,여,55세,중상
2017092500100533,2017년 9월 25일 18시,월요일,대구광역시 수성구 만촌동,경상사고,0,0,1,0,차대사람 - 차도통행중,안전운전불이행,건조,맑음,단일로 - 기타,승용,남,44세,상해없음,보행자,여,24세,경상
2017092500100534,2017년 9월 25일 18시,월요일,대구광역시 서구 비산동,경상사고,0,0,1,0,차대사람 - 차도통행중,안전운전불이행,건조,맑음,단일로 - 기타,화물,남,41세,상해없음,보행자,남,17세,경상
2017092500100535,2017년 9월 25일 18시,월요일,대구광역시 서구 비산동,경상사고,0,0,1,0,차대차 - 기타,안전운전불이행,건조,맑음,단일로 - 기타,승합,남,46세,상해없음,승용,남,56세,기타불명
2017092500100582,2017년 9월 25일 19시,월요일,대구광역시 달서구 월성동,경상사고,0,0,1,0,차대차 - 측면충돌,안전운전불이행,건조,맑음,교차로 - 교차로부근,승용,남,54세,상해없음,자전거,남,42세,경상
2017092500100583,2017년 9월 25일 19시,월요일,대구광역시 달서구 본동,경상사고,0,0,1,0,차대차 - 추돌,안전운전불이행,건조,맑음,교차로 - 교차로부근,승용,남,28세,상해없음,승용,남,46세,경상
2017092500100584,2017년 9월 25일 19시,월요일,대구광역시 달서구 대천동,경상사고,0,0,1,0,차대차 - 추돌,안전운전불이행,건조,맑음,단일로 - 기타,승용,여,31세,경상,화물,남,70세,기타불명
2017092500100585,2017년 9월 25일 19시,월요일,대구광역시 북구 읍내동,경상사고,0,0,3,0,차대차 - 기타,안전운전불이행,건조,맑음,교차로 - 교차로부근,승용,남,67세,상해없음,승용,남,54세,경상
2017092500100615,2017년 9월 25일 20시,월요일,대구광역시 달서구 본동,중상사고,0,1,0,0,차대사람 - 기타,안전운전불이행,건조,맑음,단일로 - 기타,승용,남,31세,상해없음,보행자,남,58세,중상
2017092500100616,2017년 9월 25일 20시,월요일,대구광역시 달서구 신당동,경상사고,0,0,1,0,차대차 - 기타,안전운전불이행,건조,맑음,단일로 - 기타,자전거,남,50세,경상,자전거,남,32세,상해없음
2017092500100650,2017년 9월 25일 21시,월요일,대구광역시 달서구 두류동,경상사고,0,0,1,0,차대차 - 후진중충돌,안전운전불이행,건조,맑음,단일로 - 기타,승용,남,28세,상해없음,이륜,남,59세,경상
2017092500100677,2017년 9월 25일 22시,월요일,대구광역시 동구 방촌동,경상사고,0,0,1,0,차대차 - 측면충돌,안전거리미확보,건조,맑음,교차로 - 교차로부근,특수,남,22세,상해없음,승용,여,27세,경상
2017092600100041,2017년 9월 26일 00시,화요일,대구광역시 수성구 범어동,중상사고,0,1,2,0,차대차 - 측면충돌,신호위반,건조,맑음,교차로 - 교차로안,이륜,남,34세,중상,승용,남,59세,경상
2017092600100059,2017년 9월 26일 02시,화요일,대구광역시 북구 칠성동2가,부상신고사고,0,0,0,1,차대차 - 기타,직진우회전진행방해,건조,맑음,교차로 - 교차로안,승용,남,62세,상해없음,승용,남,35세,부상신고
2017092600100063,2017년 9월 26일 03시,화요일,대구광역시 남구 대명동,경상사고,0,0,2,0,차대차 - 추돌,안전운전불이행,건조,맑음,단일로 - 기타,승용,남,62세,상해없음,승합,남,41세,경상
2017092600100093,2017년 9월 26일 05시,화요일,대구광역시 달서구 본동,중상사고,0,1,0,0,차대사람 - 기타,안전운전불이행,건조,맑음,단일로 - 기타,원동기,남,30세,상해없음,보행자,여,63세,중상
2017092600100151,2017년 9월 26일 08시,화요일,대구광역시 달성군 화원읍,경상사고,0,0,1,0,차대차 - 측면충돌,안전운전불이행,건조,맑음,단일로 - 기타,승용,남,58세,상해없음,자전거,남,31세,경상
2017092600100152,2017년 9월 26일 08시,화요일,대구광역시 서구 상리동,경상사고,0,0,2,0,차대차 - 추돌,안전거리미확보,건조,맑음,단일로 - 기타,승용,남,26세,상해없음,승용,남,26세,경상
2017092600100153,2017년 9월 26일 08시,화요일,대구광역시 서구 비산동,경상사고,0,0,1,0,차대사람 - 보도통행중,안전운전불이행,건조,맑음,단일로 - 기타,승용,여,61세,상해없음,보행자,남,82세,경상
2017092600100154,2017년 9월 26일 08시,화요일,대구광역시 북구 태전동,경상사고,0,0,1,1,차대차 - 추돌,안전거리미확보,건조,맑음,단일로 - 기타,화물,남,46세,경상,승용,남,41세,부상신고
2017092600100227,2017년 9월 26일 10시,화요일,대구광역시 달서구 월암동,경상사고,0,0,1,0,차대차 - 측면충돌,교차로운행방법위반,건조,맑음,교차로 - 교차로안,사륜오토바이(ATV),남,20세,경상,화물,남,51세,상해없음
2017092600100228,2017년 9월 26일 10시,화요일,대구광역시 달서구 두류동,경상사고,0,0,1,0,차대차 - 정면충돌,안전운전불이행,건조,맑음,단일로 - 기타,승합,남,62세,상해없음,승용,여,43세,경상
2017092600100229,2017년 9월 26일 10시,화요일,대구광역시 달서구 두류동,경상사고,0,0,1,0,차대사람 - 차도통행중,안전운전불이행,건조,맑음,단일로 - 기타,승용,남,53세,상해없음,보행자,여,43세,경상
2017092600100254,2017년 9월 26일 11시,화요일,대구광역시 수성구 범어동,경상사고,0,0,2,0,차대차 - 측면충돌,교차로운행방법위반,건조,맑음,교차로 - 교차로안,이륜,남,49세,경상,화물,남,40세,경상
2017092600100255,2017년 9월 26일 11시,화요일,대구광역시 달성군 화원읍,경상사고,0,0,1,0,차대차 - 측면충돌,직진우회전진행방해,건조,맑음,교차로 - 교차로안,승용,남,62세,상해없음,승용,남,50세,경상
2017092600100288,2017년 9월 26일 12시,화요일,대구광역시 동구 신천동,경상사고,0,0,2,2,차대차 - 측면충돌,직진우회전진행방해,건조,맑음,교차로 - 교차로안,승용,남,61세,경상,승용,남,34세,경상
2017092600100289,2017년 9월 26일 12시,화요일,대구광역시 달서구 도원동,경상사고,0,0,2,0,차대차 - 측면충돌,안전거리미확보,건조,맑음,단일로 - 기타,화물,남,67세,상해없음,승용,여,45세,경상
2017092600100290,2017년 9월 26일 12시,화요일,대구광역시 달성군 화원읍,경상사고,0,0,1,0,차대차 - 기타,안전운전불이행,건조,맑음,교차로 - 교차로부근,화물,남,52세,상해없음,승용,여,31세,경상
2017092600100329,2017년 9월 26일 13시,화요일,대구광역시 동구 효목동,경상사고,0,0,1,0,차대차 - 추돌,안전운전불이행,건조,흐림,교차로 - 교차로부근,이륜,남,44세,경상,승합,남,55세,상해없음
2017092600100368,2017년 9월 26일 14시,화요일,대구광역시 수성구 파동,경상사고,0,0,1,0,차대차 - 추돌,안전운전불이행,건조,맑음,교차로 - 교차로부근,승용,남,59세,상해없음,승용,남,44세,경상
2017092600100405,2017년 9월 26일 15시,화요일,대구광역시 북구 산격동,경상사고,0,0,1,0,차대차 - 측면충돌,직진우회전진행방해,건조,맑음,교차로 - 교차로안,승용,남,59세,상해없음,자전거,남,31세,경상
2017092600100406,2017년 9월 26일 15시,화요일,대구광역시 북구 구암동,중상사고,0,1,0,0,차대차 - 기타,교차로운행방법위반,건조,맑음,교차로 - 교차로안,화물,남,25세,상해없음,자전거,남,73세,중상
2017092600100446,2017년 9월 26일 16시,화요일,대구광역시 수성구 만촌동,경상사고,0,0,1,0,차대차 - 측면충돌,안전거리미확보,건조,맑음,단일로 - 기타,승용,남,32세,상해없음,이륜,남,61세,경상
2017092600100481,2017년 9월 26일 17시,화요일,대구광역시 북구 노원동3가,중상사고,0,1,0,0,차대차 - 측면충돌,교차로운행방법위반,건조,맑음,교차로 - 교차로안,화물,남,59세,기타불명,이륜,남,49세,중상
2017092600100529,2017년 9월 26일 18시,화요일,대구광역시 달서구 도원동,경상사고,0,0,3,0,차대차 - 측면충돌,신호위반,건조,맑음,교차로 - 교차로안,승합,남,34세,경상,승용,남,33세,경상
2017092600100530,2017년 9월 26일 18시,화요일,대구광역시 북구 산격동,중상사고,0,1,0,0,차대사람 - 횡단중,안전운전불이행,건조,맑음,단일로 - 기타,승용,남,39세,상해없음,보행자,남,62세,중상
2017092600100531,2017년 9월 26일 18시,화요일,대구광역시 북구 칠성동2가,경상사고,0,0,1,0,차대차 - 기타,안전운전불이행,건조,맑음,단일로 - 기타,승용,남,39세,상해없음,승합,남,53세,상해없음
2017092600100532,2017년 9월 26일 18시,화요일,대구광역시 달서구 신당동,경상사고,0,0,1,0,차대사람 - 보도통행중,안전운전불이행,건조,맑음,단일로 - 기타,승용,남,28세,상해없음,보행자,여,63세,경상
2017092600100577,2017년 9월 26일 19시,화요일,대구광역시 동구 효목동,경상사고,0,0,2,0,차대차 - 추돌,안전운전불이행,건조,맑음,단일로 - 기타,승용,남,54세,상해없음,승용,남,65세,상해없음
2017092600100578,2017년 9월 26일 19시,화요일,대구광역시 동구 각산동,경상사고,0,0,1,0,차대차 - 기타,안전거리미확보,건조,맑음,단일로 - 기타,승용,남,34세,상해없음,승합,남,38세,상해없음
2017092600100579,2017년 9월 26일 19시,화요일,대구광역시 달성군 화원읍,경상사고,0,0,1,0,차대차 - 후진중충돌,안전운전불이행,건조,맑음,교차로 - 교차로부근,화물,남,47세,상해없음,승용,여,37세,경상
2017092600100580,2017년 9월 26일 19시,화요일,대구광역시 북구 대현동,부상신고사고,0,0,0,1,차대사람 - 길가장자리구역통행중,안전운전불이행,건조,맑음,단일로 - 기타,자전거,남,26세,상해없음,보행자,남,83세,부상신고
2017092600100581,2017년 9월 26일 19시,화요일,대구광역시 북구 관음동,경상사고,0,0,1,0,차대차 - 추돌,안전운전불이행,건조,맑음,단일로 - 기타,승용,여,54세,상해없음,승용,남,49세,경상
2017092600100651,2017년 9월 26일 21시,화요일,대구광역시 중구 수창동,중상사고,0,1,0,0,차대사람 - 보도통행중,기타,건조,맑음,기타 - 기타,승용,여,22세,상해없음,보행자,남,38세,중상
2017092600100652,2017년 9월 26일 21시,화요일,대구광역시 달서구 이곡동,경상사고,0,0,3,0,차대차 - 기타,기타,건조,맑음,단일로 - 기타,승용,남,59세,상해없음,이륜,남,17세,경상
2017092600100682,2017년 9월 26일 22시,화요일,대구광역시 동구 불로동,경상사고,0,0,2,1,차대차 - 측면충돌,안전운전불이행,건조,맑음,단일로 - 기타,승용,남,53세,부상신고,승용,남,26세,경상
2017092600100683,2017년 9월 26일 22시,화요일,대구광역시 달서구 대곡동,경상사고,0,0,1,0,차대차 - 측면충돌,안전거리미확보,건조,맑음,단일로 - 기타,승용,남,43세,상해없음,승용,남,34세,경상
2017092600100684,2017년 9월 26일 22시,화요일,대구광역시 달서구 상인동,중상사고,0,1,0,0,차대차 - 측면충돌,기타,건조,맑음,단일로 - 기타,승용,남,59세,상해없음,이륜,남,52세,중상
2017092600100685,2017년 9월 26일 22시,화요일,대구광역시 북구 산격동,경상사고,0,0,3,0,차대차 - 추돌,안전운전불이행,건조,맑음,단일로 - 기타,승용,남,26세,상해없음,승용,남,55세,경상
2017092600100686,2017년 9월 26일 22시,화요일,대구광역시 북구 태전동,중상사고,0,1,1,0,차대차 - 기타,안전운전불이행,건조,맑음,단일로 - 기타,화물,남,58세,상해없음,승용,남,55세,경상
2017092600100717,2017년 9월 26일 23시,화요일,대구광역시 수성구 성동,중상사고,0,1,0,0,차대차 - 추돌,안전운전불이행,건조,맑음,단일로 - 기타,승용,남,82세,상해없음,승용,여,25세,중상
2017092700100031,2017년 9월 27일 00시,수요일,대구광역시 북구 산격동,중상사고,0,1,0,0,차대사람 - 횡단중,안전운전불이행,건조,맑음,단일로 - 기타,승용,남,38세,상해없음,보행자,여,43세,중상
2017092700100032,2017년 9월 27일 00시,수요일,대구광역시 북구 태전동,경상사고,0,0,1,0,차대차 - 측면충돌,안전운전불이행,건조,맑음,기타 - 기타,승용,남,44세,상해없음,자전거,남,45세,경상
2017092700100073,2017년 9월 27일 04시,수요일,대구광역시 중구 삼덕동1가,경상사고,0,0,2,0,차대차 - 후진중충돌,안전운전불이행,건조,맑음,단일로 - 기타,승용,남,24세,상해없음,승용,남,25세,경상
2017092700100112,2017년 9월 27일 06시,수요일,대구광역시 북구 산격동,경상사고,0,0,1,0,차대차 - 추돌,안전운전불이행,젖음/습기,비,단일로 - 기타,승용,남,23세,상해없음,승용,남,55세,경상
2017092700100113,2017년 9월 27일 06시,수요일,대구광역시 북구 노원동3가,중상사고,0,1,0,0,차대차 - 측면충돌,안전운전불이행,건조,맑음,단일로 - 기타,자전거,여,67세,중상,승용,여,59세,상해없음
2017092700100114,2017년 9월 27일 06시,수요일,대구광역시 달서구 월암동,경상사고,0,0,1,0,차대차 - 기타,신호위반,젖음/습기,비,교차로 - 교차로안,승용,남,46세,상해없음,승용,남,58세,경상
2017092700100148,2017년 9월 27일 07시,수요일,대구광역시 서구 이현동,부상신고사고,0,0,0,1,차량단독 - 전도전복 - 전도,안전운전불이행,건조,맑음,단일로 - 기타,이륜,남,57세,부상신고,,,,
2017092700100187,2017년 9월 27일 08시,수요일,대구광역시 북구 침산동,중상사고,0,1,0,0,차대사람 - 횡단중,보행자보호의무위반,젖음/습기,비,교차로 - 교차로횡단보도내,승합,남,54세,상해없음,보행자,여,75세,중상
2017092700100188,2017년 9월 27일 08시,수요일,대구광역시 중구 대신동,중상사고,0,1,0,0,차대사람 - 횡단중,안전운전불이행,젖음/습기,비,교차로 - 교차로안,승용,남,33세,상해없음,보행자,남,66세,중상
2017092700100189,2017년 9월 27일 08시,수요일,대구광역시 중구 남산동,경상사고,0,0,1,0,차대차 - 기타,안전거리미확보,젖음/습기,비,단일로 - 기타,승용,여,52세,상해없음,승용,남,38세,경상
2017092700100230,2017년 9월 27일 09시,수요일,대구광역시 남구 봉덕동,경상사고,0,0,1,0,차대차 - 측면충돌,중앙선침범,젖음/습기,비,교차로 - 교차로안,승용,여,34세,상해없음,승용,남,50세,경상
2017092700100231,2017년 9월 27일 09시,수요일,대구광역시 동구 입석동,경상사고,0,0,1,0,차대사람 - 횡단중,보행자보호의무위반,건조,맑음,단일로 - 기타,화물,남,59세,상해없음,보행자,남,19세,경상
2017092700100232,2017년 9월 27일 09시,수요일,대구광역시 동구 중대동,경상사고,0,0,1,0,차량단독 - 기타,안전운전불이행,젖음/습기,비,단일로 - 기타,승용,남,54세,상해없음,,,,
2017092700100233,2017년 9월 27일 09시,수요일,대구광역시 중구 남산동,경상사고,0,0,1,0,차대차 - 추돌,안전운전불이행,젖음/습기,비,교차로 - 교차로안,화물,남,68세,상해없음,승용,남,45세,경상
2017092700100234,2017년 9월 27일 09시,수요일,대구광역시 중구 향촌동,중상사고,0,1,0,0,차량단독 - 기타,기타,건조,맑음,단일로 - 기타,승합,남,64세,상해없음,,,,
2017092700100266,2017년 9월 27일 10시,수요일,대구광역시 동구 동호동,경상사고,0,0,1,0,차대차 - 측면충돌,안전거리미확보,젖음/습기,비,교차로 - 교차로부근,화물,남,59세,상해없음,화물,남,22세,경상
2017092700100267,2017년 9월 27일 10시,수요일,대구광역시 달서구 대천동,경상사고,0,0,2,0,차대차 - 측면충돌,신호위반,건조,맑음,교차로 - 교차로안,승용,여,46세,경상,승용,여,51세,경상
2017092700100306,2017년 9월 27일 11시,수요일,대구광역시 서구 중리동,경상사고,0,0,1,0,차대사람 - 차도통행중,안전운전불이행,건조,맑음,단일로 - 기타,승용,여,49세,상해없음,보행자,여,43세,경상
2017092700100335,2017년 9월 27일 12시,수요일,대구광역시 북구 서변동,중상사고,0,1,0,0,차대차 - 추돌,안전운전불이행,건조,맑음,단일로 - 기타,화물,남,66세,상해없음,승용,여,46세,중상
2017092700100336,2017년 9월 27일 12시,수요일,대구광역시 북구 서변동,중상사고,0,1,1,0,차대차 - 추돌,안전운전불이행,기타,비,단일로 - 기타,승합,남,52세,중상,화물,남,31세,경상
2017092700100341,2017년 9월 27일 12시,수요일,대구광역시 서구 내당동,경상사고,0,0,1,0,차대차 - 측면충돌,안전운전불이행,젖음/습기,비,단일로 - 기타,승용,여,56세,상해없음,이륜,남,36세,경상
2017092700100373,2017년 9월 27일 13시,수요일,대구광역시 동구 봉무동,경상사고,0,0,2,1,차대차 - 측면충돌,직진우회전진행방해,건조,맑음,교차로 - 교차로안,승용,여,38세,부상신고,화물,남,44세,경상
2017092700100374,2017년 9월 27일 13시,수요일,대구광역시 동구 신천동,중상사고,0,2,3,0,차대차 - 측면충돌,안전거리미확보,건조,맑음,단일로 - 기타,승용,남,61세,경상,승합,남,56세,상해없음
2017092700100375,2017년 9월 27일 13시,수요일,대구광역시 서구 내당동,중상사고,0,1,0,0,차대차 - 측면충돌,신호위반,젖음/습기,비,단일로 - 기타,승용,남,33세,상해없음,이륜,남,51세,중상
2017092700100376,2017년 9월 27일 13시,수요일,대구광역시 달서구 장기동,경상사고,0,0,1,0,차대사람 - 횡단중,신호위반,건조,맑음,단일로 - 기타,승용,여,56세,상해없음,보행자,남,8세,경상
2017092700100377,2017년 9월 27일 13시,수요일,대구광역시 북구 읍내동,경상사고,0,0,1,0,차대차 - 추돌,안전운전불이행,젖음/습기,비,단일로 - 기타,화물,남,73세,상해없음,승용,남,54세,경상
2017092700100417,2017년 9월 27일 14시,수요일,대구광역시 수성구 중동,중상사고,0,1,0,0,차대차 - 측면충돌,안전운전불이행,젖음/습기,비,단일로 - 기타,승용,여,30세,상해없음,승용,여,49세,중상
2017092700100418,2017년 9월 27일 14시,수요일,대구광역시 북구 팔달동,경상사고,0,0,2,0,차대차 - 추돌,안전거리미확보,젖음/습기,비,단일로 - 기타,승용,남,45세,상해없음,승용,남,23세,경상
2017092700100449,2017년 9월 27일 15시,수요일,대구광역시 동구 지저동,경상사고,0,0,2,0,차대차 - 추돌,안전운전불이행,건조,맑음,단일로 - 기타,화물,남,51세,상해없음,승용,여,47세,경상
2017092700100450,2017년 9월 27일 15시,수요일,대구광역시 수성구 지산동,경상사고,0,0,1,0,차대차 - 측면충돌,안전운전불이행,젖음/습기,비,단일로 - 기타,승용,여,37세,상해없음,이륜,여,57세,경상
2017092700100451,2017년 9월 27일 15시,수요일,대구광역시 수성구 황금동,중상사고,0,1,0,0,차대사람 - 기타,기타,건조,맑음,단일로 - 기타,승합,남,49세,상해없음,보행자,남,90세 이상,중상
2017092700100452,2017년 9월 27일 15시,수요일,대구광역시 달서구 상인동,경상사고,0,0,2,0,차대차 - 측면충돌,안전거리미확보,건조,맑음,단일로 - 기타,승용,남,51세,상해없음,승용,남,63세,경상
2017092700100490,2017년 9월 27일 16시,수요일,대구광역시 동구 신암동,경상사고,0,0,1,0,차대차 - 측면충돌,안전운전불이행,건조,맑음,단일로 - 기타,승용,여,62세,상해없음,승용,여,29세,경상
2017092700100491,2017년 9월 27일 16시,수요일,대구광역시 달서구 상인동,경상사고,0,0,1,0,차대차 - 기타,안전거리미확보,건조,맑음,단일로 - 기타,승용,여,49세,상해없음,이륜,남,42세,경상
2017092700100492,2017년 9월 27일 16시,수요일,대구광역시 달서구 송현동,경상사고,0,0,1,0,차대사람 - 기타,안전운전불이행,건조,맑음,단일로 - 기타,승용,여,37세,상해없음,보행자,남,60세,경상
2017092700100493,2017년 9월 27일 16시,수요일,대구광역시 중구 동인동2가,경상사고,0,0,1,0,차대차 - 측면충돌,안전운전불이행,건조,맑음,교차로 - 교차로안,화물,남,61세,상해없음,승용,남,60세,경상
2017092700100494,2017년 9월 27일 16시,수요일,대구광역시 달서구 이곡동,경상사고,0,0,1,0,차대차 - 측면충돌,안전거리미확보,건조,맑음,단일로 - 기타,승합,남,29세,상해없음,이륜,남,17세,경상
2017092700100523,2017년 9월 27일 17시,수요일,대구광역시 달서구 상인동,경상사고,0,0,1,0,차대차 - 측면충돌,직진우회전진행방해,젖음/습기,비,교차로 - 교차로안,승합,남,52세,상해없음,이륜,남,34세,경상
2017092700100562,2017년 9월 27일 18시,수요일,대구광역시 동구 율하동,경상사고,0,0,1,0,차대사람 - 기타,신호위반,건조,맑음,단일로 - 기타,화물,남,64세,상해없음,보행자,남,49세,경상
2017092700100563,2017년 9월 27일 18시,수요일,대구광역시 수성구 황금동,경상사고,0,0,1,0,차대차 - 측면충돌,안전운전불이행,젖음/습기,비,단일로 - 기타,승용,남,56세,상해없음,원동기,남,48세,경상
2017092700100564,2017년 9월 27일 18시,수요일,대구광역시 서구 비산동,경상사고,0,0,1,0,차대차 - 추돌,안전거리미확보,건조,맑음,교차로 - 교차로부근,승합,남,62세,상해없음,승용,여,35세,경상
2017092700100565,2017년 9월 27일 18시,수요일,대구광역시 북구 태전동,경상사고,0,0,1,0,차대사람 - 보도통행중,안전운전불이행,건조,맑음,교차로 - 교차로부근,이륜,남,18세,상해없음,보행자,남,20세,경상
2017092700100608,2017년 9월 27일 19시,수요일,대구광역시 달서구 진천동,경상사고,0,0,1,0,차대차 - 측면충돌,안전거리미확보,건조,맑음,교차로 - 교차로부근,승용,남,48세,상해없음,이륜,남,25세,경상
2017092700100609,2017년 9월 27일 19시,수요일,대구광역시 달서구 월성동,경상사고,0,0,1,0,차대차 - 측면충돌,신호위반,젖음/습기,비,교차로 - 교차로안,이륜,남,27세,경상,승용,남,31세,상해없음
2017092700100610,2017년 9월 27일 19시,수요일,대구광역시 달서구 진천동,경상사고,0,0,1,0,차대차 - 측면충돌,신호위반,젖음/습기,맑음,교차로 - 교차로안,승용,여,56세,상해없음,승용,여,29세,경상
2017092700100611,2017년 9월 27일 19시,수요일,대구광역시 서구 비산동,중상사고,0,1,0,0,차대사람 - 길가장자리구역통행중,안전운전불이행,건조,맑음,단일로 - 기타,승용,남,50세,상해없음,보행자,남,55세,중상
2017092700100612,2017년 9월 27일 19시,수요일,대구광역시 달서구 이곡동,경상사고,0,0,1,0,차대차 - 추돌,안전운전불이행,젖음/습기,비,단일로 - 기타,승용,남,53세,상해없음,승용,여,33세,경상
2017092700100613,2017년 9월 27일 19시,수요일,대구광역시 북구 태전동,중상사고,0,1,0,0,차대차 - 측면충돌,불법유턴,젖음/습기,비,단일로 - 기타,승용,남,47세,상해없음,이륜,남,55세,중상
2017092700100646,2017년 9월 27일 20시,수요일,대구광역시 서구 비산동,경상사고,0,0,1,0,차대차 - 측면충돌,교차로운행방법위반,젖음/습기,비,교차로 - 교차로안,승용,남,63세,상해없음,승용,남,49세,경상
2017092700100671,2017년 9월 27일 21시,수요일,대구광역시 달서구 송현동,경상사고,0,0,1,0,차대사람 - 기타,기타,건조,맑음,단일로 - 기타,기타불명,기타불명,미분류,기타불명,보행자,여,20세,경상