사고번호,사고일시,요일,시군구,사고내용,사망자수,중상자수,경상자수,부상신고자수,사고유형,법규위반,노면상태,기상상태,도로형태,가해운전자 차종,가해운전자 성별,가해운전자 연령,가해운전자 상해정도,피해운전자 차종,피해운전자 성별,피해운전자 연령,피해운전자 상해정도
2017092700100695,2017년 9월 27일 22시,수요일,대구광역시 수성구 수성동2가,경상사고,0,0,2,0,차대차 - 추돌,안전운전불이행,건조,맑음,교차로 - 교차로부근,승용,남,32세,상해없음,승용,남,44세,경상
2017092700100696,2017년 9월 27일 22시,수요일,대구광역시 달서구 송현동,경상사고,0,0,1,0,차대사람 - 기타,보행자보호의무위반,건조,맑음,교차로 - 교차로안,승용,남,62세,상해없음,보행자,남,24세,경상
2017092800100071,2017년 9월 28일 04시,목요일,대구광역시 수성구 범어동,경상사고,0,0,1,1,차대차 - 추돌,안전운전불이행,건조,맑음,교차로 - 교차로부근,승용,여,21세,부상신고,화물,남,40세,경상
2017092800100128,2017년 9월 28일 07시,목요일,대구광역시 북구 서변동,경상사고,0,0,1,0,차대차 - 측면충돌,안전운전불이행,건조,맑음,교차로 - 교차로안,화물,남,56세,상해없음,승용,남,43세,경상
2017092800100176,2017년 9월 28일 08시,목요일,대구광역시 북구 침산동,중상사고,0,1,0,0,차대사람 - 횡단중,중앙선침범,건조,맑음,단일로 - 기타,자전거,남,26세,상해없음,보행자,여,49세,중상
2017092800100177,2017년 9월 28일 08시,목요일,대구광역시 서구 평리동,경상사고,0,0,1,0,차대차 - 측면충돌,안전운전불이행,건조,맑음,교차로 - 교차로부근,승용,남,58세,상해없음,자전거,여,54세,경상
2017092800100178,2017년 9월 28일 08시,목요일,대구광역시 중구 동산동,경상사고,0,0,2,0,차대차 - 기타,기타,건조,맑음,단일로 - 기타,승용,남,63세,상해없음,이륜,남,49세,경상
2017092800100217,2017년 9월 28일 09시,목요일,대구광역시 북구 산격동,경상사고,0,0,1,0,차대차 - 측면충돌,중앙선침범,건조,맑음,단일로 - 기타,화물,남,31세,상해없음,화물,남,47세,경상
2017092800100260,2017년 9월 28일 10시,목요일,대구광역시 달성군 다사읍,경상사고,0,0,1,0,차대차 - 기타,안전운전불이행,건조,맑음,단일로 - 기타,승용,남,31세,상해없음,자전거,여,55세,경상
2017092800100297,2017년 9월 28일 11시,목요일,대구광역시 달성군 다사읍,중상사고,0,1,0,0,차대사람 - 횡단중,안전운전불이행,건조,맑음,단일로 - 기타,승용,여,48세,상해없음,보행자,남,6세,중상
2017092800100322,2017년 9월 28일 12시,목요일,대구광역시 남구 봉덕동,중상사고,0,2,2,1,차대사람 - 길가장자리구역통행중,안전운전불이행,건조,맑음,기타 - 기타,승용,여,64세,상해없음,보행자,여,69세,경상
2017092800100323,2017년 9월 28일 12시,목요일,대구광역시 동구 신천동,경상사고,0,0,2,0,차대차 - 후진중충돌,안전운전불이행,건조,맑음,기타 - 기타,승용,여,34세,상해없음,승용,여,46세,경상
2017092800100324,2017년 9월 28일 12시,목요일,대구광역시 북구 침산동,경상사고,0,0,1,0,차대차 - 추돌,안전운전불이행,건조,맑음,단일로 - 기타,승용,남,48세,상해없음,승용,여,47세,경상
2017092800100363,2017년 9월 28일 13시,목요일,대구광역시 동구 불로동,경상사고,0,0,2,0,차대차 - 측면충돌,안전거리미확보,건조,맑음,단일로 - 기타,승용,여,53세,상해없음,승용,여,61세,경상
2017092800100364,2017년 9월 28일 13시,목요일,대구광역시 북구 서변동,경상사고,0,0,1,0,차대사람 - 기타,안전운전불이행,건조,맑음,단일로 - 기타,승용,남,55세,상해없음,보행자,남,12세,경상
2017092800100406,2017년 9월 28일 14시,목요일,대구광역시 수성구 범어동,경상사고,0,0,1,0,차대사람 - 기타,기타,건조,맑음,단일로 - 기타,승용,여,42세,상해없음,보행자,여,27세,경상
2017092800100445,2017년 9월 28일 15시,목요일,대구광역시 동구 신서동,경상사고,0,0,1,0,차대사람 - 보도통행중,기타,건조,맑음,단일로 - 기타,승용,남,53세,기타불명,보행자,남,33세,경상
2017092800100446,2017년 9월 28일 15시,목요일,대구광역시 동구 신천동,경상사고,0,0,1,0,차대차 - 후진중충돌,안전운전불이행,건조,맑음,교차로 - 교차로부근,승용,여,53세,상해없음,승용,남,39세,경상
2017092800100447,2017년 9월 28일 15시,목요일,대구광역시 북구 동천동,중상사고,0,1,0,0,차대차 - 측면충돌,교차로운행방법위반,건조,맑음,교차로 - 교차로안,승용,남,26세,기타불명,이륜,여,25세,중상
2017092800100496,2017년 9월 28일 16시,목요일,대구광역시 동구 불로동,부상신고사고,0,0,0,1,차대차 - 측면충돌,교차로운행방법위반,건조,맑음,교차로 - 교차로안,자전거,남,8세,부상신고,승용,남,22세,상해없음
2017092800100532,2017년 9월 28일 17시,목요일,대구광역시 수성구 범물동,중상사고,0,1,0,0,차대사람 - 길가장자리구역통행중,안전운전불이행,건조,맑음,단일로 - 기타,승용,여,58세,상해없음,보행자,여,76세,중상
2017092800100533,2017년 9월 28일 17시,목요일,대구광역시 달성군 다사읍,경상사고,0,0,1,0,차대차 - 기타,안전운전불이행,건조,맑음,단일로 - 기타,기타불명,기타불명,미분류,기타불명,자전거,남,25세,경상
2017092800100582,2017년 9월 28일 18시,목요일,대구광역시 동구 신기동,경상사고,0,0,1,0,차대차 - 후진중충돌,안전운전불이행,건조,맑음,단일로 - 기타,승용,남,57세,상해없음,승용,여,34세,경상
2017092800100583,2017년 9월 28일 18시,목요일,대구광역시 달서구 송현동,중상사고,0,1,0,0,차대사람 - 보도통행중,보행자보호의무위반,건조,맑음,단일로 - 기타,화물,남,66세,상해없음,보행자,여,32세,중상
2017092800100584,2017년 9월 28일 18시,목요일,대구광역시 달성군 다사읍,중상사고,0,1,2,0,차대차 - 기타,안전운전불이행,건조,맑음,단일로 - 기타,승용,여,59세,상해없음,승용,남,43세,경상
2017092800100585,2017년 9월 28일 18시,목요일,대구광역시 중구 남산동,중상사고,0,1,0,0,차대차 - 추돌,교차로운행방법위반,건조,맑음,교차로 - 교차로안,승용,남,62세,상해없음,이륜,여,54세,중상
2017092800100586,2017년 9월 28일 18시,목요일,대구광역시 달서구 용산동,경상사고,0,0,1,0,차대차 - 기타,안전운전불이행,건조,맑음,단일로 - 기타,승합,남,57세,상해없음,화물,남,64세,경상
2017092800100587,2017년 9월 28일 18시,목요일,대구광역시 달서구 감삼동,경상사고,0,0,1,0,차대사람 - 기타,안전운전불이행,건조,맑음,교차로 - 교차로부근,승용,남,58세,상해없음,보행자,여,9세,경상
2017092800100643,2017년 9월 28일 19시,목요일,대구광역시 남구 대명동,경상사고,0,0,1,0,차대차 - 기타,안전운전불이행,건조,맑음,단일로 - 기타,승용,남,36세,상해없음,이륜,남,28세,경상
2017092800100644,2017년 9월 28일 19시,목요일,대구광역시 달서구 유천동,경상사고,0,0,1,0,차대사람 - 기타,보행자보호의무위반,건조,맑음,교차로 - 교차로안,승용,남,59세,상해없음,보행자,여,73세,경상
2017092800100645,2017년 9월 28일 19시,목요일,대구광역시 달성군 다사읍,중상사고,0,2,0,0,차대차 - 정면충돌,불법유턴,건조,맑음,교차로 - 교차로안,자전거,남,47세,중상,원동기,남,44세,중상
2017092800100646,2017년 9월 28일 19시,목요일,대구광역시 서구 비산동,중상사고,0,1,0,0,차대차 - 측면충돌,안전운전불이행,건조,맑음,단일로 - 기타,승용,여,54세,상해없음,원동기,여,44세,중상
2017092800100647,2017년 9월 28일 19시,목요일,대구광역시 중구 남산동,경상사고,0,0,5,0,차대차 - 측면충돌,안전운전불이행,건조,맑음,교차로 - 교차로부근,승용,여,55세,경상,승용,남,28세,경상
2017092800100685,2017년 9월 28일 20시,목요일,대구광역시 중구 동인동4가,경상사고,0,0,1,0,차대차 - 추돌,안전거리미확보,건조,맑음,단일로 - 기타,화물,남,67세,상해없음,승합,남,56세,경상
2017092800100723,2017년 9월 28일 21시,목요일,대구광역시 북구 노원동2가,중상사고,0,1,0,0,차대사람 - 횡단중,안전운전불이행,건조,맑음,단일로 - 기타,승용,여,37세,상해없음,보행자,남,85세,중상
2017092800100724,2017년 9월 28일 21시,목요일,대구광역시 북구 노원동1가,중상사고,0,1,0,0,차대차 - 측면충돌,안전운전불이행,건조,맑음,교차로 - 교차로안,승용,남,59세,상해없음,이륜,여,63세,중상
2017092800100751,2017년 9월 28일 22시,목요일,대구광역시 동구 동호동,중상사고,0,1,0,0,차대사람 - 횡단중,안전운전불이행,건조,맑음,단일로 - 기타,승용,남,31세,상해없음,보행자,남,57세,중상
2017092800100752,2017년 9월 28일 22시,목요일,대구광역시 수성구 두산동,중상사고,0,1,0,0,차대차 - 측면충돌,안전운전불이행,건조,맑음,단일로 - 기타,승용,남,62세,상해없음,이륜,남,67세,중상
2017092800100753,2017년 9월 28일 22시,목요일,대구광역시 북구 고성동2가,경상사고,0,0,1,0,차대차 - 기타,불법유턴,건조,맑음,교차로 - 교차로부근,자전거,남,57세,경상,승용,남,58세,상해없음
2017092800100754,2017년 9월 28일 22시,목요일,대구광역시 서구 비산동,경상사고,0,0,1,0,차대차 - 추돌,안전운전불이행,건조,맑음,단일로 - 기타,자전거,남,33세,경상,승용,남,57세,상해없음
2017092900100102,2017년 9월 29일 05시,금요일,대구광역시 동구 신서동,중상사고,0,4,0,0,차대차 - 측면충돌,신호위반,건조,맑음,단일로 - 기타,화물,남,46세,상해없음,승용,남,22세,중상
2017092900100165,2017년 9월 29일 07시,금요일,대구광역시 남구 대명동,경상사고,0,0,1,0,차대차 - 측면충돌,교차로운행방법위반,건조,맑음,교차로 - 교차로안,자전거,남,57세,경상,승용,남,67세,상해없음
2017092900100166,2017년 9월 29일 07시,금요일,대구광역시 북구 동호동,경상사고,0,0,2,0,차대차 - 측면충돌,안전거리미확보,건조,맑음,단일로 - 기타,승용,남,54세,경상,화물,남,64세,경상
2017092900100217,2017년 9월 29일 08시,금요일,대구광역시 동구 신암동,부상신고사고,0,0,0,1,차대사람 - 길가장자리구역통행중,안전운전불이행,건조,맑음,단일로 - 기타,기타불명,기타불명,미분류,기타불명,보행자,남,22세,부상신고
2017092900100218,2017년 9월 29일 08시,금요일,대구광역시 수성구 중동,경상사고,0,0,1,0,차대차 - 추돌,안전거리미확보,건조,맑음,교차로 - 교차로안,화물,남,57세,상해없음,승용,여,53세,경상
2017092900100219,2017년 9월 29일 08시,금요일,대구광역시 달성군 다사읍,중상사고,0,1,0,0,차대차 - 측면충돌,교차로운행방법위반,건조,맑음,교차로 - 교차로횡단보도내,승용,남,67세,상해없음,승용,남,42세,중상
2017092900100260,2017년 9월 29일 09시,금요일,대구광역시 서구 비산동,중상사고,0,1,0,0,차대차 - 측면충돌,안전운전불이행,건조,맑음,교차로 - 교차로횡단보도내,승용,남,24세,상해없음,자전거,여,65세,중상
2017092900100295,2017년 9월 29일 10시,금요일,대구광역시 수성구 시지동,경상사고,0,0,1,0,차대차 - 측면충돌,안전운전불이행,건조,맑음,교차로 - 교차로부근,승용,남,43세,경상,승용,기타불명,미분류,기타불명
2017092900100296,2017년 9월 29일 10시,금요일,대구광역시 서구 비산동,중상사고,0,2,0,0,차대차 - 측면충돌,차로위반,건조,맑음,단일로 - 기타,승용,남,38세,상해없음,이륜,남,32세,중상
2017092900100327,2017년 9월 29일 11시,금요일,대구광역시 수성구 황금동,경상사고,0,0,2,0,차대차 - 측면충돌,안전운전불이행,건조,맑음,단일로 - 기타,화물,남,57세,경상,승용,여,50세,경상
2017092900100328,2017년 9월 29일 11시,금요일,대구광역시 달서구 월암동,경상사고,0,0,1,0,차대차 - 후진중충돌,안전운전불이행,건조,맑음,단일로 - 기타,승용,남,32세,상해없음,승용,남,37세,경상
2017092900100329,2017년 9월 29일 11시,금요일,대구광역시 달성군 현풍면,경상사고,0,0,1,0,차대사람 - 횡단중,안전운전불이행,건조,맑음,단일로 - 기타,승용,여,68세,상해없음,보행자,여,55세,경상
2017092900100330,2017년 9월 29일 11시,금요일,대구광역시 달성군 현풍면,중상사고,0,1,0,0,차대차 - 추돌,안전거리미확보,건조,맑음,단일로 - 기타,화물,남,65세,상해없음,승용,남,32세,중상
2017092900100331,2017년 9월 29일 11시,금요일,대구광역시 북구 침산동,경상사고,0,0,1,0,차대사람 - 기타,안전운전불이행,건조,맑음,단일로 - 기타,기타불명,기타불명,미분류,기타불명,보행자,남,87세,경상
2017092900100363,2017년 9월 29일 12시,금요일,대구광역시 달성군 다사읍,경상사고,0,0,1,0,차대사람 - 길가장자리구역통행중,교차로운행방법위반,건조,맑음,교차로 - 교차로부근,화물,여,48세,상해없음,보행자,여,23세,경상
2017092900100364,2017년 9월 29일 12시,금요일,대구광역시 달서구 감삼동,경상사고,0,0,1,0,차대차 - 추돌,직진우회전진행방해,건조,맑음,교차로 - 교차로안,승용,남,40세,상해없음,화물,남,39세,경상
2017092900100400,2017년 9월 29일 13시,금요일,대구광역시 달성군 화원읍,중상사고,0,1,0,0,차대차 - 기타,직진우회전진행방해,건조,맑음,교차로 - 교차로안,승용,남,63세,상해없음,승용,남,61세,상해없음
2017092900100401,2017년 9월 29일 13시,금요일,대구광역시 북구 읍내동,경상사고,0,0,1,0,차대차 - 추돌,안전운전불이행,건조,맑음,단일로 - 기타,승용,남,51세,상해없음,승용,남,35세,경상
2017092900100437,2017년 9월 29일 14시,금요일,대구광역시 북구 침산동,중상사고,0,1,0,0,차대차 - 측면충돌,안전운전불이행,건조,맑음,단일로 - 기타,승용,남,72세,상해없음,자전거,여,80세,중상
2017092900100438,2017년 9월 29일 14시,금요일,대구광역시 달서구 이곡동,경상사고,0,0,2,0,차대차 - 추돌,안전운전불이행,건조,맑음,단일로 - 기타,화물,남,25세,상해없음,승용,여,24세,경상
2017092900100479,2017년 9월 29일 15시,금요일,대구광역시 수성구 상동,경상사고,0,0,1,0,차대차 - 측면충돌,안전운전불이행,건조,맑음,단일로 - 기타,화물,남,48세,상해없음,자전거,남,11세,경상
2017092900100541,2017년 9월 29일 16시,금요일,대구광역시 중구 대신동,중상사고,0,1,0,0,차대차 - 측면충돌,신호위반,건조,맑음,교차로 - 교차로안,이륜,남,72세,중상,승용,여,71세,상해없음
2017092900100592,2017년 9월 29일 17시,금요일,대구광역시 수성구 범물동,경상사고,0,0,3,0,차대차 - 추돌,안전운전불이행,건조,맑음,단일로 - 기타,승용,여,64세,상해없음,화물,남,31세,상해없음
2017092900100593,2017년 9월 29일 17시,금요일,대구광역시 남구 대명동,경상사고,0,0,1,0,차대차 - 추돌,안전운전불이행,건조,맑음,단일로 - 기타,승용,여,59세,상해없음,승용,남,36세,경상
2017092900100594,2017년 9월 29일 17시,금요일,대구광역시 달서구 파호동,경상사고,0,0,1,0,차대차 - 기타,안전운전불이행,건조,맑음,교차로 - 교차로부근,승용,남,29세,상해없음,자전거,여,64세,경상
2017092900100595,2017년 9월 29일 17시,금요일,대구광역시 달서구 두류동,중상사고,0,1,0,0,차대차 - 추돌,안전운전불이행,건조,맑음,단일로 - 기타,승용,남,41세,상해없음,승용,여,36세,중상
2017092900100644,2017년 9월 29일 18시,금요일,대구광역시 동구 검사동,중상사고,0,1,0,0,차대차 - 측면충돌,신호위반,건조,맑음,교차로 - 교차로안,승용,여,56세,상해없음,이륜,남,56세,중상
2017092900100645,2017년 9월 29일 18시,금요일,대구광역시 동구 신서동,경상사고,0,0,1,1,차대차 - 측면충돌,신호위반,건조,맑음,교차로 - 교차로안,이륜,남,24세,부상신고,이륜,남,23세,경상
2017092900100646,2017년 9월 29일 18시,금요일,대구광역시 동구 도동,경상사고,0,0,1,0,차대사람 - 횡단중,안전운전불이행,건조,맑음,단일로 - 기타,승용,남,41세,상해없음,보행자,남,72세,경상
2017092900100647,2017년 9월 29일 18시,금요일,대구광역시 달성군 다사읍,경상사고,0,0,3,0,차대차 - 측면충돌,차로위반,건조,맑음,단일로 - 기타,화물,남,59세,상해없음,승용,남,25세,경상
2017092900100648,2017년 9월 29일 18시,금요일,대구광역시 북구 검단동,부상신고사고,0,0,0,1,차대차 - 기타,불법유턴,건조,맑음,단일로 - 기타,원동기,남,60세,부상신고,승합,남,42세,상해없음
2017092900100649,2017년 9월 29일 18시,금요일,대구광역시 북구 노원동1가,경상사고,0,0,1,0,차대차 - 기타,안전운전불이행,건조,맑음,단일로 - 기타,승용,남,57세,상해없음,자전거,여,50세,경상
2017092900100709,2017년 9월 29일 19시,금요일,대구광역시 동구 신암동,중상사고,0,1,1,0,차대차 - 기타,안전거리미확보,건조,맑음,교차로 - 교차로부근,승용,남,33세,기타불명,승합,남,49세,경상
2017092900100710,2017년 9월 29일 19시,금요일,대구광역시 수성구 범어동,경상사고,0,0,2,0,차대차 - 추돌,안전운전불이행,건조,맑음,교차로 - 교차로부근,승용,여,49세,상해없음,승용,여,41세,경상
2017092900100711,2017년 9월 29일 19시,금요일,대구광역시 달서구 유천동,경상사고,0,0,1,0,차대차 - 기타,안전운전불이행,건조,맑음,교차로 - 교차로부근,승용,여,38세,상해없음,이륜,여,44세,경상
2017092900100712,2017년 9월 29일 19시,금요일,대구광역시 달성군 화원읍,경상사고,0,0,1,0,차대차 - 측면충돌,안전거리미확보,건조,맑음,교차로 - 교차로안,이륜,남,17세,상해없음,이륜,남,39세,상해없음
2017092900100767,2017년 9월 29일 20시,금요일,대구광역시 달서구 송현동,경상사고,0,0,1,0,차대사람 - 기타,안전운전불이행,건조,맑음,교차로 - 교차로부근,승용,남,40세,상해없음,보행자,남,38세,경상
2017092900100768,2017년 9월 29일 20시,금요일,대구광역시 북구 산격동,경상사고,0,0,1,0,차대차 - 측면충돌,중앙선침범,건조,맑음,단일로 - 기타,이륜,남,74세,상해없음,화물,남,22세,경상
2017092900100769,2017년 9월 29일 20시,금요일,대구광역시 서구 평리동,부상신고사고,0,0,0,1,차대차 - 측면충돌,중앙선침범,건조,맑음,교차로 - 교차로안,자전거,남,55세,부상신고,승용,남,25세,상해없음
2017092900100770,2017년 9월 29일 20시,금요일,대구광역시 중구 동인동2가,중상사고,0,1,1,0,차대차 - 추돌,안전운전불이행,건조,맑음,교차로 - 교차로부근,승용,남,31세,상해없음,승용,여,50세,중상
2017092900100833,2017년 9월 29일 22시,금요일,대구광역시 동구 방촌동,경상사고,0,0,1,0,차대차 - 측면충돌,안전운전불이행,건조,맑음,교차로 - 교차로부근,승용,남,61세,상해없음,이륜,남,34세,경상
2017092900100834,2017년 9월 29일 22시,금요일,대구광역시 북구 칠성동2가,경상사고,0,0,3,0,차대차 - 측면충돌,교차로운행방법위반,건조,맑음,교차로 - 교차로안,승용,여,46세,상해없음,승용,남,33세,경상
2017092900100835,2017년 9월 29일 22시,금요일,대구광역시 중구 남산동,중상사고,0,1,1,0,차대차 - 기타,안전거리미확보,건조,맑음,단일로 - 기타,기타불명,기타불명,미분류,기타불명,승용,여,50세,경상
2017092900100861,2017년 9월 29일 23시,금요일,대구광역시 동구 율하동,경상사고,0,0,2,0,차대차 - 측면충돌,직진우회전진행방해,건조,맑음,교차로 - 교차로안,승용,남,52세,상해없음,승용,여,31세,경상
2017092900100862,2017년 9월 29일 23시,금요일,대구광역시 동구 금강동,경상사고,0,0,1,0,차대차 - 후진중충돌,안전운전불이행,건조,맑음,교차로 - 교차로부근,승용,남,54세,기타불명,승용,남,32세,경상
2017093000100037,2017년 9월 30일 00시,토요일,대구광역시 달서구 월암동,경상사고,0,0,2,0,차대차 - 측면충돌,안전운전불이행,건조,맑음,교차로 - 교차로안,승용,여,36세,경상,승용,남,25세,경상
2017093000100064,2017년 9월 30일 02시,토요일,대구광역시 수성구 수성동1가,중상사고,0,1,0,0,차대차 - 기타,교차로운행방법위반,건조,맑음,교차로 - 교차로부근,승용,여,43세,상해없음,이륜,남,43세,중상
2017093000100065,2017년 9월 30일 02시,토요일,대구광역시 달서구 송현동,경상사고,0,0,2,0,차대차 - 정면충돌,중앙선침범,건조,맑음,단일로 - 기타,이륜,남,22세,상해없음,승용,남,57세,경상
2017093000100084,2017년 9월 30일 04시,토요일,대구광역시 달서구 송현동,중상사고,0,1,0,0,차대사람 - 기타,안전운전불이행,건조,맑음,단일로 - 기타,승용,남,48세,상해없음,보행자,남,63세,중상
2017093000100108,2017년 9월 30일 06시,토요일,대구광역시 달서구 진천동,중상사고,0,1,0,0,차대차 - 기타,안전운전불이행,건조,맑음,단일로 - 기타,승용,남,63세,상해없음,자전거,남,67세,중상
2017093000100122,2017년 9월 30일 07시,토요일,대구광역시 달성군 현풍면,경상사고,0,0,1,0,차대차 - 기타,안전운전불이행,건조,맑음,단일로 - 기타,승용,남,19세,상해없음,승용,남,27세,경상
2017093000100123,2017년 9월 30일 07시,토요일,대구광역시 서구 비산동,경상사고,0,0,1,0,차대차 - 측면충돌,안전운전불이행,건조,맑음,단일로 - 교량,기타불명,기타불명,미분류,기타불명,자전거,여,79세,경상
2017093000100148,2017년 9월 30일 08시,토요일,대구광역시 중구 대신동,중상사고,0,1,0,0,차대차 - 측면충돌,안전운전불이행,건조,맑음,단일로 - 기타,승합,남,52세,상해없음,원동기,여,68세,중상
2017093000100199,2017년 9월 30일 10시,토요일,대구광역시 남구 봉덕동,경상사고,0,0,1,0,차대차 - 측면충돌,신호위반,건조,맑음,교차로 - 교차로안,승용,남,68세,상해없음,승용,여,42세,경상
2017093000100238,2017년 9월 30일 11시,토요일,대구광역시 남구 대명동,부상신고사고,0,0,0,1,차대차 - 측면충돌,중앙선침범,건조,맑음,단일로 - 기타,이륜,남,72세,부상신고,이륜,남,18세,상해없음
2017093000100239,2017년 9월 30일 11시,토요일,대구광역시 남구 대명동,중상사고,0,1,0,0,차대사람 - 보도통행중,기타,건조,맑음,단일로 - 기타,이륜,남,69세,상해없음,보행자,남,32세,중상
2017093000100240,2017년 9월 30일 11시,토요일,대구광역시 달서구 송현동,경상사고,0,0,1,0,차대차 - 측면충돌,안전운전불이행,건조,맑음,단일로 - 기타,승용,남,58세,상해없음,자전거,남,90세 이상,경상
2017093000100269,2017년 9월 30일 12시,토요일,대구광역시 남구 대명동,경상사고,0,0,1,0,차대차 - 추돌,안전운전불이행,건조,맑음,단일로 - 기타,승용,여,81세,상해없음,승용,남,38세,경상
2017093000100270,2017년 9월 30일 12시,토요일,대구광역시 달성군 현풍면,경상사고,0,0,1,0,차대사람 - 기타,안전운전불이행,건조,맑음,단일로 - 기타,승용,남,66세,상해없음,보행자,여,56세,경상
2017093000100271,2017년 9월 30일 12시,토요일,대구광역시 달성군 논공읍,경상사고,0,0,2,0,차대차 - 추돌,안전운전불이행,건조,맑음,교차로 - 교차로안,승용,남,49세,상해없음,승용,여,47세,경상
2017093000100318,2017년 9월 30일 13시,토요일,대구광역시 동구 불로동,경상사고,0,0,4,0,차대차 - 측면충돌,직진우회전진행방해,건조,맑음,교차로 - 교차로안,승용,여,40세,경상,승용,남,65세,경상
2017093000100319,2017년 9월 30일 13시,토요일,대구광역시 달성군 현풍면,경상사고,0,0,1,0,차대차 - 정면충돌,신호위반,건조,맑음,교차로 - 교차로안,화물,남,68세,상해없음,승용,남,52세,경상
2017093000100320,2017년 9월 30일 13시,토요일,대구광역시 달서구 호림동,중상사고,0,1,0,0,차대사람 - 기타,안전운전불이행,건조,맑음,단일로 - 기타,승용,남,54세,상해없음,보행자,남,70세,중상
2017093000100352,2017년 9월 30일 14시,토요일,대구광역시 동구 효목동,중상사고,0,1,1,0,차대차 - 측면충돌,직진우회전진행방해,건조,맑음,교차로 - 교차로안,승용,남,67세,상해없음,승용,남,38세,중상
2017093000100353,2017년 9월 30일 14시,토요일,대구광역시 서구 비산동,중상사고,0,1,0,0,차대차 - 추돌,안전운전불이행,건조,맑음,교차로 - 교차로안,화물,남,71세,상해없음,승용,남,64세,중상
2017093000100395,2017년 9월 30일 15시,토요일,대구광역시 남구 대명동,경상사고,0,0,1,0,차대차 - 추돌,안전거리미확보,건조,맑음,단일로 - 기타,승용,여,42세,상해없음,이륜,남,42세,경상
2017093000100396,2017년 9월 30일 15시,토요일,대구광역시 북구 노원동3가,경상사고,0,0,1,0,차대차 - 추돌,안전운전불이행,건조,맑음,교차로 - 교차로부근,화물,남,57세,상해없음,승용,남,30세,경상
2017093000100397,2017년 9월 30일 15시,토요일,대구광역시 북구 산격동,중상사고,0,1,0,0,차대사람 - 길가장자리구역통행중,기타,건조,맑음,단일로 - 기타,승합,남,50세,상해없음,보행자,여,74세,중상
2017093000100474,2017년 9월 30일 17시,토요일,대구광역시 동구 효목동,중상사고,0,1,2,0,차대차 - 추돌,안전운전불이행,건조,맑음,단일로 - 기타,승용,남,45세,상해없음,승용,남,58세,중상
2017093000100475,2017년 9월 30일 17시,토요일,대구광역시 달서구 월성동,경상사고,0,0,1,0,차대차 - 측면충돌,안전운전불이행,건조,맑음,교차로 - 교차로부근,승용,남,22세,상해없음,이륜,남,19세,경상
2017093000100476,2017년 9월 30일 17시,토요일,대구광역시 서구 내당동,경상사고,0,0,1,0,차대차 - 기타,안전거리미확보,건조,맑음,교차로 - 교차로부근,승용,남,70세,상해없음,승용,남,36세,경상
2017093000100477,2017년 9월 30일 17시,토요일,대구광역시 중구 향촌동,중상사고,0,1,0,0,차대차 - 기타,안전운전불이행,건조,맑음,주차장 - 주차장,승용,여,57세,상해없음,승용,여,55세,기타불명
2017093000100558,2017년 9월 30일 19시,토요일,대구광역시 수성구 신매동,중상사고,0,1,0,0,차대차 - 측면충돌,안전운전불이행,건조,맑음,교차로 - 교차로안,승용,남,29세,상해없음,이륜,남,61세,중상
2017093000100559,2017년 9월 30일 19시,토요일,대구광역시 달서구 성당동,중상사고,0,1,0,0,차량단독 - 기타,교차로운행방법위반,건조,맑음,교차로 - 교차로안,승합,남,52세,상해없음,,,,
2017093000100560,2017년 9월 30일 19시,토요일,대구광역시 달서구 이곡동,경상사고,0,0,1,0,차대차 - 측면충돌,차로위반,건조,맑음,단일로 - 기타,승용,여,52세,상해없음,이륜,남,18세,경상
2017093000100561,2017년 9월 30일 19시,토요일,대구광역시 북구 읍내동,중상사고,0,1,1,0,차대사람 - 차도통행중,안전운전불이행,건조,맑음,단일로 - 기타,이륜,남,18세,경상,보행자,여,54세,중상
2017093000100628,2017년 9월 30일 21시,토요일,대구광역시 북구 동변동,중상사고,0,1,0,0,차대사람 - 횡단중,안전운전불이행,건조,맑음,교차로 - 교차로안,승용,남,54세,상해없음,보행자,남,41세,중상
2017093000100629,2017년 9월 30일 21시,토요일,대구광역시 북구 태전동,경상사고,0,0,1,0,차대차 - 기타,안전운전불이행,건조,맑음,교차로 - 교차로부근,화물,남,60세,상해없음,승용,여,40세,경상
2017093000100656,2017년 9월 30일 22시,토요일,대구광역시 서구 내당동,경상사고,0,0,1,0,차대차 - 측면충돌,안전운전불이행,건조,맑음,교차로 - 교차로부근,자전거,남,76세,경상,승용,남,54세,상해없음
2017093000100680,2017년 9월 30일 23시,토요일,대구광역시 중구 대봉동,경상사고,0,0,1,0,차대차 - 추돌,안전거리미확보,건조,맑음,교차로 - 교차로부근,승용,남,48세,상해없음,이륜,남,46세,경상
2017093000100681,2017년 9월 30일 23시,토요일,대구광역시 달서구 월성동,경상사고,0,0,1,0,차대차 - 측면충돌,안전운전불이행,건조,맑음,단일로 - 기타,화물,남,59세,상해없음,승용,여,49세,경상
2017093000100682,2017년 9월 30일 23시,토요일,대구광역시 서구 이현동,경상사고,0,0,1,0,차대차 - 추돌,안전운전불이행,건조,맑음,교차로 - 교차로부근,기타불명,기타불명,미분류,기타불명,승용,남,63세,경상
2017100100100043,2017년 10월 1일 00시,일요일,대구광역시 수성구 지산동,부상신고사고,0,0,0,1,차대차 - 추돌,안전운전불이행,건조,맑음,교차로 - 교차로부근,승용,남,50세,상해없음,승용,남,55세,상해없음
2017100100100044,2017년 10월 1일 00시,일요일,대구광역시 중구 대봉동,경상사고,0,0,2,0,차대차 - 추돌,안전거리미확보,건조,맑음,교차로 - 교차로부근,승용,남,58세,상해없음,승용,남,56세,경상