사고번호,사고일시,요일,시군구,사고내용,사망자수,중상자수,경상자수,부상신고자수,사고유형,법규위반,노면상태,기상상태,도로형태,가해운전자 차종,가해운전자 성별,가해운전자 연령,가해운전자 상해정도,피해운전자 차종,피해운전자 성별,피해운전자 연령,피해운전자 상해정도
2017100100100060,2017년 10월 1일 01시,일요일,대구광역시 서구 비산동,부상신고사고,0,0,0,1,차대차 - 추돌,안전운전불이행,건조,맑음,단일로 - 기타,이륜,남,25세,부상신고,승합,남,47세,기타불명
2017100100100061,2017년 10월 1일 01시,일요일,대구광역시 달서구 장기동,부상신고사고,0,0,0,1,차대사람 - 기타,안전운전불이행,건조,맑음,단일로 - 기타,승용,남,26세,상해없음,보행자,남,21세,부상신고
2017100100100073,2017년 10월 1일 02시,일요일,대구광역시 수성구 범어동,경상사고,0,0,1,0,차대차 - 측면충돌,신호위반,건조,맑음,교차로 - 교차로안,이륜,남,19세,상해없음,승용,남,52세,상해없음
2017100100100074,2017년 10월 1일 02시,일요일,대구광역시 서구 내당동,중상사고,0,1,0,0,차대차 - 추돌,안전운전불이행,건조,맑음,단일로 - 기타,이륜,남,20세,중상,승용,남,63세,상해없음
2017100100100114,2017년 10월 1일 06시,일요일,대구광역시 남구 이천동,경상사고,0,0,2,0,차대차 - 추돌,안전운전불이행,건조,맑음,단일로 - 기타,승용,남,57세,상해없음,승합,남,60세,경상
2017100100100126,2017년 10월 1일 07시,일요일,대구광역시 동구 신천동,사망사고,1,0,1,0,차대차 - 측면충돌,신호위반,건조,맑음,기타 - 기타,이륜,남,30세,사망,승용,여,59세,경상
2017100100100138,2017년 10월 1일 08시,일요일,대구광역시 중구 동인동3가,경상사고,0,0,1,1,차대차 - 측면충돌,안전운전불이행,건조,맑음,단일로 - 기타,승용,여,61세,부상신고,승용,남,64세,경상
2017100100100159,2017년 10월 1일 09시,일요일,대구광역시 중구 달성동,경상사고,0,0,1,0,차대사람 - 기타,안전운전불이행,건조,맑음,단일로 - 기타,승용,남,74세,상해없음,보행자,여,74세,경상
2017100100100160,2017년 10월 1일 09시,일요일,대구광역시 달서구 장기동,중상사고,0,1,0,0,차대차 - 측면충돌,안전운전불이행,건조,맑음,단일로 - 기타,승용,여,60세,상해없음,화물,남,37세,중상
2017100100100179,2017년 10월 1일 10시,일요일,대구광역시 중구 대신동,경상사고,0,0,3,0,차대차 - 추돌,안전운전불이행,건조,맑음,단일로 - 기타,승용,남,42세,상해없음,승용,남,58세,경상
2017100100100195,2017년 10월 1일 11시,일요일,대구광역시 남구 대명동,중상사고,0,1,0,0,차대차 - 후진중충돌,안전운전불이행,건조,맑음,주차장 - 주차장,승용,여,47세,중상,승용,남,57세,기타불명
2017100100100196,2017년 10월 1일 11시,일요일,대구광역시 수성구 범물동,경상사고,0,0,1,0,차대사람 - 기타,기타,건조,맑음,단일로 - 기타,화물,남,65세,상해없음,보행자,남,41세,경상
2017100100100197,2017년 10월 1일 11시,일요일,대구광역시 달서구 성당동,경상사고,0,0,1,0,차대사람 - 기타,보행자보호의무위반,건조,맑음,교차로 - 교차로횡단보도내,승용,남,29세,상해없음,보행자,여,61세,경상
2017100100100213,2017년 10월 1일 12시,일요일,대구광역시 수성구 두산동,경상사고,0,0,1,0,차대차 - 측면충돌,안전운전불이행,건조,맑음,단일로 - 기타,승용,남,58세,상해없음,승용,여,27세,경상
2017100100100214,2017년 10월 1일 12시,일요일,대구광역시 서구 비산동,중상사고,0,1,0,0,차대차 - 측면충돌,안전운전불이행,건조,맑음,단일로 - 기타,자전거,남,12세,상해없음,자전거,남,75세,중상
2017100100100246,2017년 10월 1일 13시,일요일,대구광역시 서구 내당동,부상신고사고,0,0,0,1,차대차 - 측면충돌,안전운전불이행,건조,맑음,단일로 - 기타,자전거,남,55세,부상신고,승용,여,36세,상해없음
2017100100100334,2017년 10월 1일 16시,일요일,대구광역시 북구 노원동1가,경상사고,0,0,1,0,차대차 - 측면충돌,교차로운행방법위반,건조,맑음,교차로 - 교차로안,승용,여,57세,상해없음,원동기,남,22세,경상
2017100100100335,2017년 10월 1일 16시,일요일,대구광역시 북구 침산동,중상사고,0,1,0,0,차대차 - 추돌,안전운전불이행,젖음/습기,비,단일로 - 기타,자전거,여,48세,상해없음,자전거,남,73세,중상
2017100100100355,2017년 10월 1일 17시,일요일,대구광역시 북구 읍내동,경상사고,0,0,1,0,차대차 - 기타,보행자보호의무위반,젖음/습기,비,교차로 - 교차로횡단보도내,사륜오토바이(ATV),남,22세,상해없음,자전거,남,9세,경상
2017100100100395,2017년 10월 1일 18시,일요일,대구광역시 수성구 사월동,중상사고,0,1,0,0,차대사람 - 횡단중,신호위반,젖음/습기,비,단일로 - 기타,승용,여,27세,기타불명,보행자,여,74세,중상
2017100100100396,2017년 10월 1일 18시,일요일,대구광역시 달서구 용산동,경상사고,0,0,2,0,차대차 - 측면충돌,신호위반,젖음/습기,비,교차로 - 교차로안,이륜,남,62세,경상,승용,남,30세,경상
2017100100100443,2017년 10월 1일 19시,일요일,대구광역시 수성구 범어동,경상사고,0,0,1,0,차대차 - 기타,안전운전불이행,젖음/습기,비,교차로 - 교차로부근,기타불명,기타불명,미분류,기타불명,이륜,남,26세,경상
2017100100100444,2017년 10월 1일 19시,일요일,대구광역시 달서구 유천동,부상신고사고,0,0,0,1,차대사람 - 횡단중,보행자보호의무위반,건조,맑음,교차로 - 교차로횡단보도내,기타불명,기타불명,미분류,기타불명,보행자,남,15세,부상신고
2017100100100445,2017년 10월 1일 19시,일요일,대구광역시 달서구 진천동,경상사고,0,0,1,0,차대차 - 추돌,안전거리미확보,젖음/습기,흐림,단일로 - 기타,승용,남,43세,상해없음,이륜,남,25세,경상
2017100100100446,2017년 10월 1일 19시,일요일,대구광역시 달서구 송현동,경상사고,0,0,1,0,차대차 - 측면충돌,안전거리미확보,젖음/습기,비,단일로 - 기타,화물,남,65세,상해없음,승용,남,21세,경상
2017100100100447,2017년 10월 1일 19시,일요일,대구광역시 달서구 송현동,경상사고,0,0,1,0,차대사람 - 기타,안전운전불이행,건조,맑음,단일로 - 기타,승용,남,54세,상해없음,보행자,여,26세,경상
2017100100100448,2017년 10월 1일 19시,일요일,대구광역시 달성군 논공읍,경상사고,0,0,2,0,차대차 - 측면충돌,안전운전불이행,젖음/습기,비,단일로 - 기타,화물,남,52세,기타불명,승용,여,57세,경상
2017100100100449,2017년 10월 1일 19시,일요일,대구광역시 북구 침산동,경상사고,0,0,2,0,차대차 - 추돌,안전운전불이행,젖음/습기,맑음,교차로 - 교차로부근,승용,남,45세,상해없음,승용,남,35세,경상
2017100100100493,2017년 10월 1일 20시,일요일,대구광역시 수성구 범물동,중상사고,0,1,0,0,차대차 - 기타,안전운전불이행,젖음/습기,비,단일로 - 기타,이륜,남,44세,중상,승합,남,43세,상해없음
2017100100100494,2017년 10월 1일 20시,일요일,대구광역시 북구 침산동,중상사고,0,1,1,0,차대차 - 측면충돌,안전운전불이행,젖음/습기,비,교차로 - 교차로안,승용,여,60세,중상,승용,남,57세,경상
2017100100100495,2017년 10월 1일 20시,일요일,대구광역시 북구 동천동,경상사고,0,0,1,0,차대차 - 측면충돌,중앙선침범,젖음/습기,비,단일로 - 기타,승용,여,53세,상해없음,이륜,남,17세,경상
2017100100100531,2017년 10월 1일 21시,일요일,대구광역시 달서구 대곡동,경상사고,0,0,1,0,차대차 - 기타,안전운전불이행,젖음/습기,흐림,단일로 - 기타,승용,남,26세,상해없음,원동기,남,48세,경상
2017100100100532,2017년 10월 1일 21시,일요일,대구광역시 북구 구암동,경상사고,0,0,4,0,차대차 - 추돌,안전운전불이행,젖음/습기,흐림,단일로 - 기타,승용,남,46세,상해없음,승용,남,34세,경상
2017100100100571,2017년 10월 1일 22시,일요일,대구광역시 동구 신암동,중상사고,0,1,0,0,차대사람 - 횡단중,안전운전불이행,젖음/습기,흐림,단일로 - 기타,승용,남,39세,상해없음,보행자,여,19세,중상
2017100100100572,2017년 10월 1일 22시,일요일,대구광역시 서구 평리동,경상사고,0,0,1,0,차대차 - 측면충돌,차로위반,젖음/습기,비,단일로 - 기타,승용,여,55세,상해없음,승용,남,28세,상해없음
2017100100100601,2017년 10월 1일 23시,일요일,대구광역시 동구 방촌동,경상사고,0,0,2,0,차대차 - 측면충돌,안전운전불이행,젖음/습기,비,단일로 - 기타,승용,남,41세,상해없음,승용,여,46세,경상
2017100100100602,2017년 10월 1일 23시,일요일,대구광역시 수성구 이천동,중상사고,0,2,1,0,차대차 - 측면충돌,신호위반,건조,맑음,교차로 - 교차로안,화물,남,51세,중상,승용,남,50세,중상
2017100100100603,2017년 10월 1일 23시,일요일,대구광역시 달서구 상인동,경상사고,0,0,1,0,차대사람 - 차도통행중,안전운전불이행,젖음/습기,비,단일로 - 기타,이륜,남,40세,상해없음,보행자,남,34세,경상
2017100100100604,2017년 10월 1일 23시,일요일,대구광역시 중구 동인동4가,중상사고,0,1,1,0,차대차 - 측면충돌,안전운전불이행,젖음/습기,비,단일로 - 기타,화물,남,41세,중상,승용,남,41세,경상
2017100200100028,2017년 10월 2일 00시,월요일,대구광역시 동구 용계동,중상사고,0,1,0,0,차대차 - 추돌,안전운전불이행,젖음/습기,비,교차로 - 교차로부근,승용,남,36세,상해없음,승용,남,47세,중상
2017100200100029,2017년 10월 2일 00시,월요일,대구광역시 수성구 범물동,중상사고,0,1,0,0,차대차 - 추돌,안전운전불이행,젖음/습기,비,단일로 - 기타,승용,남,35세,상해없음,승용,남,69세,중상
2017100200100046,2017년 10월 2일 01시,월요일,대구광역시 중구 동인동2가,경상사고,0,0,3,0,차대차 - 측면충돌,신호위반,젖음/습기,비,교차로 - 교차로안,원동기,남,39세,기타불명,승용,남,59세,경상
2017100200100071,2017년 10월 2일 02시,월요일,대구광역시 북구 금호동,중상사고,0,2,0,0,차대차 - 기타,안전운전불이행,젖음/습기,비,단일로 - 기타,화물,남,33세,상해없음,승용,남,26세,중상
2017100200100116,2017년 10월 2일 05시,월요일,대구광역시 서구 중리동,중상사고,0,1,0,0,차대사람 - 횡단중,안전운전불이행,젖음/습기,맑음,교차로 - 교차로안,승용,남,62세,상해없음,보행자,남,47세,중상
2017100200100117,2017년 10월 2일 05시,월요일,대구광역시 서구 상리동,경상사고,0,0,2,0,차대차 - 측면충돌,안전운전불이행,젖음/습기,비,단일로 - 기타,승용,남,58세,상해없음,화물,남,52세,상해없음
2017100200100133,2017년 10월 2일 06시,월요일,대구광역시 수성구 황금동,중상사고,0,1,0,0,차대사람 - 횡단중,안전운전불이행,젖음/습기,비,교차로 - 교차로부근,승용,남,40세,상해없음,보행자,남,45세,중상
2017100200100164,2017년 10월 2일 08시,월요일,대구광역시 수성구 시지동,중상사고,0,1,2,0,차대차 - 추돌,안전운전불이행,젖음/습기,비,단일로 - 기타,승용,여,52세,기타불명,승용,여,41세,중상
2017100200100165,2017년 10월 2일 08시,월요일,대구광역시 북구 노원동3가,경상사고,0,0,1,0,차대차 - 측면충돌,안전운전불이행,젖음/습기,비,교차로 - 교차로부근,승용,여,69세,상해없음,이륜,남,64세,경상
2017100200100166,2017년 10월 2일 08시,월요일,대구광역시 중구 동인동1가,중상사고,0,1,0,0,차대차 - 추돌,안전거리미확보,젖음/습기,비,단일로 - 기타,승용,남,30세,상해없음,이륜,남,73세,중상
2017100200100195,2017년 10월 2일 09시,월요일,대구광역시 달서구 대천동,경상사고,0,0,1,0,차대차 - 기타,안전거리미확보,건조,맑음,교차로 - 교차로부근,승용,여,51세,상해없음,화물,남,45세,경상
2017100200100196,2017년 10월 2일 09시,월요일,대구광역시 서구 평리동,경상사고,0,0,2,0,차대차 - 측면충돌,안전운전불이행,건조,맑음,교차로 - 교차로부근,화물,남,75세,상해없음,승용,남,34세,경상
2017100200100217,2017년 10월 2일 10시,월요일,대구광역시 동구 봉무동,경상사고,0,0,1,0,차대차 - 측면충돌,안전운전불이행,건조,맑음,교차로 - 교차로부근,승용,남,52세,상해없음,승용,남,64세,경상
2017100200100218,2017년 10월 2일 10시,월요일,대구광역시 동구 용계동,경상사고,0,0,1,0,차대차 - 측면충돌,안전운전불이행,건조,맑음,교차로 - 교차로부근,승용,남,57세,상해없음,승용,여,41세,상해없음
2017100200100219,2017년 10월 2일 10시,월요일,대구광역시 달서구 송현동,경상사고,0,0,2,0,차대사람 - 기타,안전운전불이행,건조,맑음,교차로 - 교차로부근,화물,여,59세,상해없음,보행자,여,46세,경상
2017100200100220,2017년 10월 2일 10시,월요일,대구광역시 달서구 두류동,중상사고,0,1,0,0,차대차 - 측면충돌,안전운전불이행,건조,맑음,교차로 - 교차로안,승용,남,31세,상해없음,자전거,남,74세,중상
2017100200100248,2017년 10월 2일 11시,월요일,대구광역시 수성구 상동,경상사고,0,0,1,0,차대차 - 측면충돌,안전운전불이행,건조,맑음,단일로 - 기타,원동기,남,28세,경상,승용,남,41세,상해없음
2017100200100249,2017년 10월 2일 11시,월요일,대구광역시 북구 노원동3가,경상사고,0,0,1,0,차대사람 - 횡단중,안전운전불이행,젖음/습기,비,교차로 - 교차로안,화물,남,61세,상해없음,보행자,남,38세,경상
2017100200100250,2017년 10월 2일 11시,월요일,대구광역시 북구 읍내동,부상신고사고,0,0,0,1,차대차 - 측면충돌,중앙선침범,건조,맑음,교차로 - 교차로부근,자전거,남,78세,부상신고,승용,남,27세,상해없음
2017100200100296,2017년 10월 2일 12시,월요일,대구광역시 남구 대명동,중상사고,0,1,0,0,차대사람 - 길가장자리구역통행중,안전운전불이행,건조,맑음,기타 - 기타,승용,남,86세,상해없음,보행자,여,44세,중상
2017100200100297,2017년 10월 2일 12시,월요일,대구광역시 동구 능성동,중상사고,0,1,1,0,차량단독 - 기타,안전운전불이행,건조,맑음,기타 - 기타,승용,남,63세,경상,,,,
2017100200100298,2017년 10월 2일 12시,월요일,대구광역시 중구 태평로1가,부상신고사고,0,0,0,1,차대차 - 기타,안전운전불이행,건조,맑음,교차로 - 교차로부근,자전거,남,57세,부상신고,승용,여,49세,상해없음
2017100200100319,2017년 10월 2일 13시,월요일,대구광역시 남구 대명동,중상사고,0,1,0,0,차대차 - 측면충돌,차로위반,건조,맑음,단일로 - 기타,건설기계,남,40세,상해없음,승용,여,51세,중상
2017100200100320,2017년 10월 2일 13시,월요일,대구광역시 수성구 황금동,경상사고,0,0,1,0,차대차 - 측면충돌,교차로운행방법위반,건조,맑음,교차로 - 교차로안,화물,남,48세,상해없음,자전거,남,69세,경상
2017100200100321,2017년 10월 2일 13시,월요일,대구광역시 북구 동천동,경상사고,0,0,1,1,차대차 - 기타,안전운전불이행,건조,맑음,단일로 - 기타,승용,여,34세,상해없음,승용,남,36세,경상
2017100200100374,2017년 10월 2일 14시,월요일,대구광역시 동구 율하동,경상사고,0,0,3,0,차대차 - 측면충돌,신호위반,건조,맑음,교차로 - 교차로안,승용,남,80세,경상,승용,여,35세,경상
2017100200100375,2017년 10월 2일 14시,월요일,대구광역시 서구 평리동,경상사고,0,0,2,0,차대차 - 측면충돌,안전운전불이행,건조,맑음,교차로 - 교차로부근,화물,남,52세,상해없음,승합,남,76세,경상
2017100200100376,2017년 10월 2일 14시,월요일,대구광역시 서구 비산동,경상사고,0,0,4,0,차대차 - 측면충돌,안전거리미확보,건조,맑음,단일로 - 기타,화물,남,49세,상해없음,승용,남,38세,경상
2017100200100454,2017년 10월 2일 16시,월요일,대구광역시 동구 방촌동,경상사고,0,0,1,0,차대차 - 측면충돌,안전운전불이행,건조,맑음,교차로 - 교차로부근,승용,남,38세,상해없음,자전거,남,11세,경상
2017100200100455,2017년 10월 2일 16시,월요일,대구광역시 달서구 송현동,경상사고,0,0,1,0,차대차 - 측면충돌,안전운전불이행,건조,맑음,단일로 - 기타,이륜,남,76세,경상,승용,남,64세,상해없음
2017100200100456,2017년 10월 2일 16시,월요일,대구광역시 북구 노원동3가,중상사고,0,1,0,0,차대차 - 측면충돌,불법유턴,건조,맑음,교차로 - 교차로부근,승용,남,63세,상해없음,승용,남,28세,중상
2017100200100505,2017년 10월 2일 17시,월요일,대구광역시 서구 내당동,경상사고,0,0,2,1,차대차 - 측면충돌,안전운전불이행,건조,맑음,단일로 - 기타,승합,남,63세,상해없음,승용,여,46세,경상
2017100200100539,2017년 10월 2일 18시,월요일,대구광역시 북구 산격동,경상사고,0,0,4,1,차대차 - 정면충돌,직진우회전진행방해,건조,맑음,교차로 - 교차로안,승용,여,68세,부상신고,승용,여,37세,경상
2017100200100540,2017년 10월 2일 18시,월요일,대구광역시 북구 복현동,중상사고,0,1,3,0,차대차 - 측면충돌,신호위반,건조,맑음,교차로 - 교차로안,승용,남,34세,경상,승용,남,64세,중상
2017100200100541,2017년 10월 2일 18시,월요일,대구광역시 서구 내당동,경상사고,0,0,1,0,차대차 - 측면충돌,안전운전불이행,건조,맑음,단일로 - 기타,승용,남,62세,상해없음,자전거,여,56세,경상
2017100200100583,2017년 10월 2일 19시,월요일,대구광역시 동구 지묘동,중상사고,0,1,0,0,차대사람 - 횡단중,안전운전불이행,건조,맑음,단일로 - 교량,승용,남,34세,상해없음,보행자,여,60세,중상
2017100200100584,2017년 10월 2일 19시,월요일,대구광역시 중구 동인동1가,부상신고사고,0,0,0,1,차대차 - 측면충돌,안전운전불이행,건조,맑음,교차로 - 교차로횡단보도내,기타불명,기타불명,미분류,기타불명,자전거,남,21세,부상신고
2017100200100617,2017년 10월 2일 20시,월요일,대구광역시 서구 비산동,중상사고,0,1,0,0,차대차 - 추돌,안전운전불이행,건조,맑음,단일로 - 기타,승용,남,19세,상해없음,승용,남,55세,중상
2017100200100618,2017년 10월 2일 20시,월요일,대구광역시 달서구 신당동,경상사고,0,0,2,0,차대차 - 기타,차로위반,건조,맑음,단일로 - 기타,승용,남,40세,상해없음,승용,남,32세,경상
2017100200100648,2017년 10월 2일 21시,월요일,대구광역시 달서구 이곡동,경상사고,0,0,1,0,차대차 - 추돌,안전거리미확보,건조,맑음,단일로 - 기타,승용,남,39세,기타불명,승용,남,23세,경상
2017100200100696,2017년 10월 2일 23시,월요일,대구광역시 동구 신천동,경상사고,0,0,1,0,차대차 - 측면충돌,신호위반,건조,맑음,교차로 - 교차로안,이륜,남,18세,경상,승용,남,30세,상해없음
2017100200100697,2017년 10월 2일 23시,월요일,대구광역시 북구 복현동,경상사고,0,0,1,0,차대차 - 추돌,안전운전불이행,건조,맑음,단일로 - 기타,승용,남,54세,상해없음,승용,남,41세,경상
2017100300100024,2017년 10월 3일 00시,화요일,대구광역시 달서구 상인동,중상사고,0,1,2,0,차대차 - 측면충돌,차로위반,건조,맑음,단일로 - 기타,원동기,남,75세,경상,원동기,남,21세,경상
2017100300100025,2017년 10월 3일 00시,화요일,대구광역시 서구 내당동,중상사고,0,1,0,0,차대사람 - 차도통행중,안전운전불이행,건조,맑음,단일로 - 기타,기타불명,기타불명,미분류,기타불명,보행자,남,51세,중상
2017100300100026,2017년 10월 3일 00시,화요일,대구광역시 중구 동인동3가,중상사고,0,1,0,0,차대차 - 측면충돌,차로위반,건조,맑음,단일로 - 기타,승용,남,50세,상해없음,승용,남,28세,중상
2017100300100064,2017년 10월 3일 04시,화요일,대구광역시 남구 봉덕동,중상사고,0,1,0,0,차대차 - 측면충돌,안전운전불이행,건조,맑음,교차로 - 교차로안,승용,남,23세,상해없음,승용,남,75세,중상
2017100300100065,2017년 10월 3일 04시,화요일,대구광역시 중구 삼덕동1가,중상사고,0,1,0,0,차대사람 - 길가장자리구역통행중,안전운전불이행,건조,맑음,단일로 - 기타,승용,남,27세,기타불명,보행자,남,23세,중상
2017100300100083,2017년 10월 3일 06시,화요일,대구광역시 달서구 감삼동,중상사고,0,1,0,0,차대차 - 추돌,안전운전불이행,건조,맑음,단일로 - 기타,화물,남,54세,상해없음,승용,남,36세,중상
2017100300100146,2017년 10월 3일 11시,화요일,대구광역시 남구 봉덕동,중상사고,0,1,2,0,차대차 - 추돌,안전운전불이행,건조,맑음,교차로 - 교차로부근,승용,남,22세,기타불명,승용,남,74세,중상
2017100300100147,2017년 10월 3일 11시,화요일,대구광역시 동구 방촌동,중상사고,0,1,0,0,차대사람 - 횡단중,보행자보호의무위반,건조,맑음,단일로 - 기타,기타불명,기타불명,미분류,기타불명,보행자,여,84세,중상
2017100300100230,2017년 10월 3일 14시,화요일,대구광역시 서구 비산동,중상사고,0,1,0,0,차대차 - 측면충돌,불법유턴,건조,맑음,교차로 - 교차로부근,승용,남,46세,상해없음,이륜,남,51세,중상
2017100300100256,2017년 10월 3일 15시,화요일,대구광역시 수성구 범물동,경상사고,0,0,1,0,차대차 - 측면충돌,안전운전불이행,건조,맑음,단일로 - 기타,승합,남,64세,상해없음,자전거,남,34세,경상
2017100300100257,2017년 10월 3일 15시,화요일,대구광역시 달서구 송현동,경상사고,0,0,1,0,차대사람 - 기타,안전운전불이행,건조,맑음,단일로 - 기타,승합,남,80세,상해없음,보행자,남,28세,경상
2017100300100281,2017년 10월 3일 16시,화요일,대구광역시 달서구 감삼동,경상사고,0,0,1,0,차대차 - 기타,안전운전불이행,젖음/습기,맑음,교차로 - 교차로안,승용,남,39세,상해없음,이륜,남,22세,경상
2017100300100299,2017년 10월 3일 17시,화요일,대구광역시 동구 효목동,경상사고,0,0,1,0,차대차 - 기타,안전운전불이행,건조,맑음,교차로 - 교차로부근,승용,남,62세,상해없음,승용,남,53세,상해없음
2017100300100326,2017년 10월 3일 18시,화요일,대구광역시 동구 신암동,경상사고,0,0,1,0,차대사람 - 보도통행중,안전운전불이행,건조,맑음,단일로 - 기타,화물,남,49세,상해없음,보행자,남,21세,경상
2017100300100327,2017년 10월 3일 18시,화요일,대구광역시 중구 남산동,경상사고,0,0,1,0,차대차 - 측면충돌,안전운전불이행,건조,맑음,단일로 - 기타,승용,남,57세,상해없음,승용,여,58세,상해없음
2017100300100343,2017년 10월 3일 19시,화요일,대구광역시 동구 지묘동,중상사고,0,1,0,0,차대사람 - 차도통행중,안전운전불이행,건조,맑음,교차로 - 교차로부근,승용,남,48세,상해없음,보행자,여,62세,중상
2017100300100394,2017년 10월 3일 21시,화요일,대구광역시 달서구 성당동,경상사고,0,0,1,0,차대차 - 기타,안전운전불이행,건조,맑음,단일로 - 기타,승용,남,52세,상해없음,이륜,남,43세,경상
2017100300100407,2017년 10월 3일 22시,화요일,대구광역시 달서구 이곡동,부상신고사고,0,0,0,1,차대사람 - 횡단중,안전운전불이행,건조,맑음,기타 - 기타,이륜,남,18세,부상신고,보행자,여,14세,상해없음
2017100300100423,2017년 10월 3일 23시,화요일,대구광역시 북구 복현동,중상사고,0,1,0,0,차대사람 - 차도통행중,안전운전불이행,건조,맑음,단일로 - 기타,승용,남,33세,상해없음,보행자,남,44세,중상
2017100400100020,2017년 10월 4일 00시,수요일,대구광역시 서구 비산동,중상사고,0,1,0,0,차대사람 - 횡단중,안전운전불이행,건조,맑음,단일로 - 기타,승용,남,66세,상해없음,보행자,남,60세,중상
2017100400100021,2017년 10월 4일 00시,수요일,대구광역시 중구 봉산동,중상사고,0,1,0,0,차대차 - 추돌,안전운전불이행,건조,맑음,단일로 - 기타,승용,남,49세,상해없음,승용,남,23세,중상
2017100400100032,2017년 10월 4일 01시,수요일,대구광역시 달서구 두류동,경상사고,0,0,1,0,차대차 - 추돌,안전운전불이행,건조,맑음,단일로 - 기타,승용,남,20세,상해없음,승용,남,19세,상해없음
2017100400100067,2017년 10월 4일 05시,수요일,대구광역시 수성구 수성동4가,중상사고,0,1,0,0,차량단독 - 공작물충돌,안전운전불이행,건조,맑음,단일로 - 기타,승용,남,18세,중상,,,,
2017100400100167,2017년 10월 4일 12시,수요일,대구광역시 달서구 월성동,중상사고,0,2,2,0,차대차 - 측면충돌,안전거리미확보,건조,맑음,단일로 - 기타,승용,남,52세,상해없음,승용,남,26세,중상
2017100400100218,2017년 10월 4일 14시,수요일,대구광역시 동구 도동,경상사고,0,0,1,1,차대차 - 추돌,안전운전불이행,건조,맑음,단일로 - 기타,승용,남,60세,상해없음,승용,남,37세,경상
2017100400100220,2017년 10월 4일 14시,수요일,대구광역시 동구 효목동,경상사고,0,0,1,0,차대차 - 추돌,안전거리미확보,건조,맑음,단일로 - 기타,승용,남,64세,상해없음,승용,남,27세,경상
2017100400100244,2017년 10월 4일 15시,수요일,대구광역시 수성구 범어동,경상사고,0,0,2,0,차대차 - 추돌,안전운전불이행,건조,맑음,교차로 - 교차로부근,승용,여,54세,상해없음,승용,남,57세,상해없음
2017100400100245,2017년 10월 4일 15시,수요일,대구광역시 달서구 두류동,경상사고,0,0,3,0,차대차 - 기타,안전운전불이행,건조,맑음,단일로 - 기타,승용,기타불명,미분류,기타불명,승용,여,49세,경상
2017100400100287,2017년 10월 4일 17시,수요일,대구광역시 서구 평리동,중상사고,0,1,0,0,차대사람 - 기타,안전운전불이행,건조,맑음,기타 - 기타,승용,남,35세,상해없음,보행자,남,45세,중상
2017100400100288,2017년 10월 4일 17시,수요일,대구광역시 중구 동성로2가,경상사고,0,0,1,2,차대차 - 측면충돌,안전거리미확보,건조,맑음,단일로 - 기타,승용,여,45세,부상신고,승용,여,28세,경상
2017100400100308,2017년 10월 4일 18시,수요일,대구광역시 북구 관음동,부상신고사고,0,0,0,1,차대차 - 추돌,안전운전불이행,건조,맑음,단일로 - 기타,승용,남,51세,상해없음,승용,남,34세,상해없음
2017100400100314,2017년 10월 4일 18시,수요일,대구광역시 북구 침산동,경상사고,0,0,1,0,차대차 - 기타,안전운전불이행,건조,맑음,교차로 - 교차로부근,화물,남,48세,상해없음,자전거,남,78세,경상
2017100400100348,2017년 10월 4일 20시,수요일,대구광역시 북구 동변동,경상사고,0,0,5,0,차대차 - 측면충돌,교차로운행방법위반,건조,맑음,교차로 - 교차로안,승용,남,34세,경상,승용,여,55세,경상
2017100400100386,2017년 10월 4일 23시,수요일,대구광역시 달성군 화원읍,중상사고,0,1,1,0,차대차 - 추돌,안전운전불이행,건조,맑음,교차로 - 교차로부근,승용,남,22세,상해없음,승용,남,31세,중상
2017100400100387,2017년 10월 4일 23시,수요일,대구광역시 서구 평리동,중상사고,0,1,0,0,차대사람 - 횡단중,신호위반,건조,맑음,단일로 - 기타,승용,남,61세,상해없음,보행자,남,34세,중상
2017100500100026,2017년 10월 5일 01시,목요일,대구광역시 중구 삼덕동1가,중상사고,0,1,0,0,차대사람 - 보도통행중,안전운전불이행,건조,맑음,단일로 - 기타,승용,남,30세,상해없음,보행자,여,22세,중상
2017100500100027,2017년 10월 5일 01시,목요일,대구광역시 달서구 죽전동,경상사고,0,0,1,0,차대차 - 추돌,안전운전불이행,건조,맑음,단일로 - 기타,승용,남,46세,상해없음,승용,남,63세,경상
2017100500100036,2017년 10월 5일 02시,목요일,대구광역시 동구 검사동,중상사고,0,1,0,0,차대사람 - 횡단중,안전운전불이행,건조,맑음,단일로 - 기타,승용,남,55세,상해없음,보행자,남,52세,중상
2017100500100037,2017년 10월 5일 02시,목요일,대구광역시 달서구 호산동,중상사고,0,2,0,0,차대차 - 측면충돌,신호위반,건조,맑음,교차로 - 교차로안,승용,남,19세,상해없음,승용,남,19세,기타불명
2017100500100049,2017년 10월 5일 03시,목요일,대구광역시 수성구 만촌동,중상사고,0,1,1,0,차대차 - 추돌,안전거리미확보,건조,맑음,교차로 - 교차로부근,승용,남,60세,기타불명,승용,남,26세,중상
2017100500100050,2017년 10월 5일 03시,목요일,대구광역시 중구 삼덕동1가,경상사고,0,0,1,0,차대사람 - 기타,안전운전불이행,건조,맑음,단일로 - 기타,승용,남,22세,상해없음,보행자,남,22세,경상
2017100500100062,2017년 10월 5일 04시,목요일,대구광역시 수성구 상동,경상사고,0,0,1,0,차대차 - 측면충돌,안전운전불이행,건조,맑음,단일로 - 기타,승용,여,57세,상해없음,화물,남,44세,상해없음