사고번호,사고일시,요일,시군구,사고내용,사망자수,중상자수,경상자수,부상신고자수,사고유형,법규위반,노면상태,기상상태,도로형태,가해운전자 차종,가해운전자 성별,가해운전자 연령,가해운전자 상해정도,피해운전자 차종,피해운전자 성별,피해운전자 연령,피해운전자 상해정도
2017100500100067,2017년 10월 5일 05시,목요일,대구광역시 중구 삼덕동1가,경상사고,0,0,1,0,차대사람 - 기타,안전운전불이행,건조,맑음,단일로 - 기타,승용,남,30세,상해없음,보행자,남,28세,경상
2017100500100093,2017년 10월 5일 08시,목요일,대구광역시 달서구 갈산동,중상사고,0,1,3,0,차대차 - 측면충돌,신호위반,건조,맑음,교차로 - 교차로안,승용,남,46세,상해없음,승용,남,63세,경상
2017100500100097,2017년 10월 5일 09시,목요일,대구광역시 달성군 다사읍,경상사고,0,0,1,0,차대사람 - 기타,안전운전불이행,건조,맑음,기타 - 기타,승용,여,59세,상해없음,보행자,남,48세,경상
2017100500100098,2017년 10월 5일 09시,목요일,대구광역시 서구 비산동,중상사고,0,1,0,0,차량단독 - 전도전복,안전운전불이행,건조,맑음,단일로 - 기타,원동기,남,31세,중상,미분류,미분류,미분류,미분류
2017100500100128,2017년 10월 5일 11시,목요일,대구광역시 동구 효목동,경상사고,0,0,1,0,차대차 - 측면충돌,안전거리미확보,건조,맑음,단일로 - 기타,승용,여,24세,상해없음,승용,남,71세,경상
2017100500100144,2017년 10월 5일 12시,목요일,대구광역시 동구 미대동,중상사고,0,1,0,0,차대차 - 측면충돌,안전운전불이행,건조,맑음,교차로 - 교차로안,승용,남,62세,상해없음,승용,남,64세,중상
2017100500100185,2017년 10월 5일 14시,목요일,대구광역시 서구 상리동,경상사고,0,0,3,0,차대차 - 기타,안전운전불이행,건조,흐림,단일로 - 기타,승용,여,50세,상해없음,승용,남,33세,경상
2017100500100298,2017년 10월 5일 19시,목요일,대구광역시 달서구 두류동,경상사고,0,0,1,0,차대사람 - 기타,안전운전불이행,건조,맑음,단일로 - 기타,승용,여,30세,상해없음,보행자,여,25세,경상
2017100500100322,2017년 10월 5일 20시,목요일,대구광역시 북구 관음동,경상사고,0,0,2,0,차대차 - 측면충돌,안전운전불이행,건조,맑음,교차로 - 교차로안,기타불명,기타불명,미분류,기타불명,승용,여,44세,경상
2017100500100347,2017년 10월 5일 21시,목요일,대구광역시 수성구 두산동,중상사고,0,1,0,0,차대차 - 측면충돌,안전운전불이행,건조,맑음,교차로 - 교차로안,승용,남,63세,상해없음,이륜,남,24세,중상
2017100500100348,2017년 10월 5일 21시,목요일,대구광역시 중구 동인동3가,경상사고,0,0,1,0,차대차 - 기타,안전운전불이행,건조,맑음,단일로 - 기타,승용,남,54세,상해없음,승용,남,30세,경상
2017100500100392,2017년 10월 5일 23시,목요일,대구광역시 동구 신천동,경상사고,0,0,1,0,차대차 - 측면충돌,차로위반,젖음/습기,비,단일로 - 기타,승용,남,57세,상해없음,이륜,남,23세,경상
2017100500100393,2017년 10월 5일 23시,목요일,대구광역시 동구 신암동,경상사고,0,0,2,0,차대차 - 측면충돌,신호위반,건조,맑음,교차로 - 교차로안,승용,여,20세,상해없음,승용,남,34세,경상
2017100500100394,2017년 10월 5일 23시,목요일,대구광역시 달서구 상인동,경상사고,0,0,1,0,차대사람 - 길가장자리구역통행중,안전운전불이행,젖음/습기,비,단일로 - 기타,승용,남,27세,상해없음,보행자,남,28세,경상
2017100600100023,2017년 10월 6일 00시,금요일,대구광역시 달서구 상인동,중상사고,0,1,0,0,차대사람 - 차도통행중,안전운전불이행,젖음/습기,맑음,교차로 - 교차로안,승용,남,42세,상해없음,보행자,여,27세,중상
2017100600100024,2017년 10월 6일 00시,금요일,대구광역시 달서구 진천동,경상사고,0,0,1,0,차량단독 - 기타,안전운전불이행,건조,맑음,단일로 - 기타,승용,남,67세,상해없음,,,,
2017100600100041,2017년 10월 6일 01시,금요일,대구광역시 수성구 신매동,경상사고,0,0,1,0,차대차 - 측면충돌,안전거리미확보,건조,맑음,교차로 - 교차로부근,승용,남,57세,상해없음,이륜,남,18세,경상
2017100600100042,2017년 10월 6일 01시,금요일,대구광역시 달서구 송현동,경상사고,0,0,1,0,차대차 - 측면충돌,안전운전불이행,건조,맑음,단일로 - 기타,이륜,남,38세,경상,승용,여,44세,기타불명
2017100600100060,2017년 10월 6일 02시,금요일,대구광역시 동구 신암동,중상사고,0,1,5,0,차대차 - 측면충돌,교차로운행방법위반,건조,맑음,교차로 - 교차로안,승용,여,58세,경상,승용,남,69세,경상
2017100600100072,2017년 10월 6일 03시,금요일,대구광역시 달성군 다사읍,사망사고,1,0,0,0,차량단독 - 기타,안전운전불이행,건조,맑음,단일로 - 기타,이륜,남,18세,사망,,,,
2017100600100091,2017년 10월 6일 05시,금요일,대구광역시 북구 구암동,중상사고,0,1,0,0,차대사람 - 기타,안전운전불이행,젖음/습기,비,교차로 - 교차로안,승합,남,50세,상해없음,보행자,남,77세,중상
2017100600100101,2017년 10월 6일 06시,금요일,대구광역시 남구 이천동,경상사고,0,0,1,0,차대차 - 추돌,안전운전불이행,젖음/습기,비,단일로 - 기타,승합,남,30세,상해없음,승용,남,54세,경상
2017100600100114,2017년 10월 6일 07시,금요일,대구광역시 중구 봉산동,중상사고,0,1,1,0,차대차 - 측면충돌,중앙선침범,젖음/습기,비,교차로 - 교차로부근,승용,남,35세,상해없음,승용,남,69세,중상
2017100600100122,2017년 10월 6일 08시,금요일,대구광역시 달성군 유가면,중상사고,0,1,0,0,차대차 - 측면충돌,신호위반,젖음/습기,비,교차로 - 교차로부근,승용,남,59세,상해없음,승용,여,59세,중상
2017100600100123,2017년 10월 6일 08시,금요일,대구광역시 중구 봉산동,경상사고,0,0,3,0,차대차 - 측면충돌,교차로운행방법위반,젖음/습기,비,교차로 - 교차로부근,승용,남,50세,상해없음,화물,남,58세,경상
2017100600100137,2017년 10월 6일 09시,금요일,대구광역시 수성구 수성동1가,경상사고,0,0,1,0,차대사람 - 차도통행중,안전운전불이행,젖음/습기,비,단일로 - 기타,승용,남,53세,상해없음,보행자,여,44세,경상
2017100600100173,2017년 10월 6일 11시,금요일,대구광역시 달서구 신당동,경상사고,0,0,1,0,차량단독 - 전도전복,안전운전불이행,젖음/습기,비,단일로 - 기타,이륜,남,57세,경상,미분류,미분류,미분류,미분류
2017100600100187,2017년 10월 6일 12시,금요일,대구광역시 달서구 상인동,경상사고,0,0,1,0,차대차 - 기타,안전운전불이행,건조,맑음,단일로 - 기타,승용,남,48세,상해없음,승용,남,49세,경상
2017100600100188,2017년 10월 6일 12시,금요일,대구광역시 달서구 상인동,경상사고,0,0,1,0,차대사람 - 횡단중,안전운전불이행,건조,맑음,교차로 - 교차로안,기타불명,기타불명,미분류,기타불명,보행자,여,27세,경상
2017100600100209,2017년 10월 6일 13시,금요일,대구광역시 수성구 황금동,경상사고,0,0,2,1,차대차 - 측면충돌,직진우회전진행방해,젖음/습기,흐림,교차로 - 교차로안,승용,남,62세,부상신고,승용,남,48세,경상
2017100600100234,2017년 10월 6일 14시,금요일,대구광역시 달서구 본동,경상사고,0,0,1,0,차대사람 - 횡단중,안전운전불이행,젖음/습기,맑음,단일로 - 기타,승용,남,63세,상해없음,보행자,남,57세,경상
2017100600100286,2017년 10월 6일 17시,금요일,대구광역시 동구 신암동,경상사고,0,0,1,0,차대사람 - 기타,안전운전불이행,건조,맑음,단일로 - 기타,자전거,남,58세,상해없음,보행자,여,36세,경상
2017100600100316,2017년 10월 6일 18시,금요일,대구광역시 북구 노원동1가,경상사고,0,0,2,0,차대차 - 측면충돌,신호위반,건조,맑음,교차로 - 교차로안,승용,남,70세,상해없음,승용,남,49세,경상
2017100600100342,2017년 10월 6일 19시,금요일,대구광역시 달성군 다사읍,경상사고,0,0,1,0,차대사람 - 기타,안전운전불이행,건조,맑음,기타 - 기타,화물,남,63세,상해없음,보행자,남,39세,경상
2017100600100343,2017년 10월 6일 19시,금요일,대구광역시 서구 내당동,경상사고,0,0,4,0,차대차 - 측면충돌,안전운전불이행,건조,맑음,교차로 - 교차로안,승용,남,41세,상해없음,승용,남,22세,경상
2017100600100363,2017년 10월 6일 20시,금요일,대구광역시 수성구 범물동,경상사고,0,0,2,0,차대차 - 기타,신호위반,젖음/습기,비,교차로 - 교차로안,승용,남,56세,상해없음,승용,남,45세,상해없음
2017100600100364,2017년 10월 6일 20시,금요일,대구광역시 수성구 범어동,경상사고,0,0,1,0,차대차 - 추돌,신호위반,건조,맑음,교차로 - 교차로안,승용,여,62세,상해없음,승용,남,47세,경상
2017100600100365,2017년 10월 6일 20시,금요일,대구광역시 달성군 옥포면,경상사고,0,0,1,0,차대차 - 기타,안전운전불이행,건조,맑음,기타 - 기타,승용,여,52세,상해없음,승용,남,28세,경상
2017100600100366,2017년 10월 6일 20시,금요일,대구광역시 달성군 다사읍,경상사고,0,0,4,0,차대차 - 기타,안전거리미확보,건조,맑음,교차로 - 교차로안,승용,여,57세,상해없음,승용,여,24세,경상
2017100600100367,2017년 10월 6일 20시,금요일,대구광역시 북구 동천동,중상사고,0,1,0,0,차대차 - 측면충돌,안전거리미확보,젖음/습기,흐림,단일로 - 기타,승용,여,36세,상해없음,원동기,남,19세,중상
2017100600100390,2017년 10월 6일 21시,금요일,대구광역시 중구 대신동,중상사고,0,1,0,0,차대차 - 측면충돌,차로위반,건조,맑음,단일로 - 기타,승용,남,59세,중상,승용,남,58세,상해없음
2017100600100419,2017년 10월 6일 22시,금요일,대구광역시 수성구 수성동2가,경상사고,0,0,2,0,차대차 - 추돌,안전운전불이행,건조,맑음,교차로 - 교차로안,승용,남,57세,상해없음,승용,남,30세,경상
2017100600100420,2017년 10월 6일 22시,금요일,대구광역시 달서구 송현동,경상사고,0,0,1,0,차대차 - 추돌,안전운전불이행,젖음/습기,비,단일로 - 기타,승용,남,64세,상해없음,승용,여,26세,경상
2017100600100421,2017년 10월 6일 22시,금요일,대구광역시 달서구 두류동,사망사고,1,0,0,0,차대차 - 측면충돌,신호위반,건조,맑음,교차로 - 교차로안,승용,남,42세,상해없음,이륜,남,27세,사망
2017100600100439,2017년 10월 6일 23시,금요일,대구광역시 수성구 상동,경상사고,0,0,2,0,차대차 - 기타,안전운전불이행,건조,맑음,단일로 - 기타,승용,남,32세,상해없음,승용,남,46세,상해없음
2017100700100030,2017년 10월 7일 00시,토요일,대구광역시 수성구 수성동2가,경상사고,0,0,1,0,차대차 - 측면충돌,안전운전불이행,건조,맑음,교차로 - 교차로안,승용,남,61세,상해없음,이륜,남,43세,경상
2017100700100031,2017년 10월 7일 00시,토요일,대구광역시 달서구 본동,중상사고,0,1,0,0,차대차 - 측면충돌,안전운전불이행,건조,맑음,교차로 - 교차로부근,승용,남,30세,상해없음,승용,남,28세,중상
2017100700100048,2017년 10월 7일 01시,토요일,대구광역시 중구 삼덕동1가,경상사고,0,0,1,0,차대사람 - 기타,안전운전불이행,건조,맑음,교차로 - 교차로안,승용,남,22세,상해없음,보행자,여,27세,경상
2017100700100068,2017년 10월 7일 03시,토요일,대구광역시 달서구 본리동,경상사고,0,0,2,0,차대차 - 측면충돌,교차로운행방법위반,건조,흐림,교차로 - 교차로안,승용,여,19세,경상,승용,남,56세,경상
2017100700100087,2017년 10월 7일 06시,토요일,대구광역시 남구 대명동,경상사고,0,0,1,0,차대차 - 측면충돌,안전운전불이행,건조,맑음,교차로 - 교차로안,화물,남,52세,상해없음,이륜,남,32세,경상
2017100700100088,2017년 10월 7일 06시,토요일,대구광역시 수성구 수성동4가,중상사고,0,1,0,0,차대사람 - 차도통행중,안전운전불이행,건조,맑음,단일로 - 기타,승용,남,39세,상해없음,보행자,남,56세,중상
2017100700100124,2017년 10월 7일 09시,토요일,대구광역시 동구 신천동,경상사고,0,0,2,1,차대차 - 측면충돌,안전거리미확보,건조,맑음,단일로 - 기타,승용,남,65세,부상신고,승용,남,78세,경상
2017100700100125,2017년 10월 7일 09시,토요일,대구광역시 수성구 만촌동,중상사고,0,1,0,0,차대차 - 추돌,안전운전불이행,건조,맑음,단일로 - 기타,승용,남,38세,상해없음,승용,여,49세,중상
2017100700100200,2017년 10월 7일 12시,토요일,대구광역시 서구 이현동,경상사고,0,0,1,0,차대차 - 측면충돌,차로위반,건조,맑음,단일로 - 기타,승용,남,52세,상해없음,이륜,남,48세,경상
2017100700100228,2017년 10월 7일 13시,토요일,대구광역시 북구 침산동,경상사고,0,0,1,0,차대차 - 측면충돌,안전거리미확보,건조,맑음,단일로 - 기타,승용,여,51세,상해없음,승용,남,70세,상해없음
2017100700100257,2017년 10월 7일 14시,토요일,대구광역시 동구 미대동,중상사고,0,1,3,0,차대차 - 측면충돌,안전거리미확보,건조,맑음,단일로 - 기타,승합,남,56세,상해없음,승용,남,45세,중상
2017100700100258,2017년 10월 7일 14시,토요일,대구광역시 달서구 진천동,경상사고,0,0,2,0,차대차 - 추돌,안전거리미확보,건조,맑음,단일로 - 기타,승용,남,63세,경상,승용,여,24세,경상
2017100700100259,2017년 10월 7일 14시,토요일,대구광역시 북구 복현동,부상신고사고,0,0,0,1,차대사람 - 횡단중,안전운전불이행,건조,맑음,교차로 - 교차로부근,사륜오토바이(ATV),남,24세,부상신고,보행자,여,39세,상해없음
2017100700100260,2017년 10월 7일 14시,토요일,대구광역시 북구 복현동,경상사고,0,0,1,0,차대차 - 측면충돌,안전운전불이행,건조,맑음,교차로 - 교차로부근,승용,여,50세,상해없음,이륜,남,38세,경상
2017100700100261,2017년 10월 7일 14시,토요일,대구광역시 북구 읍내동,경상사고,0,0,1,0,차대차 - 기타,안전운전불이행,건조,맑음,단일로 - 기타,승용,남,48세,상해없음,승용,여,31세,경상
2017100700100291,2017년 10월 7일 15시,토요일,대구광역시 서구 내당동,중상사고,0,1,0,0,차대차 - 측면충돌,차로위반,건조,맑음,교차로 - 교차로부근,승용,남,67세,상해없음,이륜,남,36세,중상
2017100700100326,2017년 10월 7일 16시,토요일,대구광역시 달성군 화원읍,경상사고,0,0,5,0,차대차 - 측면충돌,신호위반,건조,맑음,교차로 - 교차로안,승용,여,53세,상해없음,승용,남,52세,상해없음
2017100700100348,2017년 10월 7일 17시,토요일,대구광역시 달서구 두류동,경상사고,0,0,1,0,차대차 - 측면충돌,차로위반,건조,맑음,단일로 - 기타,승용,남,58세,상해없음,이륜,남,36세,경상
2017100700100387,2017년 10월 7일 18시,토요일,대구광역시 달서구 상인동,경상사고,0,0,1,0,차대차 - 측면충돌,교차로운행방법위반,건조,맑음,교차로 - 교차로부근,승용,남,65세,상해없음,승용,여,55세,경상
2017100700100388,2017년 10월 7일 18시,토요일,대구광역시 서구 상리동,경상사고,0,0,2,0,차대차 - 측면충돌,안전거리미확보,건조,맑음,단일로 - 기타,건설기계,남,42세,상해없음,승용,여,56세,경상
2017100700100389,2017년 10월 7일 18시,토요일,대구광역시 서구 평리동,경상사고,0,0,1,0,차대사람 - 길가장자리구역통행중,안전운전불이행,건조,맑음,단일로 - 기타,화물,남,42세,상해없음,보행자,남,56세,경상
2017100700100443,2017년 10월 7일 20시,토요일,대구광역시 달서구 월성동,경상사고,0,0,1,0,차대차 - 기타,안전운전불이행,건조,맑음,단일로 - 기타,승용,여,44세,상해없음,이륜,남,17세,경상
2017100700100444,2017년 10월 7일 20시,토요일,대구광역시 달성군 화원읍,경상사고,0,0,1,0,차대사람 - 기타,안전운전불이행,건조,맑음,단일로 - 기타,기타불명,기타불명,미분류,기타불명,보행자,남,18세,경상
2017100700100445,2017년 10월 7일 20시,토요일,대구광역시 달서구 용산동,경상사고,0,0,3,0,차대차 - 측면충돌,차로위반,건조,맑음,단일로 - 기타,이륜,남,18세,상해없음,승용,남,37세,경상
2017100700100466,2017년 10월 7일 21시,토요일,대구광역시 달서구 월성동,중상사고,0,1,0,0,차대사람 - 기타,안전운전불이행,건조,맑음,단일로 - 기타,이륜,남,18세,상해없음,보행자,여,76세,중상
2017100700100467,2017년 10월 7일 21시,토요일,대구광역시 북구 동천동,중상사고,0,1,0,0,차대차 - 측면충돌,신호위반,건조,맑음,교차로 - 교차로안,승용,남,41세,상해없음,이륜,남,22세,중상
2017100700100515,2017년 10월 7일 23시,토요일,대구광역시 서구 평리동,중상사고,0,1,1,1,차대차 - 측면충돌,신호위반,건조,맑음,교차로 - 교차로안,이륜,남,14세,부상신고,승용,남,42세,경상
2017100800100024,2017년 10월 8일 00시,일요일,대구광역시 수성구 수성동4가,경상사고,0,0,2,0,차대차 - 추돌,안전거리미확보,건조,맑음,교차로 - 교차로안,승용,여,23세,상해없음,승용,남,58세,경상
2017100800100042,2017년 10월 8일 02시,일요일,대구광역시 북구 구암동,경상사고,0,0,1,0,차대차 - 측면충돌,안전운전불이행,건조,맑음,단일로 - 기타,승용,남,23세,상해없음,승용,남,34세,상해없음
2017100800100088,2017년 10월 8일 08시,일요일,대구광역시 동구 도학동,중상사고,0,1,0,0,차대사람 - 횡단중,안전운전불이행,건조,맑음,단일로 - 기타,승용,여,54세,상해없음,보행자,여,8세,중상
2017100800100089,2017년 10월 8일 08시,일요일,대구광역시 수성구 지산동,부상신고사고,0,0,0,1,차량단독 - 전도전복 - 전도,안전운전불이행,건조,맑음,단일로 - 기타,자전거,남,13세,부상신고,,,,
2017100800100090,2017년 10월 8일 08시,일요일,대구광역시 달서구 월암동,경상사고,0,0,1,0,차대차 - 측면충돌,안전운전불이행,건조,맑음,단일로 - 기타,승용,여,47세,경상,화물,남,45세,상해없음
2017100800100122,2017년 10월 8일 10시,일요일,대구광역시 달서구 두류동,중상사고,0,2,2,0,차대차 - 추돌,안전운전불이행,건조,맑음,단일로 - 기타,승용,남,80세,상해없음,승용,남,35세,중상
2017100800100158,2017년 10월 8일 12시,일요일,대구광역시 동구 신천동,경상사고,0,0,1,1,차대차 - 측면충돌,안전운전불이행,건조,맑음,단일로 - 기타,이륜,남,23세,부상신고,승용,남,45세,상해없음
2017100800100179,2017년 10월 8일 13시,일요일,대구광역시 달서구 유천동,중상사고,0,1,4,0,차대차 - 측면충돌,안전운전불이행,건조,맑음,교차로 - 교차로안,승용,남,30세,상해없음,승용,남,38세,중상
2017100800100180,2017년 10월 8일 13시,일요일,대구광역시 달서구 진천동,중상사고,0,1,0,0,차대차 - 기타,안전거리미확보,건조,맑음,단일로 - 기타,승용,남,38세,상해없음,승합,남,38세,상해없음
2017100800100233,2017년 10월 8일 15시,일요일,대구광역시 수성구 황금동,경상사고,0,0,1,0,차대사람 - 보도통행중,기타,건조,맑음,단일로 - 기타,승용,남,49세,기타불명,보행자,여,20세,경상
2017100800100234,2017년 10월 8일 15시,일요일,대구광역시 북구 관음동,경상사고,0,0,2,0,차대차 - 기타,교차로운행방법위반,건조,맑음,교차로 - 교차로안,자전거,남,7세,경상,승용,남,41세,상해없음
2017100800100235,2017년 10월 8일 15시,일요일,대구광역시 북구 매천동,부상신고사고,0,0,0,1,차대차 - 기타,안전운전불이행,건조,맑음,단일로 - 기타,자전거,남,67세,부상신고,승용,남,47세,상해없음
2017100800100236,2017년 10월 8일 15시,일요일,대구광역시 북구 학정동,중상사고,0,1,0,0,차대사람 - 기타,안전운전불이행,건조,맑음,교차로 - 교차로부근,승용,여,51세,상해없음,보행자,여,67세,중상
2017100800100259,2017년 10월 8일 16시,일요일,대구광역시 달성군 가창면,부상신고사고,0,0,0,1,차대사람 - 횡단중,기타,건조,맑음,단일로 - 기타,기타불명,기타불명,미분류,기타불명,보행자,여,9세,부상신고
2017100800100260,2017년 10월 8일 16시,일요일,대구광역시 북구 산격동,경상사고,0,0,1,0,차대차 - 측면충돌,신호위반,건조,맑음,교차로 - 교차로안,승용,여,47세,상해없음,승용,여,33세,경상
2017100800100282,2017년 10월 8일 17시,일요일,대구광역시 달서구 본리동,경상사고,0,0,1,0,차대사람 - 기타,안전운전불이행,건조,맑음,기타 - 기타,승용,남,25세,상해없음,보행자,남,64세,경상
2017100800100324,2017년 10월 8일 18시,일요일,대구광역시 중구 동인동1가,부상신고사고,0,0,0,1,차대차 - 측면충돌,중앙선침범,건조,맑음,교차로 - 교차로부근,자전거,남,23세,부상신고,승용,남,47세,상해없음
2017100800100349,2017년 10월 8일 19시,일요일,대구광역시 동구 불로동,중상사고,0,1,0,0,차대차 - 측면충돌,안전운전불이행,건조,맑음,교차로 - 교차로부근,승용,남,61세,상해없음,이륜,남,40세,중상
2017100800100350,2017년 10월 8일 19시,일요일,대구광역시 달서구 대천동,경상사고,0,0,2,0,차대차 - 추돌,안전운전불이행,건조,맑음,단일로 - 기타,승용,여,48세,상해없음,승용,남,45세,경상
2017100800100366,2017년 10월 8일 20시,일요일,대구광역시 중구 종로2가,경상사고,0,0,1,0,차대사람 - 길가장자리구역통행중,안전운전불이행,건조,맑음,단일로 - 기타,기타불명,기타불명,미분류,기타불명,보행자,여,40세,경상
2017100800100367,2017년 10월 8일 20시,일요일,대구광역시 달서구 성당동,경상사고,0,0,1,0,차대차 - 기타,기타,건조,맑음,단일로 - 기타,승용,남,47세,기타불명,이륜,남,62세,경상
2017100800100406,2017년 10월 8일 22시,일요일,대구광역시 동구 신암동,경상사고,0,0,1,0,차대차 - 추돌,안전운전불이행,건조,맑음,교차로 - 교차로안,승용,남,26세,상해없음,승용,남,64세,상해없음
2017100800100407,2017년 10월 8일 22시,일요일,대구광역시 달서구 진천동,경상사고,0,0,4,0,차대차 - 기타,안전거리미확보,건조,맑음,단일로 - 기타,승용,남,51세,상해없음,승용,여,38세,경상
2017100800100422,2017년 10월 8일 23시,일요일,대구광역시 남구 대명동,경상사고,0,0,1,0,차대사람 - 길가장자리구역통행중,안전운전불이행,건조,맑음,단일로 - 기타,승용,남,76세,상해없음,보행자,남,22세,경상
2017100800100423,2017년 10월 8일 23시,일요일,대구광역시 달성군 다사읍,중상사고,0,1,1,0,차대차 - 기타,안전운전불이행,건조,맑음,단일로 - 기타,기타불명,남,16세,경상,기타불명,여,22세,중상
2017100800100424,2017년 10월 8일 23시,일요일,대구광역시 북구 침산동,경상사고,0,0,1,0,차대사람 - 차도통행중,안전운전불이행,건조,맑음,교차로 - 교차로횡단보도내,승용,남,27세,상해없음,보행자,여,16세,경상
2017100900100039,2017년 10월 9일 01시,월요일,대구광역시 달서구 두류동,경상사고,0,0,2,0,차대차 - 추돌,안전운전불이행,건조,맑음,단일로 - 기타,승용,남,31세,상해없음,승용,남,21세,경상
2017100900100061,2017년 10월 9일 04시,월요일,대구광역시 달서구 상인동,중상사고,0,1,0,0,차대차 - 측면충돌,안전거리미확보,건조,맑음,단일로 - 기타,승용,남,49세,상해없음,이륜,남,38세,중상
2017100900100062,2017년 10월 9일 04시,월요일,대구광역시 중구 삼덕동2가,중상사고,0,1,0,0,차대사람 - 횡단중,중앙선침범,건조,맑음,단일로 - 기타,승용,남,60세,상해없음,보행자,여,24세,중상
2017100900100090,2017년 10월 9일 07시,월요일,대구광역시 수성구 범어동,부상신고사고,0,0,0,1,차대차 - 측면충돌,안전운전불이행,건조,맑음,교차로 - 교차로안,승용,남,67세,부상신고,승용,남,60세,상해없음
2017100900100091,2017년 10월 9일 07시,월요일,대구광역시 서구 내당동,중상사고,0,1,0,0,차대차 - 측면충돌,신호위반,건조,맑음,단일로 - 기타,승용,남,21세,상해없음,개인형이동수단(PM),남,52세,중상
2017100900100115,2017년 10월 9일 09시,월요일,대구광역시 북구 칠성동2가,경상사고,0,0,1,0,차대차 - 측면충돌,신호위반,건조,맑음,교차로 - 교차로안,승합,남,57세,상해없음,화물,남,56세,상해없음
2017100900100134,2017년 10월 9일 10시,월요일,대구광역시 북구 노곡동,사망사고,1,0,0,0,차대사람 - 횡단중,보행자보호의무위반,건조,맑음,단일로 - 교량,화물,남,32세,상해없음,보행자,여,57세,사망
2017100900100169,2017년 10월 9일 12시,월요일,대구광역시 북구 산격동,경상사고,0,0,1,0,차대차 - 측면충돌,안전운전불이행,건조,맑음,단일로 - 기타,자전거,남,63세,경상,승용,남,53세,상해없음
2017100900100170,2017년 10월 9일 12시,월요일,대구광역시 서구 비산동,중상사고,0,1,0,0,차대사람 - 횡단중,안전운전불이행,건조,맑음,교차로 - 교차로안,화물,남,58세,상해없음,보행자,여,70세,중상
2017100900100193,2017년 10월 9일 13시,월요일,대구광역시 동구 방촌동,경상사고,0,0,1,0,차대차 - 측면충돌,안전운전불이행,건조,맑음,교차로 - 교차로횡단보도내,승용,남,60세,상해없음,자전거,남,28세,경상
2017100900100194,2017년 10월 9일 13시,월요일,대구광역시 수성구 두산동,중상사고,0,1,0,0,차대차 - 측면충돌,안전운전불이행,건조,맑음,교차로 - 교차로안,승용,남,56세,상해없음,자전거,남,58세,중상
2017100900100195,2017년 10월 9일 13시,월요일,대구광역시 서구 비산동,중상사고,0,1,2,0,차대차 - 추돌,안전거리미확보,건조,맑음,단일로 - 기타,화물,남,52세,상해없음,승용,남,42세,중상
2017100900100196,2017년 10월 9일 13시,월요일,대구광역시 달서구 용산동,경상사고,0,0,3,0,차대차 - 측면충돌,안전운전불이행,건조,맑음,기타 - 기타,승용,여,63세,경상,승용,남,26세,경상
2017100900100219,2017년 10월 9일 14시,월요일,대구광역시 수성구 황금동,경상사고,0,0,2,0,차대차 - 추돌,안전운전불이행,건조,맑음,교차로 - 교차로부근,승용,여,52세,상해없음,승용,여,46세,경상
2017100900100220,2017년 10월 9일 14시,월요일,대구광역시 서구 내당동,중상사고,0,1,0,0,차대사람 - 횡단중,안전운전불이행,건조,맑음,단일로 - 기타,승용,남,58세,상해없음,보행자,여,51세,중상
2017100900100248,2017년 10월 9일 15시,월요일,대구광역시 달서구 진천동,경상사고,0,0,1,0,차대차 - 기타,안전운전불이행,건조,맑음,단일로 - 기타,승용,여,53세,상해없음,자전거,여,26세,경상
2017100900100289,2017년 10월 9일 16시,월요일,대구광역시 동구 지저동,경상사고,0,0,1,0,차대차 - 측면충돌,안전운전불이행,건조,맑음,기타 - 기타,승용,남,57세,경상,승용,남,64세,상해없음
2017100900100290,2017년 10월 9일 16시,월요일,대구광역시 북구 산격동,중상사고,0,1,1,0,차대사람 - 기타,기타,건조,맑음,단일로 - 기타,원동기,남,58세,상해없음,보행자,여,54세,경상
2017100900100291,2017년 10월 9일 16시,월요일,대구광역시 중구 남산동,경상사고,0,0,2,1,차대차 - 측면충돌,차로위반,건조,맑음,교차로 - 교차로안,이륜,남,45세,부상신고,승용,남,28세,경상
2017100900100292,2017년 10월 9일 16시,월요일,대구광역시 달서구 성당동,경상사고,0,0,1,0,차대차 - 측면충돌,안전운전불이행,건조,맑음,단일로 - 기타,화물,남,71세,상해없음,자전거,여,14세,경상
2017100900100329,2017년 10월 9일 17시,월요일,대구광역시 달성군 논공읍,사망사고,1,0,0,0,차대차 - 기타,신호위반,건조,맑음,교차로 - 교차로안,이륜,남,53세,사망,승합,남,50세,상해없음
2017100900100363,2017년 10월 9일 18시,월요일,대구광역시 동구 효목동,중상사고,0,1,0,0,차대사람 - 횡단중,안전운전불이행,건조,맑음,단일로 - 기타,승용,남,44세,기타불명,보행자,여,68세,중상
2017100900100364,2017년 10월 9일 18시,월요일,대구광역시 달서구 상인동,중상사고,0,1,0,0,차대사람 - 횡단중,보행자보호의무위반,건조,맑음,교차로 - 교차로안,승용,여,61세,상해없음,보행자,남,74세,중상
2017100900100365,2017년 10월 9일 18시,월요일,대구광역시 달서구 송현동,경상사고,0,0,1,0,차대차 - 측면충돌,교차로운행방법위반,건조,맑음,교차로 - 교차로안,승용,여,53세,상해없음,이륜,남,42세,경상
2017100900100366,2017년 10월 9일 18시,월요일,대구광역시 중구 동성로2가,경상사고,0,0,1,0,차대사람 - 기타,안전운전불이행,건조,맑음,교차로 - 교차로안,승용,남,58세,상해없음,보행자,남,42세,경상