사고번호,사고일시,요일,시군구,사고내용,사망자수,중상자수,경상자수,부상신고자수,사고유형,법규위반,노면상태,기상상태,도로형태,가해운전자 차종,가해운전자 성별,가해운전자 연령,가해운전자 상해정도,피해운전자 차종,피해운전자 성별,피해운전자 연령,피해운전자 상해정도
2017101900100459,2017년 10월 19일 17시,목요일,대구광역시 달서구 도원동,중상사고,0,1,0,0,차대차 - 측면충돌,안전운전불이행,건조,맑음,교차로 - 교차로부근,승용,남,77세,상해없음,이륜,남,72세,중상
2017101900100460,2017년 10월 19일 17시,목요일,대구광역시 달서구 상인동,경상사고,0,0,1,0,차대차 - 측면충돌,안전운전불이행,건조,맑음,단일로 - 기타,승용,여,48세,상해없음,승용,여,38세,경상
2017101900100461,2017년 10월 19일 17시,목요일,대구광역시 달서구 진천동,경상사고,0,0,1,0,차대차 - 측면충돌,차로위반,건조,맑음,단일로 - 기타,승용,여,52세,상해없음,승용,여,39세,경상
2017101900100462,2017년 10월 19일 17시,목요일,대구광역시 달서구 용산동,중상사고,0,1,0,0,차대사람 - 횡단중,보행자보호의무위반,건조,맑음,교차로 - 교차로횡단보도내,승용,여,26세,상해없음,보행자,여,25세,중상
2017101900100504,2017년 10월 19일 18시,목요일,대구광역시 수성구 가천동,중상사고,0,3,1,0,차대차 - 추돌,안전운전불이행,건조,맑음,단일로 - 기타,특수,남,61세,상해없음,화물,남,24세,중상
2017101900100510,2017년 10월 19일 18시,목요일,대구광역시 동구 율하동,경상사고,0,0,1,0,차대차 - 측면충돌,안전운전불이행,건조,맑음,교차로 - 교차로안,승용,남,24세,상해없음,승용,남,50세,경상
2017101900100511,2017년 10월 19일 18시,목요일,대구광역시 동구 율하동,부상신고사고,0,0,0,1,차대차 - 측면충돌,안전운전불이행,건조,맑음,교차로 - 교차로부근,기타불명,기타불명,미분류,기타불명,개인형이동수단(PM),여,21세,부상신고
2017101900100512,2017년 10월 19일 18시,목요일,대구광역시 동구 효목동,경상사고,0,0,1,0,차대차 - 기타,안전운전불이행,건조,맑음,단일로 - 기타,승용,남,66세,상해없음,승용,여,44세,경상
2017101900100513,2017년 10월 19일 18시,목요일,대구광역시 수성구 수성동1가,경상사고,0,0,3,0,차대차 - 측면충돌,안전운전불이행,건조,맑음,단일로 - 기타,승용,남,62세,상해없음,승용,남,40세,경상
2017101900100514,2017년 10월 19일 18시,목요일,대구광역시 달서구 본동,경상사고,0,0,2,0,차대차 - 측면충돌,안전운전불이행,건조,맑음,교차로 - 교차로부근,승합,남,73세,상해없음,승용,여,49세,경상
2017101900100515,2017년 10월 19일 18시,목요일,대구광역시 달서구 호림동,경상사고,0,0,1,0,차대차 - 추돌,안전거리미확보,건조,맑음,단일로 - 기타,승용,남,61세,상해없음,승용,남,28세,경상
2017101900100560,2017년 10월 19일 19시,목요일,대구광역시 달성군 화원읍,경상사고,0,0,1,0,차대차 - 측면충돌,교차로운행방법위반,건조,맑음,교차로 - 교차로안,화물,남,46세,상해없음,이륜,남,19세,경상
2017101900100561,2017년 10월 19일 19시,목요일,대구광역시 달성군 화원읍,경상사고,0,0,1,0,차대차 - 측면충돌,안전운전불이행,건조,맑음,단일로 - 기타,기타불명,기타불명,미분류,기타불명,승합,남,58세,상해없음
2017101900100562,2017년 10월 19일 19시,목요일,대구광역시 북구 서변동,부상신고사고,0,0,0,1,차대사람 - 기타,안전운전불이행,건조,맑음,교차로 - 교차로부근,기타불명,기타불명,미분류,기타불명,보행자,남,16세,부상신고
2017101900100612,2017년 10월 19일 21시,목요일,대구광역시 서구 비산동,경상사고,0,0,1,0,차대차 - 추돌,안전운전불이행,건조,맑음,단일로 - 기타,이륜,남,16세,상해없음,승용,남,46세,상해없음
2017101900100671,2017년 10월 19일 23시,목요일,대구광역시 동구 용계동,중상사고,0,1,0,0,차대차 - 측면충돌,안전운전불이행,건조,맑음,교차로 - 교차로부근,자전거,남,62세,중상,승용,여,59세,상해없음
2017101900100672,2017년 10월 19일 23시,목요일,대구광역시 동구 신천동,중상사고,0,1,3,0,차대차 - 추돌,안전운전불이행,건조,맑음,교차로 - 교차로부근,승용,여,29세,상해없음,승용,남,68세,경상
2017101900100673,2017년 10월 19일 23시,목요일,대구광역시 수성구 만촌동,경상사고,0,0,4,0,차대차 - 측면충돌,중앙선침범,건조,맑음,단일로 - 기타,승용,남,54세,상해없음,승합,남,27세,경상
2017102000100049,2017년 10월 20일 01시,금요일,대구광역시 북구 동천동,부상신고사고,0,0,0,1,차대차 - 추돌,안전운전불이행,건조,맑음,단일로 - 기타,승용,남,32세,기타불명,승용,남,51세,부상신고
2017102000100054,2017년 10월 20일 02시,금요일,대구광역시 남구 이천동,중상사고,0,2,0,0,차대차 - 추돌,안전운전불이행,건조,맑음,기타 - 기타,승용,남,18세,상해없음,승용,남,65세,중상
2017102000100060,2017년 10월 20일 03시,금요일,대구광역시 동구 신암동,중상사고,0,1,0,0,차량단독 - 공작물충돌,안전운전불이행,건조,맑음,단일로 - 기타,승용,남,62세,중상,,,,
2017102000100075,2017년 10월 20일 05시,금요일,대구광역시 수성구 수성동1가,경상사고,0,0,1,0,차량단독 - 공작물충돌,안전운전불이행,건조,맑음,단일로 - 기타,승용,남,31세,상해없음,,,,
2017102000100076,2017년 10월 20일 05시,금요일,대구광역시 수성구 수성동4가,중상사고,0,1,0,0,차량단독 - 전도전복,안전운전불이행,건조,맑음,단일로 - 기타,이륜,남,19세,중상,미분류,미분류,미분류,미분류
2017102000100099,2017년 10월 20일 06시,금요일,대구광역시 달성군 다사읍,경상사고,0,0,1,0,차대차 - 측면충돌,안전운전불이행,건조,맑음,단일로 - 기타,승용,남,68세,상해없음,화물,남,38세,경상
2017102000100118,2017년 10월 20일 07시,금요일,대구광역시 동구 신천동,부상신고사고,0,0,0,2,차대사람 - 기타,안전운전불이행,건조,맑음,기타 - 기타,승합,남,44세,상해없음,보행자,남,24세,상해없음
2017102000100119,2017년 10월 20일 07시,금요일,대구광역시 수성구 황금동,경상사고,0,0,2,0,차대차 - 추돌,안전운전불이행,건조,맑음,단일로 - 기타,승용,여,46세,경상,승용,남,51세,경상
2017102000100166,2017년 10월 20일 08시,금요일,대구광역시 수성구 상동,중상사고,0,1,0,0,차대차 - 정면충돌,교차로운행방법위반,건조,맑음,교차로 - 교차로부근,승용,남,73세,상해없음,자전거,남,36세,중상
2017102000100167,2017년 10월 20일 08시,금요일,대구광역시 북구 복현동,중상사고,0,1,0,0,차대차 - 측면충돌,신호위반,건조,맑음,교차로 - 교차로안,승용,여,59세,상해없음,승용,남,37세,중상
2017102000100207,2017년 10월 20일 09시,금요일,대구광역시 남구 봉덕동,부상신고사고,0,0,0,1,차대차 - 측면충돌,안전운전불이행,건조,맑음,단일로 - 기타,자전거,남,72세,부상신고,화물,남,31세,상해없음
2017102000100208,2017년 10월 20일 09시,금요일,대구광역시 동구 효목동,중상사고,0,1,0,0,차대사람 - 기타,안전운전불이행,건조,맑음,교차로 - 교차로안,승용,남,71세,상해없음,보행자,남,79세,중상
2017102000100209,2017년 10월 20일 09시,금요일,대구광역시 수성구 두산동,경상사고,0,0,1,0,차대차 - 측면충돌,안전운전불이행,건조,맑음,단일로 - 기타,승용,남,20세,상해없음,승합,남,23세,경상
2017102000100210,2017년 10월 20일 09시,금요일,대구광역시 수성구 신매동,경상사고,0,0,1,0,차대차 - 기타,안전거리미확보,건조,맑음,단일로 - 기타,승용,남,67세,상해없음,승합,남,42세,상해없음
2017102000100211,2017년 10월 20일 09시,금요일,대구광역시 달서구 용산동,경상사고,0,0,1,0,차대차 - 측면충돌,신호위반,건조,맑음,교차로 - 교차로안,화물,남,70세,상해없음,승용,여,70세,경상
2017102000100241,2017년 10월 20일 10시,금요일,대구광역시 달성군 유가면,경상사고,0,0,3,0,차대차 - 기타,교차로운행방법위반,건조,맑음,교차로 - 교차로안,화물,남,72세,경상,화물,남,61세,경상
2017102000100242,2017년 10월 20일 10시,금요일,대구광역시 북구 구암동,중상사고,0,1,0,0,차대사람 - 기타,안전운전불이행,건조,맑음,단일로 - 기타,화물,남,36세,상해없음,보행자,남,66세,중상
2017102000100280,2017년 10월 20일 11시,금요일,대구광역시 동구 신천동,중상사고,0,1,0,0,차대차 - 측면충돌,안전운전불이행,건조,맑음,단일로 - 기타,승용,남,63세,상해없음,자전거,남,33세,중상
2017102000100320,2017년 10월 20일 12시,금요일,대구광역시 수성구 매호동,경상사고,0,0,1,0,차대차 - 측면충돌,교차로운행방법위반,건조,맑음,교차로 - 교차로안,화물,남,39세,상해없음,승용,여,32세,경상
2017102000100363,2017년 10월 20일 13시,금요일,대구광역시 달서구 갈산동,경상사고,0,0,1,0,차대차 - 측면충돌,교차로운행방법위반,건조,맑음,교차로 - 교차로안,화물,남,57세,상해없음,승용,남,29세,경상
2017102000100400,2017년 10월 20일 14시,금요일,대구광역시 수성구 만촌동,중상사고,0,2,0,0,차대차 - 측면충돌,안전거리미확보,건조,맑음,단일로 - 기타,승용,남,75세,상해없음,승용,여,30세,중상
2017102000100401,2017년 10월 20일 14시,금요일,대구광역시 달서구 진천동,부상신고사고,0,0,0,1,차대사람 - 길가장자리구역통행중,안전운전불이행,건조,맑음,단일로 - 기타,기타불명,기타불명,미분류,기타불명,보행자,여,74세,부상신고
2017102000100402,2017년 10월 20일 14시,금요일,대구광역시 북구 침산동,경상사고,0,0,3,0,차대차 - 추돌,안전운전불이행,건조,맑음,단일로 - 지하차도(도로)내,화물,남,51세,상해없음,승용,남,41세,상해없음
2017102000100403,2017년 10월 20일 14시,금요일,대구광역시 북구 복현동,경상사고,0,0,1,0,차대차 - 기타,안전거리미확보,건조,맑음,단일로 - 기타,승용,여,51세,상해없음,승합,남,35세,상해없음
2017102000100404,2017년 10월 20일 14시,금요일,대구광역시 달서구 성당동,중상사고,0,3,3,0,차량단독 - 기타,안전거리미확보,건조,맑음,교차로 - 교차로안,승합,남,44세,상해없음,,,,
2017102000100454,2017년 10월 20일 15시,금요일,대구광역시 수성구 만촌동,중상사고,0,1,0,0,차대차 - 측면충돌,신호위반,건조,맑음,단일로 - 기타,승합,남,56세,상해없음,자전거,여,56세,중상
2017102000100455,2017년 10월 20일 15시,금요일,대구광역시 달서구 본동,중상사고,0,1,0,0,차대사람 - 기타,안전운전불이행,건조,맑음,단일로 - 기타,화물,남,63세,상해없음,보행자,여,52세,중상
2017102000100498,2017년 10월 20일 16시,금요일,대구광역시 달서구 본동,경상사고,0,0,3,0,차대차 - 측면충돌,안전거리미확보,건조,맑음,단일로 - 기타,승용,남,34세,상해없음,승용,남,26세,경상
2017102000100499,2017년 10월 20일 16시,금요일,대구광역시 북구 읍내동,경상사고,0,0,1,0,차대차 - 측면충돌,안전거리미확보,건조,맑음,단일로 - 기타,승용,남,76세,상해없음,승용,남,40세,경상
2017102000100537,2017년 10월 20일 17시,금요일,대구광역시 남구 봉덕동,경상사고,0,0,1,0,차대사람 - 횡단중,안전운전불이행,건조,맑음,교차로 - 교차로횡단보도내,기타불명,기타불명,미분류,기타불명,보행자,여,14세,경상
2017102000100538,2017년 10월 20일 17시,금요일,대구광역시 달서구 월성동,경상사고,0,0,1,0,차대사람 - 보도통행중,기타,건조,맑음,단일로 - 기타,승용,남,59세,상해없음,보행자,남,57세,경상
2017102000100613,2017년 10월 20일 18시,금요일,대구광역시 달성군 현풍면,중상사고,0,1,0,0,차대차 - 측면충돌,안전운전불이행,건조,맑음,단일로 - 기타,승용,남,22세,상해없음,승용,여,53세,상해없음
2017102000100614,2017년 10월 20일 18시,금요일,대구광역시 서구 이현동,경상사고,0,0,1,1,차대차 - 측면충돌,교차로운행방법위반,건조,맑음,교차로 - 교차로안,승용,남,38세,부상신고,승용,여,49세,경상
2017102000100663,2017년 10월 20일 19시,금요일,대구광역시 달성군 화원읍,중상사고,0,1,0,0,차대차 - 추돌,안전운전불이행,건조,맑음,단일로 - 기타,화물,남,69세,상해없음,승용,여,52세,중상
2017102000100669,2017년 10월 20일 19시,금요일,대구광역시 동구 지저동,중상사고,0,1,0,0,차대사람 - 횡단중,안전운전불이행,건조,맑음,단일로 - 기타,승용,남,61세,상해없음,보행자,남,49세,중상
2017102000100670,2017년 10월 20일 19시,금요일,대구광역시 동구 신천동,중상사고,0,3,0,0,차대차 - 측면충돌,신호위반,건조,맑음,교차로 - 교차로안,승용,남,55세,상해없음,승용,남,49세,중상
2017102000100671,2017년 10월 20일 19시,금요일,대구광역시 수성구 수성동4가,경상사고,0,0,1,0,차대차 - 측면충돌,안전운전불이행,건조,맑음,단일로 - 기타,승용,남,57세,상해없음,자전거,남,69세,경상
2017102000100672,2017년 10월 20일 19시,금요일,대구광역시 달서구 장동,부상신고사고,0,0,0,5,차대차 - 측면충돌,안전거리미확보,건조,맑음,단일로 - 기타,승용,남,41세,상해없음,승용,남,22세,부상신고
2017102000100673,2017년 10월 20일 19시,금요일,대구광역시 달서구 월성동,경상사고,0,0,1,0,차대차 - 측면충돌,안전거리미확보,건조,맑음,단일로 - 기타,승용,여,44세,상해없음,승용,남,33세,경상
2017102000100674,2017년 10월 20일 19시,금요일,대구광역시 달서구 본리동,경상사고,0,0,1,3,차대차 - 기타,안전거리미확보,건조,맑음,단일로 - 기타,승용,여,55세,상해없음,승용,남,18세,경상
2017102000100675,2017년 10월 20일 19시,금요일,대구광역시 중구 대봉동,경상사고,0,0,1,0,차대차 - 측면충돌,불법유턴,건조,맑음,단일로 - 기타,승용,남,33세,상해없음,이륜,남,25세,경상
2017102000100676,2017년 10월 20일 19시,금요일,대구광역시 달서구 두류동,경상사고,0,0,1,0,차대차 - 측면충돌,안전거리미확보,건조,맑음,단일로 - 기타,승용,남,65세,상해없음,승용,남,41세,경상
2017102000100709,2017년 10월 20일 20시,금요일,대구광역시 달성군 옥포면,중상사고,0,1,0,0,차대차 - 기타,안전운전불이행,건조,맑음,교차로 - 교차로부근,승용,남,30세,상해없음,승용,남,25세,중상
2017102000100739,2017년 10월 20일 21시,금요일,대구광역시 동구 신천동,경상사고,0,0,1,0,차량단독 - 기타,안전운전불이행,건조,맑음,교차로 - 교차로부근,승용,남,45세,상해없음,,,,
2017102000100740,2017년 10월 20일 21시,금요일,대구광역시 수성구 황금동,부상신고사고,0,0,0,1,차대사람 - 기타,안전운전불이행,건조,맑음,단일로 - 기타,기타불명,기타불명,미분류,기타불명,보행자,여,15세,부상신고
2017102000100741,2017년 10월 20일 21시,금요일,대구광역시 달서구 송현동,사망사고,1,0,0,0,차대사람 - 횡단중,신호위반,건조,맑음,교차로 - 교차로안,승용,남,38세,상해없음,보행자,남,52세,사망
2017102000100742,2017년 10월 20일 21시,금요일,대구광역시 서구 평리동,경상사고,0,0,1,0,차대차 - 측면충돌,안전운전불이행,건조,맑음,교차로 - 교차로안,자전거,남,10세,경상,승용,남,62세,상해없음
2017102000100743,2017년 10월 20일 21시,금요일,대구광역시 달서구 용산동,경상사고,0,0,3,0,차대차 - 추돌,안전거리미확보,건조,맑음,단일로 - 기타,화물,남,37세,상해없음,승용,남,33세,경상
2017102000100782,2017년 10월 20일 22시,금요일,대구광역시 중구 남산동,경상사고,0,0,1,1,차대차 - 추돌,안전운전불이행,건조,맑음,교차로 - 교차로부근,승용,남,35세,상해없음,승용,남,44세,경상
2017102000100807,2017년 10월 20일 23시,금요일,대구광역시 달서구 감삼동,경상사고,0,0,3,0,차대차 - 기타,신호위반,건조,맑음,교차로 - 교차로안,승용,남,27세,경상,승용,남,61세,경상
2017102100100037,2017년 10월 21일 00시,토요일,대구광역시 동구 신천동,경상사고,0,0,1,0,차대차 - 추돌,안전운전불이행,건조,맑음,기타 - 기타,승용,남,26세,상해없음,승용,남,51세,경상
2017102100100038,2017년 10월 21일 00시,토요일,대구광역시 달서구 상인동,중상사고,0,1,0,0,차대차 - 측면충돌,중앙선침범,건조,맑음,교차로 - 교차로횡단보도내,이륜,남,64세,중상,승용,남,51세,상해없음
2017102100100039,2017년 10월 21일 00시,토요일,대구광역시 중구 대봉동,중상사고,0,1,0,0,차량단독 - 전도전복 - 전도,안전운전불이행,건조,맑음,단일로 - 기타,화물,남,43세,상해없음,,,,
2017102100100076,2017년 10월 21일 02시,토요일,대구광역시 수성구 이천동,경상사고,0,0,1,0,차대차 - 추돌,안전운전불이행,건조,맑음,교차로 - 교차로부근,승용,남,51세,상해없음,승용,남,37세,경상
2017102100100090,2017년 10월 21일 03시,토요일,대구광역시 달성군 논공읍,부상신고사고,0,0,0,1,차대차 - 기타,안전운전불이행,건조,맑음,교차로 - 교차로안,특수,남,39세,상해없음,승용,남,41세,부상신고
2017102100100108,2017년 10월 21일 04시,토요일,대구광역시 달서구 신당동,중상사고,0,1,0,0,차대차 - 측면충돌,안전거리미확보,건조,맑음,단일로 - 기타,승용,남,41세,상해없음,이륜,남,20세,중상
2017102100100164,2017년 10월 21일 07시,토요일,대구광역시 동구 신암동,경상사고,0,0,1,0,차대차 - 기타,안전거리미확보,건조,맑음,단일로 - 기타,승합,남,36세,상해없음,화물,남,61세,상해없음
2017102100100165,2017년 10월 21일 07시,토요일,대구광역시 달서구 상인동,경상사고,0,0,1,0,차대차 - 측면충돌,안전운전불이행,건조,맑음,단일로 - 기타,승용,남,38세,상해없음,승용,여,25세,경상
2017102100100166,2017년 10월 21일 07시,토요일,대구광역시 북구 침산동,사망사고,1,0,0,0,차대차 - 측면충돌,신호위반,건조,맑음,단일로 - 기타,화물,남,46세,상해없음,자전거,남,73세,사망
2017102100100167,2017년 10월 21일 07시,토요일,대구광역시 북구 노원동2가,부상신고사고,0,0,0,1,차대차 - 측면충돌,안전운전불이행,건조,맑음,단일로 - 기타,자전거,여,50세,부상신고,승용,남,66세,상해없음
2017102100100204,2017년 10월 21일 08시,토요일,대구광역시 남구 대명동,중상사고,0,1,0,0,차대사람 - 횡단중,보행자보호의무위반,건조,맑음,단일로 - 기타,승용,남,61세,상해없음,보행자,남,77세,중상
2017102100100205,2017년 10월 21일 08시,토요일,대구광역시 달성군 다사읍,경상사고,0,0,2,0,차대차 - 추돌,안전거리미확보,건조,맑음,단일로 - 기타,승용,남,30세,상해없음,승용,남,45세,경상
2017102100100206,2017년 10월 21일 08시,토요일,대구광역시 달성군 다사읍,경상사고,0,0,1,0,차대차 - 추돌,안전거리미확보,건조,맑음,교차로 - 교차로부근,승용,남,57세,상해없음,승용,남,56세,경상
2017102100100207,2017년 10월 21일 08시,토요일,대구광역시 달성군 하빈면,경상사고,0,0,1,0,차대차 - 기타,차로위반,건조,맑음,단일로 - 기타,화물,남,59세,상해없음,승용,남,72세,상해없음
2017102100100230,2017년 10월 21일 09시,토요일,대구광역시 남구 대명동,경상사고,0,0,1,0,차대차 - 측면충돌,교차로운행방법위반,건조,맑음,교차로 - 교차로안,승용,여,65세,상해없음,승용,여,58세,경상
2017102100100231,2017년 10월 21일 09시,토요일,대구광역시 달서구 송현동,중상사고,0,1,0,0,차대사람 - 차도통행중,안전운전불이행,건조,맑음,교차로 - 교차로안,승용,남,79세,상해없음,보행자,여,56세,중상
2017102100100232,2017년 10월 21일 09시,토요일,대구광역시 북구 태전동,경상사고,0,0,1,0,차대차 - 추돌,안전운전불이행,건조,맑음,교차로 - 교차로부근,승용,남,26세,상해없음,화물,남,39세,경상
2017102100100263,2017년 10월 21일 10시,토요일,대구광역시 수성구 시지동,경상사고,0,0,1,0,차대차 - 추돌,안전운전불이행,건조,맑음,단일로 - 기타,화물,남,59세,상해없음,승용,남,52세,경상
2017102100100271,2017년 10월 21일 10시,토요일,대구광역시 북구 산격동,경상사고,0,0,1,0,차대차 - 추돌,안전거리미확보,건조,맑음,단일로 - 기타,승용,남,24세,상해없음,승용,여,35세,경상
2017102100100312,2017년 10월 21일 11시,토요일,대구광역시 남구 이천동,중상사고,0,1,0,0,차대차 - 측면충돌,교차로운행방법위반,건조,맑음,교차로 - 교차로안,이륜,남,90세 이상,상해없음,자전거,남,25세,중상
2017102100100313,2017년 10월 21일 11시,토요일,대구광역시 북구 칠성동1가,중상사고,0,1,0,0,차대차 - 측면충돌,안전운전불이행,건조,맑음,단일로 - 기타,승용,여,63세,상해없음,이륜,남,64세,중상
2017102100100347,2017년 10월 21일 12시,토요일,대구광역시 수성구 만촌동,중상사고,0,1,0,0,차대사람 - 횡단중,안전운전불이행,건조,맑음,단일로 - 기타,승용,여,47세,상해없음,보행자,남,8세,중상
2017102100100348,2017년 10월 21일 12시,토요일,대구광역시 수성구 중동,중상사고,0,1,0,0,차대사람 - 횡단중,안전운전불이행,건조,맑음,단일로 - 기타,자전거,남,13세,상해없음,보행자,남,81세,중상
2017102100100349,2017년 10월 21일 12시,토요일,대구광역시 북구 읍내동,중상사고,0,1,0,0,차대차 - 측면충돌,안전운전불이행,건조,맑음,단일로 - 기타,승용,남,33세,상해없음,승합,남,56세,상해없음
2017102100100390,2017년 10월 21일 13시,토요일,대구광역시 북구 침산동,중상사고,0,1,0,0,차대사람 - 기타,안전운전불이행,건조,맑음,단일로 - 기타,자전거,남,51세,상해없음,보행자,여,68세,중상
2017102100100391,2017년 10월 21일 13시,토요일,대구광역시 북구 서변동,경상사고,0,0,2,0,차대차 - 측면충돌,안전운전불이행,건조,맑음,단일로 - 기타,건설기계,남,45세,상해없음,승용,남,44세,경상
2017102100100431,2017년 10월 21일 14시,토요일,대구광역시 동구 지저동,중상사고,0,2,3,1,차대차 - 추돌,안전운전불이행,건조,맑음,단일로 - 지하차도(도로)내,화물,남,56세,부상신고,승용,여,60세,경상
2017102100100432,2017년 10월 21일 14시,토요일,대구광역시 수성구 범어동,중상사고,0,2,0,0,차대차 - 후진중충돌,안전운전불이행,건조,맑음,교차로 - 교차로부근,승용,남,86세,상해없음,승용,남,50세,중상
2017102100100433,2017년 10월 21일 14시,토요일,대구광역시 수성구 범물동,부상신고사고,0,0,0,1,차대차 - 추돌,안전운전불이행,건조,맑음,단일로 - 기타,특수,남,48세,상해없음,승용,남,22세,부상신고
2017102100100434,2017년 10월 21일 14시,토요일,대구광역시 달서구 상인동,경상사고,0,0,1,0,차대사람 - 차도통행중,안전운전불이행,건조,맑음,주차장 - 주차장,화물,남,69세,상해없음,보행자,여,74세,경상
2017102100100435,2017년 10월 21일 14시,토요일,대구광역시 중구 삼덕동1가,부상신고사고,0,0,0,1,차대사람 - 기타,안전운전불이행,건조,맑음,교차로 - 교차로부근,자전거,남,84세,부상신고,보행자,여,25세,상해없음
2017102100100436,2017년 10월 21일 14시,토요일,대구광역시 달서구 두류동,중상사고,0,1,0,0,차대차 - 기타,기타,건조,맑음,단일로 - 기타,승용,남,45세,상해없음,이륜,남,37세,중상
2017102100100466,2017년 10월 21일 15시,토요일,대구광역시 달서구 진천동,경상사고,0,0,1,0,차대차 - 측면충돌,안전거리미확보,건조,맑음,단일로 - 기타,승용,남,66세,상해없음,이륜,남,21세,경상
2017102100100499,2017년 10월 21일 16시,토요일,대구광역시 수성구 신매동,경상사고,0,0,1,0,차대차 - 추돌,안전거리미확보,건조,맑음,교차로 - 교차로부근,승용,남,51세,경상,건설기계,남,53세,상해없음
2017102100100500,2017년 10월 21일 16시,토요일,대구광역시 달성군 화원읍,경상사고,0,0,1,0,차대차 - 기타,안전거리미확보,건조,맑음,단일로 - 기타,승용,여,39세,상해없음,이륜,남,28세,경상
2017102100100501,2017년 10월 21일 16시,토요일,대구광역시 서구 비산동,경상사고,0,0,5,0,차대차 - 추돌,안전운전불이행,건조,맑음,단일로 - 기타,화물,남,46세,상해없음,승용,남,29세,경상
2017102100100502,2017년 10월 21일 16시,토요일,대구광역시 중구 대신동,경상사고,0,0,1,0,차대차 - 측면충돌,기타,건조,맑음,단일로 - 기타,승용,남,58세,상해없음,자전거,여,84세,경상
2017102100100503,2017년 10월 21일 16시,토요일,대구광역시 달서구 성당동,중상사고,0,1,0,0,차대차 - 측면충돌,안전거리미확보,건조,맑음,단일로 - 기타,승용,남,27세,상해없음,이륜,남,73세,중상
2017102100100564,2017년 10월 21일 17시,토요일,대구광역시 달서구 송현동,경상사고,0,0,1,0,차대차 - 측면충돌,직진우회전진행방해,건조,맑음,교차로 - 교차로안,승용,남,68세,상해없음,승용,남,50세,상해없음
2017102100100565,2017년 10월 21일 17시,토요일,대구광역시 서구 이현동,중상사고,0,1,1,0,차대차 - 추돌,안전운전불이행,건조,맑음,단일로 - 기타,승용,남,50세,상해없음,승용,남,29세,중상
2017102100100623,2017년 10월 21일 18시,토요일,대구광역시 수성구 만촌동,중상사고,0,1,0,0,차대사람 - 길가장자리구역통행중,안전운전불이행,건조,맑음,교차로 - 교차로부근,승용,남,71세,상해없음,보행자,남,52세,중상
2017102100100624,2017년 10월 21일 18시,토요일,대구광역시 달서구 송현동,경상사고,0,0,1,0,차대차 - 측면충돌,직진우회전진행방해,건조,맑음,교차로 - 교차로안,승용,남,35세,상해없음,승용,여,40세,경상
2017102100100625,2017년 10월 21일 18시,토요일,대구광역시 달서구 본리동,경상사고,0,0,1,0,차대차 - 후진중충돌,안전운전불이행,건조,맑음,교차로 - 교차로부근,승용,남,78세,상해없음,승용,남,61세,경상
2017102100100626,2017년 10월 21일 18시,토요일,대구광역시 달서구 용산동,경상사고,0,0,2,0,차대차 - 측면충돌,안전거리미확보,건조,맑음,단일로 - 기타,승용,여,40세,상해없음,이륜,남,16세,경상
2017102100100659,2017년 10월 21일 19시,토요일,대구광역시 서구 내당동,경상사고,0,0,1,0,차대사람 - 차도통행중,안전운전불이행,건조,맑음,단일로 - 기타,화물,남,65세,기타불명,보행자,남,33세,경상
2017102100100660,2017년 10월 21일 19시,토요일,대구광역시 북구 서변동,중상사고,0,1,0,0,차대사람 - 횡단중,보행자보호의무위반,건조,맑음,교차로 - 교차로횡단보도내,승용,남,22세,상해없음,보행자,남,53세,중상
2017102100100661,2017년 10월 21일 19시,토요일,대구광역시 북구 태전동,경상사고,0,0,1,0,차대사람 - 횡단중,안전운전불이행,건조,맑음,교차로 - 교차로안,승용,남,26세,상해없음,보행자,남,50세,경상
2017102100100691,2017년 10월 21일 20시,토요일,대구광역시 달서구 용산동,부상신고사고,0,0,0,1,차대차 - 기타,차로위반,건조,맑음,단일로 - 기타,승용,여,49세,상해없음,이륜,남,17세,부상신고
2017102100100711,2017년 10월 21일 21시,토요일,대구광역시 달성군 유가면,경상사고,0,0,1,0,차대차 - 측면충돌,안전운전불이행,건조,맑음,단일로 - 기타,승용,남,47세,상해없음,이륜,남,22세,경상
2017102100100712,2017년 10월 21일 21시,토요일,대구광역시 중구 동인동4가,중상사고,0,1,1,0,차대차 - 추돌,안전운전불이행,건조,맑음,교차로 - 교차로부근,승용,남,56세,상해없음,승용,남,44세,중상
2017102100100740,2017년 10월 21일 22시,토요일,대구광역시 달서구 도원동,경상사고,0,0,2,0,차대차 - 추돌,안전운전불이행,건조,맑음,단일로 - 기타,승용,남,48세,상해없음,승용,남,31세,경상
2017102100100741,2017년 10월 21일 22시,토요일,대구광역시 중구 사일동,경상사고,0,0,1,0,차대차 - 측면충돌,안전운전불이행,건조,맑음,교차로 - 교차로안,승용,남,32세,상해없음,승용,남,58세,경상
2017102100100765,2017년 10월 21일 23시,토요일,대구광역시 동구 신암동,경상사고,0,0,1,0,차대차 - 추돌,안전운전불이행,건조,맑음,단일로 - 기타,화물,남,61세,상해없음,승용,남,41세,상해없음
2017102100100766,2017년 10월 21일 23시,토요일,대구광역시 북구 태전동,경상사고,0,0,3,0,차대차 - 측면충돌,교차로운행방법위반,건조,맑음,교차로 - 교차로안,승용,여,31세,경상,승용,남,52세,경상