사고번호,사고일시,요일,시군구,사고내용,사망자수,중상자수,경상자수,부상신고자수,사고유형,법규위반,노면상태,기상상태,도로형태,가해운전자 차종,가해운전자 성별,가해운전자 연령,가해운전자 상해정도,피해운전자 차종,피해운전자 성별,피해운전자 연령,피해운전자 상해정도
2017103000100657,2017년 10월 30일 19시,월요일,대구광역시 달서구 본동,경상사고,0,0,1,0,차대차 - 측면충돌,교차로운행방법위반,건조,맑음,교차로 - 교차로안,승용,남,51세,상해없음,원동기,남,45세,경상
2017103000100700,2017년 10월 30일 20시,월요일,대구광역시 동구 봉무동,경상사고,0,0,1,0,차대사람 - 기타,안전운전불이행,건조,맑음,기타 - 기타,승용,남,37세,상해없음,보행자,여,61세,경상
2017103000100701,2017년 10월 30일 20시,월요일,대구광역시 북구 태전동,중상사고,0,1,0,0,차대차 - 측면충돌,안전운전불이행,건조,맑음,단일로 - 기타,승용,여,43세,상해없음,승용,남,59세,상해없음
2017103000100720,2017년 10월 30일 21시,월요일,대구광역시 중구 동인동2가,경상사고,0,0,2,0,차대차 - 측면충돌,차로위반,건조,맑음,교차로 - 교차로안,승용,남,57세,상해없음,승용,남,32세,경상
2017103000100744,2017년 10월 30일 22시,월요일,대구광역시 수성구 매호동,경상사고,0,0,1,0,차대사람 - 횡단중,안전운전불이행,건조,맑음,단일로 - 기타,승용,남,26세,상해없음,보행자,여,43세,경상
2017103100100048,2017년 10월 31일 03시,화요일,대구광역시 달서구 감삼동,경상사고,0,0,1,0,차대차 - 추돌,안전운전불이행,건조,맑음,교차로 - 교차로부근,승용,남,26세,상해없음,승용,남,40세,경상
2017103100100060,2017년 10월 31일 05시,화요일,대구광역시 서구 이현동,경상사고,0,0,1,0,차대차 - 측면충돌,신호위반,건조,맑음,교차로 - 교차로안,화물,남,72세,상해없음,화물,남,60세,경상
2017103100100082,2017년 10월 31일 06시,화요일,대구광역시 중구 태평로3가,경상사고,0,0,1,0,차대차 - 측면충돌,신호위반,건조,맑음,교차로 - 교차로안,이륜,남,58세,상해없음,자전거,남,59세,경상
2017103100100108,2017년 10월 31일 07시,화요일,대구광역시 남구 봉덕동,경상사고,0,0,1,0,차대사람 - 차도통행중,안전운전불이행,건조,맑음,단일로 - 기타,승용,여,56세,상해없음,보행자,남,38세,경상
2017103100100109,2017년 10월 31일 07시,화요일,대구광역시 달성군 다사읍,경상사고,0,0,2,0,차대차 - 기타,안전운전불이행,건조,맑음,교차로 - 교차로안,승용,여,48세,경상,승용,남,32세,경상
2017103100100110,2017년 10월 31일 07시,화요일,대구광역시 달성군 구지면,중상사고,0,1,0,0,차대차 - 측면충돌,안전운전불이행,건조,맑음,단일로 - 기타,승용,남,33세,상해없음,원동기,남,35세,중상
2017103100100111,2017년 10월 31일 07시,화요일,대구광역시 서구 내당동,부상신고사고,0,0,0,1,차대차 - 정면충돌,신호위반,건조,맑음,교차로 - 교차로안,기타불명,기타불명,미분류,기타불명,화물,남,40세,부상신고
2017103100100161,2017년 10월 31일 08시,화요일,대구광역시 달성군 화원읍,경상사고,0,0,1,0,차대차 - 기타,안전운전불이행,건조,맑음,기타 - 기타,승용,여,47세,상해없음,자전거,남,14세,경상
2017103100100162,2017년 10월 31일 08시,화요일,대구광역시 북구 복현동,경상사고,0,0,1,0,차대차 - 측면충돌,교차로운행방법위반,건조,맑음,교차로 - 교차로안,화물,남,53세,상해없음,승용,여,53세,경상
2017103100100218,2017년 10월 31일 09시,화요일,대구광역시 달성군 하빈면,경상사고,0,0,1,0,차대차 - 기타,안전운전불이행,건조,맑음,단일로 - 기타,승용,여,36세,상해없음,화물,남,71세,경상
2017103100100219,2017년 10월 31일 09시,화요일,대구광역시 서구 비산동,경상사고,0,0,1,0,차대차 - 측면충돌,신호위반,건조,맑음,교차로 - 교차로안,이륜,남,57세,상해없음,화물,남,51세,경상
2017103100100220,2017년 10월 31일 09시,화요일,대구광역시 북구 구암동,경상사고,0,0,1,0,차대차 - 측면충돌,차로위반,건조,맑음,교차로 - 교차로부근,승용,남,45세,상해없음,승용,남,37세,경상
2017103100100247,2017년 10월 31일 10시,화요일,대구광역시 달서구 이곡동,경상사고,0,0,1,0,차대차 - 기타,안전운전불이행,건조,맑음,단일로 - 기타,화물,남,56세,상해없음,승용,남,32세,경상
2017103100100286,2017년 10월 31일 11시,화요일,대구광역시 남구 봉덕동,중상사고,0,1,0,0,차대사람 - 횡단중,보행자보호의무위반,건조,맑음,교차로 - 교차로횡단보도내,화물,남,70세,상해없음,보행자,여,75세,중상
2017103100100287,2017년 10월 31일 11시,화요일,대구광역시 남구 대명동,경상사고,0,0,1,0,차대차 - 측면충돌,교차로운행방법위반,건조,맑음,교차로 - 교차로안,승용,여,65세,상해없음,이륜,남,67세,경상
2017103100100288,2017년 10월 31일 11시,화요일,대구광역시 남구 대명동,경상사고,0,0,1,0,차대사람 - 보도통행중,안전운전불이행,건조,맑음,단일로 - 기타,승용,여,52세,상해없음,보행자,여,82세,경상
2017103100100289,2017년 10월 31일 11시,화요일,대구광역시 동구 신암동,경상사고,0,0,1,0,차대차 - 측면충돌,안전운전불이행,건조,맑음,교차로 - 교차로부근,이륜,남,36세,상해없음,승용,남,37세,경상
2017103100100290,2017년 10월 31일 11시,화요일,대구광역시 북구 구암동,중상사고,0,1,0,0,차대차 - 기타,안전거리미확보,건조,맑음,단일로 - 기타,화물,남,27세,상해없음,이륜,남,18세,중상
2017103100100318,2017년 10월 31일 12시,화요일,대구광역시 북구 칠성동2가,경상사고,0,0,2,0,차대차 - 후진중충돌,안전운전불이행,건조,맑음,교차로 - 교차로횡단보도내,승용,남,63세,상해없음,승용,남,34세,경상
2017103100100352,2017년 10월 31일 13시,화요일,대구광역시 수성구 상동,중상사고,0,1,0,0,차대사람 - 횡단중,안전운전불이행,건조,맑음,교차로 - 교차로횡단보도내,화물,남,45세,상해없음,보행자,남,70세,중상
2017103100100403,2017년 10월 31일 14시,화요일,대구광역시 서구 내당동,경상사고,0,0,1,1,차대차 - 측면충돌,안전운전불이행,건조,맑음,단일로 - 기타,원동기,남,20세,부상신고,자전거,여,43세,경상
2017103100100450,2017년 10월 31일 15시,화요일,대구광역시 북구 노원동3가,중상사고,0,1,0,0,차대차 - 측면충돌,안전운전불이행,건조,맑음,단일로 - 기타,화물,남,57세,상해없음,자전거,여,22세,중상
2017103100100451,2017년 10월 31일 15시,화요일,대구광역시 서구 비산동,부상신고사고,0,0,0,1,차대차 - 측면충돌,불법유턴,건조,맑음,단일로 - 기타,자전거,남,76세,부상신고,승용,여,54세,상해없음
2017103100100452,2017년 10월 31일 15시,화요일,대구광역시 중구 사일동,중상사고,0,1,0,0,차대사람 - 차도통행중,안전운전불이행,건조,맑음,단일로 - 기타,승용,남,63세,상해없음,보행자,여,79세,중상
2017103100100453,2017년 10월 31일 15시,화요일,대구광역시 달서구 본리동,경상사고,0,0,1,0,차대사람 - 기타,안전운전불이행,건조,맑음,단일로 - 기타,승용,남,56세,상해없음,보행자,남,42세,경상
2017103100100494,2017년 10월 31일 16시,화요일,대구광역시 동구 방촌동,경상사고,0,0,1,0,차대차 - 측면충돌,안전거리미확보,건조,맑음,단일로 - 기타,화물,남,28세,상해없음,승용,여,26세,경상
2017103100100495,2017년 10월 31일 16시,화요일,대구광역시 동구 효목동,경상사고,0,0,1,0,차대차 - 측면충돌,안전거리미확보,건조,맑음,교차로 - 교차로안,화물,남,54세,상해없음,이륜,남,80세,경상
2017103100100496,2017년 10월 31일 16시,화요일,대구광역시 수성구 범어동,경상사고,0,0,1,0,차대차 - 측면충돌,교차로운행방법위반,건조,맑음,교차로 - 교차로부근,승용,남,62세,상해없음,이륜,남,32세,경상
2017103100100497,2017년 10월 31일 16시,화요일,대구광역시 달서구 상인동,경상사고,0,0,1,0,차대차 - 측면충돌,교차로운행방법위반,건조,맑음,교차로 - 교차로안,화물,남,47세,상해없음,승용,여,40세,경상
2017103100100498,2017년 10월 31일 16시,화요일,대구광역시 달서구 진천동,경상사고,0,0,1,0,차대차 - 측면충돌,안전운전불이행,건조,맑음,교차로 - 교차로부근,승용,남,29세,상해없음,승합,남,48세,경상
2017103100100499,2017년 10월 31일 16시,화요일,대구광역시 북구 칠성동2가,경상사고,0,0,1,0,차대사람 - 횡단중,안전운전불이행,건조,맑음,단일로 - 기타,승합,남,44세,상해없음,보행자,여,16세,경상
2017103100100500,2017년 10월 31일 16시,화요일,대구광역시 북구 노원동3가,경상사고,0,0,1,0,차대차 - 기타,불법유턴,건조,맑음,교차로 - 교차로부근,승용,여,51세,상해없음,화물,남,32세,경상
2017103100100540,2017년 10월 31일 17시,화요일,대구광역시 동구 용계동,경상사고,0,0,1,0,차대사람 - 차도통행중,안전운전불이행,건조,맑음,기타 - 기타,승용,남,64세,상해없음,보행자,여,56세,경상
2017103100100541,2017년 10월 31일 17시,화요일,대구광역시 서구 상리동,경상사고,0,0,1,0,차대차 - 측면충돌,안전운전불이행,건조,맑음,단일로 - 기타,승용,남,24세,상해없음,특수,남,51세,경상
2017103100100542,2017년 10월 31일 17시,화요일,대구광역시 서구 비산동,부상신고사고,0,0,0,1,차대차 - 측면충돌,안전운전불이행,건조,맑음,단일로 - 기타,자전거,남,49세,부상신고,화물,남,62세,상해없음
2017103100100543,2017년 10월 31일 17시,화요일,대구광역시 중구 대신동,경상사고,0,0,4,0,차대차 - 측면충돌,신호위반,건조,맑음,교차로 - 교차로안,승용,여,53세,상해없음,승용,여,42세,경상
2017103100100544,2017년 10월 31일 17시,화요일,대구광역시 북구 읍내동,경상사고,0,0,1,0,차대사람 - 횡단중,보행자보호의무위반,건조,맑음,교차로 - 교차로횡단보도내,승용,남,34세,상해없음,보행자,남,68세,경상
2017103100100600,2017년 10월 31일 18시,화요일,대구광역시 동구 입석동,경상사고,0,0,1,0,차대차 - 추돌,안전운전불이행,건조,맑음,단일로 - 기타,승용,남,39세,기타불명,승용,여,44세,경상
2017103100100601,2017년 10월 31일 18시,화요일,대구광역시 달서구 월성동,경상사고,0,0,1,0,차대차 - 측면충돌,차로위반,건조,맑음,단일로 - 기타,승용,여,57세,상해없음,승용,여,36세,경상
2017103100100602,2017년 10월 31일 18시,화요일,대구광역시 달성군 화원읍,부상신고사고,0,0,0,1,차대차 - 기타,안전운전불이행,건조,맑음,단일로 - 기타,기타불명,기타불명,미분류,기타불명,자전거,남,16세,부상신고
2017103100100603,2017년 10월 31일 18시,화요일,대구광역시 서구 비산동,경상사고,0,0,2,0,차대차 - 추돌,안전운전불이행,건조,맑음,단일로 - 기타,승용,남,66세,상해없음,승용,남,38세,경상
2017103100100645,2017년 10월 31일 19시,화요일,대구광역시 서구 내당동,경상사고,0,0,1,0,차대사람 - 횡단중,안전운전불이행,건조,맑음,단일로 - 기타,승용,여,43세,상해없음,보행자,남,55세,경상
2017103100100677,2017년 10월 31일 20시,화요일,대구광역시 서구 내당동,중상사고,0,1,0,0,차대사람 - 횡단중,안전운전불이행,건조,맑음,단일로 - 기타,승용,남,39세,상해없음,보행자,남,57세,중상
2017103100100707,2017년 10월 31일 21시,화요일,대구광역시 서구 평리동,경상사고,0,0,3,0,차대차 - 측면충돌,안전운전불이행,건조,맑음,교차로 - 교차로안,승용,남,53세,경상,승용,여,46세,경상
2017103100100708,2017년 10월 31일 21시,화요일,대구광역시 달서구 두류동,경상사고,0,0,3,1,차대차 - 측면충돌,안전운전불이행,건조,맑음,교차로 - 교차로부근,승용,여,49세,부상신고,승용,여,37세,경상
2017103100100735,2017년 10월 31일 22시,화요일,대구광역시 서구 내당동,중상사고,0,1,0,0,차대차 - 측면충돌,신호위반,건조,맑음,단일로 - 기타,승용,여,55세,상해없음,이륜,남,40세,중상
2017103100100736,2017년 10월 31일 22시,화요일,대구광역시 달서구 신당동,중상사고,0,1,0,1,차대차 - 추돌,안전운전불이행,건조,맑음,단일로 - 기타,승용,여,20세,상해없음,화물,남,47세,기타불명
2017103100100763,2017년 10월 31일 23시,화요일,대구광역시 동구 효목동,경상사고,0,0,1,0,차대사람 - 횡단중,안전운전불이행,건조,맑음,교차로 - 교차로부근,승용,남,61세,상해없음,보행자,남,60세,경상
2017103100100764,2017년 10월 31일 23시,화요일,대구광역시 동구 신천동,경상사고,0,0,1,1,차대차 - 측면충돌,직진우회전진행방해,건조,맑음,교차로 - 교차로안,이륜,남,16세,부상신고,승용,여,61세,상해없음
2017103100100765,2017년 10월 31일 23시,화요일,대구광역시 달성군 현풍면,중상사고,0,1,0,0,차대차 - 측면충돌,직진우회전진행방해,건조,맑음,교차로 - 교차로안,이륜,남,22세,기타불명,자전거,남,19세,중상
2017103100100766,2017년 10월 31일 23시,화요일,대구광역시 북구 검단동,부상신고사고,0,0,0,1,차대차 - 추돌,안전운전불이행,건조,맑음,교차로 - 교차로안,이륜,남,38세,부상신고,승합,남,59세,상해없음
2017110100100078,2017년 11월 1일 04시,수요일,대구광역시 북구 매천동,경상사고,0,0,1,0,차대차 - 측면충돌,안전거리미확보,건조,맑음,교차로 - 교차로부근,화물,남,67세,상해없음,승용,남,50세,경상
2017110100100107,2017년 11월 1일 06시,수요일,대구광역시 남구 대명동,경상사고,0,0,1,0,차대차 - 측면충돌,안전운전불이행,건조,맑음,단일로 - 기타,승용,남,63세,상해없음,승용,남,54세,경상
2017110100100135,2017년 11월 1일 07시,수요일,대구광역시 동구 율하동,부상신고사고,0,0,0,1,차대차 - 기타,안전운전불이행,건조,맑음,단일로 - 기타,자전거,여,64세,부상신고,승합,남,50세,상해없음
2017110100100136,2017년 11월 1일 07시,수요일,대구광역시 달성군 하빈면,중상사고,0,1,0,0,차대차 - 측면충돌,안전운전불이행,건조,맑음,교차로 - 교차로부근,화물,남,52세,상해없음,이륜,남,45세,중상
2017110100100137,2017년 11월 1일 07시,수요일,대구광역시 북구 동천동,중상사고,0,2,1,0,차대차 - 기타,신호위반,건조,맑음,교차로 - 교차로안,승합,남,54세,상해없음,승용,여,51세,중상
2017110100100173,2017년 11월 1일 08시,수요일,대구광역시 달서구 월성동,경상사고,0,0,1,0,차대차 - 측면충돌,안전운전불이행,건조,맑음,단일로 - 기타,승용,남,61세,상해없음,승용,남,27세,경상
2017110100100174,2017년 11월 1일 08시,수요일,대구광역시 달서구 상인동,경상사고,0,0,1,0,차대사람 - 횡단중,안전운전불이행,건조,맑음,교차로 - 교차로부근,승용,남,47세,상해없음,보행자,여,62세,경상
2017110100100175,2017년 11월 1일 08시,수요일,대구광역시 달서구 도원동,경상사고,0,0,4,0,차대차 - 추돌,안전운전불이행,건조,맑음,단일로 - 기타,승용,남,51세,상해없음,화물,남,63세,경상
2017110100100176,2017년 11월 1일 08시,수요일,대구광역시 서구 상리동,경상사고,0,0,1,0,차대차 - 측면충돌,안전운전불이행,건조,맑음,교차로 - 교차로안,원동기,남,39세,경상,승용,남,48세,상해없음
2017110100100177,2017년 11월 1일 08시,수요일,대구광역시 중구 대봉동,경상사고,0,0,1,0,차대차 - 기타,안전운전불이행,건조,맑음,단일로 - 기타,승용,남,30세,상해없음,승용,여,49세,경상
2017110100100212,2017년 11월 1일 09시,수요일,대구광역시 중구 인교동,경상사고,0,0,1,1,차대차 - 측면충돌,기타,건조,맑음,교차로 - 교차로안,원동기,남,43세,부상신고,이륜,남,23세,경상
2017110100100213,2017년 11월 1일 09시,수요일,대구광역시 북구 구암동,경상사고,0,0,1,1,차대차 - 추돌,안전운전불이행,건조,맑음,단일로 - 기타,승용,여,52세,부상신고,화물,남,42세,경상
2017110100100231,2017년 11월 1일 10시,수요일,대구광역시 수성구 두산동,중상사고,0,1,0,0,차대차 - 측면충돌,안전운전불이행,건조,맑음,단일로 - 기타,승용,남,47세,상해없음,자전거,남,76세,중상
2017110100100232,2017년 11월 1일 10시,수요일,대구광역시 수성구 범어동,경상사고,0,0,1,0,차대사람 - 횡단중,보행자보호의무위반,건조,맑음,단일로 - 기타,승용,남,48세,상해없음,보행자,남,69세,경상
2017110100100233,2017년 11월 1일 10시,수요일,대구광역시 달성군 화원읍,경상사고,0,0,1,0,차대차 - 측면충돌,안전운전불이행,건조,맑음,교차로 - 교차로부근,화물,남,56세,상해없음,승용,남,49세,경상
2017110100100266,2017년 11월 1일 11시,수요일,대구광역시 동구 입석동,경상사고,0,0,1,0,차대차 - 측면충돌,안전운전불이행,건조,맑음,단일로 - 기타,자전거,여,20세,경상,승합,남,71세,상해없음
2017110100100299,2017년 11월 1일 12시,수요일,대구광역시 동구 신암동,중상사고,0,1,1,0,차대차 - 추돌,안전운전불이행,건조,맑음,단일로 - 기타,화물,남,56세,상해없음,화물,남,63세,경상
2017110100100300,2017년 11월 1일 12시,수요일,대구광역시 달서구 상인동,경상사고,0,0,1,0,차대차 - 기타,안전운전불이행,건조,맑음,교차로 - 교차로안,승용,여,41세,상해없음,이륜,남,21세,경상
2017110100100301,2017년 11월 1일 12시,수요일,대구광역시 서구 중리동,경상사고,0,0,1,0,차대차 - 기타,안전운전불이행,건조,맑음,교차로 - 교차로안,자전거,남,77세,경상,화물,남,56세,상해없음
2017110100100332,2017년 11월 1일 13시,수요일,대구광역시 달서구 유천동,경상사고,0,0,2,0,차대차 - 측면충돌,교차로운행방법위반,건조,맑음,교차로 - 교차로안,화물,남,54세,상해없음,승용,남,38세,경상
2017110100100333,2017년 11월 1일 13시,수요일,대구광역시 북구 칠성동2가,중상사고,0,3,1,0,차대차 - 측면충돌,교차로운행방법위반,건조,맑음,교차로 - 교차로안,승합,남,57세,상해없음,승용,여,33세,중상
2017110100100334,2017년 11월 1일 13시,수요일,대구광역시 서구 내당동,경상사고,0,0,1,0,차대차 - 기타,안전운전불이행,건조,맑음,단일로 - 기타,이륜,남,66세,기타불명,승용,여,44세,경상
2017110100100335,2017년 11월 1일 13시,수요일,대구광역시 중구 동인동4가,경상사고,0,0,1,0,차대차 - 측면충돌,안전운전불이행,건조,맑음,교차로 - 교차로안,화물,남,31세,상해없음,승용,여,63세,경상
2017110100100369,2017년 11월 1일 14시,수요일,대구광역시 수성구 지산동,경상사고,0,0,1,0,차대차 - 측면충돌,안전운전불이행,건조,맑음,단일로 - 기타,승용,남,64세,상해없음,자전거,남,74세,경상
2017110100100370,2017년 11월 1일 14시,수요일,대구광역시 중구 상서동,중상사고,0,1,0,0,차대차 - 기타,안전거리미확보,건조,맑음,단일로 - 기타,자전거,남,75세,중상,승용,여,39세,상해없음
2017110100100406,2017년 11월 1일 15시,수요일,대구광역시 남구 대명동,중상사고,0,1,0,0,차대차 - 측면충돌,안전운전불이행,건조,맑음,교차로 - 교차로안,이륜,남,63세,중상,승용,여,33세,상해없음
2017110100100438,2017년 11월 1일 16시,수요일,대구광역시 남구 봉덕동,경상사고,0,0,1,0,차대차 - 측면충돌,교차로운행방법위반,건조,맑음,교차로 - 교차로안,승용,남,58세,상해없음,승용,남,29세,경상
2017110100100439,2017년 11월 1일 16시,수요일,대구광역시 동구 입석동,중상사고,0,1,0,0,차대차 - 측면충돌,안전운전불이행,건조,맑음,교차로 - 교차로부근,승용,여,59세,상해없음,자전거,남,81세,중상
2017110100100440,2017년 11월 1일 16시,수요일,대구광역시 동구 신천동,중상사고,0,1,0,0,차대사람 - 횡단중,안전운전불이행,건조,맑음,단일로 - 기타,승용,여,62세,상해없음,보행자,남,26세,중상
2017110100100441,2017년 11월 1일 16시,수요일,대구광역시 동구 효목동,경상사고,0,0,1,0,차대사람 - 기타,기타,건조,맑음,단일로 - 기타,승합,남,54세,기타불명,보행자,남,54세,경상
2017110100100442,2017년 11월 1일 16시,수요일,대구광역시 수성구 범어동,경상사고,0,0,1,0,차대차 - 측면충돌,안전운전불이행,건조,맑음,단일로 - 기타,이륜,여,22세,경상,승용,남,49세,상해없음
2017110100100484,2017년 11월 1일 17시,수요일,대구광역시 수성구 파동,중상사고,0,1,0,0,차대사람 - 횡단중,안전운전불이행,건조,맑음,교차로 - 교차로부근,승용,남,35세,상해없음,보행자,남,12세,중상
2017110100100485,2017년 11월 1일 17시,수요일,대구광역시 달성군 다사읍,중상사고,0,1,2,0,차대차 - 기타,직진우회전진행방해,건조,맑음,교차로 - 교차로안,승용,남,18세,경상,승용,남,48세,중상
2017110100100486,2017년 11월 1일 17시,수요일,대구광역시 중구 남일동,중상사고,0,3,11,1,차대차 - 측면충돌,신호위반,건조,맑음,교차로 - 교차로안,승합,남,62세,상해없음,승합,남,63세,상해없음
2017110100100487,2017년 11월 1일 17시,수요일,대구광역시 달서구 용산동,경상사고,0,0,1,0,차대차 - 기타,안전운전불이행,건조,맑음,기타 - 기타,승용,여,64세,상해없음,승용,남,27세,경상
2017110100100568,2017년 11월 1일 18시,수요일,대구광역시 수성구 만촌동,중상사고,0,1,0,0,차대차 - 측면충돌,신호위반,건조,맑음,교차로 - 교차로안,승용,여,39세,상해없음,이륜,남,53세,중상
2017110100100619,2017년 11월 1일 19시,수요일,대구광역시 수성구 만촌동,경상사고,0,0,5,0,차대차 - 측면충돌,안전거리미확보,건조,맑음,단일로 - 기타,승용,남,42세,상해없음,승용,남,33세,경상
2017110100100620,2017년 11월 1일 19시,수요일,대구광역시 북구 구암동,경상사고,0,0,1,0,차대차 - 기타,안전거리미확보,건조,맑음,단일로 - 기타,승용,남,56세,상해없음,이륜,남,19세,경상
2017110100100660,2017년 11월 1일 20시,수요일,대구광역시 서구 비산동,경상사고,0,0,1,0,차대사람 - 보도통행중,기타,건조,맑음,단일로 - 기타,자전거,남,49세,상해없음,보행자,남,55세,경상
2017110100100690,2017년 11월 1일 21시,수요일,대구광역시 서구 비산동,경상사고,0,0,1,0,차대차 - 측면충돌,교차로운행방법위반,건조,맑음,교차로 - 교차로안,승용,남,47세,상해없음,자전거,남,61세,경상
2017110100100691,2017년 11월 1일 21시,수요일,대구광역시 서구 비산동,중상사고,0,1,0,0,차대사람 - 횡단중,안전운전불이행,건조,맑음,단일로 - 기타,승용,남,59세,상해없음,보행자,남,48세,중상
2017110100100708,2017년 11월 1일 22시,수요일,대구광역시 달서구 유천동,경상사고,0,0,4,0,차대차 - 측면충돌,안전운전불이행,건조,맑음,교차로 - 교차로안,승용,여,20세,상해없음,승용,여,45세,경상
2017110100100731,2017년 11월 1일 23시,수요일,대구광역시 수성구 지산동,경상사고,0,0,1,0,차대차 - 측면충돌,안전운전불이행,건조,맑음,단일로 - 기타,승용,남,22세,상해없음,자전거,남,21세,경상
2017110100100732,2017년 11월 1일 23시,수요일,대구광역시 달서구 상인동,경상사고,0,0,1,0,차대사람 - 횡단중,보행자보호의무위반,건조,맑음,교차로 - 교차로횡단보도내,승용,남,35세,상해없음,보행자,남,61세,경상
2017110100100733,2017년 11월 1일 23시,수요일,대구광역시 서구 비산동,경상사고,0,0,1,0,차대차 - 측면충돌,차로위반,건조,맑음,단일로 - 기타,승용,남,62세,상해없음,이륜,남,24세,경상
2017110200100053,2017년 11월 2일 02시,목요일,대구광역시 달성군 구지면,중상사고,0,1,0,0,차량단독 - 공작물충돌,안전운전불이행,건조,맑음,교차로 - 교차로부근,화물,남,30세,중상,,,,
2017110200100109,2017년 11월 2일 07시,목요일,대구광역시 달서구 파호동,경상사고,0,0,1,0,차대차 - 측면충돌,안전운전불이행,건조,맑음,단일로 - 기타,승용,남,29세,상해없음,이륜,남,26세,경상
2017110200100133,2017년 11월 2일 08시,목요일,대구광역시 동구 동호동,중상사고,0,1,0,0,차대차 - 기타,안전운전불이행,건조,맑음,단일로 - 기타,승합,남,53세,상해없음,자전거,남,75세,중상
2017110200100134,2017년 11월 2일 08시,목요일,대구광역시 동구 효목동,경상사고,0,0,5,0,차대차 - 추돌,안전거리미확보,건조,맑음,기타 - 기타,화물,남,50세,경상,승용,여,32세,경상
2017110200100135,2017년 11월 2일 08시,목요일,대구광역시 북구 칠성동1가,중상사고,0,1,0,0,차대사람 - 횡단중,안전운전불이행,건조,맑음,단일로 - 기타,승용,여,58세,상해없음,보행자,남,77세,중상
2017110200100136,2017년 11월 2일 08시,목요일,대구광역시 북구 구암동,경상사고,0,0,2,0,차대차 - 측면충돌,안전거리미확보,건조,맑음,교차로 - 교차로안,승용,남,45세,경상,승용,여,42세,경상
2017110200100175,2017년 11월 2일 09시,목요일,대구광역시 동구 신암동,중상사고,0,1,0,0,차대차 - 측면충돌,안전운전불이행,건조,맑음,교차로 - 교차로안,기타불명,기타불명,미분류,기타불명,이륜,남,82세,중상
2017110200100176,2017년 11월 2일 09시,목요일,대구광역시 북구 침산동,경상사고,0,0,2,0,차대차 - 추돌,안전거리미확보,건조,맑음,단일로 - 기타,화물,남,58세,상해없음,화물,남,46세,경상
2017110200100197,2017년 11월 2일 10시,목요일,대구광역시 중구 덕산동,중상사고,0,1,0,0,차대사람 - 횡단중,보행자보호의무위반,건조,맑음,단일로 - 기타,이륜,남,53세,상해없음,보행자,여,72세,중상
2017110200100221,2017년 11월 2일 11시,목요일,대구광역시 중구 문화동,중상사고,0,1,0,0,차량단독 - 기타,안전운전불이행,건조,맑음,단일로 - 기타,승합,남,53세,상해없음,,,,
2017110200100241,2017년 11월 2일 12시,목요일,대구광역시 동구 신암동,중상사고,0,1,0,0,차대차 - 기타,중앙선침범,건조,맑음,단일로 - 기타,승용,남,52세,상해없음,이륜,남,53세,중상
2017110200100242,2017년 11월 2일 12시,목요일,대구광역시 달서구 도원동,경상사고,0,0,1,0,차대사람 - 횡단중,안전운전불이행,건조,맑음,단일로 - 기타,이륜,남,17세,상해없음,보행자,남,56세,경상
2017110200100266,2017년 11월 2일 13시,목요일,대구광역시 북구 금호동,경상사고,0,0,1,0,차대차 - 추돌,안전운전불이행,건조,맑음,단일로 - 기타,승용,여,52세,상해없음,승용,남,57세,경상
2017110200100269,2017년 11월 2일 13시,목요일,대구광역시 수성구 수성동2가,경상사고,0,0,1,0,차대차 - 측면충돌,안전거리미확보,건조,맑음,단일로 - 기타,승용,여,50세,상해없음,자전거,남,58세,경상
2017110200100290,2017년 11월 2일 14시,목요일,대구광역시 남구 대명동,중상사고,0,1,0,0,차대차 - 측면충돌,안전운전불이행,건조,맑음,단일로 - 기타,승용,남,44세,상해없음,이륜,남,36세,중상
2017110200100291,2017년 11월 2일 14시,목요일,대구광역시 동구 지묘동,중상사고,0,1,0,0,차대차 - 추돌,안전운전불이행,건조,맑음,단일로 - 기타,승합,남,59세,상해없음,승용,여,56세,상해없음
2017110200100292,2017년 11월 2일 14시,목요일,대구광역시 북구 칠성동2가,경상사고,0,0,1,0,차대차 - 측면충돌,안전운전불이행,건조,맑음,단일로 - 기타,화물,남,46세,상해없음,자전거,남,59세,경상
2017110200100359,2017년 11월 2일 16시,목요일,대구광역시 북구 읍내동,경상사고,0,0,1,0,차대차 - 기타,안전운전불이행,건조,맑음,단일로 - 기타,승용,여,46세,상해없음,승합,남,54세,상해없음
2017110200100404,2017년 11월 2일 17시,목요일,대구광역시 수성구 대흥동,부상신고사고,0,0,0,1,차대차 - 측면충돌,안전거리미확보,건조,맑음,단일로 - 기타,이륜,남,34세,부상신고,기타불명,기타불명,미분류,기타불명
2017110200100405,2017년 11월 2일 17시,목요일,대구광역시 수성구 지산동,중상사고,0,1,0,0,차대차 - 기타,안전운전불이행,건조,맑음,교차로 - 교차로부근,원동기,남,39세,기타불명,원동기,남,28세,중상
2017110200100406,2017년 11월 2일 17시,목요일,대구광역시 수성구 만촌동,경상사고,0,0,3,0,차대차 - 측면충돌,안전거리미확보,건조,맑음,단일로 - 기타,승용,여,77세,상해없음,승합,남,52세,상해없음
2017110200100407,2017년 11월 2일 17시,목요일,대구광역시 달서구 송현동,경상사고,0,0,1,0,차대차 - 측면충돌,직진우회전진행방해,건조,맑음,교차로 - 교차로안,승용,여,52세,상해없음,자전거,여,9세,경상