사고번호,사고일시,요일,시군구,사고내용,사망자수,중상자수,경상자수,부상신고자수,사고유형,법규위반,노면상태,기상상태,도로형태,가해운전자 차종,가해운전자 성별,가해운전자 연령,가해운전자 상해정도,피해운전자 차종,피해운전자 성별,피해운전자 연령,피해운전자 상해정도
2017112800100341,2017년 11월 28일 15시,화요일,대구광역시 달서구 신당동,중상사고,0,2,0,0,차대차 - 측면충돌,안전운전불이행,건조,맑음,단일로 - 기타,승용,남,62세,상해없음,승용,남,37세,중상
2017112800100373,2017년 11월 28일 16시,화요일,대구광역시 동구 용계동,중상사고,0,1,0,0,차대차 - 측면충돌,안전거리미확보,건조,맑음,단일로 - 기타,화물,남,60세,상해없음,이륜,남,16세,중상
2017112800100409,2017년 11월 28일 17시,화요일,대구광역시 달서구 본리동,중상사고,0,1,0,0,차대차 - 측면충돌,교차로운행방법위반,건조,맑음,교차로 - 교차로안,승용,남,38세,상해없음,이륜,남,33세,중상
2017112800100461,2017년 11월 28일 18시,화요일,대구광역시 달성군 다사읍,경상사고,0,0,1,0,차대차 - 기타,신호위반,건조,맑음,교차로 - 교차로안,승용,여,26세,상해없음,승용,남,29세,경상
2017112800100462,2017년 11월 28일 18시,화요일,대구광역시 서구 내당동,경상사고,0,0,2,0,차대차 - 추돌,안전거리미확보,건조,맑음,단일로 - 기타,승용,남,36세,상해없음,화물,남,27세,경상
2017112800100463,2017년 11월 28일 18시,화요일,대구광역시 달서구 장동,경상사고,0,0,1,0,차대차 - 측면충돌,안전운전불이행,건조,맑음,단일로 - 기타,승용,여,56세,기타불명,승용,남,26세,경상
2017112800100496,2017년 11월 28일 19시,화요일,대구광역시 동구 신암동,중상사고,0,1,0,0,차대사람 - 횡단중,보행자보호의무위반,건조,맑음,교차로 - 교차로횡단보도내,승합,남,52세,상해없음,보행자,여,81세,중상
2017112800100497,2017년 11월 28일 19시,화요일,대구광역시 서구 비산동,경상사고,0,0,4,0,차대차 - 측면충돌,안전운전불이행,건조,맑음,단일로 - 기타,승합,남,34세,상해없음,승용,남,23세,경상
2017112800100498,2017년 11월 28일 19시,화요일,대구광역시 서구 내당동,경상사고,0,0,2,0,차대차 - 측면충돌,안전거리미확보,건조,맑음,단일로 - 기타,승용,남,21세,상해없음,이륜,남,17세,경상
2017112800100519,2017년 11월 28일 20시,화요일,대구광역시 남구 대명동,경상사고,0,0,1,0,차대차 - 측면충돌,안전운전불이행,건조,맑음,기타 - 기타,이륜,남,17세,경상,승용,남,25세,상해없음
2017112800100520,2017년 11월 28일 20시,화요일,대구광역시 남구 대명동,경상사고,0,0,2,0,차대차 - 측면충돌,안전운전불이행,건조,맑음,단일로 - 기타,승용,남,62세,기타불명,승용,남,31세,경상
2017112800100521,2017년 11월 28일 20시,화요일,대구광역시 달성군 현풍면,경상사고,0,0,1,0,차대차 - 기타,신호위반,건조,맑음,교차로 - 교차로부근,승용,남,41세,상해없음,승용,남,31세,경상
2017112800100522,2017년 11월 28일 20시,화요일,대구광역시 달서구 두류동,중상사고,0,1,0,0,차대사람 - 횡단중,안전운전불이행,건조,맑음,단일로 - 기타,승용,남,36세,상해없음,보행자,여,78세,중상
2017112800100549,2017년 11월 28일 21시,화요일,대구광역시 달서구 두류동,경상사고,0,0,4,0,차대차 - 측면충돌,교차로운행방법위반,건조,흐림,교차로 - 교차로안,승용,남,45세,상해없음,승용,남,58세,상해없음
2017112800100571,2017년 11월 28일 22시,화요일,대구광역시 달서구 송현동,경상사고,0,0,1,0,차대차 - 기타,안전운전불이행,건조,맑음,단일로 - 기타,승용,남,64세,상해없음,승용,남,56세,경상
2017112800100590,2017년 11월 28일 23시,화요일,대구광역시 동구 용계동,경상사고,0,0,4,0,차대차 - 추돌,안전거리미확보,건조,맑음,교차로 - 교차로안,승용,남,47세,상해없음,승용,남,22세,경상
2017112800100591,2017년 11월 28일 23시,화요일,대구광역시 북구 대현동,경상사고,0,0,1,0,차대차 - 측면충돌,기타,건조,맑음,단일로 - 기타,승용,남,69세,상해없음,원동기,남,21세,경상
2017112900100039,2017년 11월 29일 01시,수요일,대구광역시 남구 대명동,경상사고,0,0,3,0,차대차 - 후진중충돌,안전운전불이행,건조,맑음,교차로 - 교차로부근,승용,남,36세,상해없음,승용,남,41세,경상
2017112900100040,2017년 11월 29일 01시,수요일,대구광역시 서구 내당동,중상사고,0,2,1,0,차대차 - 측면충돌,신호위반,건조,맑음,교차로 - 교차로안,이륜,남,18세,중상,승용,남,43세,경상
2017112900100054,2017년 11월 29일 04시,수요일,대구광역시 동구 도동,중상사고,0,1,1,0,차대차 - 추돌,안전운전불이행,건조,맑음,단일로 - 기타,승용,남,43세,상해없음,화물,남,55세,경상
2017112900100055,2017년 11월 29일 04시,수요일,대구광역시 동구 사복동,경상사고,0,0,1,0,차대차 - 추돌,안전거리미확보,건조,맑음,교차로 - 교차로부근,승용,남,41세,상해없음,승합,남,62세,경상
2017112900100079,2017년 11월 29일 06시,수요일,대구광역시 남구 이천동,경상사고,0,0,1,0,차대차 - 측면충돌,신호위반,건조,맑음,단일로 - 기타,기타불명,기타불명,미분류,기타불명,자전거,남,74세,경상
2017112900100103,2017년 11월 29일 07시,수요일,대구광역시 달서구 송현동,중상사고,0,1,0,0,차대차 - 기타,안전운전불이행,건조,맑음,단일로 - 기타,화물,남,53세,상해없음,자전거,남,17세,중상
2017112900100104,2017년 11월 29일 07시,수요일,대구광역시 달서구 용산동,중상사고,0,1,0,0,차대차 - 측면충돌,신호위반,건조,맑음,교차로 - 교차로안,화물,남,57세,상해없음,승용,남,34세,중상
2017112900100167,2017년 11월 29일 09시,수요일,대구광역시 달서구 월성동,중상사고,0,1,1,0,차대차 - 측면충돌,교차로운행방법위반,건조,맑음,교차로 - 교차로안,승용,남,29세,상해없음,승합,남,62세,중상
2017112900100204,2017년 11월 29일 10시,수요일,대구광역시 달성군 화원읍,경상사고,0,0,2,0,차대차 - 추돌,안전운전불이행,건조,맑음,단일로 - 기타,승용,남,26세,상해없음,화물,남,57세,경상
2017112900100235,2017년 11월 29일 11시,수요일,대구광역시 수성구 수성동1가,경상사고,0,0,1,0,차대차 - 측면충돌,신호위반,건조,맑음,교차로 - 교차로안,승용,여,58세,상해없음,승용,남,42세,경상
2017112900100236,2017년 11월 29일 11시,수요일,대구광역시 달성군 유가면,경상사고,0,0,1,0,차대사람 - 기타,안전운전불이행,건조,맑음,단일로 - 기타,기타불명,기타불명,미분류,기타불명,보행자,남,58세,경상
2017112900100237,2017년 11월 29일 11시,수요일,대구광역시 서구 비산동,중상사고,0,1,0,0,차대차 - 기타,신호위반,건조,맑음,교차로 - 교차로안,화물,남,63세,상해없음,이륜,남,69세,중상
2017112900100238,2017년 11월 29일 11시,수요일,대구광역시 달서구 용산동,중상사고,0,1,0,0,차대사람 - 횡단중,신호위반,건조,맑음,단일로 - 기타,화물,남,42세,상해없음,보행자,여,36세,중상
2017112900100266,2017년 11월 29일 12시,수요일,대구광역시 북구 침산동,경상사고,0,0,1,0,차대차 - 측면충돌,신호위반,건조,맑음,교차로 - 교차로안,승용,여,26세,상해없음,이륜,남,47세,경상
2017112900100267,2017년 11월 29일 12시,수요일,대구광역시 중구 남산동,경상사고,0,0,2,0,차대차 - 추돌,안전운전불이행,건조,맑음,단일로 - 기타,승용,여,31세,상해없음,승용,여,55세,경상
2017112900100353,2017년 11월 29일 15시,수요일,대구광역시 수성구 상동,경상사고,0,0,2,0,차대차 - 측면충돌,교차로운행방법위반,건조,맑음,교차로 - 교차로안,승용,여,34세,상해없음,승용,여,37세,경상
2017112900100354,2017년 11월 29일 15시,수요일,대구광역시 달서구 월성동,경상사고,0,0,1,0,차대사람 - 횡단중,보행자보호의무위반,건조,맑음,교차로 - 교차로횡단보도내,승용,남,66세,상해없음,보행자,남,9세,경상
2017112900100355,2017년 11월 29일 15시,수요일,대구광역시 북구 고성동3가,경상사고,0,0,1,0,차대차 - 측면충돌,안전운전불이행,건조,맑음,교차로 - 교차로부근,승용,남,53세,상해없음,승용,여,49세,경상
2017112900100383,2017년 11월 29일 16시,수요일,대구광역시 서구 비산동,경상사고,0,0,1,0,차대차 - 측면충돌,직진우회전진행방해,건조,맑음,교차로 - 교차로부근,승용,남,63세,상해없음,이륜,여,60세,경상
2017112900100384,2017년 11월 29일 16시,수요일,대구광역시 달서구 용산동,경상사고,0,0,2,0,차대차 - 후진중충돌,불법유턴,건조,맑음,단일로 - 기타,승용,남,59세,경상,승용,남,21세,경상
2017112900100385,2017년 11월 29일 16시,수요일,대구광역시 북구 국우동,중상사고,0,1,0,0,차대사람 - 횡단중,중앙선침범,건조,맑음,기타 - 기타,승용,여,43세,상해없음,보행자,여,88세,중상
2017112900100428,2017년 11월 29일 17시,수요일,대구광역시 남구 봉덕동,경상사고,0,0,1,0,차대차 - 측면충돌,안전운전불이행,건조,맑음,단일로 - 기타,승용,남,69세,상해없음,이륜,남,27세,경상
2017112900100429,2017년 11월 29일 17시,수요일,대구광역시 동구 효목동,중상사고,0,1,0,0,차대차 - 측면충돌,안전운전불이행,건조,맑음,교차로 - 교차로부근,승용,여,55세,상해없음,승용,여,44세,중상
2017112900100430,2017년 11월 29일 17시,수요일,대구광역시 동구 용계동,경상사고,0,0,1,0,차대사람 - 기타,안전운전불이행,건조,맑음,기타 - 기타,승용,남,33세,상해없음,보행자,남,28세,경상
2017112900100431,2017년 11월 29일 17시,수요일,대구광역시 달성군 다사읍,경상사고,0,0,2,0,차대차 - 기타,교차로운행방법위반,건조,맑음,교차로 - 교차로부근,승용,남,70세,경상,승용,여,52세,경상
2017112900100468,2017년 11월 29일 18시,수요일,대구광역시 동구 입석동,경상사고,0,0,1,0,차대사람 - 횡단중,안전운전불이행,건조,맑음,단일로 - 기타,이륜,남,33세,상해없음,보행자,여,62세,경상
2017112900100509,2017년 11월 29일 19시,수요일,대구광역시 수성구 범어동,중상사고,0,1,0,0,차대차 - 측면충돌,안전운전불이행,건조,맑음,교차로 - 교차로안,승용,여,43세,상해없음,자전거,남,37세,중상
2017112900100510,2017년 11월 29일 19시,수요일,대구광역시 수성구 지산동,경상사고,0,0,1,0,차대사람 - 길가장자리구역통행중,기타,건조,맑음,단일로 - 기타,승합,남,49세,상해없음,보행자,여,62세,경상
2017112900100511,2017년 11월 29일 19시,수요일,대구광역시 달성군 다사읍,경상사고,0,0,2,0,차대차 - 기타,안전운전불이행,건조,맑음,교차로 - 교차로안,승용,여,32세,상해없음,승용,여,43세,경상
2017112900100512,2017년 11월 29일 19시,수요일,대구광역시 달서구 장기동,부상신고사고,0,0,0,1,차대차 - 추돌,안전운전불이행,건조,맑음,교차로 - 교차로부근,자전거,남,17세,기타불명,승용,여,36세,부상신고
2017112900100513,2017년 11월 29일 19시,수요일,대구광역시 달서구 신당동,경상사고,0,0,1,0,차대차 - 측면충돌,안전운전불이행,건조,맑음,단일로 - 기타,승용,남,41세,상해없음,자전거,남,57세,경상
2017112900100534,2017년 11월 29일 20시,수요일,대구광역시 동구 신암동,중상사고,0,1,0,0,차대차 - 기타,안전운전불이행,건조,맑음,교차로 - 교차로부근,승합,남,53세,상해없음,승용,남,43세,상해없음
2017113000100043,2017년 11월 30일 01시,목요일,대구광역시 남구 이천동,중상사고,0,2,3,0,차대차 - 추돌,안전운전불이행,건조,맑음,교차로 - 교차로부근,승용,남,30세,상해없음,승용,남,55세,중상
2017113000100052,2017년 11월 30일 02시,목요일,대구광역시 달서구 도원동,경상사고,0,0,2,0,차대차 - 추돌,안전운전불이행,건조,맑음,단일로 - 기타,승용,남,42세,상해없음,승용,남,58세,경상
2017113000100069,2017년 11월 30일 05시,목요일,대구광역시 북구 서변동,경상사고,0,0,1,0,차대차 - 기타,안전거리미확보,건조,맑음,기타 - 기타,화물,남,56세,상해없음,승합,남,58세,경상
2017113000100084,2017년 11월 30일 06시,목요일,대구광역시 달서구 감삼동,중상사고,0,1,1,0,차대차 - 기타,안전거리미확보,건조,맑음,단일로 - 기타,승용,남,63세,상해없음,화물,남,43세,중상
2017113000100099,2017년 11월 30일 07시,목요일,대구광역시 서구 비산동,경상사고,0,0,1,0,차대차 - 측면충돌,중앙선침범,건조,맑음,단일로 - 기타,승용,남,49세,상해없음,승용,여,53세,경상
2017113000100134,2017년 11월 30일 08시,목요일,대구광역시 수성구 만촌동,중상사고,0,1,0,0,차대차 - 측면충돌,중앙선침범,건조,맑음,단일로 - 기타,자전거,여,83세,중상,승용,여,49세,상해없음
2017113000100135,2017년 11월 30일 08시,목요일,대구광역시 수성구 신매동,경상사고,0,0,2,0,차대차 - 측면충돌,안전거리미확보,건조,맑음,단일로 - 기타,승용,남,35세,상해없음,승용,남,32세,경상
2017113000100136,2017년 11월 30일 08시,목요일,대구광역시 달서구 상인동,경상사고,0,0,2,0,차대차 - 측면충돌,불법유턴,건조,맑음,교차로 - 교차로안,이륜,여,54세,경상,승용,남,62세,경상
2017113000100137,2017년 11월 30일 08시,목요일,대구광역시 달서구 송현동,경상사고,0,0,2,0,차대차 - 측면충돌,교차로운행방법위반,건조,맑음,교차로 - 교차로안,승용,남,27세,경상,승용,여,46세,경상
2017113000100138,2017년 11월 30일 08시,목요일,대구광역시 달서구 성당동,중상사고,0,1,1,0,차대차 - 측면충돌,안전운전불이행,건조,맑음,단일로 - 기타,승용,남,55세,상해없음,승용,여,53세,중상
2017113000100176,2017년 11월 30일 09시,목요일,대구광역시 동구 신천동,경상사고,0,0,2,0,차대차 - 측면충돌,안전운전불이행,건조,맑음,단일로 - 기타,승용,남,55세,상해없음,승용,남,75세,경상
2017113000100177,2017년 11월 30일 09시,목요일,대구광역시 달서구 상인동,경상사고,0,0,1,0,차대차 - 측면충돌,안전거리미확보,건조,맑음,교차로 - 교차로안,화물,남,61세,상해없음,승용,남,52세,경상
2017113000100205,2017년 11월 30일 10시,목요일,대구광역시 동구 효목동,경상사고,0,0,1,1,차대차 - 측면충돌,직진우회전진행방해,건조,맑음,교차로 - 교차로안,승용,남,70세,상해없음,승용,여,38세,경상
2017113000100206,2017년 11월 30일 10시,목요일,대구광역시 북구 산격동,경상사고,0,0,1,0,차대차 - 측면충돌,불법유턴,건조,맑음,기타 - 기타,원동기,남,59세,경상,승용,남,38세,상해없음
2017113000100235,2017년 11월 30일 11시,목요일,대구광역시 서구 내당동,중상사고,0,1,1,0,차대차 - 측면충돌,과속,건조,맑음,교차로 - 교차로안,화물,남,40세,경상,승용,남,67세,중상
2017113000100236,2017년 11월 30일 11시,목요일,대구광역시 서구 비산동,중상사고,0,1,2,0,차대차 - 추돌,안전운전불이행,건조,맑음,단일로 - 기타,화물,남,46세,경상,승용,남,53세,경상
2017113000100266,2017년 11월 30일 12시,목요일,대구광역시 남구 대명동,경상사고,0,0,1,0,차대차 - 측면충돌,안전운전불이행,건조,맑음,단일로 - 기타,자전거,여,67세,경상,승용,여,58세,상해없음
2017113000100267,2017년 11월 30일 12시,목요일,대구광역시 동구 불로동,중상사고,0,1,0,0,차대차 - 추돌,안전운전불이행,건조,맑음,단일로 - 기타,승용,남,56세,상해없음,승용,남,37세,중상
2017113000100268,2017년 11월 30일 12시,목요일,대구광역시 수성구 상동,중상사고,0,1,0,0,차대차 - 기타,안전운전불이행,건조,맑음,단일로 - 기타,기타불명,기타불명,미분류,기타불명,승합,남,35세,상해없음
2017113000100269,2017년 11월 30일 12시,목요일,대구광역시 달서구 진천동,경상사고,0,0,2,1,차대차 - 측면충돌,직진우회전진행방해,건조,맑음,교차로 - 교차로안,승용,여,42세,부상신고,승용,남,69세,경상
2017113000100297,2017년 11월 30일 13시,목요일,대구광역시 수성구 매호동,중상사고,0,1,0,0,차대차 - 측면충돌,교차로운행방법위반,건조,맑음,교차로 - 교차로안,화물,남,41세,상해없음,이륜,남,27세,중상
2017113000100327,2017년 11월 30일 14시,목요일,대구광역시 수성구 중동,경상사고,0,0,1,0,차대차 - 측면충돌,안전운전불이행,건조,맑음,교차로 - 교차로횡단보도내,자전거,남,74세,경상,건설기계,남,60세,상해없음
2017113000100328,2017년 11월 30일 14시,목요일,대구광역시 수성구 만촌동,경상사고,0,0,1,0,차대차 - 측면충돌,안전운전불이행,건조,맑음,단일로 - 기타,승용,남,69세,상해없음,이륜,남,54세,경상
2017113000100329,2017년 11월 30일 14시,목요일,대구광역시 수성구 황금동,경상사고,0,0,1,0,차대차 - 측면충돌,안전운전불이행,건조,맑음,교차로 - 교차로부근,승용,남,33세,상해없음,승용,남,27세,경상
2017113000100330,2017년 11월 30일 14시,목요일,대구광역시 달서구 상인동,경상사고,0,0,1,0,차대차 - 측면충돌,안전거리미확보,건조,맑음,교차로 - 교차로부근,승용,남,46세,상해없음,이륜,남,30세,경상
2017113000100361,2017년 11월 30일 15시,목요일,대구광역시 북구 태전동,경상사고,0,0,1,0,차량단독 - 공작물충돌,안전운전불이행,건조,흐림,단일로 - 기타,승용,남,59세,경상,,,,
2017113000100405,2017년 11월 30일 16시,목요일,대구광역시 서구 평리동,경상사고,0,0,1,0,차대차 - 추돌,안전거리미확보,건조,맑음,단일로 - 기타,화물,남,26세,상해없음,원동기,남,18세,경상
2017113000100406,2017년 11월 30일 16시,목요일,대구광역시 달서구 감삼동,중상사고,0,1,0,0,차대차 - 기타,안전운전불이행,건조,맑음,단일로 - 기타,화물,남,47세,상해없음,자전거,남,42세,중상
2017113000100448,2017년 11월 30일 17시,목요일,대구광역시 달성군 다사읍,경상사고,0,0,1,0,차대차 - 기타,안전운전불이행,건조,맑음,단일로 - 기타,기타불명,기타불명,미분류,기타불명,자전거,남,58세,경상
2017113000100449,2017년 11월 30일 17시,목요일,대구광역시 북구 노원동3가,경상사고,0,0,2,0,차대차 - 추돌,안전운전불이행,건조,맑음,단일로 - 기타,승용,남,56세,상해없음,승용,남,49세,경상
2017113000100450,2017년 11월 30일 17시,목요일,대구광역시 중구 남산동,경상사고,0,0,2,0,차대차 - 추돌,안전거리미확보,건조,맑음,단일로 - 기타,화물,남,44세,상해없음,승용,여,58세,경상
2017113000100451,2017년 11월 30일 17시,목요일,대구광역시 달서구 용산동,경상사고,0,0,1,0,차대차 - 기타,안전운전불이행,건조,맑음,교차로 - 교차로횡단보도내,화물,남,28세,상해없음,자전거,남,10세,경상
2017113000100452,2017년 11월 30일 17시,목요일,대구광역시 북구 태전동,경상사고,0,0,1,0,차대차 - 측면충돌,안전운전불이행,건조,맑음,교차로 - 교차로안,승용,남,63세,상해없음,자전거,남,14세,경상
2017113000100453,2017년 11월 30일 17시,목요일,대구광역시 북구 태전동,중상사고,0,1,0,0,차대차 - 측면충돌,안전운전불이행,건조,맑음,교차로 - 교차로안,승합,남,60세,상해없음,원동기,남,19세,중상
2017113000100498,2017년 11월 30일 18시,목요일,대구광역시 달성군 옥포면,사망사고,1,0,0,0,차대차 - 측면충돌,신호위반,건조,맑음,교차로 - 교차로안,이륜,남,55세,사망,승합,남,48세,상해없음
2017113000100499,2017년 11월 30일 18시,목요일,대구광역시 달성군 다사읍,경상사고,0,0,1,0,차대차 - 기타,교차로운행방법위반,건조,맑음,교차로 - 교차로안,승용,남,55세,상해없음,승용,남,34세,경상
2017113000100500,2017년 11월 30일 18시,목요일,대구광역시 달서구 용산동,중상사고,0,1,0,0,차대차 - 측면충돌,안전운전불이행,건조,흐림,단일로 - 기타,건설기계,남,60세,상해없음,이륜,남,21세,중상
2017113000100542,2017년 11월 30일 19시,목요일,대구광역시 동구 동호동,경상사고,0,0,2,0,차대차 - 측면충돌,불법유턴,건조,맑음,교차로 - 교차로안,화물,남,58세,상해없음,승용,여,27세,경상
2017113000100543,2017년 11월 30일 19시,목요일,대구광역시 수성구 범어동,중상사고,0,1,0,0,차대사람 - 횡단중,보행자보호의무위반,건조,맑음,교차로 - 교차로횡단보도내,승용,남,42세,상해없음,보행자,남,74세,중상
2017113000100580,2017년 11월 30일 20시,목요일,대구광역시 수성구 상동,경상사고,0,0,2,0,차대차 - 측면충돌,안전운전불이행,건조,맑음,단일로 - 기타,승용,여,29세,상해없음,승용,남,29세,경상
2017113000100581,2017년 11월 30일 20시,목요일,대구광역시 달성군 화원읍,경상사고,0,0,3,0,차대차 - 기타,신호위반,건조,맑음,교차로 - 교차로부근,승용,남,63세,상해없음,승용,남,34세,경상
2017113000100613,2017년 11월 30일 21시,목요일,대구광역시 달서구 본동,경상사고,0,0,1,0,차대사람 - 횡단중,안전운전불이행,건조,맑음,단일로 - 기타,화물,남,62세,상해없음,보행자,남,41세,경상
2017113000100614,2017년 11월 30일 21시,목요일,대구광역시 달서구 두류동,경상사고,0,0,1,0,차대차 - 추돌,안전운전불이행,건조,흐림,단일로 - 기타,이륜,남,61세,경상,승합,남,54세,상해없음
2017113000100638,2017년 11월 30일 22시,목요일,대구광역시 중구 대봉동,경상사고,0,0,3,0,차대차 - 추돌,안전거리미확보,건조,맑음,단일로 - 기타,승용,남,39세,상해없음,승용,여,31세,경상
2017113000100660,2017년 11월 30일 23시,목요일,대구광역시 수성구 지산동,중상사고,0,1,1,0,차대차 - 측면충돌,신호위반,건조,맑음,교차로 - 교차로안,승용,남,32세,상해없음,승용,남,62세,중상
2017113000100661,2017년 11월 30일 23시,목요일,대구광역시 달서구 신당동,경상사고,0,0,1,0,차대사람 - 기타,안전운전불이행,건조,맑음,기타 - 기타,이륜,남,51세,상해없음,보행자,남,25세,경상
2017120100100048,2017년 12월 1일 00시,금요일,대구광역시 남구 대명동,경상사고,0,0,1,0,차대차 - 기타,안전거리미확보,건조,맑음,기타 - 기타,이륜,남,18세,경상,승용,남,38세,상해없음
2017120100100049,2017년 12월 1일 00시,금요일,대구광역시 북구 칠성동1가,중상사고,0,1,0,1,차대사람 - 횡단중,안전운전불이행,건조,맑음,단일로 - 기타,이륜,남,18세,부상신고,보행자,남,62세,중상
2017120100100069,2017년 12월 1일 01시,금요일,대구광역시 남구 봉덕동,경상사고,0,0,2,1,차대차 - 측면충돌,안전운전불이행,건조,맑음,교차로 - 교차로안,승용,남,38세,부상신고,승용,남,49세,경상
2017120100100070,2017년 12월 1일 01시,금요일,대구광역시 동구 방촌동,경상사고,0,0,1,0,차대차 - 측면충돌,안전거리미확보,건조,맑음,단일로 - 기타,승용,남,50세,상해없음,승용,남,75세,상해없음
2017120100100086,2017년 12월 1일 03시,금요일,대구광역시 북구 대현동,부상신고사고,0,0,0,1,차대사람 - 기타,안전운전불이행,건조,맑음,단일로 - 기타,승용,여,54세,상해없음,보행자,남,40세,부상신고
2017120100100087,2017년 12월 1일 03시,금요일,대구광역시 서구 이현동,경상사고,0,0,1,0,차대차 - 측면충돌,차로위반,건조,맑음,단일로 - 기타,화물,남,58세,상해없음,승용,여,57세,경상
2017120100100148,2017년 12월 1일 07시,금요일,대구광역시 중구 동인동2가,부상신고사고,0,0,0,1,차대차 - 기타,중앙선침범,건조,맑음,교차로 - 교차로부근,자전거,여,56세,부상신고,승용,남,29세,상해없음
2017120100100149,2017년 12월 1일 07시,금요일,대구광역시 북구 태전동,경상사고,0,0,1,0,차대차 - 기타,안전거리미확보,건조,맑음,단일로 - 기타,승용,남,53세,상해없음,승용,남,35세,경상
2017120100100190,2017년 12월 1일 08시,금요일,대구광역시 동구 율하동,경상사고,0,0,1,0,차대차 - 측면충돌,안전거리미확보,건조,맑음,단일로 - 기타,승용,남,33세,상해없음,승용,남,60세,경상
2017120100100191,2017년 12월 1일 08시,금요일,대구광역시 서구 비산동,중상사고,0,1,0,0,차대차 - 측면충돌,안전운전불이행,건조,맑음,단일로 - 기타,승용,여,38세,상해없음,이륜,남,37세,중상
2017120100100233,2017년 12월 1일 09시,금요일,대구광역시 동구 신암동,경상사고,0,0,2,1,차대차 - 측면충돌,교차로운행방법위반,건조,맑음,교차로 - 교차로안,승용,남,68세,부상신고,화물,남,52세,경상
2017120100100234,2017년 12월 1일 09시,금요일,대구광역시 중구 동인동3가,중상사고,0,1,0,0,차대사람 - 길가장자리구역통행중,안전운전불이행,건조,맑음,교차로 - 교차로부근,승용,남,57세,상해없음,보행자,여,75세,중상
2017120100100315,2017년 12월 1일 12시,금요일,대구광역시 동구 방촌동,중상사고,0,1,0,0,차대차 - 측면충돌,안전운전불이행,건조,맑음,단일로 - 기타,승용,남,68세,상해없음,이륜,여,55세,중상
2017120100100381,2017년 12월 1일 14시,금요일,대구광역시 수성구 지산동,경상사고,0,0,1,0,차대사람 - 횡단중,신호위반,건조,맑음,단일로 - 기타,승용,남,33세,상해없음,보행자,남,21세,경상
2017120100100382,2017년 12월 1일 14시,금요일,대구광역시 달서구 본동,경상사고,0,0,1,0,차대차 - 측면충돌,직진우회전진행방해,건조,맑음,교차로 - 교차로안,화물,남,24세,경상,승용,남,55세,상해없음
2017120100100383,2017년 12월 1일 14시,금요일,대구광역시 달서구 장기동,중상사고,0,1,0,0,차대차 - 측면충돌,안전운전불이행,건조,맑음,교차로 - 교차로부근,건설기계,남,48세,상해없음,자전거,여,22세,중상
2017120100100384,2017년 12월 1일 14시,금요일,대구광역시 북구 서변동,부상신고사고,0,0,0,1,차대사람 - 횡단중,안전운전불이행,건조,맑음,단일로 - 기타,이륜,여,55세,상해없음,보행자,남,9세,부상신고
2017120100100434,2017년 12월 1일 15시,금요일,대구광역시 남구 봉덕동,경상사고,0,0,1,0,차대사람 - 횡단중,보행자보호의무위반,건조,맑음,교차로 - 교차로횡단보도내,이륜,남,16세,상해없음,보행자,여,65세,경상
2017120100100435,2017년 12월 1일 15시,금요일,대구광역시 달성군 화원읍,경상사고,0,0,1,0,차대사람 - 횡단중,안전운전불이행,건조,맑음,교차로 - 교차로안,화물,남,25세,상해없음,보행자,여,12세,경상
2017120100100436,2017년 12월 1일 15시,금요일,대구광역시 북구 산격동,경상사고,0,0,1,0,차대차 - 측면충돌,신호위반,건조,맑음,교차로 - 교차로안,화물,남,63세,상해없음,승용,남,38세,경상
2017120100100470,2017년 12월 1일 16시,금요일,대구광역시 남구 대명동,경상사고,0,0,1,0,차대차 - 추돌,안전거리미확보,건조,맑음,단일로 - 기타,승용,남,56세,상해없음,승용,여,41세,경상
2017120100100471,2017년 12월 1일 16시,금요일,대구광역시 동구 용계동,경상사고,0,0,2,0,차대차 - 기타,안전거리미확보,건조,맑음,단일로 - 기타,승용,남,22세,경상,승용,남,33세,경상
2017120100100472,2017년 12월 1일 16시,금요일,대구광역시 수성구 황금동,경상사고,0,0,1,0,차대차 - 측면충돌,안전운전불이행,건조,맑음,단일로 - 기타,승합,남,49세,상해없음,승용,남,61세,경상
2017120100100473,2017년 12월 1일 16시,금요일,대구광역시 수성구 신매동,경상사고,0,0,1,0,차대차 - 기타,신호위반,건조,맑음,교차로 - 교차로횡단보도내,승용,여,29세,상해없음,자전거,여,62세,경상
2017120100100474,2017년 12월 1일 16시,금요일,대구광역시 달성군 화원읍,경상사고,0,0,1,0,차대차 - 기타,안전운전불이행,건조,맑음,단일로 - 기타,승용,남,55세,상해없음,승용,남,26세,경상
2017120100100475,2017년 12월 1일 16시,금요일,대구광역시 서구 내당동,경상사고,0,0,1,0,차대차 - 측면충돌,안전운전불이행,건조,맑음,단일로 - 기타,자전거,남,52세,경상,이륜,남,63세,상해없음
2017120100100514,2017년 12월 1일 17시,금요일,대구광역시 남구 봉덕동,중상사고,0,1,0,0,차대차 - 측면충돌,안전운전불이행,건조,맑음,기타 - 기타,승용,남,54세,상해없음,이륜,남,63세,중상
2017120100100515,2017년 12월 1일 17시,금요일,대구광역시 동구 동호동,부상신고사고,0,0,0,1,차대사람 - 보도통행중,안전운전불이행,건조,맑음,기타 - 기타,승용,남,33세,상해없음,보행자,남,52세,부상신고