사고번호,사고일시,요일,시군구,사고내용,사망자수,중상자수,경상자수,부상신고자수,사고유형,법규위반,노면상태,기상상태,도로형태,가해운전자 차종,가해운전자 성별,가해운전자 연령,가해운전자 상해정도,피해운전자 차종,피해운전자 성별,피해운전자 연령,피해운전자 상해정도
2017120400100576,2017년 12월 4일 21시,월요일,대구광역시 달서구 도원동,경상사고,0,0,2,0,차대차 - 측면충돌,안전운전불이행,건조,맑음,교차로 - 교차로안,승용,남,38세,경상,화물,남,50세,상해없음
2017120400100577,2017년 12월 4일 21시,월요일,대구광역시 서구 비산동,중상사고,0,1,0,0,차대차 - 측면충돌,신호위반,건조,맑음,교차로 - 교차로안,승용,남,62세,상해없음,승용,여,27세,중상
2017120400100578,2017년 12월 4일 21시,월요일,대구광역시 달서구 감삼동,경상사고,0,0,1,0,차대차 - 추돌,안전운전불이행,건조,맑음,단일로 - 기타,이륜,남,24세,경상,승용,여,39세,기타불명
2017120400100604,2017년 12월 4일 22시,월요일,대구광역시 수성구 두산동,경상사고,0,0,3,0,차대사람 - 횡단중,안전운전불이행,건조,맑음,교차로 - 교차로부근,승용,남,76세,상해없음,보행자,남,47세,경상
2017120400100605,2017년 12월 4일 22시,월요일,대구광역시 수성구 두산동,경상사고,0,0,1,0,차대차 - 측면충돌,안전운전불이행,건조,맑음,단일로 - 기타,화물,남,35세,상해없음,승용,여,56세,경상
2017120500100046,2017년 12월 5일 00시,화요일,대구광역시 달서구 본동,경상사고,0,0,1,0,차대차 - 추돌,안전운전불이행,건조,맑음,단일로 - 기타,승용,남,49세,상해없음,승용,남,53세,경상
2017120500100063,2017년 12월 5일 02시,화요일,대구광역시 북구 대현동,사망사고,1,0,0,0,차대차 - 추돌,안전운전불이행,건조,맑음,단일로 - 기타,승용,남,38세,상해없음,화물,남,55세,상해없음
2017120500100070,2017년 12월 5일 03시,화요일,대구광역시 동구 효목동,경상사고,0,0,2,0,차대차 - 측면충돌,안전거리미확보,건조,맑음,단일로 - 기타,승용,남,59세,상해없음,승용,남,56세,경상
2017120500100195,2017년 12월 5일 09시,화요일,대구광역시 달서구 월성동,경상사고,0,0,1,0,차대차 - 측면충돌,안전거리미확보,건조,맑음,단일로 - 기타,화물,남,51세,상해없음,화물,남,38세,경상
2017120500100217,2017년 12월 5일 10시,화요일,대구광역시 수성구 수성동1가,중상사고,0,1,0,0,차대사람 - 횡단중,보행자보호의무위반,건조,맑음,교차로 - 교차로횡단보도내,승용,여,40세,상해없음,보행자,여,35세,중상
2017120500100218,2017년 12월 5일 10시,화요일,대구광역시 달성군 다사읍,경상사고,0,0,1,0,차대차 - 추돌,안전거리미확보,건조,맑음,단일로 - 기타,승용,여,25세,상해없음,화물,남,52세,경상
2017120500100219,2017년 12월 5일 10시,화요일,대구광역시 북구 구암동,경상사고,0,0,1,0,차대차 - 측면충돌,교차로운행방법위반,건조,맑음,교차로 - 교차로안,승용,남,31세,상해없음,화물,남,56세,경상
2017120500100253,2017년 12월 5일 11시,화요일,대구광역시 중구 남산동,경상사고,0,0,1,0,차대차 - 추돌,안전거리미확보,건조,맑음,단일로 - 기타,승용,남,49세,상해없음,승용,남,58세,경상
2017120500100254,2017년 12월 5일 11시,화요일,대구광역시 북구 태전동,경상사고,0,0,1,0,차대차 - 추돌,안전거리미확보,건조,맑음,단일로 - 기타,승용,남,41세,상해없음,승용,남,63세,경상
2017120500100292,2017년 12월 5일 12시,화요일,대구광역시 남구 대명동,중상사고,0,1,0,0,차대차 - 추돌,안전운전불이행,건조,맑음,교차로 - 교차로안,승용,남,49세,상해없음,원동기,남,47세,중상
2017120500100315,2017년 12월 5일 13시,화요일,대구광역시 북구 복현동,경상사고,0,0,1,0,차대차 - 측면충돌,안전운전불이행,건조,맑음,교차로 - 교차로안,승용,남,40세,상해없음,승용,여,43세,경상
2017120500100336,2017년 12월 5일 14시,화요일,대구광역시 동구 신천동,경상사고,0,0,1,0,차대차 - 측면충돌,안전운전불이행,건조,맑음,단일로 - 기타,화물,남,51세,기타불명,승용,남,61세,경상
2017120500100337,2017년 12월 5일 14시,화요일,대구광역시 수성구 만촌동,경상사고,0,0,2,0,차대차 - 측면충돌,차로위반,건조,맑음,단일로 - 기타,화물,남,52세,경상,승용,남,35세,경상
2017120500100338,2017년 12월 5일 14시,화요일,대구광역시 중구 봉산동,경상사고,0,0,3,0,차대차 - 측면충돌,안전거리미확보,건조,맑음,교차로 - 교차로부근,승용,남,67세,상해없음,승용,여,55세,경상
2017120500100361,2017년 12월 5일 15시,화요일,대구광역시 동구 신암동,경상사고,0,0,1,0,차대차 - 측면충돌,안전운전불이행,건조,맑음,기타 - 기타,승용,여,49세,상해없음,승용,남,38세,경상
2017120500100362,2017년 12월 5일 15시,화요일,대구광역시 서구 평리동,경상사고,0,0,4,0,차대차 - 추돌,안전운전불이행,건조,맑음,교차로 - 교차로부근,승용,남,37세,상해없음,화물,남,34세,경상
2017120500100363,2017년 12월 5일 15시,화요일,대구광역시 서구 내당동,중상사고,0,1,0,0,차대차 - 측면충돌,안전운전불이행,건조,맑음,단일로 - 기타,승용,남,62세,상해없음,이륜,남,36세,중상
2017120500100389,2017년 12월 5일 16시,화요일,대구광역시 동구 신암동,경상사고,0,0,1,0,차대사람 - 차도통행중,안전운전불이행,건조,맑음,단일로 - 기타,승용,남,58세,상해없음,보행자,남,62세,경상
2017120500100390,2017년 12월 5일 16시,화요일,대구광역시 동구 율하동,경상사고,0,0,2,0,차대차 - 추돌,안전거리미확보,건조,맑음,단일로 - 기타,승합,남,63세,상해없음,승용,남,68세,상해없음
2017120500100391,2017년 12월 5일 16시,화요일,대구광역시 수성구 신매동,경상사고,0,0,1,0,차량단독 - 기타,기타,건조,맑음,단일로 - 기타,승합,남,55세,상해없음,,,,
2017120500100392,2017년 12월 5일 16시,화요일,대구광역시 서구 내당동,중상사고,0,1,0,0,차대차 - 측면충돌,안전운전불이행,건조,맑음,단일로 - 기타,화물,남,53세,상해없음,이륜,남,49세,중상
2017120500100393,2017년 12월 5일 16시,화요일,대구광역시 중구 동인동2가,부상신고사고,0,0,0,1,차대차 - 기타,안전운전불이행,건조,맑음,단일로 - 기타,자전거,남,22세,부상신고,승용,남,31세,상해없음
2017120500100434,2017년 12월 5일 17시,화요일,대구광역시 수성구 범어동,경상사고,0,0,6,1,차대차 - 추돌,교차로운행방법위반,건조,맑음,교차로 - 교차로부근,승용,남,54세,상해없음,승합,남,57세,경상
2017120500100435,2017년 12월 5일 17시,화요일,대구광역시 수성구 황금동,경상사고,0,0,1,0,차대차 - 측면충돌,안전거리미확보,건조,맑음,교차로 - 교차로부근,승용,여,26세,상해없음,승용,남,27세,경상
2017120500100436,2017년 12월 5일 17시,화요일,대구광역시 달서구 진천동,부상신고사고,0,0,0,2,차대차 - 측면충돌,안전운전불이행,건조,맑음,교차로 - 교차로안,기타불명,기타불명,미분류,기타불명,자전거,남,9세,부상신고
2017120500100492,2017년 12월 5일 18시,화요일,대구광역시 남구 대명동,경상사고,0,0,1,0,차대사람 - 차도통행중,안전운전불이행,건조,맑음,단일로 - 기타,승용,남,76세,상해없음,보행자,여,16세,경상
2017120500100493,2017년 12월 5일 18시,화요일,대구광역시 동구 신암동,경상사고,0,0,1,0,차대차 - 측면충돌,안전운전불이행,건조,맑음,교차로 - 교차로안,승용,남,50세,기타불명,승용,남,60세,경상
2017120500100494,2017년 12월 5일 18시,화요일,대구광역시 수성구 범어동,부상신고사고,0,0,0,1,차대차 - 측면충돌,안전운전불이행,건조,맑음,단일로 - 기타,이륜,남,41세,부상신고,승용,남,44세,상해없음
2017120500100495,2017년 12월 5일 18시,화요일,대구광역시 달서구 죽전동,경상사고,0,0,1,0,차대사람 - 횡단중,보행자보호의무위반,건조,맑음,단일로 - 기타,승용,남,63세,상해없음,보행자,여,42세,경상
2017120500100531,2017년 12월 5일 19시,화요일,대구광역시 달서구 송현동,경상사고,0,0,1,0,차대차 - 기타,교차로운행방법위반,건조,맑음,교차로 - 교차로부근,승용,남,51세,상해없음,자전거,남,67세,경상
2017120500100554,2017년 12월 5일 20시,화요일,대구광역시 달서구 상인동,경상사고,0,0,1,0,차대차 - 측면충돌,신호위반,건조,맑음,교차로 - 교차로안,승용,여,28세,상해없음,승용,남,49세,경상
2017120500100555,2017년 12월 5일 20시,화요일,대구광역시 중구 봉산동,경상사고,0,0,1,0,차대차 - 측면충돌,안전거리미확보,건조,맑음,교차로 - 교차로부근,승용,남,59세,상해없음,승용,남,64세,상해없음
2017120500100581,2017년 12월 5일 21시,화요일,대구광역시 동구 신천동,부상신고사고,0,0,0,1,차대차 - 기타,안전운전불이행,건조,맑음,교차로 - 교차로부근,이륜,남,50세,부상신고,이륜,남,35세,상해없음
2017120500100594,2017년 12월 5일 22시,화요일,대구광역시 달성군 유가면,경상사고,0,0,1,0,차대차 - 측면충돌,중앙선침범,건조,맑음,교차로 - 교차로부근,화물,남,56세,상해없음,승용,남,61세,경상
2017120500100606,2017년 12월 5일 23시,화요일,대구광역시 달서구 두류동,중상사고,0,1,1,0,차대사람 - 차도통행중,안전운전불이행,건조,맑음,단일로 - 기타,승용,남,33세,상해없음,보행자,남,69세,중상
2017120600100042,2017년 12월 6일 00시,수요일,대구광역시 동구 용계동,경상사고,0,0,1,0,차대차 - 측면충돌,안전거리미확보,건조,맑음,교차로 - 교차로부근,승용,남,78세,상해없음,승합,남,38세,경상
2017120600100043,2017년 12월 6일 00시,수요일,대구광역시 동구 봉무동,경상사고,0,0,3,0,차대차 - 측면충돌,교차로운행방법위반,건조,맑음,교차로 - 교차로안,승용,남,52세,경상,승용,남,32세,경상
2017120600100044,2017년 12월 6일 00시,수요일,대구광역시 동구 용계동,경상사고,0,0,3,0,차대차 - 측면충돌,안전운전불이행,건조,맑음,교차로 - 교차로부근,승용,남,33세,경상,승용,남,36세,경상
2017120600100060,2017년 12월 6일 01시,수요일,대구광역시 동구 신암동,경상사고,0,0,1,0,차대차 - 기타,안전운전불이행,건조,맑음,교차로 - 교차로횡단보도내,승용,여,55세,상해없음,자전거,여,57세,경상
2017120600100061,2017년 12월 6일 01시,수요일,대구광역시 달서구 송현동,경상사고,0,0,2,0,차대차 - 측면충돌,교차로운행방법위반,건조,맑음,교차로 - 교차로안,승용,남,58세,상해없음,승용,남,68세,경상
2017120600100062,2017년 12월 6일 01시,수요일,대구광역시 북구 관음동,경상사고,0,0,2,0,차대차 - 기타,안전운전불이행,건조,맑음,단일로 - 기타,승용,남,37세,경상,승용,여,33세,경상
2017120600100070,2017년 12월 6일 02시,수요일,대구광역시 동구 효목동,경상사고,0,0,1,0,차대차 - 추돌,안전운전불이행,건조,맑음,단일로 - 기타,승용,남,46세,상해없음,승용,남,35세,경상
2017120600100080,2017년 12월 6일 03시,수요일,대구광역시 중구 봉산동,경상사고,0,0,1,0,차대차 - 추돌,안전운전불이행,건조,맑음,단일로 - 기타,승용,남,54세,상해없음,자전거,남,23세,경상
2017120600100083,2017년 12월 6일 04시,수요일,대구광역시 동구 용계동,경상사고,0,0,1,0,차대차 - 기타,안전운전불이행,건조,맑음,교차로 - 교차로부근,승용,남,53세,상해없음,승용,남,28세,경상
2017120600100084,2017년 12월 6일 04시,수요일,대구광역시 달서구 송현동,사망사고,1,0,0,0,차대사람 - 횡단중,안전운전불이행,건조,맑음,단일로 - 기타,승용,남,31세,상해없음,보행자,여,82세,사망
2017120600100085,2017년 12월 6일 04시,수요일,대구광역시 북구 침산동,중상사고,0,1,0,0,차대차 - 측면충돌,신호위반,건조,맑음,교차로 - 교차로안,승용,여,27세,상해없음,승용,남,58세,중상
2017120600100086,2017년 12월 6일 04시,수요일,대구광역시 서구 비산동,경상사고,0,0,2,0,차대차 - 추돌,안전운전불이행,건조,맑음,단일로 - 기타,승용,여,27세,상해없음,화물,남,51세,경상
2017120600100142,2017년 12월 6일 07시,수요일,대구광역시 달서구 월성동,경상사고,0,0,1,0,차대사람 - 보도통행중,보행자보호의무위반,건조,맑음,교차로 - 교차로횡단보도내,승용,남,60세,상해없음,보행자,여,17세,경상
2017120600100143,2017년 12월 6일 07시,수요일,대구광역시 북구 산격동,경상사고,0,0,1,0,차대차 - 측면충돌,안전거리미확보,건조,맑음,교차로 - 교차로부근,화물,남,57세,상해없음,승용,남,34세,경상
2017120600100190,2017년 12월 6일 08시,수요일,대구광역시 달서구 유천동,중상사고,0,1,0,0,차대사람 - 횡단중,중앙선침범,건조,맑음,단일로 - 기타,화물,남,60세,상해없음,보행자,남,32세,중상
2017120600100191,2017년 12월 6일 08시,수요일,대구광역시 달서구 본리동,경상사고,0,0,3,0,차대차 - 추돌,안전운전불이행,건조,맑음,교차로 - 교차로부근,승용,남,26세,상해없음,승용,남,67세,경상
2017120600100192,2017년 12월 6일 08시,수요일,대구광역시 달서구 죽전동,경상사고,0,0,2,0,차대차 - 기타,중앙선침범,건조,맑음,단일로 - 기타,승용,남,30세,상해없음,승용,남,35세,경상
2017120600100193,2017년 12월 6일 08시,수요일,대구광역시 달서구 감삼동,경상사고,0,0,1,0,차대차 - 측면충돌,과속,건조,맑음,단일로 - 터널,승용,남,49세,상해없음,승용,남,55세,상해없음
2017120600100258,2017년 12월 6일 10시,수요일,대구광역시 서구 평리동,중상사고,0,1,0,0,차대차 - 측면충돌,안전거리미확보,건조,맑음,교차로 - 교차로부근,승용,남,74세,상해없음,승합,남,42세,상해없음
2017120600100282,2017년 12월 6일 11시,수요일,대구광역시 북구 복현동,경상사고,0,0,1,0,차대차 - 측면충돌,안전거리미확보,건조,맑음,단일로 - 기타,승용,남,52세,상해없음,승용,남,80세,경상
2017120600100311,2017년 12월 6일 12시,수요일,대구광역시 중구 남산동,경상사고,0,0,1,0,차대차 - 측면충돌,안전운전불이행,건조,맑음,단일로 - 기타,승용,남,64세,상해없음,이륜,남,24세,경상
2017120600100357,2017년 12월 6일 13시,수요일,대구광역시 달성군 현풍면,부상신고사고,0,0,0,1,차대차 - 기타,안전운전불이행,건조,맑음,교차로 - 교차로안,승용,남,38세,부상신고,승용,남,40세,상해없음
2017120600100358,2017년 12월 6일 13시,수요일,대구광역시 서구 비산동,경상사고,0,0,1,0,차대차 - 측면충돌,안전거리미확보,건조,맑음,단일로 - 기타,화물,남,72세,상해없음,특수,남,41세,경상
2017120600100393,2017년 12월 6일 14시,수요일,대구광역시 북구 침산동,중상사고,0,1,0,0,차대차 - 측면충돌,중앙선침범,건조,맑음,단일로 - 기타,원동기,남,50세,중상,승용,여,31세,상해없음
2017120600100394,2017년 12월 6일 14시,수요일,대구광역시 달서구 감삼동,경상사고,0,0,1,0,차대차 - 기타,안전운전불이행,건조,맑음,기타 - 기타,승용,남,84세,상해없음,승용,남,42세,경상
2017120600100474,2017년 12월 6일 16시,수요일,대구광역시 달서구 본리동,경상사고,0,0,3,0,차대차 - 측면충돌,안전운전불이행,건조,맑음,단일로 - 기타,승용,여,33세,경상,승용,남,57세,경상
2017120600100528,2017년 12월 6일 17시,수요일,대구광역시 달성군 다사읍,경상사고,0,0,1,0,차대차 - 측면충돌,안전운전불이행,건조,맑음,단일로 - 기타,승용,남,37세,상해없음,승용,여,59세,상해없음
2017120600100529,2017년 12월 6일 17시,수요일,대구광역시 달성군 다사읍,경상사고,0,0,1,0,차대차 - 추돌,안전운전불이행,건조,맑음,교차로 - 교차로부근,승용,남,56세,상해없음,승용,남,47세,경상
2017120600100530,2017년 12월 6일 17시,수요일,대구광역시 서구 평리동,중상사고,0,1,0,0,차대사람 - 차도통행중,안전운전불이행,건조,맑음,단일로 - 기타,승용,여,50세,상해없음,보행자,남,66세,중상
2017120600100531,2017년 12월 6일 17시,수요일,대구광역시 서구 내당동,중상사고,0,1,0,0,차대차 - 기타,신호위반,건조,맑음,단일로 - 기타,승용,남,57세,상해없음,개인형이동수단(PM),남,35세,중상
2017120600100532,2017년 12월 6일 17시,수요일,대구광역시 북구 서변동,사망사고,1,0,0,0,차대사람 - 횡단중,보행자보호의무위반,건조,맑음,교차로 - 교차로횡단보도내,화물,남,41세,상해없음,보행자,여,65세,사망
2017120600100592,2017년 12월 6일 18시,수요일,대구광역시 남구 봉덕동,경상사고,0,0,1,0,차대차 - 기타,안전운전불이행,건조,맑음,교차로 - 교차로부근,승용,여,44세,상해없음,이륜,남,33세,경상
2017120600100593,2017년 12월 6일 18시,수요일,대구광역시 달서구 대곡동,경상사고,0,0,1,0,차대차 - 추돌,안전운전불이행,건조,맑음,단일로 - 기타,승용,남,52세,상해없음,승용,남,33세,경상
2017120600100594,2017년 12월 6일 18시,수요일,대구광역시 달서구 송현동,경상사고,0,0,1,0,차대차 - 측면충돌,안전거리미확보,건조,맑음,교차로 - 교차로안,승용,남,68세,상해없음,승용,남,18세,상해없음
2017120600100595,2017년 12월 6일 18시,수요일,대구광역시 달서구 상인동,경상사고,0,0,1,0,차대차 - 기타,교차로운행방법위반,건조,맑음,교차로 - 교차로안,승용,여,50세,상해없음,승용,남,29세,경상
2017120600100596,2017년 12월 6일 18시,수요일,대구광역시 북구 매천동,중상사고,0,1,0,0,차대사람 - 차도통행중,안전운전불이행,건조,맑음,단일로 - 기타,승용,남,65세,상해없음,보행자,남,73세,중상
2017120600100635,2017년 12월 6일 19시,수요일,대구광역시 서구 비산동,경상사고,0,0,1,0,차대차 - 측면충돌,차로위반,건조,맑음,단일로 - 기타,승용,여,58세,상해없음,승용,남,32세,경상
2017120600100636,2017년 12월 6일 19시,수요일,대구광역시 달서구 용산동,경상사고,0,0,1,0,차대차 - 측면충돌,안전거리미확보,건조,흐림,단일로 - 기타,승용,남,41세,상해없음,승용,여,43세,경상
2017120600100637,2017년 12월 6일 19시,수요일,대구광역시 북구 태전동,중상사고,0,1,0,0,차대차 - 기타,교차로운행방법위반,건조,맑음,교차로 - 교차로안,승용,남,47세,상해없음,이륜,남,48세,중상
2017120600100638,2017년 12월 6일 19시,수요일,대구광역시 북구 동천동,경상사고,0,0,1,0,차대사람 - 횡단중,신호위반,건조,맑음,교차로 - 교차로안,승용,남,66세,상해없음,보행자,남,11세,경상
2017120600100663,2017년 12월 6일 20시,수요일,대구광역시 동구 율하동,중상사고,0,1,0,0,차대사람 - 횡단중,안전운전불이행,건조,맑음,교차로 - 교차로횡단보도내,승용,남,37세,상해없음,보행자,여,57세,중상
2017120600100664,2017년 12월 6일 20시,수요일,대구광역시 수성구 지산동,경상사고,0,0,1,0,차대차 - 측면충돌,신호위반,건조,맑음,교차로 - 교차로부근,이륜,남,34세,상해없음,자전거,남,13세,경상
2017120600100665,2017년 12월 6일 20시,수요일,대구광역시 달서구 송현동,경상사고,0,0,1,0,차대사람 - 기타,안전운전불이행,건조,맑음,교차로 - 교차로부근,승용,남,60세,상해없음,보행자,여,48세,경상
2017120600100666,2017년 12월 6일 20시,수요일,대구광역시 달서구 상인동,경상사고,0,0,1,0,차대차 - 기타,안전거리미확보,건조,맑음,단일로 - 기타,이륜,남,16세,경상,승용,남,28세,상해없음
2017120600100667,2017년 12월 6일 20시,수요일,대구광역시 서구 평리동,중상사고,0,1,0,0,차대사람 - 차도통행중,안전운전불이행,건조,맑음,단일로 - 기타,승용,남,29세,상해없음,보행자,남,52세,중상
2017120600100668,2017년 12월 6일 20시,수요일,대구광역시 달서구 이곡동,경상사고,0,0,2,0,차대차 - 측면충돌,차로위반,건조,맑음,단일로 - 기타,승용,남,63세,상해없음,이륜,남,19세,경상
2017120600100691,2017년 12월 6일 21시,수요일,대구광역시 달서구 송현동,경상사고,0,0,1,0,차대차 - 기타,교차로운행방법위반,건조,맑음,교차로 - 교차로안,승용,남,60세,상해없음,이륜,남,41세,경상
2017120600100718,2017년 12월 6일 22시,수요일,대구광역시 동구 방촌동,중상사고,0,2,1,0,차대차 - 측면충돌,안전거리미확보,건조,맑음,단일로 - 기타,승용,남,60세,상해없음,승용,남,50세,중상
2017120600100719,2017년 12월 6일 22시,수요일,대구광역시 달성군 구지면,경상사고,0,0,1,0,차대사람 - 기타,안전운전불이행,건조,맑음,교차로 - 교차로부근,승용,남,50세,상해없음,보행자,남,38세,경상
2017120600100720,2017년 12월 6일 22시,수요일,대구광역시 달성군 다사읍,경상사고,0,0,3,0,차대차 - 추돌,안전거리미확보,건조,맑음,교차로 - 교차로부근,승용,남,55세,상해없음,승용,남,31세,경상
2017120600100754,2017년 12월 6일 23시,수요일,대구광역시 달서구 송현동,경상사고,0,0,2,0,차대차 - 기타,신호위반,건조,맑음,교차로 - 교차로부근,이륜,남,45세,상해없음,승용,남,44세,상해없음
2017120600100755,2017년 12월 6일 23시,수요일,대구광역시 달성군 다사읍,경상사고,0,0,1,0,차대차 - 추돌,안전운전불이행,건조,맑음,교차로 - 교차로부근,승용,여,40세,상해없음,승용,남,37세,경상
2017120700100039,2017년 12월 7일 01시,목요일,대구광역시 동구 용계동,경상사고,0,0,2,0,차대차 - 추돌,안전운전불이행,건조,맑음,단일로 - 기타,승용,남,55세,상해없음,승용,남,55세,경상
2017120700100040,2017년 12월 7일 01시,목요일,대구광역시 중구 삼덕동2가,부상신고사고,0,0,0,1,차대사람 - 기타,안전운전불이행,건조,맑음,단일로 - 기타,승용,남,28세,상해없음,보행자,여,20세,부상신고
2017120700100082,2017년 12월 7일 05시,목요일,대구광역시 수성구 두산동,경상사고,0,0,1,0,차대차 - 측면충돌,안전운전불이행,건조,맑음,단일로 - 기타,승용,여,62세,상해없음,승용,여,43세,경상
2017120700100103,2017년 12월 7일 06시,목요일,대구광역시 달서구 월성동,경상사고,0,0,2,0,차대차 - 측면충돌,교차로운행방법위반,건조,맑음,교차로 - 교차로부근,승용,남,68세,상해없음,승용,남,43세,경상
2017120700100133,2017년 12월 7일 07시,목요일,대구광역시 남구 봉덕동,사망사고,1,0,1,0,차대차 - 추돌,안전운전불이행,건조,맑음,기타 - 기타,승용,남,68세,사망,건설기계,남,53세,경상
2017120700100134,2017년 12월 7일 07시,목요일,대구광역시 북구 노원동1가,경상사고,0,0,1,0,차대차 - 측면충돌,안전운전불이행,건조,맑음,단일로 - 기타,승용,남,52세,상해없음,승용,남,53세,경상
2017120700100204,2017년 12월 7일 09시,목요일,대구광역시 달서구 장기동,중상사고,0,1,0,0,차대차 - 기타,안전운전불이행,건조,맑음,기타 - 기타,이륜,남,84세,중상,승용,남,38세,상해없음
2017120700100217,2017년 12월 7일 10시,목요일,대구광역시 서구 내당동,경상사고,0,0,1,0,차대차 - 추돌,안전거리미확보,건조,맑음,단일로 - 기타,건설기계,남,44세,상해없음,승용,남,40세,경상
2017120700100269,2017년 12월 7일 12시,목요일,대구광역시 북구 서변동,중상사고,0,1,0,0,차대차 - 기타,안전운전불이행,건조,맑음,단일로 - 기타,승용,남,41세,상해없음,이륜,여,66세,중상
2017120700100373,2017년 12월 7일 16시,목요일,대구광역시 동구 신암동,경상사고,0,0,2,0,차대차 - 측면충돌,안전운전불이행,건조,맑음,단일로 - 기타,승용,남,62세,상해없음,승용,여,62세,경상
2017120700100417,2017년 12월 7일 17시,목요일,대구광역시 북구 복현동,경상사고,0,0,1,0,차대차 - 측면충돌,안전운전불이행,건조,맑음,단일로 - 기타,승용,남,38세,상해없음,자전거,남,69세,경상
2017120700100418,2017년 12월 7일 17시,목요일,대구광역시 북구 학정동,경상사고,0,0,1,0,차대사람 - 기타,안전운전불이행,건조,맑음,단일로 - 기타,승용,남,27세,상해없음,보행자,남,15세,경상
2017120700100463,2017년 12월 7일 18시,목요일,대구광역시 동구 신암동,경상사고,0,0,1,0,차대차 - 추돌,안전운전불이행,건조,맑음,단일로 - 기타,승용,여,39세,상해없음,이륜,남,39세,경상
2017120700100464,2017년 12월 7일 18시,목요일,대구광역시 달서구 상인동,중상사고,0,1,0,0,차대사람 - 횡단중,중앙선침범,건조,맑음,교차로 - 교차로부근,승용,남,60세,상해없음,보행자,여,24세,중상
2017120700100465,2017년 12월 7일 18시,목요일,대구광역시 북구 침산동,중상사고,0,1,0,0,차대차 - 측면충돌,안전운전불이행,건조,맑음,단일로 - 기타,화물,남,47세,상해없음,이륜,남,48세,중상
2017120700100503,2017년 12월 7일 19시,목요일,대구광역시 수성구 황금동,경상사고,0,0,1,0,차대차 - 추돌,안전운전불이행,건조,맑음,교차로 - 교차로안,승용,여,37세,상해없음,승용,남,29세,경상
2017120700100531,2017년 12월 7일 20시,목요일,대구광역시 서구 비산동,경상사고,0,0,2,0,차대차 - 측면충돌,안전거리미확보,건조,맑음,단일로 - 기타,승용,여,25세,상해없음,승용,남,54세,경상
2017120700100552,2017년 12월 7일 21시,목요일,대구광역시 달서구 성당동,경상사고,0,0,1,0,차대차 - 기타,안전운전불이행,건조,맑음,기타 - 기타,승용,남,29세,상해없음,승용,여,49세,경상
2017120800100044,2017년 12월 8일 00시,금요일,대구광역시 북구 태전동,경상사고,0,0,2,0,차대차 - 기타,안전운전불이행,건조,맑음,교차로 - 교차로안,승합,남,53세,상해없음,승용,남,28세,경상
2017120800100063,2017년 12월 8일 01시,금요일,대구광역시 달서구 월성동,경상사고,0,0,1,0,차대차 - 추돌,안전운전불이행,건조,맑음,단일로 - 기타,승용,여,36세,상해없음,승용,여,35세,경상
2017120800100073,2017년 12월 8일 02시,금요일,대구광역시 북구 학정동,경상사고,0,0,1,0,차대차 - 측면충돌,안전운전불이행,건조,맑음,교차로 - 교차로안,승용,남,23세,상해없음,승합,남,40세,경상
2017120800100084,2017년 12월 8일 03시,금요일,대구광역시 중구 사일동,경상사고,0,0,2,0,차대차 - 측면충돌,안전거리미확보,건조,맑음,단일로 - 기타,승용,남,59세,상해없음,승용,남,46세,상해없음
2017120800100090,2017년 12월 8일 04시,금요일,대구광역시 달서구 본리동,경상사고,0,0,1,0,차대차 - 기타,교차로운행방법위반,건조,맑음,교차로 - 교차로안,승용,여,65세,상해없음,승용,남,56세,상해없음
2017120800100124,2017년 12월 8일 06시,금요일,대구광역시 남구 대명동,중상사고,0,1,0,0,차대차 - 측면충돌,기타,건조,맑음,단일로 - 기타,승용,남,65세,상해없음,이륜,남,32세,중상
2017120800100125,2017년 12월 8일 06시,금요일,대구광역시 남구 대명동,중상사고,0,1,2,0,차대차 - 측면충돌,교차로운행방법위반,건조,맑음,교차로 - 교차로안,승용,여,57세,중상,승용,남,44세,경상
2017120800100151,2017년 12월 8일 07시,금요일,대구광역시 달성군 유가면,경상사고,0,0,1,0,차대차 - 기타,안전운전불이행,건조,맑음,교차로 - 교차로안,승용,남,42세,상해없음,승합,남,62세,상해없음
2017120800100152,2017년 12월 8일 07시,금요일,대구광역시 북구 대현동,경상사고,0,0,1,0,차대사람 - 보도통행중,보행자보호의무위반,건조,맑음,교차로 - 교차로부근,화물,남,60세,상해없음,보행자,여,10세,경상
2017120800100191,2017년 12월 8일 08시,금요일,대구광역시 달서구 상인동,경상사고,0,0,1,0,차대차 - 기타,신호위반,건조,맑음,교차로 - 교차로안,승용,여,48세,상해없음,승용,남,27세,경상
2017120800100192,2017년 12월 8일 08시,금요일,대구광역시 북구 산격동,경상사고,0,0,1,0,차대차 - 기타,불법유턴,건조,맑음,단일로 - 기타,화물,남,26세,상해없음,승용,여,59세,경상
2017120800100193,2017년 12월 8일 08시,금요일,대구광역시 달서구 신당동,경상사고,0,0,2,0,차대차 - 측면충돌,안전운전불이행,건조,맑음,단일로 - 기타,승용,남,41세,경상,승용,남,67세,경상
2017120800100227,2017년 12월 8일 09시,금요일,대구광역시 남구 대명동,중상사고,0,1,0,0,차대차 - 측면충돌,안전운전불이행,건조,맑음,교차로 - 교차로횡단보도내,승용,남,49세,상해없음,자전거,남,47세,중상
2017120800100228,2017년 12월 8일 09시,금요일,대구광역시 북구 읍내동,부상신고사고,0,0,0,1,차대차 - 측면충돌,신호위반,건조,맑음,교차로 - 교차로안,승용,여,39세,상해없음,화물,남,56세,부상신고