사고번호,사고일시,요일,시군구,사고내용,사망자수,중상자수,경상자수,부상신고자수,사고유형,법규위반,노면상태,기상상태,도로형태,가해운전자 차종,가해운전자 성별,가해운전자 연령,가해운전자 상해정도,피해운전자 차종,피해운전자 성별,피해운전자 연령,피해운전자 상해정도
2017120800100265,2017년 12월 8일 10시,금요일,대구광역시 달서구 송현동,경상사고,0,0,2,0,차대차 - 추돌,안전거리미확보,건조,맑음,단일로 - 기타,승용,남,60세,상해없음,승용,남,61세,경상
2017120800100266,2017년 12월 8일 10시,금요일,대구광역시 북구 노원동3가,경상사고,0,0,1,0,차대차 - 측면충돌,직진우회전진행방해,건조,맑음,교차로 - 교차로안,승용,여,49세,경상,화물,남,50세,상해없음
2017120800100293,2017년 12월 8일 11시,금요일,대구광역시 달서구 상인동,경상사고,0,0,1,0,차대차 - 측면충돌,안전거리미확보,건조,맑음,단일로 - 기타,승용,여,39세,상해없음,승용,여,36세,경상
2017120800100294,2017년 12월 8일 11시,금요일,대구광역시 달서구 두류동,중상사고,0,1,0,0,차대차 - 측면충돌,신호위반,건조,맑음,교차로 - 교차로안,승용,남,68세,상해없음,이륜,남,36세,중상
2017120800100295,2017년 12월 8일 11시,금요일,대구광역시 달서구 신당동,중상사고,0,1,0,0,차대차 - 측면충돌,안전운전불이행,건조,맑음,교차로 - 교차로부근,화물,남,63세,상해없음,승용,남,38세,중상
2017120800100296,2017년 12월 8일 11시,금요일,대구광역시 달서구 이곡동,중상사고,0,1,1,0,차대차 - 측면충돌,교차로운행방법위반,건조,맑음,교차로 - 교차로안,승용,여,45세,경상,승용,남,58세,중상
2017120800100319,2017년 12월 8일 12시,금요일,대구광역시 수성구 두산동,중상사고,0,2,0,0,차대차 - 측면충돌,안전운전불이행,건조,맑음,교차로 - 교차로안,승용,여,40세,중상,승용,남,35세,중상
2017120800100320,2017년 12월 8일 12시,금요일,대구광역시 북구 노원동3가,경상사고,0,0,1,0,차대차 - 측면충돌,불법유턴,건조,맑음,단일로 - 기타,승용,여,50세,상해없음,자전거,여,60세,경상
2017120800100321,2017년 12월 8일 12시,금요일,대구광역시 중구 공평동,경상사고,0,0,1,1,차대차 - 측면충돌,안전운전불이행,건조,맑음,교차로 - 교차로안,승용,여,42세,부상신고,이륜,남,16세,경상
2017120800100350,2017년 12월 8일 13시,금요일,대구광역시 동구 율하동,경상사고,0,0,1,0,차대차 - 추돌,안전운전불이행,건조,맑음,단일로 - 기타,승용,남,22세,상해없음,승용,남,39세,경상
2017120800100351,2017년 12월 8일 13시,금요일,대구광역시 달성군 구지면,중상사고,0,1,0,0,차대차 - 기타,교차로운행방법위반,건조,맑음,교차로 - 교차로안,승용,남,54세,상해없음,승용,여,48세,중상
2017120800100375,2017년 12월 8일 14시,금요일,대구광역시 북구 노원동3가,중상사고,0,1,0,0,차대차 - 측면충돌,기타,건조,맑음,교차로 - 교차로안,이륜,남,62세,중상,승용,여,33세,상해없음
2017120800100376,2017년 12월 8일 14시,금요일,대구광역시 중구 남산동,부상신고사고,0,0,0,1,차대차 - 측면충돌,기타,건조,맑음,교차로 - 교차로안,이륜,남,40세,부상신고,화물,남,45세,상해없음
2017120800100377,2017년 12월 8일 14시,금요일,대구광역시 달서구 감삼동,경상사고,0,0,2,0,차대차 - 추돌,안전운전불이행,건조,맑음,단일로 - 기타,승용,여,37세,상해없음,승용,남,48세,경상
2017120800100405,2017년 12월 8일 15시,금요일,대구광역시 수성구 수성동3가,경상사고,0,0,1,0,차대사람 - 횡단중,안전운전불이행,건조,맑음,단일로 - 기타,승용,남,69세,상해없음,보행자,여,21세,경상
2017120800100406,2017년 12월 8일 15시,금요일,대구광역시 달서구 본동,경상사고,0,0,2,0,차대차 - 측면충돌,교차로운행방법위반,건조,맑음,교차로 - 교차로부근,승용,남,63세,상해없음,승용,남,33세,경상
2017120800100407,2017년 12월 8일 15시,금요일,대구광역시 달서구 성당동,경상사고,0,0,1,0,차대차 - 측면충돌,교차로운행방법위반,건조,맑음,교차로 - 교차로안,승용,여,27세,상해없음,승용,남,28세,경상
2017120800100408,2017년 12월 8일 15시,금요일,대구광역시 북구 팔달동,중상사고,0,1,2,0,차대차 - 추돌,안전운전불이행,건조,맑음,교차로 - 교차로부근,승용,여,53세,상해없음,승용,여,40세,경상
2017120800100451,2017년 12월 8일 16시,금요일,대구광역시 동구 용계동,경상사고,0,0,1,0,차대차 - 추돌,안전운전불이행,건조,맑음,단일로 - 기타,승용,남,34세,상해없음,화물,남,33세,경상
2017120800100452,2017년 12월 8일 16시,금요일,대구광역시 달성군 화원읍,경상사고,0,0,1,0,차대차 - 추돌,안전운전불이행,건조,맑음,교차로 - 교차로안,승용,남,26세,상해없음,승용,여,51세,경상
2017120800100504,2017년 12월 8일 17시,금요일,대구광역시 동구 각산동,경상사고,0,0,4,0,차대차 - 측면충돌,교차로운행방법위반,건조,맑음,교차로 - 교차로안,승용,남,39세,경상,승용,여,36세,경상
2017120800100505,2017년 12월 8일 17시,금요일,대구광역시 수성구 범어동,경상사고,0,0,1,0,차대차 - 측면충돌,교차로운행방법위반,건조,맑음,교차로 - 교차로안,화물,남,26세,상해없음,승용,여,57세,경상
2017120800100506,2017년 12월 8일 17시,금요일,대구광역시 달서구 송현동,경상사고,0,0,1,0,차대사람 - 기타,안전운전불이행,건조,맑음,교차로 - 교차로안,승용,여,63세,상해없음,보행자,남,9세,경상
2017120800100507,2017년 12월 8일 17시,금요일,대구광역시 북구 노원동3가,중상사고,0,1,1,0,차대차 - 측면충돌,신호위반,건조,맑음,단일로 - 기타,원동기,남,69세,중상,승용,여,48세,경상
2017120800100508,2017년 12월 8일 17시,금요일,대구광역시 서구 평리동,경상사고,0,0,2,0,차대차 - 추돌,안전거리미확보,건조,맑음,단일로 - 기타,승용,남,64세,상해없음,특수,남,44세,경상
2017120800100509,2017년 12월 8일 17시,금요일,대구광역시 달서구 두류동,경상사고,0,0,1,0,차대사람 - 길가장자리구역통행중,안전운전불이행,건조,맑음,단일로 - 기타,승용,남,75세,상해없음,보행자,여,26세,경상
2017120800100556,2017년 12월 8일 18시,금요일,대구광역시 남구 대명동,경상사고,0,0,1,0,차대차 - 추돌,안전운전불이행,건조,맑음,교차로 - 교차로부근,승용,남,66세,상해없음,승용,남,49세,경상
2017120800100557,2017년 12월 8일 18시,금요일,대구광역시 남구 봉덕동,경상사고,0,0,1,0,차대차 - 추돌,안전운전불이행,건조,맑음,단일로 - 기타,승용,남,65세,상해없음,승용,남,27세,경상
2017120800100558,2017년 12월 8일 18시,금요일,대구광역시 달서구 상인동,중상사고,0,1,0,0,차대차 - 추돌,안전운전불이행,건조,맑음,단일로 - 기타,승용,남,26세,상해없음,승용,남,34세,중상
2017120800100559,2017년 12월 8일 18시,금요일,대구광역시 북구 고성동3가,경상사고,0,0,1,0,차대사람 - 횡단중,보행자보호의무위반,건조,맑음,단일로 - 기타,승용,남,61세,상해없음,보행자,남,10세,경상
2017120800100560,2017년 12월 8일 18시,금요일,대구광역시 북구 산격동,중상사고,0,1,0,0,차대차 - 측면충돌,신호위반,건조,맑음,교차로 - 교차로안,승용,여,43세,상해없음,이륜,남,50세,중상
2017120800100561,2017년 12월 8일 18시,금요일,대구광역시 북구 침산동,경상사고,0,0,1,0,차대차 - 측면충돌,신호위반,건조,맑음,교차로 - 교차로부근,승용,남,58세,상해없음,승용,남,50세,상해없음
2017120800100562,2017년 12월 8일 18시,금요일,대구광역시 달서구 성당동,경상사고,0,0,1,0,차대사람 - 기타,보행자보호의무위반,건조,맑음,단일로 - 기타,이륜,남,46세,상해없음,보행자,남,50세,경상
2017120800100609,2017년 12월 8일 19시,금요일,대구광역시 달서구 상인동,부상신고사고,0,0,0,1,차대사람 - 횡단중,안전운전불이행,건조,맑음,단일로 - 기타,기타불명,기타불명,미분류,기타불명,보행자,여,11세,부상신고
2017120800100610,2017년 12월 8일 19시,금요일,대구광역시 북구 칠성동2가,중상사고,0,1,0,0,차대사람 - 횡단중,안전운전불이행,건조,맑음,단일로 - 기타,승용,남,66세,상해없음,보행자,남,64세,중상
2017120800100611,2017년 12월 8일 19시,금요일,대구광역시 서구 내당동,경상사고,0,0,2,0,차대차 - 측면충돌,안전운전불이행,건조,맑음,단일로 - 기타,승용,남,66세,상해없음,승합,남,48세,상해없음
2017120800100612,2017년 12월 8일 19시,금요일,대구광역시 서구 내당동,경상사고,0,0,1,0,차대사람 - 횡단중,신호위반,건조,맑음,단일로 - 기타,화물,남,59세,상해없음,보행자,여,18세,경상
2017120800100613,2017년 12월 8일 19시,금요일,대구광역시 북구 동천동,경상사고,0,0,1,0,차대차 - 기타,안전운전불이행,건조,맑음,단일로 - 기타,승용,남,46세,상해없음,이륜,남,20세,경상
2017120800100647,2017년 12월 8일 20시,금요일,대구광역시 달서구 월성동,경상사고,0,0,1,0,차대차 - 추돌,안전거리미확보,건조,맑음,단일로 - 기타,승용,남,45세,상해없음,승용,남,37세,경상
2017120800100648,2017년 12월 8일 20시,금요일,대구광역시 달서구 용산동,경상사고,0,0,1,0,차대차 - 기타,차로위반,건조,맑음,기타 - 기타,승용,남,25세,상해없음,이륜,남,54세,경상
2017120800100676,2017년 12월 8일 21시,금요일,대구광역시 북구 고성동2가,경상사고,0,0,3,0,차대차 - 측면충돌,안전거리미확보,건조,맑음,교차로 - 교차로부근,승용,남,38세,상해없음,화물,여,41세,경상
2017120800100677,2017년 12월 8일 21시,금요일,대구광역시 달서구 감삼동,경상사고,0,0,1,0,차대차 - 후진중충돌,안전운전불이행,건조,맑음,단일로 - 기타,승용,남,31세,상해없음,이륜,남,38세,경상
2017120800100702,2017년 12월 8일 22시,금요일,대구광역시 남구 대명동,경상사고,0,0,1,0,차대차 - 추돌,안전운전불이행,건조,맑음,단일로 - 기타,승용,남,41세,상해없음,승용,남,42세,경상
2017120800100725,2017년 12월 8일 23시,금요일,대구광역시 남구 대명동,경상사고,0,0,3,0,차대차 - 측면충돌,안전운전불이행,건조,맑음,단일로 - 기타,승용,남,61세,경상,승용,남,59세,경상
2017120900100043,2017년 12월 9일 00시,토요일,대구광역시 달서구 두류동,중상사고,0,1,0,0,차대사람 - 횡단중,안전운전불이행,건조,맑음,단일로 - 기타,승용,남,42세,상해없음,보행자,남,29세,중상
2017120900100044,2017년 12월 9일 00시,토요일,대구광역시 달서구 감삼동,사망사고,1,0,0,0,차대사람 - 횡단중,안전운전불이행,건조,맑음,단일로 - 기타,승용,남,21세,상해없음,보행자,남,44세,사망
2017120900100045,2017년 12월 9일 00시,토요일,대구광역시 북구 구암동,중상사고,0,1,2,0,차대차 - 기타,안전운전불이행,건조,맑음,기타 - 기타,승용,남,27세,상해없음,승용,남,67세,중상
2017120900100069,2017년 12월 9일 01시,토요일,대구광역시 수성구 범어동,경상사고,0,0,1,0,차대차 - 기타,안전거리미확보,건조,맑음,교차로 - 교차로부근,승용,남,47세,상해없음,승용,남,53세,상해없음
2017120900100070,2017년 12월 9일 01시,토요일,대구광역시 수성구 상동,경상사고,0,0,2,0,차대차 - 정면충돌,안전운전불이행,건조,맑음,단일로 - 기타,승용,남,52세,상해없음,승용,남,28세,경상
2017120900100071,2017년 12월 9일 01시,토요일,대구광역시 달서구 상인동,경상사고,0,0,1,0,차대사람 - 횡단중,안전운전불이행,건조,맑음,교차로 - 교차로부근,승용,남,66세,상해없음,보행자,여,19세,경상
2017120900100116,2017년 12월 9일 04시,토요일,대구광역시 달서구 월성동,경상사고,0,0,2,0,차대차 - 측면충돌,신호위반,건조,맑음,교차로 - 교차로안,이륜,남,25세,경상,승용,남,42세,경상
2017120900100131,2017년 12월 9일 05시,토요일,대구광역시 달서구 장동,부상신고사고,0,0,0,1,차량단독 - 공작물충돌,안전운전불이행,건조,맑음,교차로 - 교차로안,승용,남,38세,부상신고,,,,
2017120900100160,2017년 12월 9일 07시,토요일,대구광역시 서구 비산동,경상사고,0,0,1,0,차대차 - 측면충돌,안전운전불이행,건조,맑음,단일로 - 기타,화물,남,63세,상해없음,화물,남,48세,상해없음
2017120900100182,2017년 12월 9일 08시,토요일,대구광역시 달서구 진천동,부상신고사고,0,0,0,1,차대차 - 측면충돌,안전운전불이행,건조,맑음,교차로 - 교차로횡단보도내,기타불명,기타불명,미분류,기타불명,자전거,여,52세,부상신고
2017120900100202,2017년 12월 9일 09시,토요일,대구광역시 남구 봉덕동,경상사고,0,0,2,0,차대차 - 추돌,차로위반,건조,맑음,단일로 - 기타,승용,남,65세,상해없음,승용,남,61세,경상
2017120900100203,2017년 12월 9일 09시,토요일,대구광역시 달서구 두류동,중상사고,0,1,0,0,차대사람 - 횡단중,신호위반,건조,맑음,교차로 - 교차로부근,승용,남,64세,상해없음,보행자,남,79세,중상
2017120900100225,2017년 12월 9일 10시,토요일,대구광역시 달서구 본동,경상사고,0,0,1,0,차대차 - 기타,안전거리미확보,건조,맑음,단일로 - 기타,승용,남,49세,상해없음,이륜,남,31세,경상
2017120900100262,2017년 12월 9일 11시,토요일,대구광역시 동구 불로동,경상사고,0,0,1,0,차대차 - 추돌,안전운전불이행,건조,맑음,단일로 - 기타,승용,남,62세,상해없음,승용,남,31세,경상
2017120900100263,2017년 12월 9일 11시,토요일,대구광역시 서구 평리동,중상사고,0,1,0,0,차대차 - 측면충돌,중앙선침범,건조,맑음,단일로 - 기타,승용,남,34세,상해없음,이륜,남,31세,중상
2017120900100264,2017년 12월 9일 11시,토요일,대구광역시 중구 태평로3가,중상사고,0,1,1,0,차대차 - 추돌,안전운전불이행,건조,맑음,단일로 - 기타,이륜,남,60세,중상,승용,여,38세,경상
2017120900100265,2017년 12월 9일 11시,토요일,대구광역시 중구 동인동1가,중상사고,0,1,0,0,차대차 - 기타,신호위반,건조,맑음,교차로 - 교차로안,승용,남,63세,상해없음,승용,남,69세,중상
2017120900100291,2017년 12월 9일 12시,토요일,대구광역시 북구 고성동2가,경상사고,0,0,1,0,차대차 - 측면충돌,직진우회전진행방해,건조,맑음,교차로 - 교차로안,화물,남,61세,상해없음,원동기,남,26세,경상
2017120900100292,2017년 12월 9일 12시,토요일,대구광역시 달서구 감삼동,경상사고,0,0,1,1,차대차 - 측면충돌,안전거리미확보,건조,맑음,단일로 - 기타,이륜,남,17세,상해없음,승용,남,46세,경상
2017120900100328,2017년 12월 9일 13시,토요일,대구광역시 달성군 논공읍,중상사고,0,1,1,0,차대차 - 추돌,안전운전불이행,건조,맑음,단일로 - 기타,승용,남,54세,상해없음,승용,남,51세,경상
2017120900100334,2017년 12월 9일 13시,토요일,대구광역시 서구 내당동,중상사고,0,1,1,0,차대차 - 측면충돌,중앙선침범,건조,맑음,단일로 - 기타,이륜,남,64세,중상,화물,남,49세,경상
2017120900100335,2017년 12월 9일 13시,토요일,대구광역시 달서구 호산동,중상사고,0,1,1,1,차대차 - 추돌,보행자보호의무위반,건조,맑음,교차로 - 교차로안,승용,남,27세,상해없음,승용,남,63세,경상
2017120900100372,2017년 12월 9일 14시,토요일,대구광역시 달서구 신당동,경상사고,0,0,1,0,차대차 - 추돌,안전운전불이행,건조,맑음,단일로 - 기타,승용,남,41세,경상,화물,남,31세,기타불명
2017120900100417,2017년 12월 9일 16시,토요일,대구광역시 달서구 본동,중상사고,0,1,0,0,차대차 - 기타,차로위반,건조,맑음,단일로 - 기타,승합,남,52세,상해없음,승합,남,58세,상해없음
2017120900100418,2017년 12월 9일 16시,토요일,대구광역시 북구 노원동3가,부상신고사고,0,0,0,1,차대차 - 측면충돌,불법유턴,건조,맑음,단일로 - 기타,자전거,남,10세,부상신고,승용,남,52세,상해없음
2017120900100463,2017년 12월 9일 17시,토요일,대구광역시 달성군 유가면,사망사고,1,0,1,0,차대차 - 측면충돌,신호위반,건조,맑음,교차로 - 교차로안,승용,남,50세,사망,승합,남,49세,경상
2017120900100529,2017년 12월 9일 18시,토요일,대구광역시 동구 입석동,중상사고,0,1,0,0,차대차 - 측면충돌,안전운전불이행,건조,맑음,단일로 - 기타,승용,남,36세,상해없음,자전거,남,70세,중상
2017120900100530,2017년 12월 9일 18시,토요일,대구광역시 수성구 수성동4가,부상신고사고,0,0,0,1,차대차 - 정면충돌,신호위반,건조,맑음,교차로 - 교차로부근,이륜,남,21세,부상신고,승용,남,63세,상해없음
2017120900100531,2017년 12월 9일 18시,토요일,대구광역시 달서구 신당동,중상사고,0,1,0,0,차대차 - 측면충돌,안전운전불이행,건조,맑음,단일로 - 기타,승용,남,58세,상해없음,승용,여,54세,중상
2017120900100532,2017년 12월 9일 18시,토요일,대구광역시 달서구 용산동,중상사고,0,1,0,0,차대차 - 측면충돌,안전거리미확보,건조,맑음,단일로 - 기타,승용,남,47세,상해없음,원동기,남,49세,중상
2017120900100576,2017년 12월 9일 19시,토요일,대구광역시 동구 신천동,중상사고,0,1,0,0,차대차 - 측면충돌,안전거리미확보,건조,맑음,단일로 - 기타,승용,남,35세,상해없음,이륜,여,24세,중상
2017120900100577,2017년 12월 9일 19시,토요일,대구광역시 동구 신암동,경상사고,0,0,1,0,차대사람 - 차도통행중,안전운전불이행,건조,맑음,단일로 - 기타,승용,남,59세,상해없음,보행자,남,52세,경상
2017120900100578,2017년 12월 9일 19시,토요일,대구광역시 수성구 상동,경상사고,0,0,1,0,차대차 - 측면충돌,안전운전불이행,건조,맑음,교차로 - 교차로안,승용,남,53세,상해없음,승용,남,28세,경상
2017120900100611,2017년 12월 9일 20시,토요일,대구광역시 달서구 신당동,경상사고,0,0,1,0,차대차 - 기타,안전운전불이행,건조,맑음,단일로 - 기타,승용,남,47세,상해없음,이륜,남,20세,경상
2017120900100640,2017년 12월 9일 21시,토요일,대구광역시 서구 내당동,경상사고,0,0,3,0,차대차 - 측면충돌,차로위반,건조,맑음,단일로 - 기타,승용,남,27세,경상,승용,남,49세,경상
2017120900100665,2017년 12월 9일 22시,토요일,대구광역시 남구 대명동,중상사고,0,1,1,1,차대차 - 측면충돌,교차로운행방법위반,건조,맑음,교차로 - 교차로안,승용,남,38세,경상,이륜,남,60세,중상
2017120900100666,2017년 12월 9일 22시,토요일,대구광역시 수성구 지산동,부상신고사고,0,0,0,2,차대차 - 정면충돌,안전운전불이행,건조,흐림,교차로 - 교차로부근,승용,남,22세,상해없음,승용,남,42세,부상신고
2017120900100667,2017년 12월 9일 22시,토요일,대구광역시 북구 복현동,경상사고,0,0,1,0,차대차 - 측면충돌,안전거리미확보,건조,맑음,단일로 - 기타,승용,남,34세,상해없음,이륜,남,17세,경상
2017120900100668,2017년 12월 9일 22시,토요일,대구광역시 달서구 장동,경상사고,0,0,1,0,차대차 - 기타,교차로운행방법위반,건조,맑음,교차로 - 교차로안,승용,남,63세,상해없음,승용,남,64세,경상
2017120900100690,2017년 12월 9일 23시,토요일,대구광역시 달서구 용산동,경상사고,0,0,4,0,차대차 - 기타,안전운전불이행,건조,맑음,기타 - 기타,승용,남,50세,상해없음,승용,남,52세,기타불명
2017121000100036,2017년 12월 10일 00시,일요일,대구광역시 동구 신암동,경상사고,0,0,1,0,차대사람 - 횡단중,보행자보호의무위반,건조,맑음,교차로 - 교차로횡단보도내,승용,남,78세,상해없음,보행자,남,29세,경상
2017121000100037,2017년 12월 10일 00시,일요일,대구광역시 수성구 수성동2가,중상사고,0,1,0,0,차대차 - 측면충돌,불법유턴,건조,맑음,교차로 - 교차로부근,승용,여,48세,상해없음,승용,남,29세,중상
2017121000100038,2017년 12월 10일 00시,일요일,대구광역시 달서구 상인동,경상사고,0,0,13,0,차대차 - 측면충돌,차로위반,건조,맑음,단일로 - 기타,승용,남,28세,상해없음,승합,남,49세,상해없음
2017121000100039,2017년 12월 10일 00시,일요일,대구광역시 달서구 성당동,중상사고,0,1,0,0,차대사람 - 횡단중,안전운전불이행,건조,맑음,단일로 - 기타,승용,남,63세,상해없음,보행자,여,29세,중상
2017121000100040,2017년 12월 10일 00시,일요일,대구광역시 중구 종로2가,경상사고,0,0,2,0,차대차 - 측면충돌,교차로운행방법위반,건조,맑음,교차로 - 교차로안,승용,남,23세,상해없음,화물,남,51세,경상
2017121000100058,2017년 12월 10일 01시,일요일,대구광역시 달서구 호산동,경상사고,0,0,1,0,차대사람 - 기타,안전운전불이행,건조,맑음,교차로 - 교차로안,승용,남,37세,상해없음,보행자,남,57세,경상
2017121000100071,2017년 12월 10일 02시,일요일,대구광역시 달서구 유천동,경상사고,0,0,1,0,차량단독 - 전도전복,안전운전불이행,건조,맑음,단일로 - 기타,이륜,남,17세,경상,미분류,미분류,미분류,미분류
2017121000100113,2017년 12월 10일 05시,일요일,대구광역시 서구 비산동,중상사고,0,1,0,0,차대차 - 추돌,안전운전불이행,건조,기타,단일로 - 지하차도(도로)내,승용,남,73세,상해없음,특수,남,37세,중상
2017121000100125,2017년 12월 10일 06시,일요일,대구광역시 동구 서호동,사망사고,1,0,0,0,차량단독 - 공작물충돌,안전운전불이행,건조,맑음,단일로 - 기타,승용,남,33세,사망,,,,
2017121000100126,2017년 12월 10일 06시,일요일,대구광역시 중구 대봉동,중상사고,0,1,0,0,차대차 - 측면충돌,신호위반,건조,맑음,교차로 - 교차로안,이륜,남,19세,상해없음,승용,남,52세,상해없음
2017121000100140,2017년 12월 10일 07시,일요일,대구광역시 중구 동인동4가,경상사고,0,0,1,0,차대차 - 추돌,안전운전불이행,건조,맑음,교차로 - 교차로부근,승용,남,45세,상해없음,승용,여,56세,경상
2017121000100152,2017년 12월 10일 08시,일요일,대구광역시 달서구 장기동,경상사고,0,0,1,0,차대차 - 기타,안전거리미확보,건조,맑음,교차로 - 교차로안,승용,남,63세,상해없음,승용,여,23세,상해없음
2017121000100163,2017년 12월 10일 09시,일요일,대구광역시 달서구 송현동,경상사고,0,0,1,2,차대차 - 기타,안전거리미확보,건조,맑음,단일로 - 기타,승용,여,51세,상해없음,승용,남,58세,경상
2017121000100205,2017년 12월 10일 11시,일요일,대구광역시 달성군 하빈면,사망사고,1,0,0,0,차대차 - 기타,안전운전불이행,건조,맑음,단일로 - 기타,이륜,남,62세,사망,승용,남,61세,상해없음
2017121000100206,2017년 12월 10일 11시,일요일,대구광역시 중구 삼덕동2가,경상사고,0,0,3,0,차대차 - 추돌,안전운전불이행,건조,맑음,단일로 - 기타,승용,남,49세,상해없음,승용,남,66세,경상
2017121000100230,2017년 12월 10일 12시,일요일,대구광역시 수성구 수성동2가,중상사고,0,2,4,0,차대차 - 추돌,안전거리미확보,건조,맑음,단일로 - 기타,승용,남,24세,상해없음,승용,여,49세,경상
2017121000100250,2017년 12월 10일 13시,일요일,대구광역시 동구 방촌동,경상사고,0,0,1,0,차대차 - 측면충돌,안전운전불이행,건조,맑음,단일로 - 기타,승용,남,26세,상해없음,이륜,남,20세,경상
2017121000100251,2017년 12월 10일 13시,일요일,대구광역시 수성구 범어동,부상신고사고,0,0,0,1,차대차 - 측면충돌,교차로운행방법위반,건조,맑음,교차로 - 교차로안,이륜,남,28세,부상신고,승용,남,28세,상해없음
2017121000100252,2017년 12월 10일 13시,일요일,대구광역시 수성구 상동,경상사고,0,0,2,0,차대차 - 추돌,안전운전불이행,건조,맑음,교차로 - 교차로부근,승용,남,29세,상해없음,승용,남,45세,경상
2017121000100253,2017년 12월 10일 13시,일요일,대구광역시 북구 대현동,경상사고,0,0,1,0,차대차 - 추돌,안전운전불이행,건조,맑음,단일로 - 기타,승합,남,57세,상해없음,승합,남,59세,경상
2017121000100254,2017년 12월 10일 13시,일요일,대구광역시 달서구 감삼동,사망사고,1,0,0,0,차대사람 - 기타,안전운전불이행,건조,맑음,단일로 - 기타,승용,여,49세,상해없음,보행자,남,88세,사망
2017121000100267,2017년 12월 10일 14시,일요일,대구광역시 동구 대림동,중상사고,0,1,0,0,차량단독 - 공작물충돌,안전운전불이행,건조,맑음,단일로 - 기타,이륜,남,23세,중상,,,,
2017121000100268,2017년 12월 10일 14시,일요일,대구광역시 수성구 삼덕동,중상사고,0,1,0,2,차대차 - 측면충돌,교차로운행방법위반,건조,맑음,교차로 - 교차로안,승용,남,33세,상해없음,승용,남,35세,중상
2017121000100269,2017년 12월 10일 14시,일요일,대구광역시 북구 칠성동2가,경상사고,0,0,1,0,차대차 - 측면충돌,불법유턴,건조,흐림,교차로 - 교차로안,원동기,남,75세,경상,승용,여,49세,상해없음
2017121000100270,2017년 12월 10일 14시,일요일,대구광역시 중구 인교동,중상사고,0,1,0,0,차대차 - 측면충돌,직진우회전진행방해,건조,맑음,교차로 - 교차로안,이륜,남,16세,상해없음,승용,남,47세,상해없음
2017121000100313,2017년 12월 10일 16시,일요일,대구광역시 서구 비산동,경상사고,0,0,1,1,차대차 - 측면충돌,차로위반,건조,맑음,단일로 - 기타,이륜,남,72세,부상신고,승용,남,31세,경상
2017121000100348,2017년 12월 10일 17시,일요일,대구광역시 북구 침산동,중상사고,0,1,0,0,차대사람 - 횡단중,안전운전불이행,건조,맑음,기타 - 기타,승용,여,48세,상해없음,보행자,여,81세,중상
2017121000100349,2017년 12월 10일 17시,일요일,대구광역시 달서구 용산동,경상사고,0,0,2,0,차대차 - 기타,안전운전불이행,건조,맑음,단일로 - 기타,승용,남,22세,상해없음,승용,남,29세,상해없음
2017121000100388,2017년 12월 10일 18시,일요일,대구광역시 달서구 도원동,중상사고,0,1,0,0,차대사람 - 기타,보행자보호의무위반,건조,맑음,단일로 - 기타,승용,남,25세,상해없음,보행자,여,66세,중상
2017121000100389,2017년 12월 10일 18시,일요일,대구광역시 서구 비산동,경상사고,0,0,2,0,차대차 - 측면충돌,안전거리미확보,건조,맑음,단일로 - 기타,승용,여,29세,상해없음,승용,남,55세,경상
2017121000100390,2017년 12월 10일 18시,일요일,대구광역시 중구 대신동,경상사고,0,0,1,0,차대차 - 측면충돌,안전거리미확보,건조,맑음,단일로 - 기타,승용,남,59세,상해없음,승용,남,49세,경상
2017121000100412,2017년 12월 10일 19시,일요일,대구광역시 수성구 범어동,중상사고,0,1,0,0,차대사람 - 횡단중,안전운전불이행,건조,맑음,교차로 - 교차로안,승용,남,60세,상해없음,보행자,남,73세,중상
2017121000100413,2017년 12월 10일 19시,일요일,대구광역시 달서구 진천동,경상사고,0,0,1,0,차대차 - 기타,안전운전불이행,건조,맑음,단일로 - 기타,화물,남,50세,상해없음,이륜,남,17세,경상
2017121000100459,2017년 12월 10일 21시,일요일,대구광역시 수성구 상동,경상사고,0,0,1,0,차대차 - 추돌,교차로운행방법위반,건조,맑음,교차로 - 교차로안,승용,남,29세,상해없음,승용,남,45세,경상
2017121000100460,2017년 12월 10일 21시,일요일,대구광역시 달서구 월성동,부상신고사고,0,0,0,1,차대차 - 기타,안전운전불이행,건조,맑음,단일로 - 기타,이륜,남,31세,부상신고,승용,여,36세,상해없음
2017121000100461,2017년 12월 10일 21시,일요일,대구광역시 서구 내당동,경상사고,0,0,1,0,차대차 - 측면충돌,안전거리미확보,건조,맑음,단일로 - 기타,승용,남,38세,상해없음,승용,여,42세,경상
2017121000100476,2017년 12월 10일 22시,일요일,대구광역시 수성구 만촌동,경상사고,0,0,1,1,차량단독 - 전도전복,안전운전불이행,건조,맑음,단일로 - 터널,이륜,남,16세,부상신고,미분류,미분류,미분류,미분류
2017121000100477,2017년 12월 10일 22시,일요일,대구광역시 서구 상리동,경상사고,0,0,1,0,차대차 - 측면충돌,안전운전불이행,건조,맑음,단일로 - 기타,승용,남,29세,상해없음,승용,남,37세,상해없음
2017121000100478,2017년 12월 10일 22시,일요일,대구광역시 달서구 감삼동,중상사고,0,1,3,0,차대차 - 측면충돌,안전운전불이행,건조,맑음,단일로 - 기타,화물,남,63세,상해없음,승용,남,18세,경상