사고번호,사고일시,요일,시군구,사고내용,사망자수,중상자수,경상자수,부상신고자수,사고유형,법규위반,노면상태,기상상태,도로형태,가해운전자 차종,가해운전자 성별,가해운전자 연령,가해운전자 상해정도,피해운전자 차종,피해운전자 성별,피해운전자 연령,피해운전자 상해정도
2017121000100494,2017년 12월 10일 23시,일요일,대구광역시 중구 남산동,경상사고,0,0,1,0,차대사람 - 횡단중,신호위반,건조,맑음,교차로 - 교차로횡단보도내,이륜,남,18세,상해없음,보행자,여,28세,경상
2017121100100041,2017년 12월 11일 03시,월요일,대구광역시 수성구 중동,부상신고사고,0,0,0,1,차대차 - 측면충돌,신호위반,건조,맑음,교차로 - 교차로안,이륜,남,26세,부상신고,승용,남,46세,상해없음
2017121100100042,2017년 12월 11일 03시,월요일,대구광역시 북구 산격동,경상사고,0,0,2,0,차대차 - 측면충돌,중앙선침범,건조,맑음,단일로 - 기타,승용,남,65세,상해없음,승용,남,53세,경상
2017121100100061,2017년 12월 11일 06시,월요일,대구광역시 남구 봉덕동,경상사고,0,0,1,0,차대사람 - 횡단중,보행자보호의무위반,건조,맑음,단일로 - 기타,승용,남,74세,상해없음,보행자,여,25세,경상
2017121100100062,2017년 12월 11일 06시,월요일,대구광역시 수성구 수성동1가,중상사고,0,1,0,0,차대차 - 측면충돌,안전운전불이행,건조,맑음,단일로 - 기타,승용,여,64세,상해없음,이륜,여,54세,중상
2017121100100116,2017년 12월 11일 08시,월요일,대구광역시 동구 검사동,중상사고,0,1,0,0,차대사람 - 횡단중,안전운전불이행,건조,맑음,단일로 - 기타,승용,남,50세,상해없음,보행자,남,7세,중상
2017121100100117,2017년 12월 11일 08시,월요일,대구광역시 달서구 유천동,경상사고,0,0,2,0,차대차 - 측면충돌,안전운전불이행,건조,맑음,단일로 - 기타,승용,여,37세,경상,승용,남,47세,경상
2017121100100118,2017년 12월 11일 08시,월요일,대구광역시 북구 대현동,중상사고,0,1,0,0,차대차 - 측면충돌,안전운전불이행,건조,맑음,교차로 - 교차로안,자전거,여,55세,중상,승용,남,26세,상해없음
2017121100100119,2017년 12월 11일 08시,월요일,대구광역시 중구 수창동,중상사고,0,1,0,0,차대차 - 측면충돌,안전운전불이행,건조,맑음,단일로 - 기타,승용,남,36세,상해없음,자전거,여,61세,중상
2017121100100145,2017년 12월 11일 09시,월요일,대구광역시 중구 남산동,경상사고,0,0,1,0,차대차 - 추돌,안전운전불이행,건조,맑음,교차로 - 교차로부근,화물,남,57세,상해없음,승용,여,41세,경상
2017121100100164,2017년 12월 11일 10시,월요일,대구광역시 수성구 두산동,경상사고,0,0,1,0,차대사람 - 길가장자리구역통행중,안전운전불이행,건조,맑음,단일로 - 기타,승용,여,58세,상해없음,보행자,남,34세,경상
2017121100100182,2017년 12월 11일 11시,월요일,대구광역시 동구 불로동,중상사고,0,1,0,0,차대차 - 추돌,안전거리미확보,건조,맑음,단일로 - 기타,승용,남,28세,상해없음,이륜,남,73세,중상
2017121100100183,2017년 12월 11일 11시,월요일,대구광역시 수성구 범어동,중상사고,0,1,1,0,차대사람 - 보도통행중,기타,건조,맑음,단일로 - 기타,승용,남,57세,상해없음,보행자,여,80세,중상
2017121100100212,2017년 12월 11일 12시,월요일,대구광역시 수성구 중동,중상사고,0,1,1,0,차대차 - 정면충돌,신호위반,건조,맑음,교차로 - 교차로횡단보도내,승용,남,51세,상해없음,이륜,남,30세,중상
2017121100100213,2017년 12월 11일 12시,월요일,대구광역시 수성구 만촌동,중상사고,0,1,0,0,차대차 - 기타,안전운전불이행,건조,맑음,단일로 - 기타,승용,남,63세,상해없음,이륜,남,29세,중상
2017121100100214,2017년 12월 11일 12시,월요일,대구광역시 북구 동천동,중상사고,0,1,0,0,차대차 - 측면충돌,안전운전불이행,건조,맑음,교차로 - 교차로안,승용,여,40세,상해없음,자전거,남,62세,중상
2017121100100272,2017년 12월 11일 14시,월요일,대구광역시 서구 평리동,경상사고,0,0,1,0,차대차 - 추돌,안전운전불이행,건조,맑음,단일로 - 기타,승합,남,47세,상해없음,화물,남,49세,경상
2017121100100273,2017년 12월 11일 14시,월요일,대구광역시 달서구 감삼동,경상사고,0,0,2,0,차대차 - 기타,안전운전불이행,건조,맑음,교차로 - 교차로안,이륜,남,58세,상해없음,승용,여,52세,경상
2017121100100274,2017년 12월 11일 14시,월요일,대구광역시 달서구 성당동,경상사고,0,0,1,0,차대차 - 측면충돌,안전운전불이행,건조,맑음,단일로 - 기타,승용,여,58세,상해없음,승용,여,36세,경상
2017121100100309,2017년 12월 11일 15시,월요일,대구광역시 동구 각산동,경상사고,0,0,1,0,차대차 - 측면충돌,안전거리미확보,건조,맑음,교차로 - 교차로부근,화물,남,51세,상해없음,화물,남,40세,경상
2017121100100310,2017년 12월 11일 15시,월요일,대구광역시 서구 내당동,중상사고,0,1,0,0,차대차 - 측면충돌,안전거리미확보,건조,맑음,교차로 - 교차로부근,화물,남,51세,상해없음,원동기,남,59세,중상
2017121100100339,2017년 12월 11일 16시,월요일,대구광역시 동구 검사동,경상사고,0,0,1,0,차대차 - 후진중충돌,안전운전불이행,건조,맑음,단일로 - 기타,승용,남,66세,상해없음,화물,남,52세,경상
2017121100100373,2017년 12월 11일 17시,월요일,대구광역시 북구 노원동3가,경상사고,0,0,1,0,차대차 - 측면충돌,안전운전불이행,건조,맑음,단일로 - 기타,화물,남,65세,상해없음,이륜,남,17세,경상
2017121100100374,2017년 12월 11일 17시,월요일,대구광역시 달서구 장기동,경상사고,0,0,1,0,차대차 - 측면충돌,신호위반,건조,맑음,교차로 - 교차로안,승용,남,51세,상해없음,승용,여,30세,경상
2017121100100412,2017년 12월 11일 18시,월요일,대구광역시 달성군 다사읍,경상사고,0,0,1,0,차대사람 - 횡단중,보행자보호의무위반,건조,맑음,교차로 - 교차로횡단보도내,자전거,남,29세,상해없음,보행자,여,34세,경상
2017121100100413,2017년 12월 11일 18시,월요일,대구광역시 북구 대현동,경상사고,0,0,1,0,차대차 - 측면충돌,안전운전불이행,건조,맑음,교차로 - 교차로횡단보도내,자전거,남,60세,경상,승용,남,75세,상해없음
2017121100100414,2017년 12월 11일 18시,월요일,대구광역시 북구 산격동,경상사고,0,0,1,0,차대차 - 측면충돌,안전거리미확보,건조,맑음,단일로 - 기타,화물,남,57세,상해없음,승합,남,42세,상해없음
2017121100100415,2017년 12월 11일 18시,월요일,대구광역시 북구 칠성동1가,경상사고,0,0,1,0,차대사람 - 횡단중,보행자보호의무위반,건조,맑음,단일로 - 기타,기타불명,기타불명,미분류,기타불명,보행자,남,62세,경상
2017121100100416,2017년 12월 11일 18시,월요일,대구광역시 서구 비산동,경상사고,0,0,2,1,차대차 - 측면충돌,안전운전불이행,건조,맑음,단일로 - 기타,이륜,남,17세,부상신고,승용,여,34세,경상
2017121100100417,2017년 12월 11일 18시,월요일,대구광역시 달서구 감삼동,경상사고,0,0,1,0,차대차 - 후진중충돌,안전운전불이행,건조,맑음,단일로 - 기타,승합,남,57세,상해없음,승용,남,41세,경상
2017121100100446,2017년 12월 11일 19시,월요일,대구광역시 남구 봉덕동,중상사고,0,1,0,0,차대사람 - 횡단중,안전운전불이행,건조,맑음,단일로 - 기타,승용,남,71세,상해없음,보행자,남,53세,중상
2017121100100447,2017년 12월 11일 19시,월요일,대구광역시 북구 노원동3가,경상사고,0,0,1,0,차대사람 - 횡단중,안전운전불이행,건조,맑음,단일로 - 기타,승용,남,59세,상해없음,보행자,남,44세,경상
2017121100100467,2017년 12월 11일 20시,월요일,대구광역시 남구 봉덕동,경상사고,0,0,1,0,차대차 - 추돌,안전거리미확보,건조,맑음,단일로 - 기타,승용,여,23세,상해없음,이륜,남,48세,경상
2017121100100468,2017년 12월 11일 20시,월요일,대구광역시 남구 대명동,중상사고,0,1,0,0,차대차 - 기타,기타,건조,맑음,단일로 - 기타,승용,남,57세,상해없음,이륜,남,50세,중상
2017121100100485,2017년 12월 11일 21시,월요일,대구광역시 달서구 본리동,경상사고,0,0,1,0,차대사람 - 횡단중,보행자보호의무위반,건조,맑음,단일로 - 기타,승용,남,51세,기타불명,보행자,여,17세,경상
2017121100100511,2017년 12월 11일 22시,월요일,대구광역시 수성구 신매동,경상사고,0,0,1,0,차대사람 - 횡단중,보행자보호의무위반,건조,맑음,교차로 - 교차로안,기타불명,기타불명,미분류,기타불명,보행자,여,17세,경상
2017121200100051,2017년 12월 12일 01시,화요일,대구광역시 동구 신천동,경상사고,0,0,2,0,차대차 - 측면충돌,안전운전불이행,건조,맑음,기타 - 기타,승용,남,46세,상해없음,승합,남,52세,상해없음
2017121200100055,2017년 12월 12일 02시,화요일,대구광역시 수성구 중동,경상사고,0,0,2,0,차대차 - 추돌,안전운전불이행,건조,맑음,교차로 - 교차로부근,승용,남,75세,상해없음,승용,남,48세,경상
2017121200100062,2017년 12월 12일 04시,화요일,대구광역시 달성군 화원읍,경상사고,0,0,2,0,차대차 - 추돌,안전운전불이행,건조,맑음,단일로 - 기타,승용,여,36세,경상,승용,남,47세,경상
2017121200100073,2017년 12월 12일 06시,화요일,대구광역시 중구 태평로3가,경상사고,0,0,2,0,차대차 - 추돌,안전운전불이행,건조,맑음,단일로 - 기타,승용,남,23세,상해없음,승용,여,55세,경상
2017121200100131,2017년 12월 12일 08시,화요일,대구광역시 북구 대현동,중상사고,0,1,0,0,차대사람 - 횡단중,신호위반,건조,맑음,교차로 - 교차로횡단보도내,승용,여,43세,상해없음,보행자,여,10세,중상
2017121200100132,2017년 12월 12일 08시,화요일,대구광역시 북구 침산동,중상사고,0,1,0,0,차대차 - 측면충돌,직진우회전진행방해,건조,맑음,교차로 - 교차로안,승용,여,66세,상해없음,자전거,남,76세,중상
2017121200100188,2017년 12월 12일 10시,화요일,대구광역시 서구 평리동,경상사고,0,0,1,0,차대차 - 추돌,안전운전불이행,건조,맑음,교차로 - 교차로부근,화물,남,48세,상해없음,승용,남,35세,경상
2017121200100189,2017년 12월 12일 10시,화요일,대구광역시 달서구 성당동,경상사고,0,0,1,1,차대차 - 추돌,안전운전불이행,건조,맑음,단일로 - 기타,승용,남,62세,상해없음,승용,남,62세,경상
2017121200100190,2017년 12월 12일 10시,화요일,대구광역시 달서구 호산동,중상사고,0,1,1,0,차대차 - 기타,교차로운행방법위반,건조,맑음,교차로 - 교차로안,화물,남,55세,경상,승용,여,48세,중상
2017121200100223,2017년 12월 12일 11시,화요일,대구광역시 남구 봉덕동,중상사고,0,1,0,0,차대사람 - 길가장자리구역통행중,안전운전불이행,건조,맑음,교차로 - 교차로안,승용,남,45세,상해없음,보행자,여,61세,중상
2017121200100224,2017년 12월 12일 11시,화요일,대구광역시 달서구 본동,경상사고,0,0,6,0,차대차 - 측면충돌,신호위반,건조,맑음,교차로 - 교차로안,승용,여,52세,상해없음,승용,여,43세,경상
2017121200100225,2017년 12월 12일 11시,화요일,대구광역시 서구 비산동,중상사고,0,1,0,0,차대사람 - 기타,안전운전불이행,건조,맑음,단일로 - 기타,화물,남,55세,상해없음,보행자,여,88세,중상
2017121200100226,2017년 12월 12일 11시,화요일,대구광역시 달서구 두류동,중상사고,0,1,0,0,차대사람 - 기타,보행자보호의무위반,건조,흐림,단일로 - 기타,승용,여,60세,상해없음,보행자,남,73세,중상
2017121200100283,2017년 12월 12일 13시,화요일,대구광역시 남구 이천동,경상사고,0,0,2,0,차대차 - 정면충돌,신호위반,건조,맑음,교차로 - 교차로부근,승용,남,36세,상해없음,승용,남,53세,경상
2017121200100312,2017년 12월 12일 14시,화요일,대구광역시 달성군 다사읍,중상사고,0,1,0,0,차대사람 - 기타,기타,건조,맑음,단일로 - 기타,화물,남,22세,상해없음,보행자,남,77세,중상
2017121200100339,2017년 12월 12일 15시,화요일,대구광역시 수성구 황금동,경상사고,0,0,1,0,차대사람 - 길가장자리구역통행중,안전운전불이행,건조,맑음,단일로 - 기타,기타불명,기타불명,미분류,기타불명,보행자,여,10세,경상
2017121200100340,2017년 12월 12일 15시,화요일,대구광역시 달서구 상인동,경상사고,0,0,2,0,차대차 - 측면충돌,안전운전불이행,건조,맑음,단일로 - 기타,승용,여,42세,상해없음,승용,남,25세,경상
2017121200100341,2017년 12월 12일 15시,화요일,대구광역시 서구 평리동,경상사고,0,0,1,0,차대차 - 측면충돌,안전운전불이행,건조,맑음,교차로 - 교차로안,승용,남,25세,상해없음,승용,남,57세,경상
2017121200100342,2017년 12월 12일 15시,화요일,대구광역시 북구 태전동,경상사고,0,0,1,0,차대사람 - 기타,안전운전불이행,건조,맑음,단일로 - 기타,승용,여,49세,상해없음,보행자,여,22세,경상
2017121200100366,2017년 12월 12일 16시,화요일,대구광역시 달성군 논공읍,중상사고,0,2,1,0,차대차 - 측면충돌,교차로운행방법위반,건조,맑음,교차로 - 교차로안,승용,남,51세,경상,승합,여,54세,중상
2017121200100367,2017년 12월 12일 16시,화요일,대구광역시 달서구 감삼동,경상사고,0,0,1,0,차대차 - 기타,신호위반,건조,맑음,단일로 - 기타,승용,여,56세,상해없음,이륜,여,55세,경상
2017121200100410,2017년 12월 12일 17시,화요일,대구광역시 동구 방촌동,경상사고,0,0,1,0,차대차 - 후진중충돌,안전운전불이행,건조,맑음,교차로 - 교차로안,승용,남,70세,상해없음,승용,남,24세,경상
2017121200100411,2017년 12월 12일 17시,화요일,대구광역시 달서구 송현동,경상사고,0,0,1,0,차대사람 - 보도통행중,보행자보호의무위반,건조,맑음,교차로 - 교차로횡단보도내,승용,여,44세,상해없음,보행자,남,60세,경상
2017121200100412,2017년 12월 12일 17시,화요일,대구광역시 서구 이현동,경상사고,0,0,1,0,차대차 - 측면충돌,교차로운행방법위반,건조,맑음,교차로 - 교차로안,승용,남,25세,기타불명,승용,남,28세,경상
2017121200100413,2017년 12월 12일 17시,화요일,대구광역시 중구 남산동,부상신고사고,0,0,0,1,차대사람 - 횡단중,안전운전불이행,건조,맑음,단일로 - 기타,기타불명,기타불명,미분류,기타불명,보행자,남,9세,부상신고
2017121200100414,2017년 12월 12일 17시,화요일,대구광역시 달서구 성당동,경상사고,0,0,1,0,차대사람 - 횡단중,안전운전불이행,건조,맑음,단일로 - 기타,승용,남,26세,상해없음,보행자,여,17세,경상
2017121200100452,2017년 12월 12일 18시,화요일,대구광역시 남구 대명동,경상사고,0,0,1,0,차대사람 - 횡단중,보행자보호의무위반,건조,맑음,단일로 - 기타,이륜,남,24세,상해없음,보행자,남,8세,경상
2017121200100453,2017년 12월 12일 18시,화요일,대구광역시 달서구 진천동,중상사고,0,1,0,0,차대사람 - 횡단중,안전운전불이행,건조,맑음,교차로 - 교차로안,화물,남,46세,상해없음,보행자,여,79세,중상
2017121200100454,2017년 12월 12일 18시,화요일,대구광역시 달성군 옥포면,경상사고,0,0,1,0,차대차 - 기타,안전운전불이행,건조,맑음,단일로 - 고가도로위,승용,여,55세,상해없음,승용,여,27세,경상
2017121200100455,2017년 12월 12일 18시,화요일,대구광역시 서구 비산동,경상사고,0,0,2,0,차대차 - 추돌,안전운전불이행,건조,맑음,단일로 - 기타,승용,여,24세,상해없음,승용,남,45세,경상
2017121200100456,2017년 12월 12일 18시,화요일,대구광역시 서구 내당동,경상사고,0,0,1,0,차대차 - 측면충돌,안전운전불이행,건조,맑음,교차로 - 교차로안,이륜,남,38세,경상,이륜,남,65세,상해없음
2017121200100457,2017년 12월 12일 18시,화요일,대구광역시 북구 읍내동,경상사고,0,0,1,0,차량단독 - 전도전복 - 전도,안전운전불이행,건조,맑음,단일로 - 기타,원동기,남,28세,경상,,,,
2017121200100490,2017년 12월 12일 19시,화요일,대구광역시 남구 봉덕동,중상사고,0,1,0,0,차대사람 - 기타,안전운전불이행,건조,맑음,기타 - 기타,승용,남,31세,상해없음,보행자,여,64세,중상
2017121200100491,2017년 12월 12일 19시,화요일,대구광역시 남구 대명동,경상사고,0,0,1,0,차대차 - 추돌,안전거리미확보,건조,맑음,단일로 - 기타,승용,남,24세,상해없음,승용,남,50세,상해없음
2017121200100516,2017년 12월 12일 20시,화요일,대구광역시 북구 산격동,중상사고,0,1,0,0,차대차 - 측면충돌,안전운전불이행,건조,맑음,단일로 - 기타,승용,남,42세,상해없음,이륜,남,29세,중상
2017121200100569,2017년 12월 12일 22시,화요일,대구광역시 수성구 범어동,경상사고,0,0,5,0,차대차 - 추돌,안전운전불이행,건조,맑음,단일로 - 기타,승용,남,39세,상해없음,승용,남,66세,경상
2017121200100570,2017년 12월 12일 22시,화요일,대구광역시 달서구 호산동,중상사고,0,1,1,0,차대차 - 기타,신호위반,건조,맑음,교차로 - 교차로안,승용,남,42세,상해없음,승용,여,48세,중상
2017121200100597,2017년 12월 12일 23시,화요일,대구광역시 동구 신암동,경상사고,0,0,1,0,차대사람 - 횡단중,안전운전불이행,건조,맑음,기타 - 기타,승용,남,62세,상해없음,보행자,남,44세,경상
2017121200100598,2017년 12월 12일 23시,화요일,대구광역시 북구 복현동,경상사고,0,0,1,0,차대차 - 측면충돌,교차로운행방법위반,건조,맑음,교차로 - 교차로안,승용,남,64세,기타불명,승용,남,36세,경상
2017121300100042,2017년 12월 13일 01시,수요일,대구광역시 동구 신암동,중상사고,0,1,1,0,차대차 - 측면충돌,신호위반,건조,맑음,교차로 - 교차로안,화물,남,37세,상해없음,승용,남,70세,경상
2017121300100043,2017년 12월 13일 01시,수요일,대구광역시 중구 동인동4가,중상사고,0,1,0,0,차량단독 - 기타,기타,건조,맑음,교차로 - 교차로안,승용,남,64세,상해없음,,,,
2017121300100051,2017년 12월 13일 02시,수요일,대구광역시 동구 불로동,중상사고,0,1,0,0,차대차 - 측면충돌,안전운전불이행,건조,맑음,단일로 - 기타,승용,남,52세,상해없음,이륜,남,39세,중상
2017121300100052,2017년 12월 13일 02시,수요일,대구광역시 달서구 대천동,경상사고,0,0,1,0,차대차 - 측면충돌,교차로운행방법위반,건조,맑음,교차로 - 교차로안,승용,남,36세,상해없음,화물,남,50세,상해없음
2017121300100100,2017년 12월 13일 07시,수요일,대구광역시 달성군 하빈면,경상사고,0,0,1,0,차대차 - 측면충돌,중앙선침범,건조,맑음,단일로 - 기타,기타불명,기타불명,미분류,기타불명,승용,여,45세,경상
2017121300100139,2017년 12월 13일 08시,수요일,대구광역시 달서구 대곡동,경상사고,0,0,1,0,차대사람 - 횡단중,안전운전불이행,건조,맑음,단일로 - 기타,승용,여,46세,상해없음,보행자,여,13세,경상
2017121300100140,2017년 12월 13일 08시,수요일,대구광역시 중구 봉산동,경상사고,0,0,1,0,차대차 - 측면충돌,안전거리미확보,건조,맑음,교차로 - 교차로부근,승용,남,22세,상해없음,승용,여,56세,경상
2017121300100141,2017년 12월 13일 08시,수요일,대구광역시 중구 삼덕동3가,경상사고,0,0,3,0,차대차 - 측면충돌,안전거리미확보,건조,맑음,단일로 - 기타,승용,여,73세,경상,승용,남,18세,경상
2017121300100175,2017년 12월 13일 09시,수요일,대구광역시 서구 비산동,경상사고,0,0,1,0,차대사람 - 길가장자리구역통행중,안전운전불이행,건조,맑음,단일로 - 기타,승용,여,33세,상해없음,보행자,여,15세,경상
2017121300100176,2017년 12월 13일 09시,수요일,대구광역시 중구 남산동,중상사고,0,1,0,0,차대차 - 기타,안전운전불이행,건조,맑음,교차로 - 교차로부근,이륜,남,62세,상해없음,자전거,남,55세,중상
2017121300100207,2017년 12월 13일 10시,수요일,대구광역시 동구 율암동,경상사고,0,0,1,0,차대차 - 측면충돌,직진우회전진행방해,건조,맑음,교차로 - 교차로안,승용,여,61세,상해없음,화물,남,46세,경상
2017121300100208,2017년 12월 13일 10시,수요일,대구광역시 북구 대현동,중상사고,0,1,1,0,차대차 - 측면충돌,신호위반,건조,맑음,교차로 - 교차로안,승용,남,37세,상해없음,화물,남,60세,경상
2017121300100209,2017년 12월 13일 10시,수요일,대구광역시 달서구 용산동,중상사고,0,1,0,0,차대차 - 측면충돌,안전거리미확보,건조,맑음,단일로 - 기타,승용,남,71세,상해없음,승용,남,58세,중상
2017121300100227,2017년 12월 13일 11시,수요일,대구광역시 북구 침산동,경상사고,0,0,1,0,차대차 - 추돌,안전운전불이행,건조,맑음,단일로 - 기타,승용,남,45세,상해없음,승용,남,48세,경상
2017121300100295,2017년 12월 13일 14시,수요일,대구광역시 남구 봉덕동,중상사고,0,1,0,0,차대사람 - 횡단중,안전운전불이행,건조,맑음,교차로 - 교차로부근,승용,여,58세,상해없음,보행자,여,77세,중상
2017121300100296,2017년 12월 13일 14시,수요일,대구광역시 수성구 만촌동,경상사고,0,0,2,0,차대차 - 측면충돌,안전거리미확보,건조,맑음,단일로 - 기타,화물,남,36세,경상,승용,여,29세,경상
2017121300100334,2017년 12월 13일 15시,수요일,대구광역시 수성구 시지동,경상사고,0,0,1,0,차대차 - 추돌,안전거리미확보,건조,맑음,단일로 - 기타,승용,여,61세,상해없음,승용,여,43세,경상
2017121300100335,2017년 12월 13일 15시,수요일,대구광역시 달서구 호산동,중상사고,0,1,0,0,차대차 - 측면충돌,차로위반,건조,맑음,교차로 - 교차로부근,승용,남,51세,상해없음,승용,여,64세,중상
2017121300100375,2017년 12월 13일 16시,수요일,대구광역시 북구 산격동,경상사고,0,0,3,0,차대차 - 측면충돌,직진우회전진행방해,건조,맑음,교차로 - 교차로안,승용,남,31세,경상,승용,남,76세,경상
2017121300100376,2017년 12월 13일 16시,수요일,대구광역시 북구 태전동,경상사고,0,0,1,0,차대차 - 측면충돌,안전운전불이행,건조,맑음,단일로 - 기타,승용,여,50세,상해없음,자전거,남,62세,경상
2017121300100457,2017년 12월 13일 18시,수요일,대구광역시 수성구 수성동2가,중상사고,0,1,0,0,차대차 - 측면충돌,안전거리미확보,건조,맑음,교차로 - 교차로부근,승용,남,31세,상해없음,이륜,남,63세,중상
2017121300100458,2017년 12월 13일 18시,수요일,대구광역시 수성구 상동,부상신고사고,0,0,0,1,차대차 - 추돌,안전운전불이행,건조,맑음,단일로 - 기타,자전거,남,58세,부상신고,승용,남,45세,상해없음
2017121300100459,2017년 12월 13일 18시,수요일,대구광역시 달서구 감삼동,경상사고,0,0,1,0,차대차 - 측면충돌,교차로운행방법위반,건조,맑음,교차로 - 교차로안,승용,남,61세,상해없음,이륜,남,19세,경상
2017121300100460,2017년 12월 13일 18시,수요일,대구광역시 달서구 신당동,중상사고,0,1,0,0,차대차 - 정면충돌,신호위반,건조,맑음,교차로 - 교차로안,원동기,남,30세,상해없음,승용,남,25세,중상
2017121300100496,2017년 12월 13일 19시,수요일,대구광역시 동구 신평동,경상사고,0,0,1,0,차대차 - 추돌,안전운전불이행,건조,맑음,교차로 - 교차로부근,승용,남,50세,상해없음,승용,남,36세,경상
2017121300100497,2017년 12월 13일 19시,수요일,대구광역시 수성구 지산동,경상사고,0,0,1,0,차대차 - 측면충돌,직진우회전진행방해,건조,맑음,교차로 - 교차로안,화물,남,63세,상해없음,이륜,남,46세,경상
2017121300100498,2017년 12월 13일 19시,수요일,대구광역시 달서구 송현동,경상사고,0,0,6,0,차대차 - 측면충돌,교차로운행방법위반,건조,맑음,교차로 - 교차로안,승용,남,55세,상해없음,승합,남,50세,경상
2017121300100499,2017년 12월 13일 19시,수요일,대구광역시 달서구 본동,경상사고,0,0,2,0,차대차 - 측면충돌,직진우회전진행방해,건조,맑음,교차로 - 교차로안,승용,남,59세,경상,승용,남,31세,경상
2017121300100500,2017년 12월 13일 19시,수요일,대구광역시 서구 평리동,경상사고,0,0,1,0,차대차 - 측면충돌,차로위반,건조,맑음,교차로 - 교차로안,승용,남,35세,상해없음,이륜,남,26세,경상
2017121300100501,2017년 12월 13일 19시,수요일,대구광역시 달서구 이곡동,경상사고,0,0,1,0,차대차 - 측면충돌,안전운전불이행,건조,맑음,단일로 - 기타,승용,남,58세,상해없음,이륜,남,57세,경상
2017121300100551,2017년 12월 13일 21시,수요일,대구광역시 달서구 두류동,중상사고,0,2,1,0,차대차 - 측면충돌,신호위반,건조,기타,교차로 - 교차로안,승용,여,49세,경상,승용,남,74세,중상
2017121300100577,2017년 12월 13일 22시,수요일,대구광역시 달서구 대천동,경상사고,0,0,3,0,차대차 - 추돌,안전운전불이행,건조,맑음,단일로 - 기타,승용,남,21세,상해없음,승용,남,51세,경상
2017121300100578,2017년 12월 13일 22시,수요일,대구광역시 달성군 현풍면,경상사고,0,0,2,0,차대차 - 기타,안전운전불이행,건조,맑음,교차로 - 교차로부근,승용,남,32세,상해없음,승용,남,27세,경상
2017121400100037,2017년 12월 14일 00시,목요일,대구광역시 남구 이천동,경상사고,0,0,1,0,차량단독 - 기타,안전운전불이행,건조,맑음,교차로 - 교차로부근,승용,남,66세,상해없음,,,,
2017121400100038,2017년 12월 14일 00시,목요일,대구광역시 중구 대봉동,경상사고,0,0,1,0,차대사람 - 기타,안전운전불이행,건조,맑음,단일로 - 기타,이륜,남,39세,기타불명,보행자,여,24세,경상
2017121400100054,2017년 12월 14일 01시,목요일,대구광역시 달서구 월성동,경상사고,0,0,1,0,차대사람 - 기타,보행자보호의무위반,건조,맑음,교차로 - 교차로안,화물,남,36세,상해없음,보행자,남,50세,경상
2017121400100055,2017년 12월 14일 01시,목요일,대구광역시 서구 중리동,중상사고,0,1,0,0,차대차 - 측면충돌,안전운전불이행,건조,맑음,단일로 - 기타,원동기,남,53세,중상,승용,남,58세,상해없음
2017121400100066,2017년 12월 14일 02시,목요일,대구광역시 수성구 범어동,경상사고,0,0,1,0,차대사람 - 차도통행중,안전운전불이행,건조,맑음,교차로 - 교차로안,승용,남,55세,상해없음,보행자,남,26세,경상
2017121400100067,2017년 12월 14일 02시,목요일,대구광역시 수성구 지산동,경상사고,0,0,1,0,차대차 - 측면충돌,안전거리미확보,건조,맑음,교차로 - 교차로부근,승용,여,52세,상해없음,승용,여,52세,경상
2017121400100068,2017년 12월 14일 02시,목요일,대구광역시 서구 내당동,중상사고,0,1,0,0,차대차 - 추돌,안전운전불이행,건조,기타,단일로 - 기타,이륜,남,27세,중상,승합,남,57세,상해없음
2017121400100080,2017년 12월 14일 04시,목요일,대구광역시 수성구 중동,중상사고,0,2,0,0,차대차 - 측면충돌,중앙선침범,건조,맑음,단일로 - 기타,자전거,남,67세,중상,이륜,남,28세,중상
2017121400100108,2017년 12월 14일 06시,목요일,대구광역시 달서구 월성동,중상사고,0,1,0,0,차대사람 - 횡단중,신호위반,건조,맑음,교차로 - 교차로횡단보도내,승용,여,55세,상해없음,보행자,남,23세,중상
2017121400100139,2017년 12월 14일 07시,목요일,대구광역시 서구 비산동,경상사고,0,0,1,0,차대차 - 측면충돌,교차로운행방법위반,건조,맑음,교차로 - 교차로횡단보도내,이륜,남,20세,경상,승용,여,61세,상해없음
2017121400100188,2017년 12월 14일 08시,목요일,대구광역시 수성구 삼덕동,중상사고,0,1,0,0,차대차 - 추돌,안전운전불이행,건조,맑음,단일로 - 기타,승용,남,37세,상해없음,화물,남,33세,중상
2017121400100189,2017년 12월 14일 08시,목요일,대구광역시 달서구 도원동,중상사고,0,1,0,0,차대차 - 측면충돌,안전운전불이행,건조,맑음,단일로 - 기타,승용,여,55세,상해없음,승용,남,45세,중상
2017121400100190,2017년 12월 14일 08시,목요일,대구광역시 서구 원대동1가,경상사고,0,0,1,0,차대차 - 추돌,안전운전불이행,건조,맑음,단일로 - 기타,승용,여,38세,상해없음,승용,여,44세,경상
2017121400100191,2017년 12월 14일 08시,목요일,대구광역시 달서구 성당동,부상신고사고,0,0,0,1,차대차 - 측면충돌,기타,건조,맑음,단일로 - 기타,승용,남,62세,상해없음,이륜,남,73세,부상신고
2017121400100213,2017년 12월 14일 09시,목요일,대구광역시 달서구 감삼동,중상사고,0,1,0,0,차대사람 - 기타,기타,건조,맑음,기타 - 기타,화물,남,64세,상해없음,보행자,여,83세,중상