사고번호,사고일시,요일,시군구,사고내용,사망자수,중상자수,경상자수,부상신고자수,사고유형,법규위반,노면상태,기상상태,도로형태,가해운전자 차종,가해운전자 성별,가해운전자 연령,가해운전자 상해정도,피해운전자 차종,피해운전자 성별,피해운전자 연령,피해운전자 상해정도
2017122000100657,2017년 12월 20일 22시,수요일,대구광역시 서구 내당동,경상사고,0,0,2,0,차대차 - 측면충돌,안전운전불이행,건조,맑음,단일로 - 기타,승용,남,58세,기타불명,승용,남,34세,경상
2017122000100658,2017년 12월 20일 22시,수요일,대구광역시 달서구 호산동,경상사고,0,0,2,0,차대차 - 기타,안전운전불이행,건조,맑음,교차로 - 교차로안,승용,남,35세,상해없음,승용,남,26세,경상
2017122000100659,2017년 12월 20일 22시,수요일,대구광역시 달서구 이곡동,경상사고,0,0,3,0,차대차 - 추돌,안전운전불이행,건조,흐림,교차로 - 교차로부근,승용,남,40세,상해없음,승용,여,43세,경상
2017122100100041,2017년 12월 21일 00시,목요일,대구광역시 남구 대명동,중상사고,0,2,0,0,차대차 - 추돌,안전운전불이행,건조,맑음,단일로 - 기타,화물,남,26세,상해없음,승용,남,30세,중상
2017122100100068,2017년 12월 21일 02시,목요일,대구광역시 달서구 도원동,경상사고,0,0,2,0,차대차 - 추돌,안전운전불이행,건조,맑음,교차로 - 교차로부근,승용,남,48세,상해없음,승용,남,42세,경상
2017122100100074,2017년 12월 21일 03시,목요일,대구광역시 서구 비산동,경상사고,0,0,2,0,차대차 - 추돌,안전운전불이행,건조,맑음,단일로 - 기타,승용,남,34세,상해없음,승용,남,37세,경상
2017122100100081,2017년 12월 21일 04시,목요일,대구광역시 서구 원대동3가,경상사고,0,0,1,0,차대사람 - 횡단중,보행자보호의무위반,건조,맑음,교차로 - 교차로횡단보도내,이륜,남,51세,상해없음,보행자,남,82세,경상
2017122100100109,2017년 12월 21일 06시,목요일,대구광역시 북구 복현동,중상사고,0,1,0,0,차대차 - 측면충돌,안전거리미확보,건조,맑음,단일로 - 기타,자전거,남,70세,중상,승용,남,32세,상해없음
2017122100100110,2017년 12월 21일 06시,목요일,대구광역시 중구 동인동1가,경상사고,0,0,1,0,차대차 - 측면충돌,기타,건조,맑음,교차로 - 교차로안,승용,남,26세,경상,승용,남,41세,상해없음
2017122100100168,2017년 12월 21일 08시,목요일,대구광역시 달서구 두류동,경상사고,0,0,1,0,차대차 - 측면충돌,신호위반,건조,맑음,교차로 - 교차로안,승용,남,68세,상해없음,승용,남,58세,경상
2017122100100169,2017년 12월 21일 08시,목요일,대구광역시 달서구 본리동,경상사고,0,0,1,0,차대차 - 측면충돌,신호위반,건조,맑음,교차로 - 교차로안,승용,남,56세,상해없음,승용,여,25세,경상
2017122100100170,2017년 12월 21일 08시,목요일,대구광역시 북구 구암동,경상사고,0,0,1,0,차대사람 - 기타,안전운전불이행,건조,맑음,단일로 - 고가도로위,승용,여,26세,상해없음,보행자,여,42세,경상
2017122100100213,2017년 12월 21일 09시,목요일,대구광역시 남구 대명동,중상사고,0,1,0,0,차대차 - 측면충돌,교차로운행방법위반,건조,맑음,교차로 - 교차로안,승용,남,32세,상해없음,승용,여,48세,중상
2017122100100214,2017년 12월 21일 09시,목요일,대구광역시 수성구 황금동,중상사고,0,1,0,0,차대차 - 측면충돌,차로위반,건조,맑음,단일로 - 기타,승용,남,58세,상해없음,이륜,남,37세,중상
2017122100100245,2017년 12월 21일 10시,목요일,대구광역시 북구 칠성동1가,중상사고,0,1,0,0,차대차 - 측면충돌,신호위반,건조,맑음,교차로 - 교차로안,이륜,남,59세,중상,승합,남,52세,상해없음
2017122100100246,2017년 12월 21일 10시,목요일,대구광역시 달서구 용산동,경상사고,0,0,1,0,차대차 - 측면충돌,교차로운행방법위반,건조,맑음,교차로 - 교차로안,화물,남,42세,상해없음,자전거,남,76세,경상
2017122100100282,2017년 12월 21일 11시,목요일,대구광역시 동구 신암동,중상사고,0,1,0,0,차대차 - 측면충돌,신호위반,건조,맑음,교차로 - 교차로안,승용,남,36세,상해없음,자전거,여,67세,중상
2017122100100283,2017년 12월 21일 11시,목요일,대구광역시 달서구 대곡동,경상사고,0,0,1,0,차대사람 - 기타,안전운전불이행,건조,맑음,단일로 - 기타,승용,여,71세,상해없음,보행자,여,65세,경상
2017122100100284,2017년 12월 21일 11시,목요일,대구광역시 달서구 신당동,경상사고,0,0,1,0,차대차 - 기타,안전운전불이행,건조,맑음,교차로 - 교차로안,승용,여,73세,상해없음,승용,남,28세,경상
2017122100100322,2017년 12월 21일 13시,목요일,대구광역시 수성구 신매동,사망사고,1,0,0,0,차대사람 - 보도통행중,보행자보호의무위반,건조,맑음,단일로 - 기타,승용,남,57세,상해없음,보행자,여,77세,사망
2017122100100323,2017년 12월 21일 13시,목요일,대구광역시 수성구 수성동3가,경상사고,0,0,1,0,차대차 - 측면충돌,교차로운행방법위반,건조,맑음,교차로 - 교차로안,승용,남,64세,상해없음,승용,남,55세,경상
2017122100100324,2017년 12월 21일 13시,목요일,대구광역시 서구 평리동,중상사고,0,1,0,0,차대차 - 측면충돌,안전운전불이행,건조,맑음,교차로 - 교차로부근,승용,여,74세,상해없음,이륜,남,37세,중상
2017122100100350,2017년 12월 21일 14시,목요일,대구광역시 남구 봉덕동,경상사고,0,0,1,0,차대차 - 후진중충돌,안전운전불이행,건조,맑음,기타 - 기타,승용,남,83세,상해없음,이륜,남,26세,경상
2017122100100351,2017년 12월 21일 14시,목요일,대구광역시 중구 남일동,경상사고,0,0,1,0,차대차 - 추돌,안전거리미확보,건조,맑음,단일로 - 기타,승합,남,37세,상해없음,승용,남,51세,경상
2017122100100352,2017년 12월 21일 14시,목요일,대구광역시 달서구 신당동,중상사고,0,2,0,0,차대차 - 측면충돌,차로위반,건조,맑음,교차로 - 교차로안,승용,남,28세,상해없음,승용,남,46세,중상
2017122100100371,2017년 12월 21일 15시,목요일,대구광역시 동구 율암동,경상사고,0,0,2,0,차대차 - 추돌,안전운전불이행,건조,맑음,단일로 - 기타,승용,남,64세,상해없음,승용,남,38세,경상
2017122100100372,2017년 12월 21일 15시,목요일,대구광역시 서구 비산동,경상사고,0,0,1,0,차대사람 - 길가장자리구역통행중,안전운전불이행,건조,맑음,단일로 - 기타,승용,여,72세,기타불명,보행자,여,76세,경상
2017122100100373,2017년 12월 21일 15시,목요일,대구광역시 서구 비산동,경상사고,0,0,1,0,차대사람 - 길가장자리구역통행중,안전운전불이행,건조,맑음,단일로 - 기타,화물,남,45세,상해없음,보행자,남,57세,경상
2017122100100374,2017년 12월 21일 15시,목요일,대구광역시 중구 공평동,경상사고,0,0,1,0,차대사람 - 횡단중,안전운전불이행,건조,맑음,교차로 - 교차로부근,승합,남,50세,상해없음,보행자,여,19세,경상
2017122100100414,2017년 12월 21일 16시,목요일,대구광역시 수성구 지산동,중상사고,0,1,0,0,차대차 - 기타,신호위반,건조,맑음,교차로 - 교차로부근,승용,여,45세,상해없음,이륜,남,29세,중상
2017122100100463,2017년 12월 21일 17시,목요일,대구광역시 서구 이현동,경상사고,0,0,2,0,차대차 - 측면충돌,차로위반,건조,맑음,단일로 - 기타,승용,남,50세,경상,화물,남,59세,경상
2017122100100511,2017년 12월 21일 18시,목요일,대구광역시 수성구 지산동,경상사고,0,0,1,0,차대사람 - 길가장자리구역통행중,기타,건조,맑음,단일로 - 기타,승용,남,34세,상해없음,보행자,여,58세,경상
2017122100100512,2017년 12월 21일 18시,목요일,대구광역시 달서구 상인동,경상사고,0,0,1,0,차대사람 - 기타,안전운전불이행,건조,맑음,단일로 - 기타,승용,남,56세,상해없음,보행자,남,77세,경상
2017122100100513,2017년 12월 21일 18시,목요일,대구광역시 달성군 현풍면,중상사고,0,1,0,0,차대사람 - 기타,안전운전불이행,건조,맑음,단일로 - 기타,승용,여,49세,상해없음,보행자,남,83세,중상
2017122100100561,2017년 12월 21일 19시,목요일,대구광역시 북구 산격동,경상사고,0,0,1,0,차대차 - 측면충돌,교차로운행방법위반,건조,맑음,교차로 - 교차로안,승용,여,25세,상해없음,이륜,남,24세,경상
2017122100100562,2017년 12월 21일 19시,목요일,대구광역시 서구 비산동,경상사고,0,0,4,0,차대차 - 추돌,안전운전불이행,건조,맑음,단일로 - 기타,승용,남,52세,상해없음,승용,남,37세,경상
2017122100100639,2017년 12월 21일 21시,목요일,대구광역시 달서구 상인동,중상사고,0,1,0,0,차대차 - 측면충돌,안전운전불이행,건조,맑음,단일로 - 기타,승용,여,51세,상해없음,원동기,남,34세,중상
2017122100100640,2017년 12월 21일 21시,목요일,대구광역시 달서구 월성동,경상사고,0,0,2,0,차대차 - 추돌,안전운전불이행,건조,맑음,교차로 - 교차로부근,승용,여,42세,상해없음,승용,여,29세,경상
2017122100100641,2017년 12월 21일 21시,목요일,대구광역시 중구 대봉동,중상사고,0,1,0,0,차대차 - 추돌,안전거리미확보,건조,맑음,교차로 - 교차로부근,승용,여,30세,상해없음,승용,여,60세,중상
2017122100100671,2017년 12월 21일 22시,목요일,대구광역시 남구 대명동,경상사고,0,0,1,0,차대차 - 측면충돌,차로위반,건조,맑음,교차로 - 교차로부근,승용,남,64세,상해없음,승용,남,53세,경상
2017122100100700,2017년 12월 21일 23시,목요일,대구광역시 서구 평리동,경상사고,0,0,1,0,차대차 - 측면충돌,직진우회전진행방해,건조,맑음,교차로 - 교차로안,승용,남,61세,상해없음,원동기,남,50세,경상
2017122100100701,2017년 12월 21일 23시,목요일,대구광역시 북구 태전동,경상사고,0,0,1,0,차대차 - 측면충돌,교차로운행방법위반,건조,맑음,교차로 - 교차로안,승용,남,63세,상해없음,원동기,남,22세,경상
2017122200100056,2017년 12월 22일 00시,금요일,대구광역시 남구 대명동,경상사고,0,0,1,0,차대차 - 측면충돌,직진우회전진행방해,건조,맑음,교차로 - 교차로안,승용,남,22세,상해없음,승용,남,66세,상해없음
2017122200100057,2017년 12월 22일 00시,금요일,대구광역시 달서구 진천동,경상사고,0,0,3,0,차대차 - 측면충돌,안전운전불이행,건조,맑음,교차로 - 교차로안,승용,남,50세,상해없음,승용,여,46세,경상
2017122200100101,2017년 12월 22일 03시,금요일,대구광역시 중구 대봉동,중상사고,0,2,0,0,차대차 - 측면충돌,신호위반,건조,맑음,교차로 - 교차로안,승용,남,42세,상해없음,승용,남,58세,중상
2017122200100102,2017년 12월 22일 03시,금요일,대구광역시 중구 삼덕동2가,경상사고,0,0,2,0,차대차 - 측면충돌,직진우회전진행방해,건조,맑음,교차로 - 교차로안,승용,남,34세,경상,승용,남,47세,경상
2017122200100107,2017년 12월 22일 04시,금요일,대구광역시 달서구 신당동,중상사고,0,1,1,0,차대사람 - 기타,안전운전불이행,건조,맑음,단일로 - 기타,승용,남,20세,상해없음,보행자,여,55세,중상
2017122200100170,2017년 12월 22일 07시,금요일,대구광역시 북구 노원동3가,경상사고,0,0,1,0,차대사람 - 횡단중,안전운전불이행,건조,맑음,교차로 - 교차로횡단보도내,승용,남,32세,상해없음,보행자,여,63세,경상
2017122200100205,2017년 12월 22일 08시,금요일,대구광역시 동구 불로동,경상사고,0,0,4,0,차대차 - 기타,직진우회전진행방해,건조,맑음,교차로 - 교차로안,승합,남,27세,상해없음,승용,여,64세,경상
2017122200100206,2017년 12월 22일 08시,금요일,대구광역시 달서구 대천동,경상사고,0,0,1,0,차대차 - 측면충돌,안전운전불이행,건조,맑음,단일로 - 기타,승용,여,48세,상해없음,승용,남,26세,경상
2017122200100235,2017년 12월 22일 09시,금요일,대구광역시 달서구 파호동,경상사고,0,0,1,0,차대차 - 기타,신호위반,건조,맑음,교차로 - 교차로안,승용,여,53세,상해없음,승합,남,49세,상해없음
2017122200100265,2017년 12월 22일 10시,금요일,대구광역시 달성군 논공읍,부상신고사고,0,0,0,1,차대차 - 측면충돌,교차로운행방법위반,건조,맑음,교차로 - 교차로안,승용,남,50세,상해없음,화물,남,39세,부상신고
2017122200100294,2017년 12월 22일 11시,금요일,대구광역시 동구 신기동,중상사고,0,1,0,0,차대차 - 기타,안전운전불이행,건조,맑음,교차로 - 교차로안,승용,여,26세,상해없음,자전거,남,76세,중상
2017122200100295,2017년 12월 22일 11시,금요일,대구광역시 동구 신암동,중상사고,0,1,1,0,차대차 - 측면충돌,중앙선침범,건조,맑음,기타 - 기타,승용,여,72세,중상,건설기계,남,59세,경상
2017122200100318,2017년 12월 22일 12시,금요일,대구광역시 달서구 상인동,경상사고,0,0,1,0,차대차 - 기타,안전거리미확보,건조,맑음,단일로 - 기타,승용,여,53세,상해없음,승용,남,26세,경상
2017122200100319,2017년 12월 22일 12시,금요일,대구광역시 중구 태평로3가,경상사고,0,0,1,0,차대차 - 측면충돌,안전운전불이행,건조,맑음,교차로 - 교차로부근,승용,남,28세,상해없음,승합,남,49세,상해없음
2017122200100353,2017년 12월 22일 13시,금요일,대구광역시 수성구 가천동,중상사고,0,1,0,0,차대차 - 측면충돌,교차로운행방법위반,건조,맑음,교차로 - 교차로안,승용,여,41세,상해없음,승용,여,48세,중상
2017122200100354,2017년 12월 22일 13시,금요일,대구광역시 수성구 범어동,중상사고,0,1,0,0,차량단독 - 공작물충돌,기타,건조,맑음,단일로 - 기타,승합,남,41세,상해없음,,,,
2017122200100389,2017년 12월 22일 14시,금요일,대구광역시 달서구 두류동,중상사고,0,1,0,0,차대사람 - 기타,안전운전불이행,건조,맑음,단일로 - 기타,이륜,남,38세,상해없음,보행자,여,29세,중상
2017122200100423,2017년 12월 22일 15시,금요일,대구광역시 북구 매천동,중상사고,0,2,0,0,차대차 - 측면충돌,안전거리미확보,건조,맑음,단일로 - 기타,승합,남,53세,상해없음,승용,남,34세,중상
2017122200100452,2017년 12월 22일 16시,금요일,대구광역시 달서구 진천동,경상사고,0,0,2,0,차대차 - 측면충돌,안전거리미확보,건조,맑음,단일로 - 기타,승용,남,65세,상해없음,이륜,남,16세,경상
2017122200100453,2017년 12월 22일 16시,금요일,대구광역시 중구 동성로2가,중상사고,0,1,0,0,차대사람 - 차도통행중,안전운전불이행,건조,맑음,단일로 - 기타,승용,남,46세,상해없음,보행자,여,47세,중상
2017122200100492,2017년 12월 22일 17시,금요일,대구광역시 남구 대명동,경상사고,0,0,3,1,차대차 - 측면충돌,안전거리미확보,건조,맑음,단일로 - 기타,승용,여,71세,상해없음,승용,남,68세,경상
2017122200100493,2017년 12월 22일 17시,금요일,대구광역시 동구 효목동,중상사고,0,1,0,0,차대사람 - 횡단중,안전운전불이행,건조,맑음,교차로 - 교차로횡단보도내,승용,남,35세,상해없음,보행자,남,53세,중상
2017122200100494,2017년 12월 22일 17시,금요일,대구광역시 수성구 범어동,경상사고,0,0,1,0,차대사람 - 길가장자리구역통행중,안전운전불이행,건조,맑음,교차로 - 교차로부근,승용,여,36세,상해없음,보행자,남,47세,경상
2017122200100495,2017년 12월 22일 17시,금요일,대구광역시 수성구 두산동,경상사고,0,0,1,0,차대차 - 기타,중앙선침범,건조,맑음,단일로 - 기타,승용,남,49세,상해없음,승용,남,59세,상해없음
2017122200100496,2017년 12월 22일 17시,금요일,대구광역시 달서구 두류동,경상사고,0,0,2,0,차대차 - 기타,신호위반,건조,맑음,교차로 - 교차로안,승용,남,34세,상해없음,이륜,남,18세,경상
2017122200100565,2017년 12월 22일 18시,금요일,대구광역시 동구 신천동,경상사고,0,0,4,0,차대차 - 측면충돌,안전운전불이행,건조,맑음,기타 - 기타,승용,남,30세,상해없음,승합,남,57세,상해없음
2017122200100566,2017년 12월 22일 18시,금요일,대구광역시 달서구 상인동,경상사고,0,0,1,0,차대차 - 추돌,안전운전불이행,건조,맑음,단일로 - 기타,화물,남,44세,상해없음,승용,남,39세,경상
2017122200100567,2017년 12월 22일 18시,금요일,대구광역시 달서구 장동,경상사고,0,0,1,0,차대차 - 기타,안전운전불이행,건조,맑음,교차로 - 교차로안,승용,남,35세,상해없음,자전거,남,66세,경상
2017122200100629,2017년 12월 22일 19시,금요일,대구광역시 중구 사일동,경상사고,0,0,2,0,차대사람 - 횡단중,중앙선침범,건조,맑음,교차로 - 교차로부근,승용,여,34세,상해없음,보행자,남,29세,경상
2017122200100630,2017년 12월 22일 19시,금요일,대구광역시 중구 덕산동,경상사고,0,0,1,0,차대차 - 측면충돌,교차로운행방법위반,건조,맑음,교차로 - 교차로안,승용,여,62세,상해없음,이륜,남,16세,경상
2017122200100677,2017년 12월 22일 20시,금요일,대구광역시 수성구 고모동,경상사고,0,0,4,0,차대차 - 추돌,안전운전불이행,건조,맑음,교차로 - 교차로부근,승용,남,56세,경상,승용,남,60세,경상
2017122200100678,2017년 12월 22일 20시,금요일,대구광역시 북구 칠성동2가,중상사고,0,1,1,1,차량단독 - 공작물충돌,안전운전불이행,건조,맑음,기타 - 기타,승용,남,59세,부상신고,,,,
2017122200100712,2017년 12월 22일 21시,금요일,대구광역시 수성구 중동,경상사고,0,0,2,0,차대사람 - 횡단중,신호위반,건조,맑음,단일로 - 기타,이륜,남,30세,상해없음,보행자,여,17세,경상
2017122200100752,2017년 12월 22일 22시,금요일,대구광역시 동구 신암동,경상사고,0,0,1,0,차대차 - 기타,안전운전불이행,건조,맑음,단일로 - 기타,이륜,남,23세,경상,승용,남,48세,상해없음
2017122200100753,2017년 12월 22일 22시,금요일,대구광역시 달서구 상인동,경상사고,0,0,1,0,차대차 - 후진중충돌,안전운전불이행,건조,맑음,단일로 - 기타,승용,남,38세,상해없음,이륜,남,33세,경상
2017122200100754,2017년 12월 22일 22시,금요일,대구광역시 달서구 송현동,경상사고,0,0,2,0,차대차 - 측면충돌,중앙선침범,건조,맑음,교차로 - 교차로부근,승용,남,32세,경상,승합,남,39세,경상
2017122200100755,2017년 12월 22일 22시,금요일,대구광역시 달성군 화원읍,경상사고,0,0,1,0,차대차 - 추돌,안전운전불이행,건조,맑음,교차로 - 교차로부근,승용,남,62세,상해없음,승합,남,55세,상해없음
2017122200100787,2017년 12월 22일 23시,금요일,대구광역시 남구 이천동,중상사고,0,1,1,0,차대차 - 측면충돌,안전거리미확보,건조,맑음,교차로 - 교차로부근,화물,남,48세,상해없음,승용,남,63세,중상
2017122200100788,2017년 12월 22일 23시,금요일,대구광역시 북구 노원동3가,중상사고,0,2,0,0,차대차 - 추돌,안전거리미확보,건조,맑음,단일로 - 기타,승용,남,58세,상해없음,승용,남,23세,중상
2017122300100057,2017년 12월 23일 00시,토요일,대구광역시 달성군 유가면,경상사고,0,0,1,0,차대차 - 추돌,안전운전불이행,건조,맑음,교차로 - 교차로부근,승용,남,33세,상해없음,승용,남,36세,경상
2017122300100120,2017년 12월 23일 02시,토요일,대구광역시 달서구 본리동,중상사고,0,1,0,0,차대사람 - 횡단중,안전운전불이행,건조,맑음,교차로 - 교차로부근,승용,남,27세,상해없음,보행자,남,49세,중상
2017122300100145,2017년 12월 23일 04시,토요일,대구광역시 동구 율하동,중상사고,0,1,3,0,차대차 - 측면충돌,직진우회전진행방해,건조,맑음,교차로 - 교차로안,승용,남,41세,상해없음,승용,남,70세,경상
2017122300100212,2017년 12월 23일 08시,토요일,대구광역시 동구 지묘동,경상사고,0,0,1,0,차대차 - 정면충돌,안전운전불이행,서리/결빙,맑음,단일로 - 기타,승용,남,69세,상해없음,승용,여,33세,경상
2017122300100237,2017년 12월 23일 09시,토요일,대구광역시 수성구 범물동,부상신고사고,0,0,0,1,차대차 - 측면충돌,안전운전불이행,건조,맑음,교차로 - 교차로안,이륜,남,20세,부상신고,승용,여,52세,상해없음
2017122300100264,2017년 12월 23일 10시,토요일,대구광역시 동구 신암동,경상사고,0,0,1,0,차대사람 - 보도통행중,보행자보호의무위반,건조,맑음,단일로 - 기타,이륜,기타불명,미분류,기타불명,보행자,여,58세,경상
2017122300100265,2017년 12월 23일 10시,토요일,대구광역시 수성구 고모동,경상사고,0,0,1,0,차대차 - 측면충돌,안전운전불이행,건조,맑음,교차로 - 교차로안,승용,남,72세,상해없음,승용,여,49세,경상
2017122300100266,2017년 12월 23일 10시,토요일,대구광역시 수성구 수성동2가,부상신고사고,0,0,0,1,차대차 - 측면충돌,안전운전불이행,건조,맑음,교차로 - 교차로부근,승용,남,35세,상해없음,자전거,여,86세,부상신고
2017122300100296,2017년 12월 23일 11시,토요일,대구광역시 서구 비산동,경상사고,0,0,2,0,차대차 - 측면충돌,안전운전불이행,건조,맑음,단일로 - 기타,승합,여,52세,상해없음,승용,남,43세,경상
2017122300100356,2017년 12월 23일 13시,토요일,대구광역시 남구 대명동,경상사고,0,0,1,0,차대차 - 측면충돌,안전운전불이행,건조,맑음,단일로 - 기타,승합,남,62세,상해없음,승용,남,61세,경상
2017122300100357,2017년 12월 23일 13시,토요일,대구광역시 수성구 지산동,경상사고,0,0,1,0,차대사람 - 횡단중,안전운전불이행,건조,맑음,단일로 - 기타,승용,남,35세,상해없음,보행자,남,62세,경상
2017122300100358,2017년 12월 23일 13시,토요일,대구광역시 북구 구암동,중상사고,0,1,0,0,차대차 - 측면충돌,안전운전불이행,건조,맑음,단일로 - 기타,승용,여,46세,상해없음,이륜,남,56세,중상
2017122300100385,2017년 12월 23일 14시,토요일,대구광역시 북구 복현동,중상사고,0,1,0,0,차대차 - 측면충돌,안전운전불이행,건조,맑음,단일로 - 기타,승용,남,51세,상해없음,자전거,남,76세,중상
2017122300100386,2017년 12월 23일 14시,토요일,대구광역시 북구 산격동,중상사고,0,1,0,0,차대차 - 기타,신호위반,건조,맑음,교차로 - 교차로부근,원동기,여,57세,상해없음,승용,여,50세,중상
2017122300100387,2017년 12월 23일 14시,토요일,대구광역시 중구 공평동,경상사고,0,0,1,0,차대사람 - 길가장자리구역통행중,안전운전불이행,건조,맑음,단일로 - 기타,승용,남,24세,상해없음,보행자,여,22세,경상
2017122300100418,2017년 12월 23일 15시,토요일,대구광역시 동구 신천동,경상사고,0,0,1,0,차대차 - 측면충돌,안전운전불이행,건조,맑음,단일로 - 기타,승용,남,39세,상해없음,승용,여,24세,경상
2017122300100419,2017년 12월 23일 15시,토요일,대구광역시 달서구 도원동,경상사고,0,0,2,0,차대차 - 측면충돌,안전운전불이행,건조,맑음,교차로 - 교차로안,승용,여,23세,상해없음,승용,여,66세,경상
2017122300100420,2017년 12월 23일 15시,토요일,대구광역시 달성군 하빈면,부상신고사고,0,0,0,1,차대차 - 기타,교차로운행방법위반,건조,맑음,교차로 - 교차로안,화물,남,28세,상해없음,이륜,남,57세,부상신고
2017122300100421,2017년 12월 23일 15시,토요일,대구광역시 중구 대신동,경상사고,0,0,1,0,차대차 - 측면충돌,안전운전불이행,건조,맑음,단일로 - 기타,기타불명,기타불명,미분류,기타불명,승용,여,58세,경상
2017122300100451,2017년 12월 23일 16시,토요일,대구광역시 남구 봉덕동,중상사고,0,1,0,0,차대차 - 측면충돌,안전운전불이행,건조,맑음,교차로 - 교차로안,승용,남,64세,상해없음,자전거,남,61세,중상
2017122300100452,2017년 12월 23일 16시,토요일,대구광역시 수성구 지산동,중상사고,0,1,0,0,차대사람 - 횡단중,안전운전불이행,건조,맑음,교차로 - 교차로안,승용,여,38세,상해없음,보행자,여,76세,중상
2017122300100453,2017년 12월 23일 16시,토요일,대구광역시 수성구 범어동,경상사고,0,0,1,0,차대사람 - 횡단중,보행자보호의무위반,건조,맑음,교차로 - 교차로횡단보도내,화물,남,61세,상해없음,보행자,남,14세,경상
2017122300100454,2017년 12월 23일 16시,토요일,대구광역시 북구 매천동,중상사고,0,2,0,0,차대차 - 측면충돌,안전거리미확보,건조,맑음,단일로 - 기타,화물,남,60세,상해없음,승용,남,64세,중상
2017122300100557,2017년 12월 23일 18시,토요일,대구광역시 서구 비산동,경상사고,0,0,2,0,차대차 - 측면충돌,안전운전불이행,건조,맑음,교차로 - 교차로횡단보도내,화물,남,51세,상해없음,이륜,남,69세,경상
2017122300100602,2017년 12월 23일 19시,토요일,대구광역시 수성구 황금동,경상사고,0,0,1,0,차대사람 - 길가장자리구역통행중,안전운전불이행,건조,맑음,단일로 - 기타,승용,여,22세,상해없음,보행자,남,40세,경상
2017122300100603,2017년 12월 23일 19시,토요일,대구광역시 달서구 본리동,부상신고사고,0,0,0,1,차대사람 - 기타,안전운전불이행,건조,맑음,주차장 - 주차장,승용,남,62세,상해없음,보행자,남,36세,부상신고
2017122300100635,2017년 12월 23일 20시,토요일,대구광역시 북구 서변동,경상사고,0,0,1,0,차대차 - 추돌,안전운전불이행,건조,맑음,단일로 - 기타,화물,남,62세,상해없음,승용,기타불명,기타불명,기타불명
2017122300100668,2017년 12월 23일 21시,토요일,대구광역시 동구 검사동,경상사고,0,0,1,0,차대차 - 기타,안전운전불이행,건조,맑음,단일로 - 기타,승용,여,63세,상해없음,자전거,여,68세,경상
2017122300100669,2017년 12월 23일 21시,토요일,대구광역시 수성구 상동,중상사고,0,1,0,1,차대차 - 측면충돌,교차로운행방법위반,건조,맑음,교차로 - 교차로안,승용,남,52세,상해없음,승용,여,48세,부상신고
2017122300100686,2017년 12월 23일 22시,토요일,대구광역시 동구 검사동,경상사고,0,0,1,0,차대사람 - 기타,안전운전불이행,건조,맑음,단일로 - 기타,기타불명,기타불명,미분류,기타불명,보행자,남,67세,경상
2017122300100687,2017년 12월 23일 22시,토요일,대구광역시 동구 율하동,경상사고,0,0,1,0,차대차 - 측면충돌,안전운전불이행,건조,맑음,단일로 - 기타,승합,남,61세,상해없음,승용,남,36세,경상
2017122300100715,2017년 12월 23일 23시,토요일,대구광역시 수성구 범어동,경상사고,0,0,1,0,차대차 - 측면충돌,안전운전불이행,건조,맑음,교차로 - 교차로부근,자전거,남,17세,상해없음,이륜,남,22세,경상
2017122300100716,2017년 12월 23일 23시,토요일,대구광역시 북구 침산동,경상사고,0,0,1,0,차대차 - 기타,신호위반,건조,맑음,단일로 - 기타,자전거,남,37세,상해없음,이륜,남,21세,경상
2017122400100045,2017년 12월 24일 00시,일요일,대구광역시 달성군 다사읍,경상사고,0,0,1,0,차대차 - 추돌,안전운전불이행,건조,맑음,교차로 - 교차로부근,승용,남,46세,상해없음,승용,남,49세,경상
2017122400100079,2017년 12월 24일 02시,일요일,대구광역시 수성구 상동,경상사고,0,0,1,0,차대차 - 추돌,안전거리미확보,건조,맑음,단일로 - 기타,승용,남,50세,상해없음,승용,남,59세,상해없음
2017122400100080,2017년 12월 24일 02시,일요일,대구광역시 중구 삼덕동1가,경상사고,0,0,1,0,차대사람 - 기타,안전운전불이행,건조,맑음,단일로 - 기타,승용,남,26세,상해없음,보행자,여,26세,경상
2017122400100094,2017년 12월 24일 03시,일요일,대구광역시 서구 평리동,경상사고,0,0,1,0,차대차 - 후진중충돌,안전운전불이행,건조,맑음,단일로 - 기타,승용,남,55세,상해없음,승용,남,23세,경상
2017122400100108,2017년 12월 24일 04시,일요일,대구광역시 달서구 본동,경상사고,0,0,4,0,차대차 - 정면충돌,신호위반,건조,맑음,교차로 - 교차로안,승용,여,69세,경상,승용,남,29세,경상
2017122400100109,2017년 12월 24일 04시,일요일,대구광역시 서구 내당동,중상사고,0,3,0,0,차대차 - 추돌,안전운전불이행,건조,맑음,단일로 - 기타,승용,남,24세,상해없음,승용,남,56세,중상
2017122400100161,2017년 12월 24일 09시,일요일,대구광역시 동구 용계동,경상사고,0,0,1,0,차대차 - 추돌,안전운전불이행,젖음/습기,비,단일로 - 기타,기타불명,기타불명,미분류,기타불명,승용,남,82세,경상
2017122400100162,2017년 12월 24일 09시,일요일,대구광역시 수성구 시지동,중상사고,0,4,2,0,차대차 - 측면충돌,안전운전불이행,젖음/습기,비,단일로 - 기타,승용,남,50세,상해없음,승용,남,47세,중상