사고번호,사고일시,요일,시군구,사고내용,사망자수,중상자수,경상자수,부상신고자수,사고유형,법규위반,노면상태,기상상태,도로형태,가해운전자 차종,가해운전자 성별,가해운전자 연령,가해운전자 상해정도,피해운전자 차종,피해운전자 성별,피해운전자 연령,피해운전자 상해정도
2017122400100163,2017년 12월 24일 09시,일요일,대구광역시 달서구 상인동,경상사고,0,0,3,0,차대차 - 추돌,안전운전불이행,건조,맑음,단일로 - 기타,승용,남,48세,상해없음,승용,여,36세,경상
2017122400100178,2017년 12월 24일 10시,일요일,대구광역시 달서구 진천동,경상사고,0,0,1,1,차대차 - 측면충돌,직진우회전진행방해,젖음/습기,비,교차로 - 교차로안,승용,남,45세,부상신고,승용,남,31세,경상
2017122400100179,2017년 12월 24일 10시,일요일,대구광역시 달서구 신당동,중상사고,0,1,0,0,차대사람 - 횡단중,안전운전불이행,건조,맑음,단일로 - 기타,승용,남,55세,상해없음,보행자,남,50세,중상
2017122400100195,2017년 12월 24일 11시,일요일,대구광역시 달성군 논공읍,경상사고,0,0,1,0,차대차 - 추돌,안전운전불이행,건조,맑음,단일로 - 기타,승용,남,35세,상해없음,승용,남,62세,경상
2017122400100223,2017년 12월 24일 12시,일요일,대구광역시 남구 대명동,경상사고,0,0,1,0,차대차 - 추돌,안전운전불이행,젖음/습기,맑음,단일로 - 기타,화물,남,64세,상해없음,승용,남,56세,경상
2017122400100224,2017년 12월 24일 12시,일요일,대구광역시 서구 내당동,중상사고,0,1,0,0,차량단독 - 전도전복,안전운전불이행,젖음/습기,비,단일로 - 기타,이륜,남,30세,중상,미분류,미분류,미분류,미분류
2017122400100241,2017년 12월 24일 13시,일요일,대구광역시 북구 동천동,경상사고,0,0,1,0,차대차 - 측면충돌,안전운전불이행,젖음/습기,비,교차로 - 교차로안,이륜,남,38세,경상,승용,남,54세,상해없음
2017122400100261,2017년 12월 24일 14시,일요일,대구광역시 달서구 본리동,경상사고,0,0,2,0,차대차 - 측면충돌,안전거리미확보,건조,맑음,단일로 - 기타,화물,남,46세,상해없음,승용,남,22세,경상
2017122400100279,2017년 12월 24일 15시,일요일,대구광역시 서구 내당동,경상사고,0,0,2,0,차대차 - 추돌,안전운전불이행,젖음/습기,비,교차로 - 교차로부근,승용,남,28세,상해없음,승용,남,38세,경상
2017122400100280,2017년 12월 24일 15시,일요일,대구광역시 중구 포정동,경상사고,0,0,1,0,차대사람 - 횡단중,안전운전불이행,건조,맑음,단일로 - 기타,승용,남,55세,상해없음,보행자,남,55세,경상
2017122400100299,2017년 12월 24일 16시,일요일,대구광역시 북구 복현동,경상사고,0,0,1,0,차대차 - 추돌,안전운전불이행,건조,맑음,단일로 - 기타,승용,남,54세,상해없음,승용,남,55세,경상
2017122400100326,2017년 12월 24일 17시,일요일,대구광역시 동구 방촌동,중상사고,0,1,0,0,차대사람 - 기타,안전운전불이행,젖음/습기,비,교차로 - 교차로안,승용,남,77세,상해없음,보행자,여,76세,중상
2017122400100327,2017년 12월 24일 17시,일요일,대구광역시 수성구 수성동1가,경상사고,0,0,1,0,차대차 - 측면충돌,신호위반,젖음/습기,비,교차로 - 교차로안,승용,남,74세,상해없음,승용,여,62세,경상
2017122400100328,2017년 12월 24일 17시,일요일,대구광역시 북구 고성동3가,중상사고,0,1,0,1,차대차 - 측면충돌,직진우회전진행방해,건조,맑음,교차로 - 교차로안,승용,남,54세,부상신고,승용,여,55세,중상
2017122400100329,2017년 12월 24일 17시,일요일,대구광역시 북구 금호동,경상사고,0,0,1,0,차대차 - 측면충돌,안전운전불이행,젖음/습기,비,단일로 - 기타,승용,남,34세,상해없음,승용,남,53세,경상
2017122400100372,2017년 12월 24일 18시,일요일,대구광역시 수성구 신매동,부상신고사고,0,0,0,1,차대사람 - 길가장자리구역통행중,안전운전불이행,건조,맑음,단일로 - 기타,기타불명,기타불명,미분류,기타불명,보행자,여,21세,부상신고
2017122400100373,2017년 12월 24일 18시,일요일,대구광역시 서구 내당동,경상사고,0,0,5,0,차대차 - 추돌,안전거리미확보,건조,맑음,단일로 - 기타,승용,남,62세,상해없음,승용,남,30세,경상
2017122400100399,2017년 12월 24일 19시,일요일,대구광역시 달서구 상인동,중상사고,0,1,0,0,차대차 - 기타,교차로운행방법위반,젖음/습기,비,교차로 - 교차로안,승용,여,40세,상해없음,이륜,남,54세,중상
2017122400100400,2017년 12월 24일 19시,일요일,대구광역시 달성군 화원읍,경상사고,0,0,1,0,차대차 - 기타,안전운전불이행,젖음/습기,흐림,교차로 - 교차로안,이륜,남,18세,상해없음,이륜,남,33세,경상
2017122400100401,2017년 12월 24일 19시,일요일,대구광역시 북구 동천동,중상사고,0,1,0,0,차대차 - 측면충돌,안전거리미확보,젖음/습기,비,단일로 - 기타,승용,여,50세,상해없음,이륜,남,17세,중상
2017122400100427,2017년 12월 24일 20시,일요일,대구광역시 달서구 본동,경상사고,0,0,1,0,차대사람 - 기타,안전운전불이행,건조,맑음,단일로 - 기타,승용,남,59세,상해없음,보행자,남,54세,경상
2017122400100428,2017년 12월 24일 20시,일요일,대구광역시 달서구 대곡동,중상사고,0,1,0,0,차대차 - 측면충돌,직진우회전진행방해,젖음/습기,흐림,교차로 - 교차로안,승용,여,47세,상해없음,이륜,남,54세,중상
2017122400100429,2017년 12월 24일 20시,일요일,대구광역시 북구 태전동,경상사고,0,0,1,0,차대차 - 측면충돌,안전운전불이행,젖음/습기,비,단일로 - 기타,승용,남,43세,상해없음,이륜,남,44세,경상
2017122400100449,2017년 12월 24일 21시,일요일,대구광역시 달서구 도원동,경상사고,0,0,1,0,차대차 - 기타,안전운전불이행,젖음/습기,흐림,교차로 - 교차로부근,승용,남,25세,상해없음,이륜,남,34세,경상
2017122400100472,2017년 12월 24일 22시,일요일,대구광역시 달성군 논공읍,사망사고,2,0,1,0,차대차 - 측면충돌,중앙선침범,서리/결빙,흐림,단일로 - 기타,승용,여,46세,사망,승합,남,48세,경상
2017122400100473,2017년 12월 24일 22시,일요일,대구광역시 북구 태전동,경상사고,0,0,1,0,차대차 - 측면충돌,안전운전불이행,젖음/습기,비,교차로 - 교차로부근,승용,남,26세,상해없음,승용,여,53세,경상
2017122400100485,2017년 12월 24일 23시,일요일,대구광역시 서구 비산동,중상사고,0,3,3,1,차대차 - 측면충돌,안전거리미확보,건조,맑음,단일로 - 기타,승용,여,21세,상해없음,승용,여,30세,중상
2017122400100486,2017년 12월 24일 23시,일요일,대구광역시 북구 동천동,경상사고,0,0,1,0,차대사람 - 기타,안전운전불이행,건조,맑음,단일로 - 기타,승용,남,42세,상해없음,보행자,남,28세,경상
2017122500100029,2017년 12월 25일 00시,월요일,대구광역시 동구 입석동,중상사고,0,1,0,0,차대차 - 측면충돌,안전운전불이행,건조,맑음,단일로 - 기타,승용,기타불명,미분류,기타불명,자전거,남,76세,중상
2017122500100030,2017년 12월 25일 00시,월요일,대구광역시 중구 삼덕동1가,경상사고,0,0,2,0,차대차 - 측면충돌,안전운전불이행,건조,맑음,단일로 - 기타,승용,남,41세,상해없음,승용,남,21세,경상
2017122500100043,2017년 12월 25일 01시,월요일,대구광역시 남구 봉덕동,경상사고,0,0,1,0,차대차 - 측면충돌,불법유턴,건조,맑음,단일로 - 기타,승용,남,35세,기타불명,승용,남,46세,경상
2017122500100044,2017년 12월 25일 01시,월요일,대구광역시 수성구 두산동,경상사고,0,0,1,0,차대사람 - 횡단중,교차로운행방법위반,건조,맑음,단일로 - 기타,승용,남,62세,상해없음,보행자,남,37세,경상
2017122500100054,2017년 12월 25일 02시,월요일,대구광역시 중구 남산동,경상사고,0,0,1,0,차대차 - 추돌,안전거리미확보,건조,맑음,단일로 - 기타,승용,남,23세,상해없음,승합,남,30세,상해없음
2017122500100060,2017년 12월 25일 03시,월요일,대구광역시 중구 동성로2가,경상사고,0,0,1,0,차대차 - 측면충돌,안전운전불이행,건조,맑음,교차로 - 교차로안,승용,남,22세,상해없음,승용,남,42세,경상
2017122500100067,2017년 12월 25일 04시,월요일,대구광역시 서구 내당동,중상사고,0,1,0,0,차량단독 - 공작물충돌,안전운전불이행,건조,맑음,단일로 - 기타,이륜,남,20세,중상,,,,
2017122500100070,2017년 12월 25일 05시,월요일,대구광역시 남구 대명동,경상사고,0,0,1,0,차대차 - 측면충돌,안전거리미확보,건조,맑음,교차로 - 교차로부근,승용,남,29세,상해없음,승용,남,53세,경상
2017122500100071,2017년 12월 25일 05시,월요일,대구광역시 달서구 두류동,경상사고,0,0,1,0,차대사람 - 기타,안전운전불이행,건조,맑음,단일로 - 기타,승용,남,32세,상해없음,보행자,남,21세,경상
2017122500100078,2017년 12월 25일 06시,월요일,대구광역시 달서구 본리동,경상사고,0,0,1,0,차대차 - 추돌,안전운전불이행,건조,흐림,교차로 - 교차로안,승용,여,37세,상해없음,승용,남,33세,경상
2017122500100117,2017년 12월 25일 10시,월요일,대구광역시 수성구 범어동,경상사고,0,0,1,0,차대차 - 측면충돌,안전운전불이행,건조,맑음,단일로 - 기타,승용,여,47세,상해없음,승용,여,68세,경상
2017122500100132,2017년 12월 25일 11시,월요일,대구광역시 달서구 진천동,경상사고,0,0,1,0,차대차 - 추돌,안전운전불이행,건조,맑음,단일로 - 기타,승용,여,27세,상해없음,승용,여,52세,경상
2017122500100133,2017년 12월 25일 11시,월요일,대구광역시 서구 비산동,부상신고사고,0,0,0,1,차대차 - 측면충돌,직진우회전진행방해,건조,맑음,교차로 - 교차로안,이륜,남,73세,부상신고,승용,남,45세,상해없음
2017122500100175,2017년 12월 25일 13시,월요일,대구광역시 서구 평리동,경상사고,0,0,1,0,차대차 - 측면충돌,안전운전불이행,건조,맑음,교차로 - 교차로안,승용,여,46세,상해없음,승용,남,33세,경상
2017122500100176,2017년 12월 25일 13시,월요일,대구광역시 중구 덕산동,경상사고,0,0,1,0,차대사람 - 기타,기타,건조,맑음,단일로 - 기타,승용,남,56세,상해없음,보행자,여,55세,경상
2017122500100224,2017년 12월 25일 15시,월요일,대구광역시 수성구 지산동,중상사고,0,1,0,0,차대사람 - 횡단중,안전운전불이행,건조,맑음,단일로 - 기타,승용,남,42세,상해없음,보행자,남,82세,중상
2017122500100225,2017년 12월 25일 15시,월요일,대구광역시 달서구 본동,경상사고,0,0,1,0,차대사람 - 기타,안전운전불이행,건조,맑음,단일로 - 기타,승용,여,34세,상해없음,보행자,여,60세,경상
2017122500100246,2017년 12월 25일 16시,월요일,대구광역시 수성구 중동,경상사고,0,0,2,0,차대차 - 추돌,안전운전불이행,건조,맑음,단일로 - 기타,승용,남,60세,상해없음,승용,남,29세,경상
2017122500100247,2017년 12월 25일 16시,월요일,대구광역시 북구 산격동,경상사고,0,0,1,0,차대차 - 측면충돌,신호위반,건조,맑음,교차로 - 교차로안,화물,남,30세,상해없음,승용,남,67세,경상
2017122500100274,2017년 12월 25일 17시,월요일,대구광역시 수성구 만촌동,중상사고,0,1,0,0,차대사람 - 기타,안전운전불이행,건조,맑음,단일로 - 기타,승합,남,37세,기타불명,보행자,여,63세,중상
2017122500100275,2017년 12월 25일 17시,월요일,대구광역시 달성군 다사읍,중상사고,0,1,0,0,차대사람 - 보도통행중,보행자보호의무위반,건조,맑음,단일로 - 기타,화물,남,34세,상해없음,보행자,여,50세,중상
2017122500100276,2017년 12월 25일 17시,월요일,대구광역시 서구 원대동1가,경상사고,0,0,1,0,차대차 - 기타,안전거리미확보,건조,맑음,단일로 - 기타,승용,남,20세,상해없음,이륜,남,17세,경상
2017122500100277,2017년 12월 25일 17시,월요일,대구광역시 중구 삼덕동1가,경상사고,0,0,1,2,차대차 - 측면충돌,교차로운행방법위반,건조,맑음,교차로 - 교차로안,승용,여,48세,부상신고,승용,여,20세,경상
2017122500100278,2017년 12월 25일 17시,월요일,대구광역시 달서구 감삼동,중상사고,0,1,0,1,차대차 - 측면충돌,안전운전불이행,건조,맑음,단일로 - 기타,승용,남,46세,부상신고,승용,남,34세,중상
2017122500100301,2017년 12월 25일 18시,월요일,대구광역시 서구 내당동,경상사고,0,0,1,0,차대차 - 측면충돌,기타,건조,맑음,주차장 - 주차장,승용,남,46세,상해없음,이륜,남,36세,경상
2017122500100302,2017년 12월 25일 18시,월요일,대구광역시 달서구 장기동,중상사고,0,1,0,0,차대차 - 측면충돌,안전운전불이행,건조,맑음,단일로 - 기타,승용,남,60세,상해없음,이륜,남,61세,중상
2017122500100328,2017년 12월 25일 19시,월요일,대구광역시 북구 관음동,경상사고,0,0,2,0,차대차 - 추돌,안전운전불이행,건조,맑음,단일로 - 기타,승용,남,64세,상해없음,승용,남,51세,경상
2017122500100350,2017년 12월 25일 20시,월요일,대구광역시 북구 산격동,중상사고,0,1,0,0,차대차 - 측면충돌,안전거리미확보,건조,맑음,단일로 - 기타,승용,남,51세,상해없음,이륜,남,43세,중상
2017122500100351,2017년 12월 25일 20시,월요일,대구광역시 서구 중리동,중상사고,0,1,0,0,차대사람 - 횡단중,안전운전불이행,건조,맑음,단일로 - 기타,승용,남,27세,상해없음,보행자,남,62세,중상
2017122500100352,2017년 12월 25일 20시,월요일,대구광역시 달서구 용산동,중상사고,0,1,0,0,차대차 - 측면충돌,안전운전불이행,건조,맑음,단일로 - 기타,승용,남,45세,상해없음,이륜,남,43세,중상
2017122500100368,2017년 12월 25일 21시,월요일,대구광역시 동구 신암동,경상사고,0,0,1,0,차대차 - 기타,안전운전불이행,건조,맑음,단일로 - 기타,승용,남,35세,상해없음,승용,남,39세,상해없음
2017122500100412,2017년 12월 25일 23시,월요일,대구광역시 서구 평리동,부상신고사고,0,0,0,1,차량단독 - 전도전복 - 전도,안전운전불이행,건조,맑음,교차로 - 교차로부근,원동기,남,49세,부상신고,,,,
2017122600100053,2017년 12월 26일 02시,화요일,대구광역시 수성구 만촌동,경상사고,0,0,1,0,차량단독 - 기타,기타,건조,맑음,단일로 - 기타,기타불명,기타불명,미분류,기타불명,,,,
2017122600100095,2017년 12월 26일 06시,화요일,대구광역시 수성구 두산동,경상사고,0,0,1,0,차대차 - 측면충돌,안전운전불이행,건조,맑음,교차로 - 교차로안,승용,여,54세,상해없음,승용,남,56세,경상
2017122600100115,2017년 12월 26일 07시,화요일,대구광역시 수성구 상동,경상사고,0,0,1,0,차대차 - 추돌,교차로운행방법위반,건조,맑음,교차로 - 교차로안,승용,남,58세,상해없음,승용,남,22세,경상
2017122600100151,2017년 12월 26일 08시,화요일,대구광역시 수성구 매호동,경상사고,0,0,1,0,차대차 - 정면충돌,중앙선침범,건조,맑음,단일로 - 기타,화물,남,64세,상해없음,승용,남,24세,경상
2017122600100152,2017년 12월 26일 08시,화요일,대구광역시 달성군 다사읍,경상사고,0,0,3,0,차대차 - 기타,교차로운행방법위반,건조,맑음,교차로 - 교차로안,승용,여,37세,경상,승용,여,39세,경상
2017122600100183,2017년 12월 26일 09시,화요일,대구광역시 달서구 용산동,경상사고,0,0,1,0,차대차 - 측면충돌,안전거리미확보,건조,맑음,단일로 - 기타,승용,여,43세,상해없음,승용,남,47세,경상
2017122600100210,2017년 12월 26일 10시,화요일,대구광역시 동구 효목동,경상사고,0,0,1,0,차대차 - 측면충돌,안전운전불이행,건조,맑음,단일로 - 기타,승용,여,40세,상해없음,자전거,남,77세,경상
2017122600100211,2017년 12월 26일 10시,화요일,대구광역시 달서구 두류동,경상사고,0,0,1,0,차대차 - 측면충돌,안전운전불이행,건조,맑음,단일로 - 기타,승용,남,46세,상해없음,이륜,남,34세,경상
2017122600100242,2017년 12월 26일 11시,화요일,대구광역시 달서구 본동,경상사고,0,0,1,0,차대차 - 기타,신호위반,건조,맑음,교차로 - 교차로안,승용,남,29세,상해없음,이륜,남,55세,경상
2017122600100243,2017년 12월 26일 11시,화요일,대구광역시 달서구 송현동,부상신고사고,0,0,0,2,차대차 - 추돌,안전거리미확보,건조,맑음,단일로 - 기타,승용,남,57세,상해없음,승용,남,36세,부상신고
2017122600100263,2017년 12월 26일 12시,화요일,대구광역시 남구 대명동,중상사고,0,1,0,0,차대차 - 측면충돌,신호위반,건조,맑음,교차로 - 교차로안,승용,여,47세,상해없음,이륜,남,29세,중상
2017122600100264,2017년 12월 26일 12시,화요일,대구광역시 중구 봉산동,경상사고,0,0,1,0,차대사람 - 기타,안전운전불이행,건조,맑음,교차로 - 교차로부근,승용,남,81세,상해없음,보행자,남,36세,경상
2017122600100293,2017년 12월 26일 13시,화요일,대구광역시 서구 이현동,경상사고,0,0,2,0,차대차 - 추돌,안전운전불이행,건조,맑음,단일로 - 기타,화물,남,35세,상해없음,승용,여,44세,경상
2017122600100327,2017년 12월 26일 14시,화요일,대구광역시 수성구 범어동,경상사고,0,0,1,0,차대차 - 추돌,안전거리미확보,건조,맑음,교차로 - 교차로부근,승용,여,57세,기타불명,화물,남,32세,경상
2017122600100328,2017년 12월 26일 14시,화요일,대구광역시 달서구 송현동,경상사고,0,0,2,0,차대차 - 측면충돌,안전운전불이행,건조,맑음,단일로 - 기타,승용,남,53세,상해없음,승용,여,29세,경상
2017122600100329,2017년 12월 26일 14시,화요일,대구광역시 달성군 유가면,경상사고,0,0,1,0,차대차 - 기타,안전운전불이행,건조,맑음,기타 - 기타,승용,남,58세,상해없음,승용,남,25세,경상
2017122600100330,2017년 12월 26일 14시,화요일,대구광역시 서구 비산동,중상사고,0,2,2,0,차대차 - 추돌,안전운전불이행,건조,맑음,단일로 - 기타,승용,남,58세,상해없음,승용,남,73세,중상
2017122600100390,2017년 12월 26일 16시,화요일,대구광역시 수성구 만촌동,경상사고,0,0,1,0,차대사람 - 길가장자리구역통행중,안전운전불이행,건조,맑음,단일로 - 기타,승용,남,18세,상해없음,보행자,남,16세,경상
2017122600100391,2017년 12월 26일 16시,화요일,대구광역시 수성구 지산동,경상사고,0,0,1,0,차대사람 - 길가장자리구역통행중,안전운전불이행,건조,맑음,교차로 - 교차로부근,승용,남,33세,상해없음,보행자,남,16세,경상
2017122600100392,2017년 12월 26일 16시,화요일,대구광역시 수성구 만촌동,경상사고,0,0,1,0,차대차 - 기타,안전거리미확보,건조,맑음,단일로 - 기타,화물,남,48세,상해없음,승합,남,30세,상해없음
2017122600100393,2017년 12월 26일 16시,화요일,대구광역시 달서구 월성동,경상사고,0,0,1,0,차대차 - 후진중충돌,안전운전불이행,건조,맑음,교차로 - 교차로안,화물,남,39세,상해없음,승용,남,34세,경상
2017122600100394,2017년 12월 26일 16시,화요일,대구광역시 달서구 용산동,경상사고,0,0,1,0,차대차 - 측면충돌,안전운전불이행,건조,맑음,기타 - 기타,승용,남,61세,상해없음,승합,남,35세,경상
2017122600100395,2017년 12월 26일 16시,화요일,대구광역시 북구 관음동,중상사고,0,1,0,0,차대차 - 측면충돌,교차로운행방법위반,건조,맑음,교차로 - 교차로안,승용,여,44세,상해없음,자전거,남,85세,중상
2017122600100426,2017년 12월 26일 17시,화요일,대구광역시 동구 율하동,경상사고,0,0,1,0,차대차 - 측면충돌,안전운전불이행,건조,맑음,단일로 - 기타,승용,여,37세,상해없음,승용,여,35세,경상
2017122600100427,2017년 12월 26일 17시,화요일,대구광역시 서구 이현동,경상사고,0,0,1,0,차대차 - 측면충돌,차로위반,건조,맑음,교차로 - 교차로안,승용,남,51세,상해없음,화물,여,51세,경상
2017122600100468,2017년 12월 26일 18시,화요일,대구광역시 동구 신서동,경상사고,0,0,2,1,차대차 - 측면충돌,신호위반,건조,맑음,교차로 - 교차로부근,이륜,남,23세,부상신고,승용,남,47세,경상
2017122600100469,2017년 12월 26일 18시,화요일,대구광역시 동구 신암동,경상사고,0,0,2,0,차대차 - 추돌,안전거리미확보,건조,맑음,단일로 - 기타,승용,남,50세,상해없음,승용,남,30세,상해없음
2017122600100470,2017년 12월 26일 18시,화요일,대구광역시 중구 남일동,경상사고,0,0,1,0,차대사람 - 차도통행중,안전운전불이행,건조,맑음,단일로 - 기타,이륜,남,33세,상해없음,보행자,여,39세,경상
2017122600100499,2017년 12월 26일 19시,화요일,대구광역시 남구 봉덕동,중상사고,0,1,1,0,차대차 - 측면충돌,교차로운행방법위반,건조,맑음,교차로 - 교차로안,이륜,여,49세,중상,승용,남,60세,경상
2017122600100500,2017년 12월 26일 19시,화요일,대구광역시 동구 신암동,중상사고,0,1,0,0,차대사람 - 횡단중,안전운전불이행,건조,맑음,교차로 - 교차로안,승용,여,55세,상해없음,보행자,여,56세,중상
2017122600100501,2017년 12월 26일 19시,화요일,대구광역시 수성구 만촌동,부상신고사고,0,0,0,2,차대차 - 측면충돌,안전거리미확보,건조,맑음,단일로 - 기타,승용,남,69세,상해없음,이륜,남,18세,부상신고
2017122600100502,2017년 12월 26일 19시,화요일,대구광역시 수성구 범어동,경상사고,0,0,1,0,차대사람 - 기타,안전운전불이행,건조,맑음,단일로 - 기타,승용,남,38세,상해없음,보행자,남,33세,경상
2017122600100503,2017년 12월 26일 19시,화요일,대구광역시 수성구 상동,경상사고,0,0,5,0,차대차 - 추돌,안전운전불이행,건조,맑음,단일로 - 기타,승용,남,54세,상해없음,승용,남,42세,경상
2017122600100504,2017년 12월 26일 19시,화요일,대구광역시 북구 산격동,중상사고,0,1,0,0,차대차 - 측면충돌,신호위반,건조,맑음,교차로 - 교차로안,승용,남,24세,상해없음,승용,여,53세,중상
2017122600100526,2017년 12월 26일 20시,화요일,대구광역시 수성구 지산동,부상신고사고,0,0,0,1,차대차 - 측면충돌,안전운전불이행,건조,맑음,단일로 - 기타,승용,여,53세,상해없음,이륜,남,35세,부상신고
2017122600100527,2017년 12월 26일 20시,화요일,대구광역시 달서구 용산동,경상사고,0,0,1,0,차대사람 - 횡단중,안전운전불이행,건조,맑음,단일로 - 기타,승용,여,46세,상해없음,보행자,남,35세,경상
2017122600100552,2017년 12월 26일 21시,화요일,대구광역시 북구 고성동3가,경상사고,0,0,1,0,차대사람 - 횡단중,보행자보호의무위반,건조,맑음,교차로 - 교차로횡단보도내,이륜,남,18세,상해없음,보행자,여,26세,경상
2017122600100553,2017년 12월 26일 21시,화요일,대구광역시 북구 관음동,경상사고,0,0,1,0,차대차 - 측면충돌,불법유턴,건조,맑음,교차로 - 교차로부근,승용,남,25세,상해없음,승용,여,58세,경상
2017122600100597,2017년 12월 26일 23시,화요일,대구광역시 달서구 감삼동,중상사고,0,1,1,0,차대사람 - 횡단중,보행자보호의무위반,건조,맑음,교차로 - 교차로안,화물,남,26세,상해없음,보행자,여,54세,중상
2017122600100598,2017년 12월 26일 23시,화요일,대구광역시 북구 태전동,부상신고사고,0,0,0,1,차대차 - 기타,안전운전불이행,건조,맑음,교차로 - 교차로안,승용,남,63세,상해없음,이륜,남,27세,부상신고
2017122700100037,2017년 12월 27일 00시,수요일,대구광역시 북구 산격동,중상사고,0,1,1,0,차대차 - 추돌,안전운전불이행,건조,맑음,단일로 - 기타,승용,남,60세,상해없음,승용,남,49세,중상
2017122700100048,2017년 12월 27일 01시,수요일,대구광역시 동구 입석동,사망사고,1,0,0,0,차량단독 - 공작물충돌,안전운전불이행,건조,맑음,교차로 - 교차로부근,승용,남,27세,사망,,,,
2017122700100056,2017년 12월 27일 02시,수요일,대구광역시 남구 봉덕동,경상사고,0,0,3,0,차대차 - 측면충돌,차로위반,건조,맑음,교차로 - 교차로부근,승용,남,23세,경상,승용,남,56세,경상
2017122700100074,2017년 12월 27일 05시,수요일,대구광역시 중구 삼덕동2가,중상사고,0,1,0,0,차대차 - 측면충돌,불법유턴,건조,맑음,교차로 - 교차로부근,화물,남,63세,상해없음,승용,남,73세,중상
2017122700100075,2017년 12월 27일 05시,수요일,대구광역시 달서구 감삼동,중상사고,0,1,0,0,차대차 - 측면충돌,안전운전불이행,건조,맑음,교차로 - 교차로안,승용,남,68세,상해없음,자전거,남,55세,중상
2017122700100100,2017년 12월 27일 07시,수요일,대구광역시 중구 동인동2가,중상사고,0,1,0,0,차대차 - 기타,안전거리미확보,건조,맑음,교차로 - 교차로부근,승용,여,69세,상해없음,승용,여,54세,중상
2017122700100128,2017년 12월 27일 08시,수요일,대구광역시 수성구 상동,경상사고,0,0,1,0,차대차 - 측면충돌,안전운전불이행,건조,맑음,교차로 - 교차로횡단보도내,승용,여,29세,상해없음,자전거,남,10세,경상
2017122700100129,2017년 12월 27일 08시,수요일,대구광역시 달서구 호산동,경상사고,0,0,1,0,차대사람 - 기타,안전운전불이행,건조,맑음,기타 - 기타,화물,남,40세,상해없음,보행자,남,50세,경상
2017122700100130,2017년 12월 27일 08시,수요일,대구광역시 북구 태전동,중상사고,0,1,1,0,차대차 - 추돌,안전운전불이행,건조,맑음,단일로 - 기타,승용,남,30세,상해없음,승용,여,28세,중상
2017122700100151,2017년 12월 27일 09시,수요일,대구광역시 동구 율하동,중상사고,0,1,0,0,차대차 - 측면충돌,교차로운행방법위반,건조,맑음,교차로 - 교차로안,승용,여,54세,상해없음,승용,여,33세,중상
2017122700100177,2017년 12월 27일 10시,수요일,대구광역시 북구 산격동,경상사고,0,0,1,0,차대차 - 측면충돌,안전거리미확보,건조,맑음,교차로 - 교차로횡단보도내,화물,남,37세,상해없음,승용,여,44세,경상
2017122700100178,2017년 12월 27일 10시,수요일,대구광역시 중구 동인동2가,경상사고,0,0,2,0,차대차 - 측면충돌,안전운전불이행,건조,맑음,단일로 - 기타,승용,남,84세,상해없음,승용,남,32세,경상
2017122700100206,2017년 12월 27일 11시,수요일,대구광역시 중구 동인동4가,중상사고,0,1,0,0,차대차 - 측면충돌,교차로운행방법위반,건조,맑음,교차로 - 교차로안,이륜,남,70세,중상,승용,남,36세,상해없음
2017122700100228,2017년 12월 27일 12시,수요일,대구광역시 수성구 만촌동,경상사고,0,0,1,0,차대사람 - 기타,안전운전불이행,건조,맑음,교차로 - 교차로부근,승용,남,32세,상해없음,보행자,남,47세,경상
2017122700100229,2017년 12월 27일 12시,수요일,대구광역시 달서구 진천동,경상사고,0,0,2,0,차대차 - 추돌,안전운전불이행,건조,맑음,단일로 - 기타,화물,남,57세,상해없음,승용,남,49세,경상
2017122700100230,2017년 12월 27일 12시,수요일,대구광역시 달서구 상인동,중상사고,0,1,0,0,차대차 - 측면충돌,교차로운행방법위반,건조,맑음,교차로 - 교차로안,승용,여,28세,상해없음,원동기,남,35세,중상
2017122700100231,2017년 12월 27일 12시,수요일,대구광역시 북구 검단동,경상사고,0,0,1,0,차대사람 - 차도통행중,안전운전불이행,건조,맑음,교차로 - 교차로안,화물,남,45세,상해없음,보행자,여,57세,경상
2017122700100257,2017년 12월 27일 13시,수요일,대구광역시 서구 내당동,경상사고,0,0,1,0,차대차 - 기타,안전운전불이행,건조,맑음,교차로 - 교차로안,이륜,남,48세,경상,승용,남,26세,상해없음
2017122700100258,2017년 12월 27일 13시,수요일,대구광역시 중구 북성로1가,중상사고,0,1,0,0,차대차 - 측면충돌,안전운전불이행,건조,맑음,단일로 - 기타,승합,남,39세,상해없음,자전거,남,66세,중상
2017122700100281,2017년 12월 27일 14시,수요일,대구광역시 북구 태전동,중상사고,0,1,0,0,차대차 - 기타,안전운전불이행,건조,맑음,단일로 - 기타,자전거,남,85세,중상,승용,여,20세,상해없음
2017122700100339,2017년 12월 27일 16시,수요일,대구광역시 수성구 수성동2가,경상사고,0,0,2,0,차대차 - 측면충돌,안전운전불이행,건조,맑음,교차로 - 교차로부근,승용,여,49세,상해없음,승용,남,62세,경상
2017122700100371,2017년 12월 27일 17시,수요일,대구광역시 달서구 대곡동,중상사고,0,1,0,0,차대사람 - 횡단중,안전운전불이행,건조,맑음,단일로 - 기타,승용,여,33세,상해없음,보행자,여,63세,중상
2017122700100372,2017년 12월 27일 17시,수요일,대구광역시 서구 평리동,부상신고사고,0,0,0,1,차대차 - 기타,차로위반,건조,맑음,단일로 - 기타,이륜,남,24세,부상신고,승용,남,58세,상해없음