사고번호,사고일시,요일,시군구,사고내용,사망자수,중상자수,경상자수,부상신고자수,사고유형,법규위반,노면상태,기상상태,도로형태,가해운전자 차종,가해운전자 성별,가해운전자 연령,가해운전자 상해정도,피해운전자 차종,피해운전자 성별,피해운전자 연령,피해운전자 상해정도
2017122700100373,2017년 12월 27일 17시,수요일,대구광역시 달서구 성당동,경상사고,0,0,1,0,차대차 - 측면충돌,차로위반,건조,맑음,단일로 - 기타,승용,여,47세,상해없음,승용,여,55세,경상
2017122700100418,2017년 12월 27일 18시,수요일,대구광역시 동구 봉무동,경상사고,0,0,1,0,차대차 - 추돌,안전운전불이행,건조,맑음,단일로 - 기타,승용,여,28세,상해없음,승용,남,30세,경상
2017122700100419,2017년 12월 27일 18시,수요일,대구광역시 달서구 월성동,경상사고,0,0,2,0,차대차 - 측면충돌,안전거리미확보,건조,맑음,단일로 - 기타,승용,남,62세,상해없음,승용,남,24세,경상
2017122700100420,2017년 12월 27일 18시,수요일,대구광역시 서구 내당동,경상사고,0,0,1,0,차량단독 - 기타,기타,건조,맑음,단일로 - 기타,승합,남,55세,상해없음,,,,
2017122700100489,2017년 12월 27일 20시,수요일,대구광역시 북구 노원동3가,경상사고,0,0,2,0,차대차 - 측면충돌,신호위반,건조,맑음,교차로 - 교차로부근,승용,여,46세,경상,승용,남,42세,경상
2017122700100490,2017년 12월 27일 20시,수요일,대구광역시 서구 평리동,사망사고,1,0,0,0,차대사람 - 기타,안전운전불이행,건조,맑음,교차로 - 교차로부근,승용,남,37세,상해없음,보행자,여,51세,사망
2017122700100509,2017년 12월 27일 21시,수요일,대구광역시 수성구 만촌동,중상사고,0,1,0,0,차대차 - 추돌,중앙선침범,건조,맑음,단일로 - 기타,승용,여,62세,상해없음,화물,남,52세,중상
2017122700100510,2017년 12월 27일 21시,수요일,대구광역시 수성구 범어동,경상사고,0,0,1,0,차대차 - 측면충돌,교차로운행방법위반,건조,맑음,교차로 - 교차로부근,승용,남,54세,상해없음,이륜,남,21세,경상
2017122700100511,2017년 12월 27일 21시,수요일,대구광역시 북구 침산동,중상사고,0,1,0,0,차대차 - 측면충돌,신호위반,건조,흐림,교차로 - 교차로안,이륜,여,55세,중상,승용,여,34세,상해없음
2017122700100540,2017년 12월 27일 22시,수요일,대구광역시 동구 신암동,경상사고,0,0,1,0,차대사람 - 횡단중,안전운전불이행,건조,맑음,단일로 - 기타,승용,남,52세,상해없음,보행자,여,69세,경상
2017122700100541,2017년 12월 27일 22시,수요일,대구광역시 수성구 신매동,경상사고,0,0,1,0,차대사람 - 횡단중,신호위반,건조,맑음,교차로 - 교차로부근,이륜,남,53세,상해없음,보행자,여,29세,경상
2017122800100042,2017년 12월 28일 00시,목요일,대구광역시 북구 칠성동2가,중상사고,0,1,0,0,차대사람 - 횡단중,안전운전불이행,건조,맑음,단일로 - 기타,승용,남,38세,상해없음,보행자,남,55세,중상
2017122800100043,2017년 12월 28일 00시,목요일,대구광역시 북구 칠성동2가,중상사고,0,1,0,0,차대사람 - 횡단중,안전운전불이행,건조,맑음,단일로 - 기타,승용,남,25세,상해없음,보행자,남,56세,중상
2017122800100044,2017년 12월 28일 00시,목요일,대구광역시 북구 고성동2가,경상사고,0,0,3,1,차대차 - 측면충돌,안전운전불이행,건조,맑음,단일로 - 기타,승용,남,27세,부상신고,승용,남,47세,경상
2017122800100054,2017년 12월 28일 01시,목요일,대구광역시 달서구 상인동,경상사고,0,0,1,0,차대차 - 추돌,안전운전불이행,건조,맑음,단일로 - 기타,승용,남,42세,상해없음,승용,남,36세,경상
2017122800100061,2017년 12월 28일 02시,목요일,대구광역시 동구 율하동,경상사고,0,0,1,0,차대차 - 기타,신호위반,건조,맑음,교차로 - 교차로안,승합,남,53세,상해없음,원동기,남,38세,경상
2017122800100111,2017년 12월 28일 07시,목요일,대구광역시 중구 남일동,경상사고,0,0,1,0,차대차 - 측면충돌,안전운전불이행,건조,맑음,단일로 - 기타,승용,남,48세,상해없음,자전거,남,28세,경상
2017122800100131,2017년 12월 28일 08시,목요일,대구광역시 달서구 용산동,경상사고,0,0,1,0,차대사람 - 횡단중,보행자보호의무위반,건조,맑음,교차로 - 교차로횡단보도내,승용,여,32세,상해없음,보행자,여,45세,경상
2017122800100191,2017년 12월 28일 11시,목요일,대구광역시 서구 중리동,경상사고,0,0,1,0,차대차 - 측면충돌,안전운전불이행,건조,맑음,교차로 - 교차로부근,승용,남,45세,상해없음,이륜,남,37세,경상
2017122800100216,2017년 12월 28일 12시,목요일,대구광역시 서구 평리동,중상사고,0,1,0,0,차량단독 - 기타,안전운전불이행,건조,맑음,단일로 - 기타,승합,남,36세,상해없음,,,,
2017122800100238,2017년 12월 28일 13시,목요일,대구광역시 달서구 진천동,경상사고,0,0,1,0,차대차 - 기타,안전운전불이행,건조,맑음,단일로 - 기타,사륜오토바이(ATV),남,50세,경상,승합,남,55세,상해없음
2017122800100239,2017년 12월 28일 13시,목요일,대구광역시 달성군 구지면,경상사고,0,0,1,0,차대차 - 기타,교차로운행방법위반,건조,맑음,교차로 - 교차로안,화물,남,62세,상해없음,승용,남,42세,경상
2017122800100240,2017년 12월 28일 13시,목요일,대구광역시 서구 비산동,부상신고사고,0,0,0,1,차대차 - 측면충돌,안전운전불이행,건조,맑음,단일로 - 기타,화물,남,61세,상해없음,자전거,남,81세,부상신고
2017122800100280,2017년 12월 28일 15시,목요일,대구광역시 북구 칠성동2가,경상사고,0,0,1,0,차대차 - 추돌,안전운전불이행,건조,맑음,단일로 - 기타,기타불명,기타불명,미분류,기타불명,자전거,여,70세,경상
2017122800100281,2017년 12월 28일 15시,목요일,대구광역시 달서구 호산동,중상사고,0,1,0,0,차대차 - 측면충돌,안전운전불이행,건조,맑음,교차로 - 교차로안,화물,남,23세,상해없음,원동기,남,62세,중상
2017122800100314,2017년 12월 28일 16시,목요일,대구광역시 달서구 본동,경상사고,0,0,3,0,차대차 - 측면충돌,안전운전불이행,건조,맑음,교차로 - 교차로부근,승용,남,65세,경상,화물,남,67세,경상
2017122800100345,2017년 12월 28일 17시,목요일,대구광역시 달서구 송현동,경상사고,0,0,1,0,차대차 - 측면충돌,신호위반,건조,맑음,교차로 - 교차로안,승용,남,42세,상해없음,이륜,남,30세,경상
2017122800100346,2017년 12월 28일 17시,목요일,대구광역시 달서구 상인동,중상사고,0,1,0,0,차대사람 - 차도통행중,안전운전불이행,건조,맑음,단일로 - 기타,화물,남,67세,상해없음,보행자,여,70세,중상
2017122800100347,2017년 12월 28일 17시,목요일,대구광역시 중구 대봉동,경상사고,0,0,2,0,차대차 - 추돌,안전운전불이행,건조,맑음,단일로 - 기타,화물,남,60세,상해없음,승용,여,51세,경상
2017122800100396,2017년 12월 28일 18시,목요일,대구광역시 달서구 상인동,경상사고,0,0,1,0,차대차 - 기타,안전운전불이행,건조,맑음,교차로 - 교차로안,승용,여,40세,상해없음,승용,남,40세,경상
2017122800100397,2017년 12월 28일 18시,목요일,대구광역시 달서구 도원동,경상사고,0,0,1,0,차대차 - 측면충돌,안전운전불이행,건조,맑음,교차로 - 교차로안,승용,여,43세,상해없음,승용,남,51세,경상
2017122800100398,2017년 12월 28일 18시,목요일,대구광역시 중구 동인동1가,경상사고,0,0,1,0,차대차 - 추돌,안전운전불이행,건조,맑음,단일로 - 기타,승용,남,73세,상해없음,승용,남,35세,경상
2017122800100484,2017년 12월 28일 21시,목요일,대구광역시 서구 평리동,경상사고,0,0,1,0,차대차 - 측면충돌,교차로운행방법위반,건조,맑음,교차로 - 교차로안,승용,남,29세,상해없음,이륜,남,52세,경상
2017122900100046,2017년 12월 29일 00시,금요일,대구광역시 수성구 범어동,경상사고,0,0,2,0,차대차 - 측면충돌,안전거리미확보,건조,맑음,단일로 - 기타,승용,여,64세,상해없음,승용,남,65세,경상
2017122900100047,2017년 12월 29일 00시,금요일,대구광역시 수성구 지산동,부상신고사고,0,0,0,2,차대차 - 측면충돌,안전운전불이행,건조,맑음,교차로 - 교차로부근,승용,남,27세,상해없음,승용,남,58세,부상신고
2017122900100048,2017년 12월 29일 00시,금요일,대구광역시 달서구 감삼동,경상사고,0,0,1,0,차대차 - 정면충돌,신호위반,건조,맑음,교차로 - 교차로안,승용,남,32세,상해없음,승용,남,49세,경상
2017122900100049,2017년 12월 29일 00시,금요일,대구광역시 달서구 죽전동,중상사고,0,1,0,0,차대사람 - 횡단중,안전운전불이행,건조,맑음,기타 - 기타,이륜,남,18세,상해없음,보행자,여,55세,중상
2017122900100068,2017년 12월 29일 01시,금요일,대구광역시 북구 산격동,경상사고,0,0,2,0,차대차 - 측면충돌,안전거리미확보,건조,맑음,단일로 - 기타,승용,남,22세,상해없음,승용,남,56세,경상
2017122900100069,2017년 12월 29일 01시,금요일,대구광역시 달서구 감삼동,중상사고,0,1,1,0,차대사람 - 횡단중,안전운전불이행,건조,맑음,기타 - 기타,승용,남,57세,상해없음,보행자,남,39세,중상
2017122900100104,2017년 12월 29일 05시,금요일,대구광역시 동구 신암동,부상신고사고,0,0,0,2,차대차 - 측면충돌,안전운전불이행,건조,맑음,단일로 - 기타,승용,남,20세,상해없음,승용,남,40세,상해없음
2017122900100105,2017년 12월 29일 05시,금요일,대구광역시 수성구 노변동,부상신고사고,0,0,0,1,차대사람 - 횡단중,안전운전불이행,건조,맑음,단일로 - 기타,승용,남,56세,상해없음,보행자,여,69세,부상신고
2017122900100117,2017년 12월 29일 06시,금요일,대구광역시 동구 불로동,경상사고,0,0,6,0,차대차 - 추돌,안전운전불이행,건조,맑음,단일로 - 기타,승용,남,38세,상해없음,승용,남,37세,경상
2017122900100118,2017년 12월 29일 06시,금요일,대구광역시 서구 평리동,중상사고,0,1,0,0,차대사람 - 보도통행중,교차로운행방법위반,건조,맑음,교차로 - 교차로부근,승용,남,56세,상해없음,보행자,여,67세,중상
2017122900100140,2017년 12월 29일 07시,금요일,대구광역시 달성군 논공읍,부상신고사고,0,0,0,1,차대차 - 기타,과속,건조,맑음,교차로 - 교차로부근,승용,남,22세,부상신고,승용,남,52세,상해없음
2017122900100141,2017년 12월 29일 07시,금요일,대구광역시 달성군 현풍면,경상사고,0,0,1,0,차대차 - 추돌,안전거리미확보,건조,맑음,교차로 - 교차로부근,승용,남,48세,상해없음,승용,남,48세,경상
2017122900100174,2017년 12월 29일 08시,금요일,대구광역시 남구 대명동,경상사고,0,0,1,0,차대차 - 추돌,안전거리미확보,건조,맑음,단일로 - 기타,승용,여,52세,상해없음,승용,여,34세,경상
2017122900100218,2017년 12월 29일 10시,금요일,대구광역시 달서구 호림동,경상사고,0,0,1,0,차대차 - 추돌,안전운전불이행,건조,맑음,교차로 - 교차로부근,승용,여,32세,상해없음,승용,남,48세,경상
2017122900100248,2017년 12월 29일 11시,금요일,대구광역시 동구 신천동,경상사고,0,0,1,0,차대차 - 추돌,안전운전불이행,건조,맑음,교차로 - 교차로부근,승용,남,66세,상해없음,승용,여,24세,경상
2017122900100277,2017년 12월 29일 12시,금요일,대구광역시 동구 백안동,중상사고,0,1,0,0,차대차 - 측면충돌,신호위반,건조,맑음,교차로 - 교차로안,승용,여,65세,상해없음,이륜,남,47세,중상
2017122900100278,2017년 12월 29일 12시,금요일,대구광역시 달서구 송현동,경상사고,0,0,1,0,차대차 - 기타,안전운전불이행,건조,맑음,교차로 - 교차로부근,승용,여,31세,상해없음,이륜,남,21세,경상
2017122900100279,2017년 12월 29일 12시,금요일,대구광역시 북구 복현동,경상사고,0,0,1,0,차대차 - 측면충돌,안전운전불이행,건조,맑음,교차로 - 교차로부근,승합,남,68세,상해없음,승용,여,46세,경상
2017122900100295,2017년 12월 29일 13시,금요일,대구광역시 동구 지저동,부상신고사고,0,0,0,2,차대차 - 측면충돌,교차로운행방법위반,건조,맑음,교차로 - 교차로안,승용,여,72세,상해없음,이륜,남,18세,부상신고
2017122900100328,2017년 12월 29일 14시,금요일,대구광역시 수성구 만촌동,경상사고,0,0,2,0,차대차 - 측면충돌,신호위반,건조,맑음,교차로 - 교차로안,건설기계,남,58세,상해없음,승용,남,75세,경상
2017122900100329,2017년 12월 29일 14시,금요일,대구광역시 달서구 송현동,경상사고,0,0,2,0,차대차 - 측면충돌,직진우회전진행방해,건조,맑음,교차로 - 교차로안,승용,남,57세,경상,승용,남,64세,경상
2017122900100330,2017년 12월 29일 14시,금요일,대구광역시 서구 평리동,경상사고,0,0,4,0,차대차 - 측면충돌,신호위반,건조,맑음,교차로 - 교차로안,승용,여,27세,기타불명,승용,남,73세,경상
2017122900100331,2017년 12월 29일 14시,금요일,대구광역시 서구 비산동,경상사고,0,0,1,0,차대차 - 측면충돌,안전운전불이행,건조,맑음,교차로 - 교차로부근,자전거,남,77세,경상,승용,남,61세,상해없음
2017122900100360,2017년 12월 29일 15시,금요일,대구광역시 남구 봉덕동,중상사고,0,1,0,0,차대차 - 측면충돌,안전운전불이행,건조,맑음,단일로 - 기타,화물,남,29세,상해없음,이륜,남,59세,중상
2017122900100361,2017년 12월 29일 15시,금요일,대구광역시 달서구 송현동,경상사고,0,0,1,0,차대사람 - 기타,안전운전불이행,건조,맑음,단일로 - 기타,승용,남,51세,상해없음,보행자,여,77세,경상
2017122900100362,2017년 12월 29일 15시,금요일,대구광역시 북구 동천동,중상사고,0,1,0,0,차대사람 - 기타,안전운전불이행,건조,맑음,기타 - 기타,승용,남,66세,상해없음,보행자,여,61세,중상
2017122900100387,2017년 12월 29일 16시,금요일,대구광역시 달성군 현풍면,경상사고,0,0,1,0,차대사람 - 횡단중,안전운전불이행,건조,맑음,교차로 - 교차로부근,승용,남,47세,상해없음,보행자,남,53세,경상
2017122900100388,2017년 12월 29일 16시,금요일,대구광역시 중구 달성동,중상사고,0,2,0,0,차대차 - 추돌,안전운전불이행,건조,맑음,단일로 - 기타,화물,남,78세,상해없음,승용,남,28세,중상
2017122900100424,2017년 12월 29일 17시,금요일,대구광역시 수성구 신매동,중상사고,0,1,0,0,차대차 - 측면충돌,기타,건조,맑음,교차로 - 교차로부근,승용,여,49세,상해없음,이륜,남,28세,중상
2017122900100425,2017년 12월 29일 17시,금요일,대구광역시 북구 침산동,경상사고,0,0,1,0,차대차 - 측면충돌,교차로운행방법위반,건조,맑음,교차로 - 교차로횡단보도내,승용,남,62세,상해없음,자전거,남,24세,경상
2017122900100426,2017년 12월 29일 17시,금요일,대구광역시 중구 남산동,중상사고,0,1,0,0,차대사람 - 횡단중,안전운전불이행,건조,맑음,교차로 - 교차로부근,승용,여,50세,상해없음,보행자,여,74세,중상
2017122900100495,2017년 12월 29일 18시,금요일,대구광역시 수성구 중동,경상사고,0,0,1,0,차대사람 - 횡단중,신호위반,건조,맑음,단일로 - 기타,승용,여,40세,상해없음,보행자,여,61세,경상
2017122900100496,2017년 12월 29일 18시,금요일,대구광역시 서구 내당동,경상사고,0,0,2,0,차대사람 - 차도통행중,안전운전불이행,건조,맑음,단일로 - 기타,승용,여,30세,상해없음,보행자,여,62세,경상
2017122900100497,2017년 12월 29일 18시,금요일,대구광역시 달서구 월암동,중상사고,0,1,1,0,차대차 - 측면충돌,안전거리미확보,건조,맑음,교차로 - 교차로부근,승용,남,25세,상해없음,화물,남,50세,중상
2017122900100542,2017년 12월 29일 19시,금요일,대구광역시 남구 대명동,경상사고,0,0,1,0,차대차 - 추돌,안전운전불이행,건조,맑음,교차로 - 교차로부근,승용,남,67세,기타불명,승용,남,30세,경상
2017122900100543,2017년 12월 29일 19시,금요일,대구광역시 동구 신천동,경상사고,0,0,1,0,차대차 - 추돌,안전운전불이행,건조,맑음,단일로 - 기타,승용,여,52세,상해없음,화물,남,32세,경상
2017122900100544,2017년 12월 29일 19시,금요일,대구광역시 북구 대현동,경상사고,0,0,1,0,차대차 - 추돌,안전운전불이행,건조,맑음,교차로 - 교차로부근,승용,남,51세,상해없음,승용,남,45세,경상
2017122900100574,2017년 12월 29일 20시,금요일,대구광역시 남구 대명동,경상사고,0,0,2,0,차대차 - 정면충돌,중앙선침범,건조,맑음,단일로 - 기타,승용,남,57세,상해없음,승용,여,27세,경상
2017122900100575,2017년 12월 29일 20시,금요일,대구광역시 동구 율하동,경상사고,0,0,1,0,차대차 - 추돌,안전운전불이행,건조,맑음,교차로 - 교차로부근,승용,남,61세,상해없음,화물,남,63세,경상
2017122900100576,2017년 12월 29일 20시,금요일,대구광역시 달서구 월성동,경상사고,0,0,1,0,차대사람 - 길가장자리구역통행중,안전운전불이행,건조,맑음,단일로 - 기타,승용,여,49세,상해없음,보행자,남,53세,경상
2017122900100577,2017년 12월 29일 20시,금요일,대구광역시 달성군 유가면,경상사고,0,0,1,0,차대차 - 후진중충돌,중앙선침범,건조,맑음,단일로 - 기타,이륜,남,51세,경상,승용,여,25세,상해없음
2017122900100616,2017년 12월 29일 21시,금요일,대구광역시 남구 봉덕동,경상사고,0,0,1,0,차대차 - 측면충돌,교차로운행방법위반,건조,맑음,교차로 - 교차로안,승용,여,59세,상해없음,승용,남,68세,경상
2017122900100617,2017년 12월 29일 21시,금요일,대구광역시 동구 효목동,경상사고,0,0,1,0,차대차 - 측면충돌,안전운전불이행,건조,맑음,교차로 - 교차로안,승용,남,56세,상해없음,승용,남,22세,경상
2017122900100618,2017년 12월 29일 21시,금요일,대구광역시 달서구 상인동,경상사고,0,0,1,0,차대차 - 측면충돌,신호위반,건조,맑음,교차로 - 교차로안,승용,남,53세,상해없음,승용,여,41세,경상
2017122900100662,2017년 12월 29일 22시,금요일,대구광역시 달서구 감삼동,중상사고,0,1,1,0,차대차 - 추돌,안전운전불이행,건조,맑음,단일로 - 기타,승용,남,52세,상해없음,승용,남,66세,경상
2017122900100698,2017년 12월 29일 23시,금요일,대구광역시 달성군 화원읍,경상사고,0,0,1,0,차대차 - 기타,안전운전불이행,젖음/습기,맑음,단일로 - 기타,승용,남,50세,경상,건설기계,남,51세,상해없음
2017122900100699,2017년 12월 29일 23시,금요일,대구광역시 북구 태전동,경상사고,0,0,1,0,차대차 - 측면충돌,안전거리미확보,건조,맑음,단일로 - 기타,승용,남,50세,상해없음,승용,남,53세,경상
2017123000100043,2017년 12월 30일 00시,토요일,대구광역시 달서구 호산동,경상사고,0,0,1,0,차대차 - 측면충돌,안전운전불이행,건조,맑음,교차로 - 교차로안,승용,남,42세,상해없음,승용,남,65세,경상
2017123000100044,2017년 12월 30일 00시,토요일,대구광역시 달서구 용산동,경상사고,0,0,3,0,차대차 - 기타,차로위반,건조,맑음,단일로 - 기타,승용,남,51세,경상,승용,남,82세,경상
2017123000100073,2017년 12월 30일 01시,토요일,대구광역시 동구 신천동,경상사고,0,0,1,0,차대차 - 측면충돌,안전거리미확보,젖음/습기,비,단일로 - 기타,승용,남,50세,상해없음,화물,남,58세,상해없음
2017123000100074,2017년 12월 30일 01시,토요일,대구광역시 수성구 지산동,경상사고,0,0,1,0,차대차 - 추돌,안전운전불이행,건조,맑음,단일로 - 기타,승용,남,33세,상해없음,승용,남,31세,경상
2017123000100113,2017년 12월 30일 03시,토요일,대구광역시 중구 동인동3가,경상사고,0,0,3,0,차대차 - 측면충돌,안전거리미확보,건조,맑음,단일로 - 기타,승용,남,67세,상해없음,승용,남,60세,경상
2017123000100150,2017년 12월 30일 06시,토요일,대구광역시 북구 태전동,중상사고,0,1,0,0,차대차 - 측면충돌,신호위반,건조,맑음,교차로 - 교차로안,승용,남,23세,상해없음,승용,남,65세,중상
2017123000100163,2017년 12월 30일 07시,토요일,대구광역시 달서구 신당동,경상사고,0,0,1,0,차대차 - 정면충돌,교차로운행방법위반,건조,맑음,교차로 - 교차로안,화물,남,49세,상해없음,승용,남,67세,경상
2017123000100191,2017년 12월 30일 09시,토요일,대구광역시 달서구 용산동,경상사고,0,0,1,0,차대차 - 측면충돌,안전운전불이행,건조,맑음,단일로 - 기타,승용,여,51세,상해없음,승용,남,38세,경상
2017123000100207,2017년 12월 30일 10시,토요일,대구광역시 수성구 상동,경상사고,0,0,1,0,차대차 - 측면충돌,안전운전불이행,건조,맑음,교차로 - 교차로안,승용,남,28세,상해없음,승용,남,57세,경상
2017123000100208,2017년 12월 30일 10시,토요일,대구광역시 수성구 범어동,경상사고,0,0,3,0,차대차 - 측면충돌,안전운전불이행,건조,맑음,단일로 - 기타,승용,여,50세,경상,승용,남,38세,경상
2017123000100250,2017년 12월 30일 12시,토요일,대구광역시 수성구 신매동,경상사고,0,0,2,0,차대차 - 추돌,안전운전불이행,건조,맑음,교차로 - 교차로부근,승합,여,41세,상해없음,화물,남,18세,경상
2017123000100251,2017년 12월 30일 12시,토요일,대구광역시 달서구 송현동,경상사고,0,0,2,0,차대차 - 측면충돌,교차로운행방법위반,건조,흐림,교차로 - 교차로안,승용,여,39세,경상,이륜,남,38세,경상
2017123000100273,2017년 12월 30일 14시,토요일,대구광역시 동구 신천동,경상사고,0,0,2,0,차대차 - 추돌,안전운전불이행,건조,맑음,단일로 - 기타,승용,남,42세,상해없음,승용,여,56세,경상
2017123000100274,2017년 12월 30일 14시,토요일,대구광역시 수성구 범어동,경상사고,0,0,1,0,차대차 - 추돌,안전운전불이행,건조,맑음,교차로 - 교차로부근,승용,여,41세,상해없음,승용,여,67세,경상
2017123000100275,2017년 12월 30일 14시,토요일,대구광역시 달서구 상인동,경상사고,0,0,1,0,차대차 - 추돌,안전운전불이행,건조,맑음,단일로 - 기타,승용,남,38세,상해없음,승용,남,26세,경상
2017123000100311,2017년 12월 30일 16시,토요일,대구광역시 서구 평리동,중상사고,0,1,0,0,차대차 - 측면충돌,안전거리미확보,건조,맑음,교차로 - 교차로부근,승용,여,25세,상해없음,승용,여,38세,중상
2017123000100379,2017년 12월 30일 18시,토요일,대구광역시 북구 국우동,경상사고,0,0,7,0,차대차 - 추돌,안전운전불이행,건조,맑음,단일로 - 기타,화물,여,38세,상해없음,승용,남,39세,경상
2017123000100405,2017년 12월 30일 19시,토요일,대구광역시 수성구 두산동,부상신고사고,0,0,0,2,차대차 - 후진중충돌,불법유턴,건조,흐림,교차로 - 교차로안,승용,남,43세,상해없음,승용,남,46세,부상신고
2017123000100454,2017년 12월 30일 21시,토요일,대구광역시 달서구 상인동,경상사고,0,0,2,0,차대차 - 후진중충돌,안전운전불이행,건조,맑음,교차로 - 교차로부근,승용,남,49세,상해없음,승용,남,28세,경상
2017123000100455,2017년 12월 30일 21시,토요일,대구광역시 북구 구암동,부상신고사고,0,0,0,1,차대차 - 측면충돌,안전운전불이행,건조,맑음,단일로 - 기타,이륜,남,49세,부상신고,승용,남,45세,상해없음
2017123000100475,2017년 12월 30일 22시,토요일,대구광역시 달서구 상인동,경상사고,0,0,2,0,차대차 - 측면충돌,안전운전불이행,건조,맑음,단일로 - 기타,승용,남,39세,상해없음,승용,남,25세,경상
2017123000100476,2017년 12월 30일 22시,토요일,대구광역시 달서구 죽전동,경상사고,0,0,2,0,차대차 - 추돌,안전운전불이행,건조,맑음,단일로 - 기타,화물,남,40세,상해없음,승용,남,61세,경상
2017123000100477,2017년 12월 30일 22시,토요일,대구광역시 북구 태전동,경상사고,0,0,1,0,차대차 - 추돌,안전운전불이행,건조,맑음,단일로 - 기타,승용,남,34세,상해없음,승용,남,72세,경상
2017123000100502,2017년 12월 30일 23시,토요일,대구광역시 달서구 대곡동,중상사고,0,2,1,0,차대차 - 기타,안전운전불이행,건조,맑음,교차로 - 교차로안,승용,남,63세,중상,승용,여,54세,경상
2017123100100100,2017년 12월 31일 05시,일요일,대구광역시 수성구 두산동,경상사고,0,0,1,0,차대사람 - 차도통행중,안전운전불이행,건조,맑음,단일로 - 기타,승용,남,68세,상해없음,보행자,남,44세,경상
2017123100100101,2017년 12월 31일 05시,일요일,대구광역시 북구 침산동,경상사고,0,0,1,0,차량단독 - 기타,안전운전불이행,건조,흐림,단일로 - 기타,이륜,남,22세,상해없음,,,,
2017123100100149,2017년 12월 31일 09시,일요일,대구광역시 북구 팔달동,부상신고사고,0,0,0,1,차량단독 - 기타,기타,건조,맑음,단일로 - 고가도로위,승용,남,27세,부상신고,,,,
2017123100100164,2017년 12월 31일 10시,일요일,대구광역시 동구 지묘동,중상사고,0,1,1,0,차대차 - 측면충돌,중앙선침범,건조,맑음,단일로 - 기타,승용,남,55세,상해없음,승용,남,61세,중상
2017123100100174,2017년 12월 31일 11시,일요일,대구광역시 수성구 범어동,경상사고,0,0,1,0,차대사람 - 횡단중,보행자보호의무위반,건조,맑음,교차로 - 교차로횡단보도내,승용,여,51세,상해없음,보행자,여,76세,경상
2017123100100242,2017년 12월 31일 14시,일요일,대구광역시 중구 동성로2가,경상사고,0,0,1,0,차대사람 - 차도통행중,안전운전불이행,건조,맑음,단일로 - 기타,화물,남,38세,상해없음,보행자,여,77세,경상
2017123100100265,2017년 12월 31일 15시,일요일,대구광역시 달서구 죽전동,경상사고,0,0,2,0,차대차 - 기타,신호위반,건조,맑음,교차로 - 교차로안,승용,여,47세,상해없음,승용,남,43세,경상
2017123100100266,2017년 12월 31일 15시,일요일,대구광역시 달서구 감삼동,경상사고,0,0,1,0,차대차 - 추돌,안전운전불이행,건조,맑음,기타 - 기타,승용,여,59세,상해없음,승용,여,56세,경상
2017123100100288,2017년 12월 31일 16시,일요일,대구광역시 북구 동천동,중상사고,0,1,0,0,차대차 - 추돌,안전운전불이행,건조,맑음,단일로 - 기타,화물,남,53세,기타불명,승용,남,68세,중상
2017123100100307,2017년 12월 31일 17시,일요일,대구광역시 수성구 중동,중상사고,0,1,0,0,차대차 - 추돌,안전운전불이행,건조,맑음,교차로 - 교차로부근,승용,남,64세,상해없음,승용,남,27세,중상
2017123100100308,2017년 12월 31일 17시,일요일,대구광역시 서구 내당동,경상사고,0,0,2,0,차대차 - 측면충돌,안전거리미확보,건조,맑음,단일로 - 기타,승용,남,32세,경상,승용,여,53세,경상
2017123100100373,2017년 12월 31일 19시,일요일,대구광역시 달서구 호산동,경상사고,0,0,1,0,차대차 - 측면충돌,차로위반,건조,맑음,단일로 - 기타,승용,여,48세,상해없음,이륜,남,25세,경상
2017123100100393,2017년 12월 31일 20시,일요일,대구광역시 동구 효목동,경상사고,0,0,2,0,차대차 - 측면충돌,안전거리미확보,건조,맑음,단일로 - 기타,승용,남,71세,상해없음,승용,남,51세,경상
2017123100100394,2017년 12월 31일 20시,일요일,대구광역시 수성구 중동,중상사고,0,2,0,0,차대사람 - 기타,안전운전불이행,건조,맑음,단일로 - 기타,승용,남,57세,상해없음,보행자,여,60세,중상
2017123100100395,2017년 12월 31일 20시,일요일,대구광역시 달서구 이곡동,경상사고,0,0,2,0,차대차 - 측면충돌,신호위반,건조,맑음,교차로 - 교차로안,이륜,남,19세,상해없음,승용,여,25세,경상
2017123100100396,2017년 12월 31일 20시,일요일,대구광역시 달서구 감삼동,경상사고,0,0,1,0,차대차 - 기타,안전거리미확보,건조,맑음,단일로 - 기타,승용,남,38세,상해없음,이륜,남,33세,경상
2017123100100419,2017년 12월 31일 21시,일요일,대구광역시 동구 불로동,중상사고,0,1,0,0,차대차 - 기타,안전거리미확보,건조,맑음,단일로 - 기타,승용,남,51세,상해없음,승용,남,30세,상해없음
2017123100100420,2017년 12월 31일 21시,일요일,대구광역시 달서구 용산동,부상신고사고,0,0,0,1,차대차 - 추돌,안전거리미확보,건조,맑음,단일로 - 기타,승용,남,50세,상해없음,승용,남,63세,부상신고
2017123100100457,2017년 12월 31일 23시,일요일,대구광역시 중구 삼덕동2가,경상사고,0,0,2,0,차대차 - 추돌,안전운전불이행,건조,맑음,교차로 - 교차로부근,승용,남,71세,상해없음,승용,남,47세,경상